[2024-12-01 01:58:34] local.ERROR: Route [login] not defined. {"exception":"[object] (Symfony\\Component\\Routing\\Exception\\RouteNotFoundException(code: 0): Route [login] not defined. at /Applications/MAMP/htdocs/tmracing/vendor/laravel/framework/src/Illuminate/Routing/UrlGenerator.php:477)
[stacktrace]
#0 /Applications/MAMP/htdocs/tmracing/vendor/laravel/framework/src/Illuminate/Foundation/helpers.php(811): Illuminate\\Routing\\UrlGenerator->route('login', Array, true)
#1 /Applications/MAMP/htdocs/tmracing/app/Http/Middleware/Authenticate.php(17): route('login')
#2 /Applications/MAMP/htdocs/tmracing/vendor/laravel/framework/src/Illuminate/Auth/Middleware/Authenticate.php(96): App\\Http\\Middleware\\Authenticate->redirectTo(Object(Illuminate\\Http\\Request))
#3 /Applications/MAMP/htdocs/tmracing/vendor/laravel/framework/src/Illuminate/Auth/Middleware/Authenticate.php(81): Illuminate\\Auth\\Middleware\\Authenticate->unauthenticated(Object(Illuminate\\Http\\Request), Array)
#4 /Applications/MAMP/htdocs/tmracing/vendor/laravel/framework/src/Illuminate/Auth/Middleware/Authenticate.php(55): Illuminate\\Auth\\Middleware\\Authenticate->authenticate(Object(Illuminate\\Http\\Request), Array)
#5 /Applications/MAMP/htdocs/tmracing/vendor/laravel/framework/src/Illuminate/Pipeline/Pipeline.php(183): Illuminate\\Auth\\Middleware\\Authenticate->handle(Object(Illuminate\\Http\\Request), Object(Closure))
#6 /Applications/MAMP/htdocs/tmracing/vendor/laravel/framework/src/Illuminate/Foundation/Http/Middleware/VerifyCsrfToken.php(78): Illuminate\\Pipeline\\Pipeline->Illuminate\\Pipeline\\{closure}(Object(Illuminate\\Http\\Request))
#7 /Applications/MAMP/htdocs/tmracing/vendor/laravel/framework/src/Illuminate/Pipeline/Pipeline.php(183): Illuminate\\Foundation\\Http\\Middleware\\VerifyCsrfToken->handle(Object(Illuminate\\Http\\Request), Object(Closure))
#8 /Applications/MAMP/htdocs/tmracing/vendor/laravel/framework/src/Illuminate/View/Middleware/ShareErrorsFromSession.php(49): Illuminate\\Pipeline\\Pipeline->Illuminate\\Pipeline\\{closure}(Object(Illuminate\\Http\\Request))
#9 /Applications/MAMP/htdocs/tmracing/vendor/laravel/framework/src/Illuminate/Pipeline/Pipeline.php(183): Illuminate\\View\\Middleware\\ShareErrorsFromSession->handle(Object(Illuminate\\Http\\Request), Object(Closure))
#10 /Applications/MAMP/htdocs/tmracing/vendor/laravel/framework/src/Illuminate/Session/Middleware/StartSession.php(121): Illuminate\\Pipeline\\Pipeline->Illuminate\\Pipeline\\{closure}(Object(Illuminate\\Http\\Request))
#11 /Applications/MAMP/htdocs/tmracing/vendor/laravel/framework/src/Illuminate/Session/Middleware/StartSession.php(64): Illuminate\\Session\\Middleware\\StartSession->handleStatefulRequest(Object(Illuminate\\Http\\Request), Object(Illuminate\\Session\\Store), Object(Closure))
#12 /Applications/MAMP/htdocs/tmracing/vendor/laravel/framework/src/Illuminate/Pipeline/Pipeline.php(183): Illuminate\\Session\\Middleware\\StartSession->handle(Object(Illuminate\\Http\\Request), Object(Closure))
#13 /Applications/MAMP/htdocs/tmracing/vendor/laravel/framework/src/Illuminate/Cookie/Middleware/AddQueuedCookiesToResponse.php(37): Illuminate\\Pipeline\\Pipeline->Illuminate\\Pipeline\\{closure}(Object(Illuminate\\Http\\Request))
#14 /Applications/MAMP/htdocs/tmracing/vendor/laravel/framework/src/Illuminate/Pipeline/Pipeline.php(183): Illuminate\\Cookie\\Middleware\\AddQueuedCookiesToResponse->handle(Object(Illuminate\\Http\\Request), Object(Closure))
#15 /Applications/MAMP/htdocs/tmracing/vendor/laravel/framework/src/Illuminate/Pipeline/Pipeline.php(119): Illuminate\\Pipeline\\Pipeline->Illuminate\\Pipeline\\{closure}(Object(Illuminate\\Http\\Request))
#16 /Applications/MAMP/htdocs/tmracing/vendor/laravel/framework/src/Illuminate/Routing/Router.php(805): Illuminate\\Pipeline\\Pipeline->then(Object(Closure))
#17 /Applications/MAMP/htdocs/tmracing/vendor/laravel/framework/src/Illuminate/Routing/Router.php(784): Illuminate\\Routing\\Router->runRouteWithinStack(Object(Illuminate\\Routing\\Route), Object(Illuminate\\Http\\Request))
#18 /Applications/MAMP/htdocs/tmracing/vendor/laravel/framework/src/Illuminate/Routing/Router.php(748): Illuminate\\Routing\\Router->runRoute(Object(Illuminate\\Http\\Request), Object(Illuminate\\Routing\\Route))
#19 /Applications/MAMP/htdocs/tmracing/vendor/laravel/framework/src/Illuminate/Routing/Router.php(737): Illuminate\\Routing\\Router->dispatchToRoute(Object(Illuminate\\Http\\Request))
#20 /Applications/MAMP/htdocs/tmracing/vendor/laravel/framework/src/Illuminate/Foundation/Http/Kernel.php(200): Illuminate\\Routing\\Router->dispatch(Object(Illuminate\\Http\\Request))
#21 /Applications/MAMP/htdocs/tmracing/vendor/laravel/framework/src/Illuminate/Pipeline/Pipeline.php(144): Illuminate\\Foundation\\Http\\Kernel->Illuminate\\Foundation\\Http\\{closure}(Object(Illuminate\\Http\\Request))
#22 /Applications/MAMP/htdocs/tmracing/vendor/barryvdh/laravel-debugbar/src/Middleware/InjectDebugbar.php(59): Illuminate\\Pipeline\\Pipeline->Illuminate\\Pipeline\\{closure}(Object(Illuminate\\Http\\Request))
#23 /Applications/MAMP/htdocs/tmracing/vendor/laravel/framework/src/Illuminate/Pipeline/Pipeline.php(183): Barryvdh\\Debugbar\\Middleware\\InjectDebugbar->handle(Object(Illuminate\\Http\\Request), Object(Closure))
#24 /Applications/MAMP/htdocs/tmracing/vendor/laravel/framework/src/Illuminate/Http/Middleware/TrustProxies.php(39): Illuminate\\Pipeline\\Pipeline->Illuminate\\Pipeline\\{closure}(Object(Illuminate\\Http\\Request))
#25 /Applications/MAMP/htdocs/tmracing/vendor/laravel/framework/src/Illuminate/Pipeline/Pipeline.php(183): Illuminate\\Http\\Middleware\\TrustProxies->handle(Object(Illuminate\\Http\\Request), Object(Closure))
#26 /Applications/MAMP/htdocs/tmracing/vendor/laravel/framework/src/Illuminate/Foundation/Http/Middleware/TransformsRequest.php(21): Illuminate\\Pipeline\\Pipeline->Illuminate\\Pipeline\\{closure}(Object(Illuminate\\Http\\Request))
#27 /Applications/MAMP/htdocs/tmracing/vendor/laravel/framework/src/Illuminate/Foundation/Http/Middleware/ConvertEmptyStringsToNull.php(31): Illuminate\\Foundation\\Http\\Middleware\\TransformsRequest->handle(Object(Illuminate\\Http\\Request), Object(Closure))
#28 /Applications/MAMP/htdocs/tmracing/vendor/laravel/framework/src/Illuminate/Pipeline/Pipeline.php(183): Illuminate\\Foundation\\Http\\Middleware\\ConvertEmptyStringsToNull->handle(Object(Illuminate\\Http\\Request), Object(Closure))
#29 /Applications/MAMP/htdocs/tmracing/vendor/laravel/framework/src/Illuminate/Foundation/Http/Middleware/TransformsRequest.php(21): Illuminate\\Pipeline\\Pipeline->Illuminate\\Pipeline\\{closure}(Object(Illuminate\\Http\\Request))
#30 /Applications/MAMP/htdocs/tmracing/vendor/laravel/framework/src/Illuminate/Foundation/Http/Middleware/TrimStrings.php(40): Illuminate\\Foundation\\Http\\Middleware\\TransformsRequest->handle(Object(Illuminate\\Http\\Request), Object(Closure))
#31 /Applications/MAMP/htdocs/tmracing/vendor/laravel/framework/src/Illuminate/Pipeline/Pipeline.php(183): Illuminate\\Foundation\\Http\\Middleware\\TrimStrings->handle(Object(Illuminate\\Http\\Request), Object(Closure))
#32 /Applications/MAMP/htdocs/tmracing/vendor/laravel/framework/src/Illuminate/Foundation/Http/Middleware/ValidatePostSize.php(27): Illuminate\\Pipeline\\Pipeline->Illuminate\\Pipeline\\{closure}(Object(Illuminate\\Http\\Request))
#33 /Applications/MAMP/htdocs/tmracing/vendor/laravel/framework/src/Illuminate/Pipeline/Pipeline.php(183): Illuminate\\Foundation\\Http\\Middleware\\ValidatePostSize->handle(Object(Illuminate\\Http\\Request), Object(Closure))
#34 /Applications/MAMP/htdocs/tmracing/vendor/laravel/framework/src/Illuminate/Pipeline/Pipeline.php(119): Illuminate\\Pipeline\\Pipeline->Illuminate\\Pipeline\\{closure}(Object(Illuminate\\Http\\Request))
#35 /Applications/MAMP/htdocs/tmracing/vendor/laravel/framework/src/Illuminate/Foundation/Http/Kernel.php(175): Illuminate\\Pipeline\\Pipeline->then(Object(Closure))
#36 /Applications/MAMP/htdocs/tmracing/vendor/laravel/framework/src/Illuminate/Foundation/Http/Kernel.php(144): Illuminate\\Foundation\\Http\\Kernel->sendRequestThroughRouter(Object(Illuminate\\Http\\Request))
#37 /Applications/MAMP/htdocs/tmracing/index.php(56): Illuminate\\Foundation\\Http\\Kernel->handle(Object(Illuminate\\Http\\Request))
#38 {main}
"} 
[2024-12-01 01:58:34] local.ERROR: View [frontend.layouts.app] not found. (View: /Applications/MAMP/htdocs/tmracing/resources/views/errors/500.blade.php) {"exception":"[object] (Illuminate\\View\\ViewException(code: 0): View [frontend.layouts.app] not found. (View: /Applications/MAMP/htdocs/tmracing/resources/views/errors/500.blade.php) at /Applications/MAMP/htdocs/tmracing/vendor/laravel/framework/src/Illuminate/View/FileViewFinder.php:137)
[stacktrace]
#0 /Applications/MAMP/htdocs/tmracing/vendor/laravel/framework/src/Illuminate/View/Engines/PhpEngine.php(60): Illuminate\\View\\Engines\\CompilerEngine->handleViewException(Object(InvalidArgumentException), 1)
#1 /Applications/MAMP/htdocs/tmracing/vendor/laravel/framework/src/Illuminate/View/Engines/CompilerEngine.php(72): Illuminate\\View\\Engines\\PhpEngine->evaluatePath('/Applications/M...', Array)
#2 /Applications/MAMP/htdocs/tmracing/vendor/laravel/framework/src/Illuminate/View/View.php(207): Illuminate\\View\\Engines\\CompilerEngine->get('/Applications/M...', Array)
#3 /Applications/MAMP/htdocs/tmracing/vendor/laravel/framework/src/Illuminate/View/View.php(190): Illuminate\\View\\View->getContents()
#4 /Applications/MAMP/htdocs/tmracing/vendor/laravel/framework/src/Illuminate/View/View.php(159): Illuminate\\View\\View->renderContents()
#5 /Applications/MAMP/htdocs/tmracing/vendor/laravel/framework/src/Illuminate/Http/Response.php(69): Illuminate\\View\\View->render()
#6 /Applications/MAMP/htdocs/tmracing/vendor/laravel/framework/src/Illuminate/Http/Response.php(35): Illuminate\\Http\\Response->setContent(Object(Illuminate\\View\\View))
#7 /Applications/MAMP/htdocs/tmracing/vendor/laravel/framework/src/Illuminate/Routing/ResponseFactory.php(58): Illuminate\\Http\\Response->__construct(Object(Illuminate\\View\\View), 500, Array)
#8 /Applications/MAMP/htdocs/tmracing/vendor/laravel/framework/src/Illuminate/Routing/ResponseFactory.php(88): Illuminate\\Routing\\ResponseFactory->make(Object(Illuminate\\View\\View), 500, Array)
#9 /Applications/MAMP/htdocs/tmracing/vendor/laravel/framework/src/Illuminate/Foundation/Exceptions/Handler.php(723): Illuminate\\Routing\\ResponseFactory->view('errors::500', Array, 500, Array)
#10 /Applications/MAMP/htdocs/tmracing/vendor/laravel/framework/src/Illuminate/Foundation/Exceptions/Handler.php(650): Illuminate\\Foundation\\Exceptions\\Handler->renderHttpException(Object(Symfony\\Component\\HttpKernel\\Exception\\HttpException))
#11 /Applications/MAMP/htdocs/tmracing/vendor/laravel/framework/src/Illuminate/Foundation/Exceptions/Handler.php(556): Illuminate\\Foundation\\Exceptions\\Handler->prepareResponse(Object(Illuminate\\Http\\Request), Object(Symfony\\Component\\HttpKernel\\Exception\\HttpException))
#12 /Applications/MAMP/htdocs/tmracing/vendor/laravel/framework/src/Illuminate/Foundation/Exceptions/Handler.php(473): Illuminate\\Foundation\\Exceptions\\Handler->renderExceptionResponse(Object(Illuminate\\Http\\Request), Object(Symfony\\Component\\Routing\\Exception\\RouteNotFoundException))
#13 /Applications/MAMP/htdocs/tmracing/vendor/laravel/framework/src/Illuminate/Routing/Pipeline.php(51): Illuminate\\Foundation\\Exceptions\\Handler->render(Object(Illuminate\\Http\\Request), Object(Symfony\\Component\\Routing\\Exception\\RouteNotFoundException))
#14 /Applications/MAMP/htdocs/tmracing/vendor/laravel/framework/src/Illuminate/Pipeline/Pipeline.php(188): Illuminate\\Routing\\Pipeline->handleException(Object(Illuminate\\Http\\Request), Object(Symfony\\Component\\Routing\\Exception\\RouteNotFoundException))
#15 /Applications/MAMP/htdocs/tmracing/vendor/laravel/framework/src/Illuminate/Foundation/Http/Middleware/VerifyCsrfToken.php(78): Illuminate\\Pipeline\\Pipeline->Illuminate\\Pipeline\\{closure}(Object(Illuminate\\Http\\Request))
#16 /Applications/MAMP/htdocs/tmracing/vendor/laravel/framework/src/Illuminate/Pipeline/Pipeline.php(183): Illuminate\\Foundation\\Http\\Middleware\\VerifyCsrfToken->handle(Object(Illuminate\\Http\\Request), Object(Closure))
#17 /Applications/MAMP/htdocs/tmracing/vendor/laravel/framework/src/Illuminate/View/Middleware/ShareErrorsFromSession.php(49): Illuminate\\Pipeline\\Pipeline->Illuminate\\Pipeline\\{closure}(Object(Illuminate\\Http\\Request))
#18 /Applications/MAMP/htdocs/tmracing/vendor/laravel/framework/src/Illuminate/Pipeline/Pipeline.php(183): Illuminate\\View\\Middleware\\ShareErrorsFromSession->handle(Object(Illuminate\\Http\\Request), Object(Closure))
#19 /Applications/MAMP/htdocs/tmracing/vendor/laravel/framework/src/Illuminate/Session/Middleware/StartSession.php(121): Illuminate\\Pipeline\\Pipeline->Illuminate\\Pipeline\\{closure}(Object(Illuminate\\Http\\Request))
#20 /Applications/MAMP/htdocs/tmracing/vendor/laravel/framework/src/Illuminate/Session/Middleware/StartSession.php(64): Illuminate\\Session\\Middleware\\StartSession->handleStatefulRequest(Object(Illuminate\\Http\\Request), Object(Illuminate\\Session\\Store), Object(Closure))
#21 /Applications/MAMP/htdocs/tmracing/vendor/laravel/framework/src/Illuminate/Pipeline/Pipeline.php(183): Illuminate\\Session\\Middleware\\StartSession->handle(Object(Illuminate\\Http\\Request), Object(Closure))
#22 /Applications/MAMP/htdocs/tmracing/vendor/laravel/framework/src/Illuminate/Cookie/Middleware/AddQueuedCookiesToResponse.php(37): Illuminate\\Pipeline\\Pipeline->Illuminate\\Pipeline\\{closure}(Object(Illuminate\\Http\\Request))
#23 /Applications/MAMP/htdocs/tmracing/vendor/laravel/framework/src/Illuminate/Pipeline/Pipeline.php(183): Illuminate\\Cookie\\Middleware\\AddQueuedCookiesToResponse->handle(Object(Illuminate\\Http\\Request), Object(Closure))
#24 /Applications/MAMP/htdocs/tmracing/vendor/laravel/framework/src/Illuminate/Pipeline/Pipeline.php(119): Illuminate\\Pipeline\\Pipeline->Illuminate\\Pipeline\\{closure}(Object(Illuminate\\Http\\Request))
#25 /Applications/MAMP/htdocs/tmracing/vendor/laravel/framework/src/Illuminate/Routing/Router.php(805): Illuminate\\Pipeline\\Pipeline->then(Object(Closure))
#26 /Applications/MAMP/htdocs/tmracing/vendor/laravel/framework/src/Illuminate/Routing/Router.php(784): Illuminate\\Routing\\Router->runRouteWithinStack(Object(Illuminate\\Routing\\Route), Object(Illuminate\\Http\\Request))
#27 /Applications/MAMP/htdocs/tmracing/vendor/laravel/framework/src/Illuminate/Routing/Router.php(748): Illuminate\\Routing\\Router->runRoute(Object(Illuminate\\Http\\Request), Object(Illuminate\\Routing\\Route))
#28 /Applications/MAMP/htdocs/tmracing/vendor/laravel/framework/src/Illuminate/Routing/Router.php(737): Illuminate\\Routing\\Router->dispatchToRoute(Object(Illuminate\\Http\\Request))
#29 /Applications/MAMP/htdocs/tmracing/vendor/laravel/framework/src/Illuminate/Foundation/Http/Kernel.php(200): Illuminate\\Routing\\Router->dispatch(Object(Illuminate\\Http\\Request))
#30 /Applications/MAMP/htdocs/tmracing/vendor/laravel/framework/src/Illuminate/Pipeline/Pipeline.php(144): Illuminate\\Foundation\\Http\\Kernel->Illuminate\\Foundation\\Http\\{closure}(Object(Illuminate\\Http\\Request))
#31 /Applications/MAMP/htdocs/tmracing/vendor/barryvdh/laravel-debugbar/src/Middleware/InjectDebugbar.php(59): Illuminate\\Pipeline\\Pipeline->Illuminate\\Pipeline\\{closure}(Object(Illuminate\\Http\\Request))
#32 /Applications/MAMP/htdocs/tmracing/vendor/laravel/framework/src/Illuminate/Pipeline/Pipeline.php(183): Barryvdh\\Debugbar\\Middleware\\InjectDebugbar->handle(Object(Illuminate\\Http\\Request), Object(Closure))
#33 /Applications/MAMP/htdocs/tmracing/vendor/laravel/framework/src/Illuminate/Http/Middleware/TrustProxies.php(39): Illuminate\\Pipeline\\Pipeline->Illuminate\\Pipeline\\{closure}(Object(Illuminate\\Http\\Request))
#34 /Applications/MAMP/htdocs/tmracing/vendor/laravel/framework/src/Illuminate/Pipeline/Pipeline.php(183): Illuminate\\Http\\Middleware\\TrustProxies->handle(Object(Illuminate\\Http\\Request), Object(Closure))
#35 /Applications/MAMP/htdocs/tmracing/vendor/laravel/framework/src/Illuminate/Foundation/Http/Middleware/TransformsRequest.php(21): Illuminate\\Pipeline\\Pipeline->Illuminate\\Pipeline\\{closure}(Object(Illuminate\\Http\\Request))
#36 /Applications/MAMP/htdocs/tmracing/vendor/laravel/framework/src/Illuminate/Foundation/Http/Middleware/ConvertEmptyStringsToNull.php(31): Illuminate\\Foundation\\Http\\Middleware\\TransformsRequest->handle(Object(Illuminate\\Http\\Request), Object(Closure))
#37 /Applications/MAMP/htdocs/tmracing/vendor/laravel/framework/src/Illuminate/Pipeline/Pipeline.php(183): Illuminate\\Foundation\\Http\\Middleware\\ConvertEmptyStringsToNull->handle(Object(Illuminate\\Http\\Request), Object(Closure))
#38 /Applications/MAMP/htdocs/tmracing/vendor/laravel/framework/src/Illuminate/Foundation/Http/Middleware/TransformsRequest.php(21): Illuminate\\Pipeline\\Pipeline->Illuminate\\Pipeline\\{closure}(Object(Illuminate\\Http\\Request))
#39 /Applications/MAMP/htdocs/tmracing/vendor/laravel/framework/src/Illuminate/Foundation/Http/Middleware/TrimStrings.php(40): Illuminate\\Foundation\\Http\\Middleware\\TransformsRequest->handle(Object(Illuminate\\Http\\Request), Object(Closure))
#40 /Applications/MAMP/htdocs/tmracing/vendor/laravel/framework/src/Illuminate/Pipeline/Pipeline.php(183): Illuminate\\Foundation\\Http\\Middleware\\TrimStrings->handle(Object(Illuminate\\Http\\Request), Object(Closure))
#41 /Applications/MAMP/htdocs/tmracing/vendor/laravel/framework/src/Illuminate/Foundation/Http/Middleware/ValidatePostSize.php(27): Illuminate\\Pipeline\\Pipeline->Illuminate\\Pipeline\\{closure}(Object(Illuminate\\Http\\Request))
#42 /Applications/MAMP/htdocs/tmracing/vendor/laravel/framework/src/Illuminate/Pipeline/Pipeline.php(183): Illuminate\\Foundation\\Http\\Middleware\\ValidatePostSize->handle(Object(Illuminate\\Http\\Request), Object(Closure))
#43 /Applications/MAMP/htdocs/tmracing/vendor/laravel/framework/src/Illuminate/Pipeline/Pipeline.php(119): Illuminate\\Pipeline\\Pipeline->Illuminate\\Pipeline\\{closure}(Object(Illuminate\\Http\\Request))
#44 /Applications/MAMP/htdocs/tmracing/vendor/laravel/framework/src/Illuminate/Foundation/Http/Kernel.php(175): Illuminate\\Pipeline\\Pipeline->then(Object(Closure))
#45 /Applications/MAMP/htdocs/tmracing/vendor/laravel/framework/src/Illuminate/Foundation/Http/Kernel.php(144): Illuminate\\Foundation\\Http\\Kernel->sendRequestThroughRouter(Object(Illuminate\\Http\\Request))
#46 /Applications/MAMP/htdocs/tmracing/index.php(56): Illuminate\\Foundation\\Http\\Kernel->handle(Object(Illuminate\\Http\\Request))
#47 {main}

[previous exception] [object] (InvalidArgumentException(code: 0): View [frontend.layouts.app] not found. at /Applications/MAMP/htdocs/tmracing/vendor/laravel/framework/src/Illuminate/View/FileViewFinder.php:137)
[stacktrace]
#0 /Applications/MAMP/htdocs/tmracing/vendor/laravel/framework/src/Illuminate/View/FileViewFinder.php(79): Illuminate\\View\\FileViewFinder->findInPaths('frontend.layout...', Array)
#1 /Applications/MAMP/htdocs/tmracing/vendor/laravel/framework/src/Illuminate/View/Factory.php(137): Illuminate\\View\\FileViewFinder->find('frontend.layout...')
#2 /Applications/MAMP/htdocs/tmracing/storage/framework/views/019f89693d19eb42c6c207cea1b57542.php(17): Illuminate\\View\\Factory->make('frontend.layout...', Array)
#3 /Applications/MAMP/htdocs/tmracing/vendor/laravel/framework/src/Illuminate/Filesystem/Filesystem.php(123): require('/Applications/M...')
#4 /Applications/MAMP/htdocs/tmracing/vendor/laravel/framework/src/Illuminate/Filesystem/Filesystem.php(124): Illuminate\\Filesystem\\Filesystem::Illuminate\\Filesystem\\{closure}()
#5 /Applications/MAMP/htdocs/tmracing/vendor/laravel/framework/src/Illuminate/View/Engines/PhpEngine.php(58): Illuminate\\Filesystem\\Filesystem->getRequire('/Applications/M...', Array)
#6 /Applications/MAMP/htdocs/tmracing/vendor/laravel/framework/src/Illuminate/View/Engines/CompilerEngine.php(72): Illuminate\\View\\Engines\\PhpEngine->evaluatePath('/Applications/M...', Array)
#7 /Applications/MAMP/htdocs/tmracing/vendor/laravel/framework/src/Illuminate/View/View.php(207): Illuminate\\View\\Engines\\CompilerEngine->get('/Applications/M...', Array)
#8 /Applications/MAMP/htdocs/tmracing/vendor/laravel/framework/src/Illuminate/View/View.php(190): Illuminate\\View\\View->getContents()
#9 /Applications/MAMP/htdocs/tmracing/vendor/laravel/framework/src/Illuminate/View/View.php(159): Illuminate\\View\\View->renderContents()
#10 /Applications/MAMP/htdocs/tmracing/vendor/laravel/framework/src/Illuminate/Http/Response.php(69): Illuminate\\View\\View->render()
#11 /Applications/MAMP/htdocs/tmracing/vendor/laravel/framework/src/Illuminate/Http/Response.php(35): Illuminate\\Http\\Response->setContent(Object(Illuminate\\View\\View))
#12 /Applications/MAMP/htdocs/tmracing/vendor/laravel/framework/src/Illuminate/Routing/ResponseFactory.php(58): Illuminate\\Http\\Response->__construct(Object(Illuminate\\View\\View), 500, Array)
#13 /Applications/MAMP/htdocs/tmracing/vendor/laravel/framework/src/Illuminate/Routing/ResponseFactory.php(88): Illuminate\\Routing\\ResponseFactory->make(Object(Illuminate\\View\\View), 500, Array)
#14 /Applications/MAMP/htdocs/tmracing/vendor/laravel/framework/src/Illuminate/Foundation/Exceptions/Handler.php(723): Illuminate\\Routing\\ResponseFactory->view('errors::500', Array, 500, Array)
#15 /Applications/MAMP/htdocs/tmracing/vendor/laravel/framework/src/Illuminate/Foundation/Exceptions/Handler.php(650): Illuminate\\Foundation\\Exceptions\\Handler->renderHttpException(Object(Symfony\\Component\\HttpKernel\\Exception\\HttpException))
#16 /Applications/MAMP/htdocs/tmracing/vendor/laravel/framework/src/Illuminate/Foundation/Exceptions/Handler.php(556): Illuminate\\Foundation\\Exceptions\\Handler->prepareResponse(Object(Illuminate\\Http\\Request), Object(Symfony\\Component\\HttpKernel\\Exception\\HttpException))
#17 /Applications/MAMP/htdocs/tmracing/vendor/laravel/framework/src/Illuminate/Foundation/Exceptions/Handler.php(473): Illuminate\\Foundation\\Exceptions\\Handler->renderExceptionResponse(Object(Illuminate\\Http\\Request), Object(Symfony\\Component\\Routing\\Exception\\RouteNotFoundException))
#18 /Applications/MAMP/htdocs/tmracing/vendor/laravel/framework/src/Illuminate/Routing/Pipeline.php(51): Illuminate\\Foundation\\Exceptions\\Handler->render(Object(Illuminate\\Http\\Request), Object(Symfony\\Component\\Routing\\Exception\\RouteNotFoundException))
#19 /Applications/MAMP/htdocs/tmracing/vendor/laravel/framework/src/Illuminate/Pipeline/Pipeline.php(188): Illuminate\\Routing\\Pipeline->handleException(Object(Illuminate\\Http\\Request), Object(Symfony\\Component\\Routing\\Exception\\RouteNotFoundException))
#20 /Applications/MAMP/htdocs/tmracing/vendor/laravel/framework/src/Illuminate/Foundation/Http/Middleware/VerifyCsrfToken.php(78): Illuminate\\Pipeline\\Pipeline->Illuminate\\Pipeline\\{closure}(Object(Illuminate\\Http\\Request))
#21 /Applications/MAMP/htdocs/tmracing/vendor/laravel/framework/src/Illuminate/Pipeline/Pipeline.php(183): Illuminate\\Foundation\\Http\\Middleware\\VerifyCsrfToken->handle(Object(Illuminate\\Http\\Request), Object(Closure))
#22 /Applications/MAMP/htdocs/tmracing/vendor/laravel/framework/src/Illuminate/View/Middleware/ShareErrorsFromSession.php(49): Illuminate\\Pipeline\\Pipeline->Illuminate\\Pipeline\\{closure}(Object(Illuminate\\Http\\Request))
#23 /Applications/MAMP/htdocs/tmracing/vendor/laravel/framework/src/Illuminate/Pipeline/Pipeline.php(183): Illuminate\\View\\Middleware\\ShareErrorsFromSession->handle(Object(Illuminate\\Http\\Request), Object(Closure))
#24 /Applications/MAMP/htdocs/tmracing/vendor/laravel/framework/src/Illuminate/Session/Middleware/StartSession.php(121): Illuminate\\Pipeline\\Pipeline->Illuminate\\Pipeline\\{closure}(Object(Illuminate\\Http\\Request))
#25 /Applications/MAMP/htdocs/tmracing/vendor/laravel/framework/src/Illuminate/Session/Middleware/StartSession.php(64): Illuminate\\Session\\Middleware\\StartSession->handleStatefulRequest(Object(Illuminate\\Http\\Request), Object(Illuminate\\Session\\Store), Object(Closure))
#26 /Applications/MAMP/htdocs/tmracing/vendor/laravel/framework/src/Illuminate/Pipeline/Pipeline.php(183): Illuminate\\Session\\Middleware\\StartSession->handle(Object(Illuminate\\Http\\Request), Object(Closure))
#27 /Applications/MAMP/htdocs/tmracing/vendor/laravel/framework/src/Illuminate/Cookie/Middleware/AddQueuedCookiesToResponse.php(37): Illuminate\\Pipeline\\Pipeline->Illuminate\\Pipeline\\{closure}(Object(Illuminate\\Http\\Request))
#28 /Applications/MAMP/htdocs/tmracing/vendor/laravel/framework/src/Illuminate/Pipeline/Pipeline.php(183): Illuminate\\Cookie\\Middleware\\AddQueuedCookiesToResponse->handle(Object(Illuminate\\Http\\Request), Object(Closure))
#29 /Applications/MAMP/htdocs/tmracing/vendor/laravel/framework/src/Illuminate/Pipeline/Pipeline.php(119): Illuminate\\Pipeline\\Pipeline->Illuminate\\Pipeline\\{closure}(Object(Illuminate\\Http\\Request))
#30 /Applications/MAMP/htdocs/tmracing/vendor/laravel/framework/src/Illuminate/Routing/Router.php(805): Illuminate\\Pipeline\\Pipeline->then(Object(Closure))
#31 /Applications/MAMP/htdocs/tmracing/vendor/laravel/framework/src/Illuminate/Routing/Router.php(784): Illuminate\\Routing\\Router->runRouteWithinStack(Object(Illuminate\\Routing\\Route), Object(Illuminate\\Http\\Request))
#32 /Applications/MAMP/htdocs/tmracing/vendor/laravel/framework/src/Illuminate/Routing/Router.php(748): Illuminate\\Routing\\Router->runRoute(Object(Illuminate\\Http\\Request), Object(Illuminate\\Routing\\Route))
#33 /Applications/MAMP/htdocs/tmracing/vendor/laravel/framework/src/Illuminate/Routing/Router.php(737): Illuminate\\Routing\\Router->dispatchToRoute(Object(Illuminate\\Http\\Request))
#34 /Applications/MAMP/htdocs/tmracing/vendor/laravel/framework/src/Illuminate/Foundation/Http/Kernel.php(200): Illuminate\\Routing\\Router->dispatch(Object(Illuminate\\Http\\Request))
#35 /Applications/MAMP/htdocs/tmracing/vendor/laravel/framework/src/Illuminate/Pipeline/Pipeline.php(144): Illuminate\\Foundation\\Http\\Kernel->Illuminate\\Foundation\\Http\\{closure}(Object(Illuminate\\Http\\Request))
#36 /Applications/MAMP/htdocs/tmracing/vendor/barryvdh/laravel-debugbar/src/Middleware/InjectDebugbar.php(59): Illuminate\\Pipeline\\Pipeline->Illuminate\\Pipeline\\{closure}(Object(Illuminate\\Http\\Request))
#37 /Applications/MAMP/htdocs/tmracing/vendor/laravel/framework/src/Illuminate/Pipeline/Pipeline.php(183): Barryvdh\\Debugbar\\Middleware\\InjectDebugbar->handle(Object(Illuminate\\Http\\Request), Object(Closure))
#38 /Applications/MAMP/htdocs/tmracing/vendor/laravel/framework/src/Illuminate/Http/Middleware/TrustProxies.php(39): Illuminate\\Pipeline\\Pipeline->Illuminate\\Pipeline\\{closure}(Object(Illuminate\\Http\\Request))
#39 /Applications/MAMP/htdocs/tmracing/vendor/laravel/framework/src/Illuminate/Pipeline/Pipeline.php(183): Illuminate\\Http\\Middleware\\TrustProxies->handle(Object(Illuminate\\Http\\Request), Object(Closure))
#40 /Applications/MAMP/htdocs/tmracing/vendor/laravel/framework/src/Illuminate/Foundation/Http/Middleware/TransformsRequest.php(21): Illuminate\\Pipeline\\Pipeline->Illuminate\\Pipeline\\{closure}(Object(Illuminate\\Http\\Request))
#41 /Applications/MAMP/htdocs/tmracing/vendor/laravel/framework/src/Illuminate/Foundation/Http/Middleware/ConvertEmptyStringsToNull.php(31): Illuminate\\Foundation\\Http\\Middleware\\TransformsRequest->handle(Object(Illuminate\\Http\\Request), Object(Closure))
#42 /Applications/MAMP/htdocs/tmracing/vendor/laravel/framework/src/Illuminate/Pipeline/Pipeline.php(183): Illuminate\\Foundation\\Http\\Middleware\\ConvertEmptyStringsToNull->handle(Object(Illuminate\\Http\\Request), Object(Closure))
#43 /Applications/MAMP/htdocs/tmracing/vendor/laravel/framework/src/Illuminate/Foundation/Http/Middleware/TransformsRequest.php(21): Illuminate\\Pipeline\\Pipeline->Illuminate\\Pipeline\\{closure}(Object(Illuminate\\Http\\Request))
#44 /Applications/MAMP/htdocs/tmracing/vendor/laravel/framework/src/Illuminate/Foundation/Http/Middleware/TrimStrings.php(40): Illuminate\\Foundation\\Http\\Middleware\\TransformsRequest->handle(Object(Illuminate\\Http\\Request), Object(Closure))
#45 /Applications/MAMP/htdocs/tmracing/vendor/laravel/framework/src/Illuminate/Pipeline/Pipeline.php(183): Illuminate\\Foundation\\Http\\Middleware\\TrimStrings->handle(Object(Illuminate\\Http\\Request), Object(Closure))
#46 /Applications/MAMP/htdocs/tmracing/vendor/laravel/framework/src/Illuminate/Foundation/Http/Middleware/ValidatePostSize.php(27): Illuminate\\Pipeline\\Pipeline->Illuminate\\Pipeline\\{closure}(Object(Illuminate\\Http\\Request))
#47 /Applications/MAMP/htdocs/tmracing/vendor/laravel/framework/src/Illuminate/Pipeline/Pipeline.php(183): Illuminate\\Foundation\\Http\\Middleware\\ValidatePostSize->handle(Object(Illuminate\\Http\\Request), Object(Closure))
#48 /Applications/MAMP/htdocs/tmracing/vendor/laravel/framework/src/Illuminate/Pipeline/Pipeline.php(119): Illuminate\\Pipeline\\Pipeline->Illuminate\\Pipeline\\{closure}(Object(Illuminate\\Http\\Request))
#49 /Applications/MAMP/htdocs/tmracing/vendor/laravel/framework/src/Illuminate/Foundation/Http/Kernel.php(175): Illuminate\\Pipeline\\Pipeline->then(Object(Closure))
#50 /Applications/MAMP/htdocs/tmracing/vendor/laravel/framework/src/Illuminate/Foundation/Http/Kernel.php(144): Illuminate\\Foundation\\Http\\Kernel->sendRequestThroughRouter(Object(Illuminate\\Http\\Request))
#51 /Applications/MAMP/htdocs/tmracing/index.php(56): Illuminate\\Foundation\\Http\\Kernel->handle(Object(Illuminate\\Http\\Request))
#52 {main}
"} 
[2024-12-01 01:58:55] local.ERROR: Route [login] not defined. {"exception":"[object] (Symfony\\Component\\Routing\\Exception\\RouteNotFoundException(code: 0): Route [login] not defined. at /Applications/MAMP/htdocs/tmracing/vendor/laravel/framework/src/Illuminate/Routing/UrlGenerator.php:477)
[stacktrace]
#0 /Applications/MAMP/htdocs/tmracing/vendor/laravel/framework/src/Illuminate/Foundation/helpers.php(811): Illuminate\\Routing\\UrlGenerator->route('login', Array, true)
#1 /Applications/MAMP/htdocs/tmracing/app/Http/Middleware/Authenticate.php(17): route('login')
#2 /Applications/MAMP/htdocs/tmracing/vendor/laravel/framework/src/Illuminate/Auth/Middleware/Authenticate.php(96): App\\Http\\Middleware\\Authenticate->redirectTo(Object(Illuminate\\Http\\Request))
#3 /Applications/MAMP/htdocs/tmracing/vendor/laravel/framework/src/Illuminate/Auth/Middleware/Authenticate.php(81): Illuminate\\Auth\\Middleware\\Authenticate->unauthenticated(Object(Illuminate\\Http\\Request), Array)
#4 /Applications/MAMP/htdocs/tmracing/vendor/laravel/framework/src/Illuminate/Auth/Middleware/Authenticate.php(55): Illuminate\\Auth\\Middleware\\Authenticate->authenticate(Object(Illuminate\\Http\\Request), Array)
#5 /Applications/MAMP/htdocs/tmracing/vendor/laravel/framework/src/Illuminate/Pipeline/Pipeline.php(183): Illuminate\\Auth\\Middleware\\Authenticate->handle(Object(Illuminate\\Http\\Request), Object(Closure))
#6 /Applications/MAMP/htdocs/tmracing/vendor/laravel/framework/src/Illuminate/Foundation/Http/Middleware/VerifyCsrfToken.php(78): Illuminate\\Pipeline\\Pipeline->Illuminate\\Pipeline\\{closure}(Object(Illuminate\\Http\\Request))
#7 /Applications/MAMP/htdocs/tmracing/vendor/laravel/framework/src/Illuminate/Pipeline/Pipeline.php(183): Illuminate\\Foundation\\Http\\Middleware\\VerifyCsrfToken->handle(Object(Illuminate\\Http\\Request), Object(Closure))
#8 /Applications/MAMP/htdocs/tmracing/vendor/laravel/framework/src/Illuminate/View/Middleware/ShareErrorsFromSession.php(49): Illuminate\\Pipeline\\Pipeline->Illuminate\\Pipeline\\{closure}(Object(Illuminate\\Http\\Request))
#9 /Applications/MAMP/htdocs/tmracing/vendor/laravel/framework/src/Illuminate/Pipeline/Pipeline.php(183): Illuminate\\View\\Middleware\\ShareErrorsFromSession->handle(Object(Illuminate\\Http\\Request), Object(Closure))
#10 /Applications/MAMP/htdocs/tmracing/vendor/laravel/framework/src/Illuminate/Session/Middleware/StartSession.php(121): Illuminate\\Pipeline\\Pipeline->Illuminate\\Pipeline\\{closure}(Object(Illuminate\\Http\\Request))
#11 /Applications/MAMP/htdocs/tmracing/vendor/laravel/framework/src/Illuminate/Session/Middleware/StartSession.php(64): Illuminate\\Session\\Middleware\\StartSession->handleStatefulRequest(Object(Illuminate\\Http\\Request), Object(Illuminate\\Session\\Store), Object(Closure))
#12 /Applications/MAMP/htdocs/tmracing/vendor/laravel/framework/src/Illuminate/Pipeline/Pipeline.php(183): Illuminate\\Session\\Middleware\\StartSession->handle(Object(Illuminate\\Http\\Request), Object(Closure))
#13 /Applications/MAMP/htdocs/tmracing/vendor/laravel/framework/src/Illuminate/Cookie/Middleware/AddQueuedCookiesToResponse.php(37): Illuminate\\Pipeline\\Pipeline->Illuminate\\Pipeline\\{closure}(Object(Illuminate\\Http\\Request))
#14 /Applications/MAMP/htdocs/tmracing/vendor/laravel/framework/src/Illuminate/Pipeline/Pipeline.php(183): Illuminate\\Cookie\\Middleware\\AddQueuedCookiesToResponse->handle(Object(Illuminate\\Http\\Request), Object(Closure))
#15 /Applications/MAMP/htdocs/tmracing/vendor/laravel/framework/src/Illuminate/Pipeline/Pipeline.php(119): Illuminate\\Pipeline\\Pipeline->Illuminate\\Pipeline\\{closure}(Object(Illuminate\\Http\\Request))
#16 /Applications/MAMP/htdocs/tmracing/vendor/laravel/framework/src/Illuminate/Routing/Router.php(805): Illuminate\\Pipeline\\Pipeline->then(Object(Closure))
#17 /Applications/MAMP/htdocs/tmracing/vendor/laravel/framework/src/Illuminate/Routing/Router.php(784): Illuminate\\Routing\\Router->runRouteWithinStack(Object(Illuminate\\Routing\\Route), Object(Illuminate\\Http\\Request))
#18 /Applications/MAMP/htdocs/tmracing/vendor/laravel/framework/src/Illuminate/Routing/Router.php(748): Illuminate\\Routing\\Router->runRoute(Object(Illuminate\\Http\\Request), Object(Illuminate\\Routing\\Route))
#19 /Applications/MAMP/htdocs/tmracing/vendor/laravel/framework/src/Illuminate/Routing/Router.php(737): Illuminate\\Routing\\Router->dispatchToRoute(Object(Illuminate\\Http\\Request))
#20 /Applications/MAMP/htdocs/tmracing/vendor/laravel/framework/src/Illuminate/Foundation/Http/Kernel.php(200): Illuminate\\Routing\\Router->dispatch(Object(Illuminate\\Http\\Request))
#21 /Applications/MAMP/htdocs/tmracing/vendor/laravel/framework/src/Illuminate/Pipeline/Pipeline.php(144): Illuminate\\Foundation\\Http\\Kernel->Illuminate\\Foundation\\Http\\{closure}(Object(Illuminate\\Http\\Request))
#22 /Applications/MAMP/htdocs/tmracing/vendor/barryvdh/laravel-debugbar/src/Middleware/InjectDebugbar.php(59): Illuminate\\Pipeline\\Pipeline->Illuminate\\Pipeline\\{closure}(Object(Illuminate\\Http\\Request))
#23 /Applications/MAMP/htdocs/tmracing/vendor/laravel/framework/src/Illuminate/Pipeline/Pipeline.php(183): Barryvdh\\Debugbar\\Middleware\\InjectDebugbar->handle(Object(Illuminate\\Http\\Request), Object(Closure))
#24 /Applications/MAMP/htdocs/tmracing/vendor/laravel/framework/src/Illuminate/Http/Middleware/TrustProxies.php(39): Illuminate\\Pipeline\\Pipeline->Illuminate\\Pipeline\\{closure}(Object(Illuminate\\Http\\Request))
#25 /Applications/MAMP/htdocs/tmracing/vendor/laravel/framework/src/Illuminate/Pipeline/Pipeline.php(183): Illuminate\\Http\\Middleware\\TrustProxies->handle(Object(Illuminate\\Http\\Request), Object(Closure))
#26 /Applications/MAMP/htdocs/tmracing/vendor/laravel/framework/src/Illuminate/Foundation/Http/Middleware/TransformsRequest.php(21): Illuminate\\Pipeline\\Pipeline->Illuminate\\Pipeline\\{closure}(Object(Illuminate\\Http\\Request))
#27 /Applications/MAMP/htdocs/tmracing/vendor/laravel/framework/src/Illuminate/Foundation/Http/Middleware/ConvertEmptyStringsToNull.php(31): Illuminate\\Foundation\\Http\\Middleware\\TransformsRequest->handle(Object(Illuminate\\Http\\Request), Object(Closure))
#28 /Applications/MAMP/htdocs/tmracing/vendor/laravel/framework/src/Illuminate/Pipeline/Pipeline.php(183): Illuminate\\Foundation\\Http\\Middleware\\ConvertEmptyStringsToNull->handle(Object(Illuminate\\Http\\Request), Object(Closure))
#29 /Applications/MAMP/htdocs/tmracing/vendor/laravel/framework/src/Illuminate/Foundation/Http/Middleware/TransformsRequest.php(21): Illuminate\\Pipeline\\Pipeline->Illuminate\\Pipeline\\{closure}(Object(Illuminate\\Http\\Request))
#30 /Applications/MAMP/htdocs/tmracing/vendor/laravel/framework/src/Illuminate/Foundation/Http/Middleware/TrimStrings.php(40): Illuminate\\Foundation\\Http\\Middleware\\TransformsRequest->handle(Object(Illuminate\\Http\\Request), Object(Closure))
#31 /Applications/MAMP/htdocs/tmracing/vendor/laravel/framework/src/Illuminate/Pipeline/Pipeline.php(183): Illuminate\\Foundation\\Http\\Middleware\\TrimStrings->handle(Object(Illuminate\\Http\\Request), Object(Closure))
#32 /Applications/MAMP/htdocs/tmracing/vendor/laravel/framework/src/Illuminate/Foundation/Http/Middleware/ValidatePostSize.php(27): Illuminate\\Pipeline\\Pipeline->Illuminate\\Pipeline\\{closure}(Object(Illuminate\\Http\\Request))
#33 /Applications/MAMP/htdocs/tmracing/vendor/laravel/framework/src/Illuminate/Pipeline/Pipeline.php(183): Illuminate\\Foundation\\Http\\Middleware\\ValidatePostSize->handle(Object(Illuminate\\Http\\Request), Object(Closure))
#34 /Applications/MAMP/htdocs/tmracing/vendor/laravel/framework/src/Illuminate/Pipeline/Pipeline.php(119): Illuminate\\Pipeline\\Pipeline->Illuminate\\Pipeline\\{closure}(Object(Illuminate\\Http\\Request))
#35 /Applications/MAMP/htdocs/tmracing/vendor/laravel/framework/src/Illuminate/Foundation/Http/Kernel.php(175): Illuminate\\Pipeline\\Pipeline->then(Object(Closure))
#36 /Applications/MAMP/htdocs/tmracing/vendor/laravel/framework/src/Illuminate/Foundation/Http/Kernel.php(144): Illuminate\\Foundation\\Http\\Kernel->sendRequestThroughRouter(Object(Illuminate\\Http\\Request))
#37 /Applications/MAMP/htdocs/tmracing/index.php(56): Illuminate\\Foundation\\Http\\Kernel->handle(Object(Illuminate\\Http\\Request))
#38 {main}
"} 
[2024-12-01 01:58:55] local.ERROR: View [frontend.layouts.app] not found. (View: /Applications/MAMP/htdocs/tmracing/resources/views/errors/500.blade.php) {"exception":"[object] (Illuminate\\View\\ViewException(code: 0): View [frontend.layouts.app] not found. (View: /Applications/MAMP/htdocs/tmracing/resources/views/errors/500.blade.php) at /Applications/MAMP/htdocs/tmracing/vendor/laravel/framework/src/Illuminate/View/FileViewFinder.php:137)
[stacktrace]
#0 /Applications/MAMP/htdocs/tmracing/vendor/laravel/framework/src/Illuminate/View/Engines/PhpEngine.php(60): Illuminate\\View\\Engines\\CompilerEngine->handleViewException(Object(InvalidArgumentException), 1)
#1 /Applications/MAMP/htdocs/tmracing/vendor/laravel/framework/src/Illuminate/View/Engines/CompilerEngine.php(72): Illuminate\\View\\Engines\\PhpEngine->evaluatePath('/Applications/M...', Array)
#2 /Applications/MAMP/htdocs/tmracing/vendor/laravel/framework/src/Illuminate/View/View.php(207): Illuminate\\View\\Engines\\CompilerEngine->get('/Applications/M...', Array)
#3 /Applications/MAMP/htdocs/tmracing/vendor/laravel/framework/src/Illuminate/View/View.php(190): Illuminate\\View\\View->getContents()
#4 /Applications/MAMP/htdocs/tmracing/vendor/laravel/framework/src/Illuminate/View/View.php(159): Illuminate\\View\\View->renderContents()
#5 /Applications/MAMP/htdocs/tmracing/vendor/laravel/framework/src/Illuminate/Http/Response.php(69): Illuminate\\View\\View->render()
#6 /Applications/MAMP/htdocs/tmracing/vendor/laravel/framework/src/Illuminate/Http/Response.php(35): Illuminate\\Http\\Response->setContent(Object(Illuminate\\View\\View))
#7 /Applications/MAMP/htdocs/tmracing/vendor/laravel/framework/src/Illuminate/Routing/ResponseFactory.php(58): Illuminate\\Http\\Response->__construct(Object(Illuminate\\View\\View), 500, Array)
#8 /Applications/MAMP/htdocs/tmracing/vendor/laravel/framework/src/Illuminate/Routing/ResponseFactory.php(88): Illuminate\\Routing\\ResponseFactory->make(Object(Illuminate\\View\\View), 500, Array)
#9 /Applications/MAMP/htdocs/tmracing/vendor/laravel/framework/src/Illuminate/Foundation/Exceptions/Handler.php(723): Illuminate\\Routing\\ResponseFactory->view('errors::500', Array, 500, Array)
#10 /Applications/MAMP/htdocs/tmracing/vendor/laravel/framework/src/Illuminate/Foundation/Exceptions/Handler.php(650): Illuminate\\Foundation\\Exceptions\\Handler->renderHttpException(Object(Symfony\\Component\\HttpKernel\\Exception\\HttpException))
#11 /Applications/MAMP/htdocs/tmracing/vendor/laravel/framework/src/Illuminate/Foundation/Exceptions/Handler.php(556): Illuminate\\Foundation\\Exceptions\\Handler->prepareResponse(Object(Illuminate\\Http\\Request), Object(Symfony\\Component\\HttpKernel\\Exception\\HttpException))
#12 /Applications/MAMP/htdocs/tmracing/vendor/laravel/framework/src/Illuminate/Foundation/Exceptions/Handler.php(473): Illuminate\\Foundation\\Exceptions\\Handler->renderExceptionResponse(Object(Illuminate\\Http\\Request), Object(Symfony\\Component\\Routing\\Exception\\RouteNotFoundException))
#13 /Applications/MAMP/htdocs/tmracing/vendor/laravel/framework/src/Illuminate/Routing/Pipeline.php(51): Illuminate\\Foundation\\Exceptions\\Handler->render(Object(Illuminate\\Http\\Request), Object(Symfony\\Component\\Routing\\Exception\\RouteNotFoundException))
#14 /Applications/MAMP/htdocs/tmracing/vendor/laravel/framework/src/Illuminate/Pipeline/Pipeline.php(188): Illuminate\\Routing\\Pipeline->handleException(Object(Illuminate\\Http\\Request), Object(Symfony\\Component\\Routing\\Exception\\RouteNotFoundException))
#15 /Applications/MAMP/htdocs/tmracing/vendor/laravel/framework/src/Illuminate/Foundation/Http/Middleware/VerifyCsrfToken.php(78): Illuminate\\Pipeline\\Pipeline->Illuminate\\Pipeline\\{closure}(Object(Illuminate\\Http\\Request))
#16 /Applications/MAMP/htdocs/tmracing/vendor/laravel/framework/src/Illuminate/Pipeline/Pipeline.php(183): Illuminate\\Foundation\\Http\\Middleware\\VerifyCsrfToken->handle(Object(Illuminate\\Http\\Request), Object(Closure))
#17 /Applications/MAMP/htdocs/tmracing/vendor/laravel/framework/src/Illuminate/View/Middleware/ShareErrorsFromSession.php(49): Illuminate\\Pipeline\\Pipeline->Illuminate\\Pipeline\\{closure}(Object(Illuminate\\Http\\Request))
#18 /Applications/MAMP/htdocs/tmracing/vendor/laravel/framework/src/Illuminate/Pipeline/Pipeline.php(183): Illuminate\\View\\Middleware\\ShareErrorsFromSession->handle(Object(Illuminate\\Http\\Request), Object(Closure))
#19 /Applications/MAMP/htdocs/tmracing/vendor/laravel/framework/src/Illuminate/Session/Middleware/StartSession.php(121): Illuminate\\Pipeline\\Pipeline->Illuminate\\Pipeline\\{closure}(Object(Illuminate\\Http\\Request))
#20 /Applications/MAMP/htdocs/tmracing/vendor/laravel/framework/src/Illuminate/Session/Middleware/StartSession.php(64): Illuminate\\Session\\Middleware\\StartSession->handleStatefulRequest(Object(Illuminate\\Http\\Request), Object(Illuminate\\Session\\Store), Object(Closure))
#21 /Applications/MAMP/htdocs/tmracing/vendor/laravel/framework/src/Illuminate/Pipeline/Pipeline.php(183): Illuminate\\Session\\Middleware\\StartSession->handle(Object(Illuminate\\Http\\Request), Object(Closure))
#22 /Applications/MAMP/htdocs/tmracing/vendor/laravel/framework/src/Illuminate/Cookie/Middleware/AddQueuedCookiesToResponse.php(37): Illuminate\\Pipeline\\Pipeline->Illuminate\\Pipeline\\{closure}(Object(Illuminate\\Http\\Request))
#23 /Applications/MAMP/htdocs/tmracing/vendor/laravel/framework/src/Illuminate/Pipeline/Pipeline.php(183): Illuminate\\Cookie\\Middleware\\AddQueuedCookiesToResponse->handle(Object(Illuminate\\Http\\Request), Object(Closure))
#24 /Applications/MAMP/htdocs/tmracing/vendor/laravel/framework/src/Illuminate/Pipeline/Pipeline.php(119): Illuminate\\Pipeline\\Pipeline->Illuminate\\Pipeline\\{closure}(Object(Illuminate\\Http\\Request))
#25 /Applications/MAMP/htdocs/tmracing/vendor/laravel/framework/src/Illuminate/Routing/Router.php(805): Illuminate\\Pipeline\\Pipeline->then(Object(Closure))
#26 /Applications/MAMP/htdocs/tmracing/vendor/laravel/framework/src/Illuminate/Routing/Router.php(784): Illuminate\\Routing\\Router->runRouteWithinStack(Object(Illuminate\\Routing\\Route), Object(Illuminate\\Http\\Request))
#27 /Applications/MAMP/htdocs/tmracing/vendor/laravel/framework/src/Illuminate/Routing/Router.php(748): Illuminate\\Routing\\Router->runRoute(Object(Illuminate\\Http\\Request), Object(Illuminate\\Routing\\Route))
#28 /Applications/MAMP/htdocs/tmracing/vendor/laravel/framework/src/Illuminate/Routing/Router.php(737): Illuminate\\Routing\\Router->dispatchToRoute(Object(Illuminate\\Http\\Request))
#29 /Applications/MAMP/htdocs/tmracing/vendor/laravel/framework/src/Illuminate/Foundation/Http/Kernel.php(200): Illuminate\\Routing\\Router->dispatch(Object(Illuminate\\Http\\Request))
#30 /Applications/MAMP/htdocs/tmracing/vendor/laravel/framework/src/Illuminate/Pipeline/Pipeline.php(144): Illuminate\\Foundation\\Http\\Kernel->Illuminate\\Foundation\\Http\\{closure}(Object(Illuminate\\Http\\Request))
#31 /Applications/MAMP/htdocs/tmracing/vendor/barryvdh/laravel-debugbar/src/Middleware/InjectDebugbar.php(59): Illuminate\\Pipeline\\Pipeline->Illuminate\\Pipeline\\{closure}(Object(Illuminate\\Http\\Request))
#32 /Applications/MAMP/htdocs/tmracing/vendor/laravel/framework/src/Illuminate/Pipeline/Pipeline.php(183): Barryvdh\\Debugbar\\Middleware\\InjectDebugbar->handle(Object(Illuminate\\Http\\Request), Object(Closure))
#33 /Applications/MAMP/htdocs/tmracing/vendor/laravel/framework/src/Illuminate/Http/Middleware/TrustProxies.php(39): Illuminate\\Pipeline\\Pipeline->Illuminate\\Pipeline\\{closure}(Object(Illuminate\\Http\\Request))
#34 /Applications/MAMP/htdocs/tmracing/vendor/laravel/framework/src/Illuminate/Pipeline/Pipeline.php(183): Illuminate\\Http\\Middleware\\TrustProxies->handle(Object(Illuminate\\Http\\Request), Object(Closure))
#35 /Applications/MAMP/htdocs/tmracing/vendor/laravel/framework/src/Illuminate/Foundation/Http/Middleware/TransformsRequest.php(21): Illuminate\\Pipeline\\Pipeline->Illuminate\\Pipeline\\{closure}(Object(Illuminate\\Http\\Request))
#36 /Applications/MAMP/htdocs/tmracing/vendor/laravel/framework/src/Illuminate/Foundation/Http/Middleware/ConvertEmptyStringsToNull.php(31): Illuminate\\Foundation\\Http\\Middleware\\TransformsRequest->handle(Object(Illuminate\\Http\\Request), Object(Closure))
#37 /Applications/MAMP/htdocs/tmracing/vendor/laravel/framework/src/Illuminate/Pipeline/Pipeline.php(183): Illuminate\\Foundation\\Http\\Middleware\\ConvertEmptyStringsToNull->handle(Object(Illuminate\\Http\\Request), Object(Closure))
#38 /Applications/MAMP/htdocs/tmracing/vendor/laravel/framework/src/Illuminate/Foundation/Http/Middleware/TransformsRequest.php(21): Illuminate\\Pipeline\\Pipeline->Illuminate\\Pipeline\\{closure}(Object(Illuminate\\Http\\Request))
#39 /Applications/MAMP/htdocs/tmracing/vendor/laravel/framework/src/Illuminate/Foundation/Http/Middleware/TrimStrings.php(40): Illuminate\\Foundation\\Http\\Middleware\\TransformsRequest->handle(Object(Illuminate\\Http\\Request), Object(Closure))
#40 /Applications/MAMP/htdocs/tmracing/vendor/laravel/framework/src/Illuminate/Pipeline/Pipeline.php(183): Illuminate\\Foundation\\Http\\Middleware\\TrimStrings->handle(Object(Illuminate\\Http\\Request), Object(Closure))
#41 /Applications/MAMP/htdocs/tmracing/vendor/laravel/framework/src/Illuminate/Foundation/Http/Middleware/ValidatePostSize.php(27): Illuminate\\Pipeline\\Pipeline->Illuminate\\Pipeline\\{closure}(Object(Illuminate\\Http\\Request))
#42 /Applications/MAMP/htdocs/tmracing/vendor/laravel/framework/src/Illuminate/Pipeline/Pipeline.php(183): Illuminate\\Foundation\\Http\\Middleware\\ValidatePostSize->handle(Object(Illuminate\\Http\\Request), Object(Closure))
#43 /Applications/MAMP/htdocs/tmracing/vendor/laravel/framework/src/Illuminate/Pipeline/Pipeline.php(119): Illuminate\\Pipeline\\Pipeline->Illuminate\\Pipeline\\{closure}(Object(Illuminate\\Http\\Request))
#44 /Applications/MAMP/htdocs/tmracing/vendor/laravel/framework/src/Illuminate/Foundation/Http/Kernel.php(175): Illuminate\\Pipeline\\Pipeline->then(Object(Closure))
#45 /Applications/MAMP/htdocs/tmracing/vendor/laravel/framework/src/Illuminate/Foundation/Http/Kernel.php(144): Illuminate\\Foundation\\Http\\Kernel->sendRequestThroughRouter(Object(Illuminate\\Http\\Request))
#46 /Applications/MAMP/htdocs/tmracing/index.php(56): Illuminate\\Foundation\\Http\\Kernel->handle(Object(Illuminate\\Http\\Request))
#47 {main}

[previous exception] [object] (InvalidArgumentException(code: 0): View [frontend.layouts.app] not found. at /Applications/MAMP/htdocs/tmracing/vendor/laravel/framework/src/Illuminate/View/FileViewFinder.php:137)
[stacktrace]
#0 /Applications/MAMP/htdocs/tmracing/vendor/laravel/framework/src/Illuminate/View/FileViewFinder.php(79): Illuminate\\View\\FileViewFinder->findInPaths('frontend.layout...', Array)
#1 /Applications/MAMP/htdocs/tmracing/vendor/laravel/framework/src/Illuminate/View/Factory.php(137): Illuminate\\View\\FileViewFinder->find('frontend.layout...')
#2 /Applications/MAMP/htdocs/tmracing/storage/framework/views/019f89693d19eb42c6c207cea1b57542.php(17): Illuminate\\View\\Factory->make('frontend.layout...', Array)
#3 /Applications/MAMP/htdocs/tmracing/vendor/laravel/framework/src/Illuminate/Filesystem/Filesystem.php(123): require('/Applications/M...')
#4 /Applications/MAMP/htdocs/tmracing/vendor/laravel/framework/src/Illuminate/Filesystem/Filesystem.php(124): Illuminate\\Filesystem\\Filesystem::Illuminate\\Filesystem\\{closure}()
#5 /Applications/MAMP/htdocs/tmracing/vendor/laravel/framework/src/Illuminate/View/Engines/PhpEngine.php(58): Illuminate\\Filesystem\\Filesystem->getRequire('/Applications/M...', Array)
#6 /Applications/MAMP/htdocs/tmracing/vendor/laravel/framework/src/Illuminate/View/Engines/CompilerEngine.php(72): Illuminate\\View\\Engines\\PhpEngine->evaluatePath('/Applications/M...', Array)
#7 /Applications/MAMP/htdocs/tmracing/vendor/laravel/framework/src/Illuminate/View/View.php(207): Illuminate\\View\\Engines\\CompilerEngine->get('/Applications/M...', Array)
#8 /Applications/MAMP/htdocs/tmracing/vendor/laravel/framework/src/Illuminate/View/View.php(190): Illuminate\\View\\View->getContents()
#9 /Applications/MAMP/htdocs/tmracing/vendor/laravel/framework/src/Illuminate/View/View.php(159): Illuminate\\View\\View->renderContents()
#10 /Applications/MAMP/htdocs/tmracing/vendor/laravel/framework/src/Illuminate/Http/Response.php(69): Illuminate\\View\\View->render()
#11 /Applications/MAMP/htdocs/tmracing/vendor/laravel/framework/src/Illuminate/Http/Response.php(35): Illuminate\\Http\\Response->setContent(Object(Illuminate\\View\\View))
#12 /Applications/MAMP/htdocs/tmracing/vendor/laravel/framework/src/Illuminate/Routing/ResponseFactory.php(58): Illuminate\\Http\\Response->__construct(Object(Illuminate\\View\\View), 500, Array)
#13 /Applications/MAMP/htdocs/tmracing/vendor/laravel/framework/src/Illuminate/Routing/ResponseFactory.php(88): Illuminate\\Routing\\ResponseFactory->make(Object(Illuminate\\View\\View), 500, Array)
#14 /Applications/MAMP/htdocs/tmracing/vendor/laravel/framework/src/Illuminate/Foundation/Exceptions/Handler.php(723): Illuminate\\Routing\\ResponseFactory->view('errors::500', Array, 500, Array)
#15 /Applications/MAMP/htdocs/tmracing/vendor/laravel/framework/src/Illuminate/Foundation/Exceptions/Handler.php(650): Illuminate\\Foundation\\Exceptions\\Handler->renderHttpException(Object(Symfony\\Component\\HttpKernel\\Exception\\HttpException))
#16 /Applications/MAMP/htdocs/tmracing/vendor/laravel/framework/src/Illuminate/Foundation/Exceptions/Handler.php(556): Illuminate\\Foundation\\Exceptions\\Handler->prepareResponse(Object(Illuminate\\Http\\Request), Object(Symfony\\Component\\HttpKernel\\Exception\\HttpException))
#17 /Applications/MAMP/htdocs/tmracing/vendor/laravel/framework/src/Illuminate/Foundation/Exceptions/Handler.php(473): Illuminate\\Foundation\\Exceptions\\Handler->renderExceptionResponse(Object(Illuminate\\Http\\Request), Object(Symfony\\Component\\Routing\\Exception\\RouteNotFoundException))
#18 /Applications/MAMP/htdocs/tmracing/vendor/laravel/framework/src/Illuminate/Routing/Pipeline.php(51): Illuminate\\Foundation\\Exceptions\\Handler->render(Object(Illuminate\\Http\\Request), Object(Symfony\\Component\\Routing\\Exception\\RouteNotFoundException))
#19 /Applications/MAMP/htdocs/tmracing/vendor/laravel/framework/src/Illuminate/Pipeline/Pipeline.php(188): Illuminate\\Routing\\Pipeline->handleException(Object(Illuminate\\Http\\Request), Object(Symfony\\Component\\Routing\\Exception\\RouteNotFoundException))
#20 /Applications/MAMP/htdocs/tmracing/vendor/laravel/framework/src/Illuminate/Foundation/Http/Middleware/VerifyCsrfToken.php(78): Illuminate\\Pipeline\\Pipeline->Illuminate\\Pipeline\\{closure}(Object(Illuminate\\Http\\Request))
#21 /Applications/MAMP/htdocs/tmracing/vendor/laravel/framework/src/Illuminate/Pipeline/Pipeline.php(183): Illuminate\\Foundation\\Http\\Middleware\\VerifyCsrfToken->handle(Object(Illuminate\\Http\\Request), Object(Closure))
#22 /Applications/MAMP/htdocs/tmracing/vendor/laravel/framework/src/Illuminate/View/Middleware/ShareErrorsFromSession.php(49): Illuminate\\Pipeline\\Pipeline->Illuminate\\Pipeline\\{closure}(Object(Illuminate\\Http\\Request))
#23 /Applications/MAMP/htdocs/tmracing/vendor/laravel/framework/src/Illuminate/Pipeline/Pipeline.php(183): Illuminate\\View\\Middleware\\ShareErrorsFromSession->handle(Object(Illuminate\\Http\\Request), Object(Closure))
#24 /Applications/MAMP/htdocs/tmracing/vendor/laravel/framework/src/Illuminate/Session/Middleware/StartSession.php(121): Illuminate\\Pipeline\\Pipeline->Illuminate\\Pipeline\\{closure}(Object(Illuminate\\Http\\Request))
#25 /Applications/MAMP/htdocs/tmracing/vendor/laravel/framework/src/Illuminate/Session/Middleware/StartSession.php(64): Illuminate\\Session\\Middleware\\StartSession->handleStatefulRequest(Object(Illuminate\\Http\\Request), Object(Illuminate\\Session\\Store), Object(Closure))
#26 /Applications/MAMP/htdocs/tmracing/vendor/laravel/framework/src/Illuminate/Pipeline/Pipeline.php(183): Illuminate\\Session\\Middleware\\StartSession->handle(Object(Illuminate\\Http\\Request), Object(Closure))
#27 /Applications/MAMP/htdocs/tmracing/vendor/laravel/framework/src/Illuminate/Cookie/Middleware/AddQueuedCookiesToResponse.php(37): Illuminate\\Pipeline\\Pipeline->Illuminate\\Pipeline\\{closure}(Object(Illuminate\\Http\\Request))
#28 /Applications/MAMP/htdocs/tmracing/vendor/laravel/framework/src/Illuminate/Pipeline/Pipeline.php(183): Illuminate\\Cookie\\Middleware\\AddQueuedCookiesToResponse->handle(Object(Illuminate\\Http\\Request), Object(Closure))
#29 /Applications/MAMP/htdocs/tmracing/vendor/laravel/framework/src/Illuminate/Pipeline/Pipeline.php(119): Illuminate\\Pipeline\\Pipeline->Illuminate\\Pipeline\\{closure}(Object(Illuminate\\Http\\Request))
#30 /Applications/MAMP/htdocs/tmracing/vendor/laravel/framework/src/Illuminate/Routing/Router.php(805): Illuminate\\Pipeline\\Pipeline->then(Object(Closure))
#31 /Applications/MAMP/htdocs/tmracing/vendor/laravel/framework/src/Illuminate/Routing/Router.php(784): Illuminate\\Routing\\Router->runRouteWithinStack(Object(Illuminate\\Routing\\Route), Object(Illuminate\\Http\\Request))
#32 /Applications/MAMP/htdocs/tmracing/vendor/laravel/framework/src/Illuminate/Routing/Router.php(748): Illuminate\\Routing\\Router->runRoute(Object(Illuminate\\Http\\Request), Object(Illuminate\\Routing\\Route))
#33 /Applications/MAMP/htdocs/tmracing/vendor/laravel/framework/src/Illuminate/Routing/Router.php(737): Illuminate\\Routing\\Router->dispatchToRoute(Object(Illuminate\\Http\\Request))
#34 /Applications/MAMP/htdocs/tmracing/vendor/laravel/framework/src/Illuminate/Foundation/Http/Kernel.php(200): Illuminate\\Routing\\Router->dispatch(Object(Illuminate\\Http\\Request))
#35 /Applications/MAMP/htdocs/tmracing/vendor/laravel/framework/src/Illuminate/Pipeline/Pipeline.php(144): Illuminate\\Foundation\\Http\\Kernel->Illuminate\\Foundation\\Http\\{closure}(Object(Illuminate\\Http\\Request))
#36 /Applications/MAMP/htdocs/tmracing/vendor/barryvdh/laravel-debugbar/src/Middleware/InjectDebugbar.php(59): Illuminate\\Pipeline\\Pipeline->Illuminate\\Pipeline\\{closure}(Object(Illuminate\\Http\\Request))
#37 /Applications/MAMP/htdocs/tmracing/vendor/laravel/framework/src/Illuminate/Pipeline/Pipeline.php(183): Barryvdh\\Debugbar\\Middleware\\InjectDebugbar->handle(Object(Illuminate\\Http\\Request), Object(Closure))
#38 /Applications/MAMP/htdocs/tmracing/vendor/laravel/framework/src/Illuminate/Http/Middleware/TrustProxies.php(39): Illuminate\\Pipeline\\Pipeline->Illuminate\\Pipeline\\{closure}(Object(Illuminate\\Http\\Request))
#39 /Applications/MAMP/htdocs/tmracing/vendor/laravel/framework/src/Illuminate/Pipeline/Pipeline.php(183): Illuminate\\Http\\Middleware\\TrustProxies->handle(Object(Illuminate\\Http\\Request), Object(Closure))
#40 /Applications/MAMP/htdocs/tmracing/vendor/laravel/framework/src/Illuminate/Foundation/Http/Middleware/TransformsRequest.php(21): Illuminate\\Pipeline\\Pipeline->Illuminate\\Pipeline\\{closure}(Object(Illuminate\\Http\\Request))
#41 /Applications/MAMP/htdocs/tmracing/vendor/laravel/framework/src/Illuminate/Foundation/Http/Middleware/ConvertEmptyStringsToNull.php(31): Illuminate\\Foundation\\Http\\Middleware\\TransformsRequest->handle(Object(Illuminate\\Http\\Request), Object(Closure))
#42 /Applications/MAMP/htdocs/tmracing/vendor/laravel/framework/src/Illuminate/Pipeline/Pipeline.php(183): Illuminate\\Foundation\\Http\\Middleware\\ConvertEmptyStringsToNull->handle(Object(Illuminate\\Http\\Request), Object(Closure))
#43 /Applications/MAMP/htdocs/tmracing/vendor/laravel/framework/src/Illuminate/Foundation/Http/Middleware/TransformsRequest.php(21): Illuminate\\Pipeline\\Pipeline->Illuminate\\Pipeline\\{closure}(Object(Illuminate\\Http\\Request))
#44 /Applications/MAMP/htdocs/tmracing/vendor/laravel/framework/src/Illuminate/Foundation/Http/Middleware/TrimStrings.php(40): Illuminate\\Foundation\\Http\\Middleware\\TransformsRequest->handle(Object(Illuminate\\Http\\Request), Object(Closure))
#45 /Applications/MAMP/htdocs/tmracing/vendor/laravel/framework/src/Illuminate/Pipeline/Pipeline.php(183): Illuminate\\Foundation\\Http\\Middleware\\TrimStrings->handle(Object(Illuminate\\Http\\Request), Object(Closure))
#46 /Applications/MAMP/htdocs/tmracing/vendor/laravel/framework/src/Illuminate/Foundation/Http/Middleware/ValidatePostSize.php(27): Illuminate\\Pipeline\\Pipeline->Illuminate\\Pipeline\\{closure}(Object(Illuminate\\Http\\Request))
#47 /Applications/MAMP/htdocs/tmracing/vendor/laravel/framework/src/Illuminate/Pipeline/Pipeline.php(183): Illuminate\\Foundation\\Http\\Middleware\\ValidatePostSize->handle(Object(Illuminate\\Http\\Request), Object(Closure))
#48 /Applications/MAMP/htdocs/tmracing/vendor/laravel/framework/src/Illuminate/Pipeline/Pipeline.php(119): Illuminate\\Pipeline\\Pipeline->Illuminate\\Pipeline\\{closure}(Object(Illuminate\\Http\\Request))
#49 /Applications/MAMP/htdocs/tmracing/vendor/laravel/framework/src/Illuminate/Foundation/Http/Kernel.php(175): Illuminate\\Pipeline\\Pipeline->then(Object(Closure))
#50 /Applications/MAMP/htdocs/tmracing/vendor/laravel/framework/src/Illuminate/Foundation/Http/Kernel.php(144): Illuminate\\Foundation\\Http\\Kernel->sendRequestThroughRouter(Object(Illuminate\\Http\\Request))
#51 /Applications/MAMP/htdocs/tmracing/index.php(56): Illuminate\\Foundation\\Http\\Kernel->handle(Object(Illuminate\\Http\\Request))
#52 {main}
"} 
[2024-12-01 01:58:55] local.ERROR: Route [login] not defined. {"exception":"[object] (Symfony\\Component\\Routing\\Exception\\RouteNotFoundException(code: 0): Route [login] not defined. at /Applications/MAMP/htdocs/tmracing/vendor/laravel/framework/src/Illuminate/Routing/UrlGenerator.php:477)
[stacktrace]
#0 /Applications/MAMP/htdocs/tmracing/vendor/laravel/framework/src/Illuminate/Foundation/helpers.php(811): Illuminate\\Routing\\UrlGenerator->route('login', Array, true)
#1 /Applications/MAMP/htdocs/tmracing/app/Http/Middleware/Authenticate.php(17): route('login')
#2 /Applications/MAMP/htdocs/tmracing/vendor/laravel/framework/src/Illuminate/Auth/Middleware/Authenticate.php(96): App\\Http\\Middleware\\Authenticate->redirectTo(Object(Illuminate\\Http\\Request))
#3 /Applications/MAMP/htdocs/tmracing/vendor/laravel/framework/src/Illuminate/Auth/Middleware/Authenticate.php(81): Illuminate\\Auth\\Middleware\\Authenticate->unauthenticated(Object(Illuminate\\Http\\Request), Array)
#4 /Applications/MAMP/htdocs/tmracing/vendor/laravel/framework/src/Illuminate/Auth/Middleware/Authenticate.php(55): Illuminate\\Auth\\Middleware\\Authenticate->authenticate(Object(Illuminate\\Http\\Request), Array)
#5 /Applications/MAMP/htdocs/tmracing/vendor/laravel/framework/src/Illuminate/Pipeline/Pipeline.php(183): Illuminate\\Auth\\Middleware\\Authenticate->handle(Object(Illuminate\\Http\\Request), Object(Closure))
#6 /Applications/MAMP/htdocs/tmracing/vendor/laravel/framework/src/Illuminate/Foundation/Http/Middleware/VerifyCsrfToken.php(78): Illuminate\\Pipeline\\Pipeline->Illuminate\\Pipeline\\{closure}(Object(Illuminate\\Http\\Request))
#7 /Applications/MAMP/htdocs/tmracing/vendor/laravel/framework/src/Illuminate/Pipeline/Pipeline.php(183): Illuminate\\Foundation\\Http\\Middleware\\VerifyCsrfToken->handle(Object(Illuminate\\Http\\Request), Object(Closure))
#8 /Applications/MAMP/htdocs/tmracing/vendor/laravel/framework/src/Illuminate/View/Middleware/ShareErrorsFromSession.php(49): Illuminate\\Pipeline\\Pipeline->Illuminate\\Pipeline\\{closure}(Object(Illuminate\\Http\\Request))
#9 /Applications/MAMP/htdocs/tmracing/vendor/laravel/framework/src/Illuminate/Pipeline/Pipeline.php(183): Illuminate\\View\\Middleware\\ShareErrorsFromSession->handle(Object(Illuminate\\Http\\Request), Object(Closure))
#10 /Applications/MAMP/htdocs/tmracing/vendor/laravel/framework/src/Illuminate/Session/Middleware/StartSession.php(121): Illuminate\\Pipeline\\Pipeline->Illuminate\\Pipeline\\{closure}(Object(Illuminate\\Http\\Request))
#11 /Applications/MAMP/htdocs/tmracing/vendor/laravel/framework/src/Illuminate/Session/Middleware/StartSession.php(64): Illuminate\\Session\\Middleware\\StartSession->handleStatefulRequest(Object(Illuminate\\Http\\Request), Object(Illuminate\\Session\\Store), Object(Closure))
#12 /Applications/MAMP/htdocs/tmracing/vendor/laravel/framework/src/Illuminate/Pipeline/Pipeline.php(183): Illuminate\\Session\\Middleware\\StartSession->handle(Object(Illuminate\\Http\\Request), Object(Closure))
#13 /Applications/MAMP/htdocs/tmracing/vendor/laravel/framework/src/Illuminate/Cookie/Middleware/AddQueuedCookiesToResponse.php(37): Illuminate\\Pipeline\\Pipeline->Illuminate\\Pipeline\\{closure}(Object(Illuminate\\Http\\Request))
#14 /Applications/MAMP/htdocs/tmracing/vendor/laravel/framework/src/Illuminate/Pipeline/Pipeline.php(183): Illuminate\\Cookie\\Middleware\\AddQueuedCookiesToResponse->handle(Object(Illuminate\\Http\\Request), Object(Closure))
#15 /Applications/MAMP/htdocs/tmracing/vendor/laravel/framework/src/Illuminate/Pipeline/Pipeline.php(119): Illuminate\\Pipeline\\Pipeline->Illuminate\\Pipeline\\{closure}(Object(Illuminate\\Http\\Request))
#16 /Applications/MAMP/htdocs/tmracing/vendor/laravel/framework/src/Illuminate/Routing/Router.php(805): Illuminate\\Pipeline\\Pipeline->then(Object(Closure))
#17 /Applications/MAMP/htdocs/tmracing/vendor/laravel/framework/src/Illuminate/Routing/Router.php(784): Illuminate\\Routing\\Router->runRouteWithinStack(Object(Illuminate\\Routing\\Route), Object(Illuminate\\Http\\Request))
#18 /Applications/MAMP/htdocs/tmracing/vendor/laravel/framework/src/Illuminate/Routing/Router.php(748): Illuminate\\Routing\\Router->runRoute(Object(Illuminate\\Http\\Request), Object(Illuminate\\Routing\\Route))
#19 /Applications/MAMP/htdocs/tmracing/vendor/laravel/framework/src/Illuminate/Routing/Router.php(737): Illuminate\\Routing\\Router->dispatchToRoute(Object(Illuminate\\Http\\Request))
#20 /Applications/MAMP/htdocs/tmracing/vendor/laravel/framework/src/Illuminate/Foundation/Http/Kernel.php(200): Illuminate\\Routing\\Router->dispatch(Object(Illuminate\\Http\\Request))
#21 /Applications/MAMP/htdocs/tmracing/vendor/laravel/framework/src/Illuminate/Pipeline/Pipeline.php(144): Illuminate\\Foundation\\Http\\Kernel->Illuminate\\Foundation\\Http\\{closure}(Object(Illuminate\\Http\\Request))
#22 /Applications/MAMP/htdocs/tmracing/vendor/barryvdh/laravel-debugbar/src/Middleware/InjectDebugbar.php(59): Illuminate\\Pipeline\\Pipeline->Illuminate\\Pipeline\\{closure}(Object(Illuminate\\Http\\Request))
#23 /Applications/MAMP/htdocs/tmracing/vendor/laravel/framework/src/Illuminate/Pipeline/Pipeline.php(183): Barryvdh\\Debugbar\\Middleware\\InjectDebugbar->handle(Object(Illuminate\\Http\\Request), Object(Closure))
#24 /Applications/MAMP/htdocs/tmracing/vendor/laravel/framework/src/Illuminate/Http/Middleware/TrustProxies.php(39): Illuminate\\Pipeline\\Pipeline->Illuminate\\Pipeline\\{closure}(Object(Illuminate\\Http\\Request))
#25 /Applications/MAMP/htdocs/tmracing/vendor/laravel/framework/src/Illuminate/Pipeline/Pipeline.php(183): Illuminate\\Http\\Middleware\\TrustProxies->handle(Object(Illuminate\\Http\\Request), Object(Closure))
#26 /Applications/MAMP/htdocs/tmracing/vendor/laravel/framework/src/Illuminate/Foundation/Http/Middleware/TransformsRequest.php(21): Illuminate\\Pipeline\\Pipeline->Illuminate\\Pipeline\\{closure}(Object(Illuminate\\Http\\Request))
#27 /Applications/MAMP/htdocs/tmracing/vendor/laravel/framework/src/Illuminate/Foundation/Http/Middleware/ConvertEmptyStringsToNull.php(31): Illuminate\\Foundation\\Http\\Middleware\\TransformsRequest->handle(Object(Illuminate\\Http\\Request), Object(Closure))
#28 /Applications/MAMP/htdocs/tmracing/vendor/laravel/framework/src/Illuminate/Pipeline/Pipeline.php(183): Illuminate\\Foundation\\Http\\Middleware\\ConvertEmptyStringsToNull->handle(Object(Illuminate\\Http\\Request), Object(Closure))
#29 /Applications/MAMP/htdocs/tmracing/vendor/laravel/framework/src/Illuminate/Foundation/Http/Middleware/TransformsRequest.php(21): Illuminate\\Pipeline\\Pipeline->Illuminate\\Pipeline\\{closure}(Object(Illuminate\\Http\\Request))
#30 /Applications/MAMP/htdocs/tmracing/vendor/laravel/framework/src/Illuminate/Foundation/Http/Middleware/TrimStrings.php(40): Illuminate\\Foundation\\Http\\Middleware\\TransformsRequest->handle(Object(Illuminate\\Http\\Request), Object(Closure))
#31 /Applications/MAMP/htdocs/tmracing/vendor/laravel/framework/src/Illuminate/Pipeline/Pipeline.php(183): Illuminate\\Foundation\\Http\\Middleware\\TrimStrings->handle(Object(Illuminate\\Http\\Request), Object(Closure))
#32 /Applications/MAMP/htdocs/tmracing/vendor/laravel/framework/src/Illuminate/Foundation/Http/Middleware/ValidatePostSize.php(27): Illuminate\\Pipeline\\Pipeline->Illuminate\\Pipeline\\{closure}(Object(Illuminate\\Http\\Request))
#33 /Applications/MAMP/htdocs/tmracing/vendor/laravel/framework/src/Illuminate/Pipeline/Pipeline.php(183): Illuminate\\Foundation\\Http\\Middleware\\ValidatePostSize->handle(Object(Illuminate\\Http\\Request), Object(Closure))
#34 /Applications/MAMP/htdocs/tmracing/vendor/laravel/framework/src/Illuminate/Pipeline/Pipeline.php(119): Illuminate\\Pipeline\\Pipeline->Illuminate\\Pipeline\\{closure}(Object(Illuminate\\Http\\Request))
#35 /Applications/MAMP/htdocs/tmracing/vendor/laravel/framework/src/Illuminate/Foundation/Http/Kernel.php(175): Illuminate\\Pipeline\\Pipeline->then(Object(Closure))
#36 /Applications/MAMP/htdocs/tmracing/vendor/laravel/framework/src/Illuminate/Foundation/Http/Kernel.php(144): Illuminate\\Foundation\\Http\\Kernel->sendRequestThroughRouter(Object(Illuminate\\Http\\Request))
#37 /Applications/MAMP/htdocs/tmracing/index.php(56): Illuminate\\Foundation\\Http\\Kernel->handle(Object(Illuminate\\Http\\Request))
#38 {main}
"} 
[2024-12-01 01:58:55] local.ERROR: View [frontend.layouts.app] not found. (View: /Applications/MAMP/htdocs/tmracing/resources/views/errors/500.blade.php) {"exception":"[object] (Illuminate\\View\\ViewException(code: 0): View [frontend.layouts.app] not found. (View: /Applications/MAMP/htdocs/tmracing/resources/views/errors/500.blade.php) at /Applications/MAMP/htdocs/tmracing/vendor/laravel/framework/src/Illuminate/View/FileViewFinder.php:137)
[stacktrace]
#0 /Applications/MAMP/htdocs/tmracing/vendor/laravel/framework/src/Illuminate/View/Engines/PhpEngine.php(60): Illuminate\\View\\Engines\\CompilerEngine->handleViewException(Object(InvalidArgumentException), 1)
#1 /Applications/MAMP/htdocs/tmracing/vendor/laravel/framework/src/Illuminate/View/Engines/CompilerEngine.php(72): Illuminate\\View\\Engines\\PhpEngine->evaluatePath('/Applications/M...', Array)
#2 /Applications/MAMP/htdocs/tmracing/vendor/laravel/framework/src/Illuminate/View/View.php(207): Illuminate\\View\\Engines\\CompilerEngine->get('/Applications/M...', Array)
#3 /Applications/MAMP/htdocs/tmracing/vendor/laravel/framework/src/Illuminate/View/View.php(190): Illuminate\\View\\View->getContents()
#4 /Applications/MAMP/htdocs/tmracing/vendor/laravel/framework/src/Illuminate/View/View.php(159): Illuminate\\View\\View->renderContents()
#5 /Applications/MAMP/htdocs/tmracing/vendor/laravel/framework/src/Illuminate/Http/Response.php(69): Illuminate\\View\\View->render()
#6 /Applications/MAMP/htdocs/tmracing/vendor/laravel/framework/src/Illuminate/Http/Response.php(35): Illuminate\\Http\\Response->setContent(Object(Illuminate\\View\\View))
#7 /Applications/MAMP/htdocs/tmracing/vendor/laravel/framework/src/Illuminate/Routing/ResponseFactory.php(58): Illuminate\\Http\\Response->__construct(Object(Illuminate\\View\\View), 500, Array)
#8 /Applications/MAMP/htdocs/tmracing/vendor/laravel/framework/src/Illuminate/Routing/ResponseFactory.php(88): Illuminate\\Routing\\ResponseFactory->make(Object(Illuminate\\View\\View), 500, Array)
#9 /Applications/MAMP/htdocs/tmracing/vendor/laravel/framework/src/Illuminate/Foundation/Exceptions/Handler.php(723): Illuminate\\Routing\\ResponseFactory->view('errors::500', Array, 500, Array)
#10 /Applications/MAMP/htdocs/tmracing/vendor/laravel/framework/src/Illuminate/Foundation/Exceptions/Handler.php(650): Illuminate\\Foundation\\Exceptions\\Handler->renderHttpException(Object(Symfony\\Component\\HttpKernel\\Exception\\HttpException))
#11 /Applications/MAMP/htdocs/tmracing/vendor/laravel/framework/src/Illuminate/Foundation/Exceptions/Handler.php(556): Illuminate\\Foundation\\Exceptions\\Handler->prepareResponse(Object(Illuminate\\Http\\Request), Object(Symfony\\Component\\HttpKernel\\Exception\\HttpException))
#12 /Applications/MAMP/htdocs/tmracing/vendor/laravel/framework/src/Illuminate/Foundation/Exceptions/Handler.php(473): Illuminate\\Foundation\\Exceptions\\Handler->renderExceptionResponse(Object(Illuminate\\Http\\Request), Object(Symfony\\Component\\Routing\\Exception\\RouteNotFoundException))
#13 /Applications/MAMP/htdocs/tmracing/vendor/laravel/framework/src/Illuminate/Routing/Pipeline.php(51): Illuminate\\Foundation\\Exceptions\\Handler->render(Object(Illuminate\\Http\\Request), Object(Symfony\\Component\\Routing\\Exception\\RouteNotFoundException))
#14 /Applications/MAMP/htdocs/tmracing/vendor/laravel/framework/src/Illuminate/Pipeline/Pipeline.php(188): Illuminate\\Routing\\Pipeline->handleException(Object(Illuminate\\Http\\Request), Object(Symfony\\Component\\Routing\\Exception\\RouteNotFoundException))
#15 /Applications/MAMP/htdocs/tmracing/vendor/laravel/framework/src/Illuminate/Foundation/Http/Middleware/VerifyCsrfToken.php(78): Illuminate\\Pipeline\\Pipeline->Illuminate\\Pipeline\\{closure}(Object(Illuminate\\Http\\Request))
#16 /Applications/MAMP/htdocs/tmracing/vendor/laravel/framework/src/Illuminate/Pipeline/Pipeline.php(183): Illuminate\\Foundation\\Http\\Middleware\\VerifyCsrfToken->handle(Object(Illuminate\\Http\\Request), Object(Closure))
#17 /Applications/MAMP/htdocs/tmracing/vendor/laravel/framework/src/Illuminate/View/Middleware/ShareErrorsFromSession.php(49): Illuminate\\Pipeline\\Pipeline->Illuminate\\Pipeline\\{closure}(Object(Illuminate\\Http\\Request))
#18 /Applications/MAMP/htdocs/tmracing/vendor/laravel/framework/src/Illuminate/Pipeline/Pipeline.php(183): Illuminate\\View\\Middleware\\ShareErrorsFromSession->handle(Object(Illuminate\\Http\\Request), Object(Closure))
#19 /Applications/MAMP/htdocs/tmracing/vendor/laravel/framework/src/Illuminate/Session/Middleware/StartSession.php(121): Illuminate\\Pipeline\\Pipeline->Illuminate\\Pipeline\\{closure}(Object(Illuminate\\Http\\Request))
#20 /Applications/MAMP/htdocs/tmracing/vendor/laravel/framework/src/Illuminate/Session/Middleware/StartSession.php(64): Illuminate\\Session\\Middleware\\StartSession->handleStatefulRequest(Object(Illuminate\\Http\\Request), Object(Illuminate\\Session\\Store), Object(Closure))
#21 /Applications/MAMP/htdocs/tmracing/vendor/laravel/framework/src/Illuminate/Pipeline/Pipeline.php(183): Illuminate\\Session\\Middleware\\StartSession->handle(Object(Illuminate\\Http\\Request), Object(Closure))
#22 /Applications/MAMP/htdocs/tmracing/vendor/laravel/framework/src/Illuminate/Cookie/Middleware/AddQueuedCookiesToResponse.php(37): Illuminate\\Pipeline\\Pipeline->Illuminate\\Pipeline\\{closure}(Object(Illuminate\\Http\\Request))
#23 /Applications/MAMP/htdocs/tmracing/vendor/laravel/framework/src/Illuminate/Pipeline/Pipeline.php(183): Illuminate\\Cookie\\Middleware\\AddQueuedCookiesToResponse->handle(Object(Illuminate\\Http\\Request), Object(Closure))
#24 /Applications/MAMP/htdocs/tmracing/vendor/laravel/framework/src/Illuminate/Pipeline/Pipeline.php(119): Illuminate\\Pipeline\\Pipeline->Illuminate\\Pipeline\\{closure}(Object(Illuminate\\Http\\Request))
#25 /Applications/MAMP/htdocs/tmracing/vendor/laravel/framework/src/Illuminate/Routing/Router.php(805): Illuminate\\Pipeline\\Pipeline->then(Object(Closure))
#26 /Applications/MAMP/htdocs/tmracing/vendor/laravel/framework/src/Illuminate/Routing/Router.php(784): Illuminate\\Routing\\Router->runRouteWithinStack(Object(Illuminate\\Routing\\Route), Object(Illuminate\\Http\\Request))
#27 /Applications/MAMP/htdocs/tmracing/vendor/laravel/framework/src/Illuminate/Routing/Router.php(748): Illuminate\\Routing\\Router->runRoute(Object(Illuminate\\Http\\Request), Object(Illuminate\\Routing\\Route))
#28 /Applications/MAMP/htdocs/tmracing/vendor/laravel/framework/src/Illuminate/Routing/Router.php(737): Illuminate\\Routing\\Router->dispatchToRoute(Object(Illuminate\\Http\\Request))
#29 /Applications/MAMP/htdocs/tmracing/vendor/laravel/framework/src/Illuminate/Foundation/Http/Kernel.php(200): Illuminate\\Routing\\Router->dispatch(Object(Illuminate\\Http\\Request))
#30 /Applications/MAMP/htdocs/tmracing/vendor/laravel/framework/src/Illuminate/Pipeline/Pipeline.php(144): Illuminate\\Foundation\\Http\\Kernel->Illuminate\\Foundation\\Http\\{closure}(Object(Illuminate\\Http\\Request))
#31 /Applications/MAMP/htdocs/tmracing/vendor/barryvdh/laravel-debugbar/src/Middleware/InjectDebugbar.php(59): Illuminate\\Pipeline\\Pipeline->Illuminate\\Pipeline\\{closure}(Object(Illuminate\\Http\\Request))
#32 /Applications/MAMP/htdocs/tmracing/vendor/laravel/framework/src/Illuminate/Pipeline/Pipeline.php(183): Barryvdh\\Debugbar\\Middleware\\InjectDebugbar->handle(Object(Illuminate\\Http\\Request), Object(Closure))
#33 /Applications/MAMP/htdocs/tmracing/vendor/laravel/framework/src/Illuminate/Http/Middleware/TrustProxies.php(39): Illuminate\\Pipeline\\Pipeline->Illuminate\\Pipeline\\{closure}(Object(Illuminate\\Http\\Request))
#34 /Applications/MAMP/htdocs/tmracing/vendor/laravel/framework/src/Illuminate/Pipeline/Pipeline.php(183): Illuminate\\Http\\Middleware\\TrustProxies->handle(Object(Illuminate\\Http\\Request), Object(Closure))
#35 /Applications/MAMP/htdocs/tmracing/vendor/laravel/framework/src/Illuminate/Foundation/Http/Middleware/TransformsRequest.php(21): Illuminate\\Pipeline\\Pipeline->Illuminate\\Pipeline\\{closure}(Object(Illuminate\\Http\\Request))
#36 /Applications/MAMP/htdocs/tmracing/vendor/laravel/framework/src/Illuminate/Foundation/Http/Middleware/ConvertEmptyStringsToNull.php(31): Illuminate\\Foundation\\Http\\Middleware\\TransformsRequest->handle(Object(Illuminate\\Http\\Request), Object(Closure))
#37 /Applications/MAMP/htdocs/tmracing/vendor/laravel/framework/src/Illuminate/Pipeline/Pipeline.php(183): Illuminate\\Foundation\\Http\\Middleware\\ConvertEmptyStringsToNull->handle(Object(Illuminate\\Http\\Request), Object(Closure))
#38 /Applications/MAMP/htdocs/tmracing/vendor/laravel/framework/src/Illuminate/Foundation/Http/Middleware/TransformsRequest.php(21): Illuminate\\Pipeline\\Pipeline->Illuminate\\Pipeline\\{closure}(Object(Illuminate\\Http\\Request))
#39 /Applications/MAMP/htdocs/tmracing/vendor/laravel/framework/src/Illuminate/Foundation/Http/Middleware/TrimStrings.php(40): Illuminate\\Foundation\\Http\\Middleware\\TransformsRequest->handle(Object(Illuminate\\Http\\Request), Object(Closure))
#40 /Applications/MAMP/htdocs/tmracing/vendor/laravel/framework/src/Illuminate/Pipeline/Pipeline.php(183): Illuminate\\Foundation\\Http\\Middleware\\TrimStrings->handle(Object(Illuminate\\Http\\Request), Object(Closure))
#41 /Applications/MAMP/htdocs/tmracing/vendor/laravel/framework/src/Illuminate/Foundation/Http/Middleware/ValidatePostSize.php(27): Illuminate\\Pipeline\\Pipeline->Illuminate\\Pipeline\\{closure}(Object(Illuminate\\Http\\Request))
#42 /Applications/MAMP/htdocs/tmracing/vendor/laravel/framework/src/Illuminate/Pipeline/Pipeline.php(183): Illuminate\\Foundation\\Http\\Middleware\\ValidatePostSize->handle(Object(Illuminate\\Http\\Request), Object(Closure))
#43 /Applications/MAMP/htdocs/tmracing/vendor/laravel/framework/src/Illuminate/Pipeline/Pipeline.php(119): Illuminate\\Pipeline\\Pipeline->Illuminate\\Pipeline\\{closure}(Object(Illuminate\\Http\\Request))
#44 /Applications/MAMP/htdocs/tmracing/vendor/laravel/framework/src/Illuminate/Foundation/Http/Kernel.php(175): Illuminate\\Pipeline\\Pipeline->then(Object(Closure))
#45 /Applications/MAMP/htdocs/tmracing/vendor/laravel/framework/src/Illuminate/Foundation/Http/Kernel.php(144): Illuminate\\Foundation\\Http\\Kernel->sendRequestThroughRouter(Object(Illuminate\\Http\\Request))
#46 /Applications/MAMP/htdocs/tmracing/index.php(56): Illuminate\\Foundation\\Http\\Kernel->handle(Object(Illuminate\\Http\\Request))
#47 {main}

[previous exception] [object] (InvalidArgumentException(code: 0): View [frontend.layouts.app] not found. at /Applications/MAMP/htdocs/tmracing/vendor/laravel/framework/src/Illuminate/View/FileViewFinder.php:137)
[stacktrace]
#0 /Applications/MAMP/htdocs/tmracing/vendor/laravel/framework/src/Illuminate/View/FileViewFinder.php(79): Illuminate\\View\\FileViewFinder->findInPaths('frontend.layout...', Array)
#1 /Applications/MAMP/htdocs/tmracing/vendor/laravel/framework/src/Illuminate/View/Factory.php(137): Illuminate\\View\\FileViewFinder->find('frontend.layout...')
#2 /Applications/MAMP/htdocs/tmracing/storage/framework/views/019f89693d19eb42c6c207cea1b57542.php(17): Illuminate\\View\\Factory->make('frontend.layout...', Array)
#3 /Applications/MAMP/htdocs/tmracing/vendor/laravel/framework/src/Illuminate/Filesystem/Filesystem.php(123): require('/Applications/M...')
#4 /Applications/MAMP/htdocs/tmracing/vendor/laravel/framework/src/Illuminate/Filesystem/Filesystem.php(124): Illuminate\\Filesystem\\Filesystem::Illuminate\\Filesystem\\{closure}()
#5 /Applications/MAMP/htdocs/tmracing/vendor/laravel/framework/src/Illuminate/View/Engines/PhpEngine.php(58): Illuminate\\Filesystem\\Filesystem->getRequire('/Applications/M...', Array)
#6 /Applications/MAMP/htdocs/tmracing/vendor/laravel/framework/src/Illuminate/View/Engines/CompilerEngine.php(72): Illuminate\\View\\Engines\\PhpEngine->evaluatePath('/Applications/M...', Array)
#7 /Applications/MAMP/htdocs/tmracing/vendor/laravel/framework/src/Illuminate/View/View.php(207): Illuminate\\View\\Engines\\CompilerEngine->get('/Applications/M...', Array)
#8 /Applications/MAMP/htdocs/tmracing/vendor/laravel/framework/src/Illuminate/View/View.php(190): Illuminate\\View\\View->getContents()
#9 /Applications/MAMP/htdocs/tmracing/vendor/laravel/framework/src/Illuminate/View/View.php(159): Illuminate\\View\\View->renderContents()
#10 /Applications/MAMP/htdocs/tmracing/vendor/laravel/framework/src/Illuminate/Http/Response.php(69): Illuminate\\View\\View->render()
#11 /Applications/MAMP/htdocs/tmracing/vendor/laravel/framework/src/Illuminate/Http/Response.php(35): Illuminate\\Http\\Response->setContent(Object(Illuminate\\View\\View))
#12 /Applications/MAMP/htdocs/tmracing/vendor/laravel/framework/src/Illuminate/Routing/ResponseFactory.php(58): Illuminate\\Http\\Response->__construct(Object(Illuminate\\View\\View), 500, Array)
#13 /Applications/MAMP/htdocs/tmracing/vendor/laravel/framework/src/Illuminate/Routing/ResponseFactory.php(88): Illuminate\\Routing\\ResponseFactory->make(Object(Illuminate\\View\\View), 500, Array)
#14 /Applications/MAMP/htdocs/tmracing/vendor/laravel/framework/src/Illuminate/Foundation/Exceptions/Handler.php(723): Illuminate\\Routing\\ResponseFactory->view('errors::500', Array, 500, Array)
#15 /Applications/MAMP/htdocs/tmracing/vendor/laravel/framework/src/Illuminate/Foundation/Exceptions/Handler.php(650): Illuminate\\Foundation\\Exceptions\\Handler->renderHttpException(Object(Symfony\\Component\\HttpKernel\\Exception\\HttpException))
#16 /Applications/MAMP/htdocs/tmracing/vendor/laravel/framework/src/Illuminate/Foundation/Exceptions/Handler.php(556): Illuminate\\Foundation\\Exceptions\\Handler->prepareResponse(Object(Illuminate\\Http\\Request), Object(Symfony\\Component\\HttpKernel\\Exception\\HttpException))
#17 /Applications/MAMP/htdocs/tmracing/vendor/laravel/framework/src/Illuminate/Foundation/Exceptions/Handler.php(473): Illuminate\\Foundation\\Exceptions\\Handler->renderExceptionResponse(Object(Illuminate\\Http\\Request), Object(Symfony\\Component\\Routing\\Exception\\RouteNotFoundException))
#18 /Applications/MAMP/htdocs/tmracing/vendor/laravel/framework/src/Illuminate/Routing/Pipeline.php(51): Illuminate\\Foundation\\Exceptions\\Handler->render(Object(Illuminate\\Http\\Request), Object(Symfony\\Component\\Routing\\Exception\\RouteNotFoundException))
#19 /Applications/MAMP/htdocs/tmracing/vendor/laravel/framework/src/Illuminate/Pipeline/Pipeline.php(188): Illuminate\\Routing\\Pipeline->handleException(Object(Illuminate\\Http\\Request), Object(Symfony\\Component\\Routing\\Exception\\RouteNotFoundException))
#20 /Applications/MAMP/htdocs/tmracing/vendor/laravel/framework/src/Illuminate/Foundation/Http/Middleware/VerifyCsrfToken.php(78): Illuminate\\Pipeline\\Pipeline->Illuminate\\Pipeline\\{closure}(Object(Illuminate\\Http\\Request))
#21 /Applications/MAMP/htdocs/tmracing/vendor/laravel/framework/src/Illuminate/Pipeline/Pipeline.php(183): Illuminate\\Foundation\\Http\\Middleware\\VerifyCsrfToken->handle(Object(Illuminate\\Http\\Request), Object(Closure))
#22 /Applications/MAMP/htdocs/tmracing/vendor/laravel/framework/src/Illuminate/View/Middleware/ShareErrorsFromSession.php(49): Illuminate\\Pipeline\\Pipeline->Illuminate\\Pipeline\\{closure}(Object(Illuminate\\Http\\Request))
#23 /Applications/MAMP/htdocs/tmracing/vendor/laravel/framework/src/Illuminate/Pipeline/Pipeline.php(183): Illuminate\\View\\Middleware\\ShareErrorsFromSession->handle(Object(Illuminate\\Http\\Request), Object(Closure))
#24 /Applications/MAMP/htdocs/tmracing/vendor/laravel/framework/src/Illuminate/Session/Middleware/StartSession.php(121): Illuminate\\Pipeline\\Pipeline->Illuminate\\Pipeline\\{closure}(Object(Illuminate\\Http\\Request))
#25 /Applications/MAMP/htdocs/tmracing/vendor/laravel/framework/src/Illuminate/Session/Middleware/StartSession.php(64): Illuminate\\Session\\Middleware\\StartSession->handleStatefulRequest(Object(Illuminate\\Http\\Request), Object(Illuminate\\Session\\Store), Object(Closure))
#26 /Applications/MAMP/htdocs/tmracing/vendor/laravel/framework/src/Illuminate/Pipeline/Pipeline.php(183): Illuminate\\Session\\Middleware\\StartSession->handle(Object(Illuminate\\Http\\Request), Object(Closure))
#27 /Applications/MAMP/htdocs/tmracing/vendor/laravel/framework/src/Illuminate/Cookie/Middleware/AddQueuedCookiesToResponse.php(37): Illuminate\\Pipeline\\Pipeline->Illuminate\\Pipeline\\{closure}(Object(Illuminate\\Http\\Request))
#28 /Applications/MAMP/htdocs/tmracing/vendor/laravel/framework/src/Illuminate/Pipeline/Pipeline.php(183): Illuminate\\Cookie\\Middleware\\AddQueuedCookiesToResponse->handle(Object(Illuminate\\Http\\Request), Object(Closure))
#29 /Applications/MAMP/htdocs/tmracing/vendor/laravel/framework/src/Illuminate/Pipeline/Pipeline.php(119): Illuminate\\Pipeline\\Pipeline->Illuminate\\Pipeline\\{closure}(Object(Illuminate\\Http\\Request))
#30 /Applications/MAMP/htdocs/tmracing/vendor/laravel/framework/src/Illuminate/Routing/Router.php(805): Illuminate\\Pipeline\\Pipeline->then(Object(Closure))
#31 /Applications/MAMP/htdocs/tmracing/vendor/laravel/framework/src/Illuminate/Routing/Router.php(784): Illuminate\\Routing\\Router->runRouteWithinStack(Object(Illuminate\\Routing\\Route), Object(Illuminate\\Http\\Request))
#32 /Applications/MAMP/htdocs/tmracing/vendor/laravel/framework/src/Illuminate/Routing/Router.php(748): Illuminate\\Routing\\Router->runRoute(Object(Illuminate\\Http\\Request), Object(Illuminate\\Routing\\Route))
#33 /Applications/MAMP/htdocs/tmracing/vendor/laravel/framework/src/Illuminate/Routing/Router.php(737): Illuminate\\Routing\\Router->dispatchToRoute(Object(Illuminate\\Http\\Request))
#34 /Applications/MAMP/htdocs/tmracing/vendor/laravel/framework/src/Illuminate/Foundation/Http/Kernel.php(200): Illuminate\\Routing\\Router->dispatch(Object(Illuminate\\Http\\Request))
#35 /Applications/MAMP/htdocs/tmracing/vendor/laravel/framework/src/Illuminate/Pipeline/Pipeline.php(144): Illuminate\\Foundation\\Http\\Kernel->Illuminate\\Foundation\\Http\\{closure}(Object(Illuminate\\Http\\Request))
#36 /Applications/MAMP/htdocs/tmracing/vendor/barryvdh/laravel-debugbar/src/Middleware/InjectDebugbar.php(59): Illuminate\\Pipeline\\Pipeline->Illuminate\\Pipeline\\{closure}(Object(Illuminate\\Http\\Request))
#37 /Applications/MAMP/htdocs/tmracing/vendor/laravel/framework/src/Illuminate/Pipeline/Pipeline.php(183): Barryvdh\\Debugbar\\Middleware\\InjectDebugbar->handle(Object(Illuminate\\Http\\Request), Object(Closure))
#38 /Applications/MAMP/htdocs/tmracing/vendor/laravel/framework/src/Illuminate/Http/Middleware/TrustProxies.php(39): Illuminate\\Pipeline\\Pipeline->Illuminate\\Pipeline\\{closure}(Object(Illuminate\\Http\\Request))
#39 /Applications/MAMP/htdocs/tmracing/vendor/laravel/framework/src/Illuminate/Pipeline/Pipeline.php(183): Illuminate\\Http\\Middleware\\TrustProxies->handle(Object(Illuminate\\Http\\Request), Object(Closure))
#40 /Applications/MAMP/htdocs/tmracing/vendor/laravel/framework/src/Illuminate/Foundation/Http/Middleware/TransformsRequest.php(21): Illuminate\\Pipeline\\Pipeline->Illuminate\\Pipeline\\{closure}(Object(Illuminate\\Http\\Request))
#41 /Applications/MAMP/htdocs/tmracing/vendor/laravel/framework/src/Illuminate/Foundation/Http/Middleware/ConvertEmptyStringsToNull.php(31): Illuminate\\Foundation\\Http\\Middleware\\TransformsRequest->handle(Object(Illuminate\\Http\\Request), Object(Closure))
#42 /Applications/MAMP/htdocs/tmracing/vendor/laravel/framework/src/Illuminate/Pipeline/Pipeline.php(183): Illuminate\\Foundation\\Http\\Middleware\\ConvertEmptyStringsToNull->handle(Object(Illuminate\\Http\\Request), Object(Closure))
#43 /Applications/MAMP/htdocs/tmracing/vendor/laravel/framework/src/Illuminate/Foundation/Http/Middleware/TransformsRequest.php(21): Illuminate\\Pipeline\\Pipeline->Illuminate\\Pipeline\\{closure}(Object(Illuminate\\Http\\Request))
#44 /Applications/MAMP/htdocs/tmracing/vendor/laravel/framework/src/Illuminate/Foundation/Http/Middleware/TrimStrings.php(40): Illuminate\\Foundation\\Http\\Middleware\\TransformsRequest->handle(Object(Illuminate\\Http\\Request), Object(Closure))
#45 /Applications/MAMP/htdocs/tmracing/vendor/laravel/framework/src/Illuminate/Pipeline/Pipeline.php(183): Illuminate\\Foundation\\Http\\Middleware\\TrimStrings->handle(Object(Illuminate\\Http\\Request), Object(Closure))
#46 /Applications/MAMP/htdocs/tmracing/vendor/laravel/framework/src/Illuminate/Foundation/Http/Middleware/ValidatePostSize.php(27): Illuminate\\Pipeline\\Pipeline->Illuminate\\Pipeline\\{closure}(Object(Illuminate\\Http\\Request))
#47 /Applications/MAMP/htdocs/tmracing/vendor/laravel/framework/src/Illuminate/Pipeline/Pipeline.php(183): Illuminate\\Foundation\\Http\\Middleware\\ValidatePostSize->handle(Object(Illuminate\\Http\\Request), Object(Closure))
#48 /Applications/MAMP/htdocs/tmracing/vendor/laravel/framework/src/Illuminate/Pipeline/Pipeline.php(119): Illuminate\\Pipeline\\Pipeline->Illuminate\\Pipeline\\{closure}(Object(Illuminate\\Http\\Request))
#49 /Applications/MAMP/htdocs/tmracing/vendor/laravel/framework/src/Illuminate/Foundation/Http/Kernel.php(175): Illuminate\\Pipeline\\Pipeline->then(Object(Closure))
#50 /Applications/MAMP/htdocs/tmracing/vendor/laravel/framework/src/Illuminate/Foundation/Http/Kernel.php(144): Illuminate\\Foundation\\Http\\Kernel->sendRequestThroughRouter(Object(Illuminate\\Http\\Request))
#51 /Applications/MAMP/htdocs/tmracing/index.php(56): Illuminate\\Foundation\\Http\\Kernel->handle(Object(Illuminate\\Http\\Request))
#52 {main}
"} 
[2024-12-01 01:59:06] local.ERROR: Route [login] not defined. {"exception":"[object] (Symfony\\Component\\Routing\\Exception\\RouteNotFoundException(code: 0): Route [login] not defined. at /Applications/MAMP/htdocs/tmracing/vendor/laravel/framework/src/Illuminate/Routing/UrlGenerator.php:477)
[stacktrace]
#0 /Applications/MAMP/htdocs/tmracing/vendor/laravel/framework/src/Illuminate/Foundation/helpers.php(811): Illuminate\\Routing\\UrlGenerator->route('login', Array, true)
#1 /Applications/MAMP/htdocs/tmracing/app/Http/Middleware/Authenticate.php(17): route('login')
#2 /Applications/MAMP/htdocs/tmracing/vendor/laravel/framework/src/Illuminate/Auth/Middleware/Authenticate.php(96): App\\Http\\Middleware\\Authenticate->redirectTo(Object(Illuminate\\Http\\Request))
#3 /Applications/MAMP/htdocs/tmracing/vendor/laravel/framework/src/Illuminate/Auth/Middleware/Authenticate.php(81): Illuminate\\Auth\\Middleware\\Authenticate->unauthenticated(Object(Illuminate\\Http\\Request), Array)
#4 /Applications/MAMP/htdocs/tmracing/vendor/laravel/framework/src/Illuminate/Auth/Middleware/Authenticate.php(55): Illuminate\\Auth\\Middleware\\Authenticate->authenticate(Object(Illuminate\\Http\\Request), Array)
#5 /Applications/MAMP/htdocs/tmracing/vendor/laravel/framework/src/Illuminate/Pipeline/Pipeline.php(183): Illuminate\\Auth\\Middleware\\Authenticate->handle(Object(Illuminate\\Http\\Request), Object(Closure))
#6 /Applications/MAMP/htdocs/tmracing/vendor/laravel/framework/src/Illuminate/Foundation/Http/Middleware/VerifyCsrfToken.php(78): Illuminate\\Pipeline\\Pipeline->Illuminate\\Pipeline\\{closure}(Object(Illuminate\\Http\\Request))
#7 /Applications/MAMP/htdocs/tmracing/vendor/laravel/framework/src/Illuminate/Pipeline/Pipeline.php(183): Illuminate\\Foundation\\Http\\Middleware\\VerifyCsrfToken->handle(Object(Illuminate\\Http\\Request), Object(Closure))
#8 /Applications/MAMP/htdocs/tmracing/vendor/laravel/framework/src/Illuminate/View/Middleware/ShareErrorsFromSession.php(49): Illuminate\\Pipeline\\Pipeline->Illuminate\\Pipeline\\{closure}(Object(Illuminate\\Http\\Request))
#9 /Applications/MAMP/htdocs/tmracing/vendor/laravel/framework/src/Illuminate/Pipeline/Pipeline.php(183): Illuminate\\View\\Middleware\\ShareErrorsFromSession->handle(Object(Illuminate\\Http\\Request), Object(Closure))
#10 /Applications/MAMP/htdocs/tmracing/vendor/laravel/framework/src/Illuminate/Session/Middleware/StartSession.php(121): Illuminate\\Pipeline\\Pipeline->Illuminate\\Pipeline\\{closure}(Object(Illuminate\\Http\\Request))
#11 /Applications/MAMP/htdocs/tmracing/vendor/laravel/framework/src/Illuminate/Session/Middleware/StartSession.php(64): Illuminate\\Session\\Middleware\\StartSession->handleStatefulRequest(Object(Illuminate\\Http\\Request), Object(Illuminate\\Session\\Store), Object(Closure))
#12 /Applications/MAMP/htdocs/tmracing/vendor/laravel/framework/src/Illuminate/Pipeline/Pipeline.php(183): Illuminate\\Session\\Middleware\\StartSession->handle(Object(Illuminate\\Http\\Request), Object(Closure))
#13 /Applications/MAMP/htdocs/tmracing/vendor/laravel/framework/src/Illuminate/Cookie/Middleware/AddQueuedCookiesToResponse.php(37): Illuminate\\Pipeline\\Pipeline->Illuminate\\Pipeline\\{closure}(Object(Illuminate\\Http\\Request))
#14 /Applications/MAMP/htdocs/tmracing/vendor/laravel/framework/src/Illuminate/Pipeline/Pipeline.php(183): Illuminate\\Cookie\\Middleware\\AddQueuedCookiesToResponse->handle(Object(Illuminate\\Http\\Request), Object(Closure))
#15 /Applications/MAMP/htdocs/tmracing/vendor/laravel/framework/src/Illuminate/Pipeline/Pipeline.php(119): Illuminate\\Pipeline\\Pipeline->Illuminate\\Pipeline\\{closure}(Object(Illuminate\\Http\\Request))
#16 /Applications/MAMP/htdocs/tmracing/vendor/laravel/framework/src/Illuminate/Routing/Router.php(805): Illuminate\\Pipeline\\Pipeline->then(Object(Closure))
#17 /Applications/MAMP/htdocs/tmracing/vendor/laravel/framework/src/Illuminate/Routing/Router.php(784): Illuminate\\Routing\\Router->runRouteWithinStack(Object(Illuminate\\Routing\\Route), Object(Illuminate\\Http\\Request))
#18 /Applications/MAMP/htdocs/tmracing/vendor/laravel/framework/src/Illuminate/Routing/Router.php(748): Illuminate\\Routing\\Router->runRoute(Object(Illuminate\\Http\\Request), Object(Illuminate\\Routing\\Route))
#19 /Applications/MAMP/htdocs/tmracing/vendor/laravel/framework/src/Illuminate/Routing/Router.php(737): Illuminate\\Routing\\Router->dispatchToRoute(Object(Illuminate\\Http\\Request))
#20 /Applications/MAMP/htdocs/tmracing/vendor/laravel/framework/src/Illuminate/Foundation/Http/Kernel.php(200): Illuminate\\Routing\\Router->dispatch(Object(Illuminate\\Http\\Request))
#21 /Applications/MAMP/htdocs/tmracing/vendor/laravel/framework/src/Illuminate/Pipeline/Pipeline.php(144): Illuminate\\Foundation\\Http\\Kernel->Illuminate\\Foundation\\Http\\{closure}(Object(Illuminate\\Http\\Request))
#22 /Applications/MAMP/htdocs/tmracing/vendor/barryvdh/laravel-debugbar/src/Middleware/InjectDebugbar.php(66): Illuminate\\Pipeline\\Pipeline->Illuminate\\Pipeline\\{closure}(Object(Illuminate\\Http\\Request))
#23 /Applications/MAMP/htdocs/tmracing/vendor/laravel/framework/src/Illuminate/Pipeline/Pipeline.php(183): Barryvdh\\Debugbar\\Middleware\\InjectDebugbar->handle(Object(Illuminate\\Http\\Request), Object(Closure))
#24 /Applications/MAMP/htdocs/tmracing/vendor/laravel/framework/src/Illuminate/Http/Middleware/TrustProxies.php(39): Illuminate\\Pipeline\\Pipeline->Illuminate\\Pipeline\\{closure}(Object(Illuminate\\Http\\Request))
#25 /Applications/MAMP/htdocs/tmracing/vendor/laravel/framework/src/Illuminate/Pipeline/Pipeline.php(183): Illuminate\\Http\\Middleware\\TrustProxies->handle(Object(Illuminate\\Http\\Request), Object(Closure))
#26 /Applications/MAMP/htdocs/tmracing/vendor/laravel/framework/src/Illuminate/Foundation/Http/Middleware/TransformsRequest.php(21): Illuminate\\Pipeline\\Pipeline->Illuminate\\Pipeline\\{closure}(Object(Illuminate\\Http\\Request))
#27 /Applications/MAMP/htdocs/tmracing/vendor/laravel/framework/src/Illuminate/Foundation/Http/Middleware/ConvertEmptyStringsToNull.php(31): Illuminate\\Foundation\\Http\\Middleware\\TransformsRequest->handle(Object(Illuminate\\Http\\Request), Object(Closure))
#28 /Applications/MAMP/htdocs/tmracing/vendor/laravel/framework/src/Illuminate/Pipeline/Pipeline.php(183): Illuminate\\Foundation\\Http\\Middleware\\ConvertEmptyStringsToNull->handle(Object(Illuminate\\Http\\Request), Object(Closure))
#29 /Applications/MAMP/htdocs/tmracing/vendor/laravel/framework/src/Illuminate/Foundation/Http/Middleware/TransformsRequest.php(21): Illuminate\\Pipeline\\Pipeline->Illuminate\\Pipeline\\{closure}(Object(Illuminate\\Http\\Request))
#30 /Applications/MAMP/htdocs/tmracing/vendor/laravel/framework/src/Illuminate/Foundation/Http/Middleware/TrimStrings.php(40): Illuminate\\Foundation\\Http\\Middleware\\TransformsRequest->handle(Object(Illuminate\\Http\\Request), Object(Closure))
#31 /Applications/MAMP/htdocs/tmracing/vendor/laravel/framework/src/Illuminate/Pipeline/Pipeline.php(183): Illuminate\\Foundation\\Http\\Middleware\\TrimStrings->handle(Object(Illuminate\\Http\\Request), Object(Closure))
#32 /Applications/MAMP/htdocs/tmracing/vendor/laravel/framework/src/Illuminate/Foundation/Http/Middleware/ValidatePostSize.php(27): Illuminate\\Pipeline\\Pipeline->Illuminate\\Pipeline\\{closure}(Object(Illuminate\\Http\\Request))
#33 /Applications/MAMP/htdocs/tmracing/vendor/laravel/framework/src/Illuminate/Pipeline/Pipeline.php(183): Illuminate\\Foundation\\Http\\Middleware\\ValidatePostSize->handle(Object(Illuminate\\Http\\Request), Object(Closure))
#34 /Applications/MAMP/htdocs/tmracing/vendor/laravel/framework/src/Illuminate/Pipeline/Pipeline.php(119): Illuminate\\Pipeline\\Pipeline->Illuminate\\Pipeline\\{closure}(Object(Illuminate\\Http\\Request))
#35 /Applications/MAMP/htdocs/tmracing/vendor/laravel/framework/src/Illuminate/Foundation/Http/Kernel.php(175): Illuminate\\Pipeline\\Pipeline->then(Object(Closure))
#36 /Applications/MAMP/htdocs/tmracing/vendor/laravel/framework/src/Illuminate/Foundation/Http/Kernel.php(144): Illuminate\\Foundation\\Http\\Kernel->sendRequestThroughRouter(Object(Illuminate\\Http\\Request))
#37 /Applications/MAMP/htdocs/tmracing/index.php(56): Illuminate\\Foundation\\Http\\Kernel->handle(Object(Illuminate\\Http\\Request))
#38 {main}
"} 
[2024-12-01 02:11:31] local.ERROR: include(/Applications/MAMP/htdocs/tmracing/vendor/composer/../../app/Http/Controllers/CommissionController.php): Failed to open stream: No such file or directory {"exception":"[object] (ErrorException(code: 0): include(/Applications/MAMP/htdocs/tmracing/vendor/composer/../../app/Http/Controllers/CommissionController.php): Failed to open stream: No such file or directory at /Applications/MAMP/htdocs/tmracing/vendor/composer/ClassLoader.php:576)
[stacktrace]
#0 /Applications/MAMP/htdocs/tmracing/vendor/laravel/framework/src/Illuminate/Foundation/Bootstrap/HandleExceptions.php(255): Illuminate\\Foundation\\Bootstrap\\HandleExceptions->handleError(2, 'include(/Applic...', '/Applications/M...', 576)
#1 /Applications/MAMP/htdocs/tmracing/vendor/composer/ClassLoader.php(576): Illuminate\\Foundation\\Bootstrap\\HandleExceptions->Illuminate\\Foundation\\Bootstrap\\{closure}(2, 'include(/Applic...', '/Applications/M...', 576)
#2 /Applications/MAMP/htdocs/tmracing/vendor/composer/ClassLoader.php(576): include('/Applications/M...')
#3 /Applications/MAMP/htdocs/tmracing/vendor/composer/ClassLoader.php(427): Composer\\Autoload\\{closure}('/Applications/M...')
#4 [internal function]: Composer\\Autoload\\ClassLoader->loadClass('App\\\\Http\\\\Contro...')
#5 /Applications/MAMP/htdocs/tmracing/vendor/laravel/framework/src/Illuminate/Routing/Route.php(1096): is_a('App\\\\Http\\\\Contro...', 'Illuminate\\\\Rout...', true)
#6 /Applications/MAMP/htdocs/tmracing/vendor/laravel/framework/src/Illuminate/Routing/Route.php(1035): Illuminate\\Routing\\Route->controllerMiddleware()
#7 /Applications/MAMP/htdocs/tmracing/vendor/laravel/framework/src/Illuminate/Routing/Router.php(818): Illuminate\\Routing\\Route->gatherMiddleware()
#8 /Applications/MAMP/htdocs/tmracing/vendor/laravel/framework/src/Illuminate/Foundation/Console/RouteListCommand.php(201): Illuminate\\Routing\\Router->gatherRouteMiddleware(Object(Illuminate\\Routing\\Route))
#9 /Applications/MAMP/htdocs/tmracing/vendor/laravel/framework/src/Illuminate/Foundation/Console/RouteListCommand.php(146): Illuminate\\Foundation\\Console\\RouteListCommand->getMiddleware(Object(Illuminate\\Routing\\Route))
#10 /Applications/MAMP/htdocs/tmracing/vendor/laravel/framework/src/Illuminate/Foundation/Console/RouteListCommand.php(116): Illuminate\\Foundation\\Console\\RouteListCommand->getRouteInformation(Object(Illuminate\\Routing\\Route))
#11 [internal function]: Illuminate\\Foundation\\Console\\RouteListCommand->Illuminate\\Foundation\\Console\\{closure}(Object(Illuminate\\Routing\\Route), 183)
#12 /Applications/MAMP/htdocs/tmracing/vendor/laravel/framework/src/Illuminate/Collections/Arr.php(600): array_map(Object(Closure), Array, Array)
#13 /Applications/MAMP/htdocs/tmracing/vendor/laravel/framework/src/Illuminate/Collections/Collection.php(777): Illuminate\\Support\\Arr::map(Array, Object(Closure))
#14 /Applications/MAMP/htdocs/tmracing/vendor/laravel/framework/src/Illuminate/Foundation/Console/RouteListCommand.php(115): Illuminate\\Support\\Collection->map(Object(Closure))
#15 /Applications/MAMP/htdocs/tmracing/vendor/laravel/framework/src/Illuminate/Foundation/Console/RouteListCommand.php(101): Illuminate\\Foundation\\Console\\RouteListCommand->getRoutes()
#16 /Applications/MAMP/htdocs/tmracing/vendor/laravel/framework/src/Illuminate/Container/BoundMethod.php(36): Illuminate\\Foundation\\Console\\RouteListCommand->handle()
#17 /Applications/MAMP/htdocs/tmracing/vendor/laravel/framework/src/Illuminate/Container/Util.php(41): Illuminate\\Container\\BoundMethod::Illuminate\\Container\\{closure}()
#18 /Applications/MAMP/htdocs/tmracing/vendor/laravel/framework/src/Illuminate/Container/BoundMethod.php(93): Illuminate\\Container\\Util::unwrapIfClosure(Object(Closure))
#19 /Applications/MAMP/htdocs/tmracing/vendor/laravel/framework/src/Illuminate/Container/BoundMethod.php(35): Illuminate\\Container\\BoundMethod::callBoundMethod(Object(Illuminate\\Foundation\\Application), Array, Object(Closure))
#20 /Applications/MAMP/htdocs/tmracing/vendor/laravel/framework/src/Illuminate/Container/Container.php(662): Illuminate\\Container\\BoundMethod::call(Object(Illuminate\\Foundation\\Application), Array, Array, NULL)
#21 /Applications/MAMP/htdocs/tmracing/vendor/laravel/framework/src/Illuminate/Console/Command.php(211): Illuminate\\Container\\Container->call(Array)
#22 /Applications/MAMP/htdocs/tmracing/vendor/symfony/console/Command/Command.php(326): Illuminate\\Console\\Command->execute(Object(Symfony\\Component\\Console\\Input\\ArgvInput), Object(Illuminate\\Console\\OutputStyle))
#23 /Applications/MAMP/htdocs/tmracing/vendor/laravel/framework/src/Illuminate/Console/Command.php(180): Symfony\\Component\\Console\\Command\\Command->run(Object(Symfony\\Component\\Console\\Input\\ArgvInput), Object(Illuminate\\Console\\OutputStyle))
#24 /Applications/MAMP/htdocs/tmracing/vendor/symfony/console/Application.php(1096): Illuminate\\Console\\Command->run(Object(Symfony\\Component\\Console\\Input\\ArgvInput), Object(Symfony\\Component\\Console\\Output\\ConsoleOutput))
#25 /Applications/MAMP/htdocs/tmracing/vendor/symfony/console/Application.php(324): Symfony\\Component\\Console\\Application->doRunCommand(Object(Illuminate\\Foundation\\Console\\RouteListCommand), Object(Symfony\\Component\\Console\\Input\\ArgvInput), Object(Symfony\\Component\\Console\\Output\\ConsoleOutput))
#26 /Applications/MAMP/htdocs/tmracing/vendor/symfony/console/Application.php(175): Symfony\\Component\\Console\\Application->doRun(Object(Symfony\\Component\\Console\\Input\\ArgvInput), Object(Symfony\\Component\\Console\\Output\\ConsoleOutput))
#27 /Applications/MAMP/htdocs/tmracing/vendor/laravel/framework/src/Illuminate/Foundation/Console/Kernel.php(201): Symfony\\Component\\Console\\Application->run(Object(Symfony\\Component\\Console\\Input\\ArgvInput), Object(Symfony\\Component\\Console\\Output\\ConsoleOutput))
#28 /Applications/MAMP/htdocs/tmracing/artisan(35): Illuminate\\Foundation\\Console\\Kernel->handle(Object(Symfony\\Component\\Console\\Input\\ArgvInput), Object(Symfony\\Component\\Console\\Output\\ConsoleOutput))
#29 {main}
"} 
[2024-12-01 02:13:22] local.ERROR: Route [product] not defined. (View: /Applications/MAMP/htdocs/tmracing/resources/views/backend/dashboard.blade.php) {"userId":9,"exception":"[object] (Illuminate\\View\\ViewException(code: 0): Route [product] not defined. (View: /Applications/MAMP/htdocs/tmracing/resources/views/backend/dashboard.blade.php) at /Applications/MAMP/htdocs/tmracing/vendor/laravel/framework/src/Illuminate/Routing/UrlGenerator.php:477)
[stacktrace]
#0 /Applications/MAMP/htdocs/tmracing/vendor/laravel/framework/src/Illuminate/View/Engines/PhpEngine.php(60): Illuminate\\View\\Engines\\CompilerEngine->handleViewException(Object(Symfony\\Component\\Routing\\Exception\\RouteNotFoundException), 1)
#1 /Applications/MAMP/htdocs/tmracing/vendor/laravel/framework/src/Illuminate/View/Engines/CompilerEngine.php(72): Illuminate\\View\\Engines\\PhpEngine->evaluatePath('/Applications/M...', Array)
#2 /Applications/MAMP/htdocs/tmracing/vendor/laravel/framework/src/Illuminate/View/View.php(207): Illuminate\\View\\Engines\\CompilerEngine->get('/Applications/M...', Array)
#3 /Applications/MAMP/htdocs/tmracing/vendor/laravel/framework/src/Illuminate/View/View.php(190): Illuminate\\View\\View->getContents()
#4 /Applications/MAMP/htdocs/tmracing/vendor/laravel/framework/src/Illuminate/View/View.php(159): Illuminate\\View\\View->renderContents()
#5 /Applications/MAMP/htdocs/tmracing/vendor/laravel/framework/src/Illuminate/Http/Response.php(69): Illuminate\\View\\View->render()
#6 /Applications/MAMP/htdocs/tmracing/vendor/laravel/framework/src/Illuminate/Http/Response.php(35): Illuminate\\Http\\Response->setContent(Object(Illuminate\\View\\View))
#7 /Applications/MAMP/htdocs/tmracing/vendor/laravel/framework/src/Illuminate/Routing/Router.php(918): Illuminate\\Http\\Response->__construct(Object(Illuminate\\View\\View), 200, Array)
#8 /Applications/MAMP/htdocs/tmracing/vendor/laravel/framework/src/Illuminate/Routing/Router.php(885): Illuminate\\Routing\\Router::toResponse(Object(Illuminate\\Http\\Request), Object(Illuminate\\View\\View))
#9 /Applications/MAMP/htdocs/tmracing/vendor/laravel/framework/src/Illuminate/Routing/Router.php(805): Illuminate\\Routing\\Router->prepareResponse(Object(Illuminate\\Http\\Request), Object(Illuminate\\View\\View))
#10 /Applications/MAMP/htdocs/tmracing/vendor/laravel/framework/src/Illuminate/Pipeline/Pipeline.php(144): Illuminate\\Routing\\Router->Illuminate\\Routing\\{closure}(Object(Illuminate\\Http\\Request))
#11 /Applications/MAMP/htdocs/tmracing/app/Http/Middleware/IsAdmin.php(20): Illuminate\\Pipeline\\Pipeline->Illuminate\\Pipeline\\{closure}(Object(Illuminate\\Http\\Request))
#12 /Applications/MAMP/htdocs/tmracing/vendor/laravel/framework/src/Illuminate/Pipeline/Pipeline.php(183): App\\Http\\Middleware\\IsAdmin->handle(Object(Illuminate\\Http\\Request), Object(Closure))
#13 /Applications/MAMP/htdocs/tmracing/app/Http/Middleware/CheckForMaintenanceMode.php(58): Illuminate\\Pipeline\\Pipeline->Illuminate\\Pipeline\\{closure}(Object(Illuminate\\Http\\Request))
#14 /Applications/MAMP/htdocs/tmracing/vendor/laravel/framework/src/Illuminate/Pipeline/Pipeline.php(183): App\\Http\\Middleware\\CheckForMaintenanceMode->handle(Object(Illuminate\\Http\\Request), Object(Closure))
#15 /Applications/MAMP/htdocs/tmracing/app/Http/Middleware/HttpsProtocol.php(20): Illuminate\\Pipeline\\Pipeline->Illuminate\\Pipeline\\{closure}(Object(Illuminate\\Http\\Request))
#16 /Applications/MAMP/htdocs/tmracing/vendor/laravel/framework/src/Illuminate/Pipeline/Pipeline.php(183): App\\Http\\Middleware\\HttpsProtocol->handle(Object(Illuminate\\Http\\Request), Object(Closure))
#17 /Applications/MAMP/htdocs/tmracing/app/Http/Middleware/Language.php(31): Illuminate\\Pipeline\\Pipeline->Illuminate\\Pipeline\\{closure}(Object(Illuminate\\Http\\Request))
#18 /Applications/MAMP/htdocs/tmracing/vendor/laravel/framework/src/Illuminate/Pipeline/Pipeline.php(183): App\\Http\\Middleware\\Language->handle(Object(Illuminate\\Http\\Request), Object(Closure))
#19 /Applications/MAMP/htdocs/tmracing/vendor/laravel/framework/src/Illuminate/Routing/Middleware/SubstituteBindings.php(50): Illuminate\\Pipeline\\Pipeline->Illuminate\\Pipeline\\{closure}(Object(Illuminate\\Http\\Request))
#20 /Applications/MAMP/htdocs/tmracing/vendor/laravel/framework/src/Illuminate/Pipeline/Pipeline.php(183): Illuminate\\Routing\\Middleware\\SubstituteBindings->handle(Object(Illuminate\\Http\\Request), Object(Closure))
#21 /Applications/MAMP/htdocs/tmracing/vendor/laravel/framework/src/Illuminate/Auth/Middleware/Authenticate.php(57): Illuminate\\Pipeline\\Pipeline->Illuminate\\Pipeline\\{closure}(Object(Illuminate\\Http\\Request))
#22 /Applications/MAMP/htdocs/tmracing/vendor/laravel/framework/src/Illuminate/Pipeline/Pipeline.php(183): Illuminate\\Auth\\Middleware\\Authenticate->handle(Object(Illuminate\\Http\\Request), Object(Closure))
#23 /Applications/MAMP/htdocs/tmracing/vendor/laravel/framework/src/Illuminate/Foundation/Http/Middleware/VerifyCsrfToken.php(78): Illuminate\\Pipeline\\Pipeline->Illuminate\\Pipeline\\{closure}(Object(Illuminate\\Http\\Request))
#24 /Applications/MAMP/htdocs/tmracing/vendor/laravel/framework/src/Illuminate/Pipeline/Pipeline.php(183): Illuminate\\Foundation\\Http\\Middleware\\VerifyCsrfToken->handle(Object(Illuminate\\Http\\Request), Object(Closure))
#25 /Applications/MAMP/htdocs/tmracing/vendor/laravel/framework/src/Illuminate/View/Middleware/ShareErrorsFromSession.php(49): Illuminate\\Pipeline\\Pipeline->Illuminate\\Pipeline\\{closure}(Object(Illuminate\\Http\\Request))
#26 /Applications/MAMP/htdocs/tmracing/vendor/laravel/framework/src/Illuminate/Pipeline/Pipeline.php(183): Illuminate\\View\\Middleware\\ShareErrorsFromSession->handle(Object(Illuminate\\Http\\Request), Object(Closure))
#27 /Applications/MAMP/htdocs/tmracing/vendor/laravel/framework/src/Illuminate/Session/Middleware/StartSession.php(121): Illuminate\\Pipeline\\Pipeline->Illuminate\\Pipeline\\{closure}(Object(Illuminate\\Http\\Request))
#28 /Applications/MAMP/htdocs/tmracing/vendor/laravel/framework/src/Illuminate/Session/Middleware/StartSession.php(64): Illuminate\\Session\\Middleware\\StartSession->handleStatefulRequest(Object(Illuminate\\Http\\Request), Object(Illuminate\\Session\\Store), Object(Closure))
#29 /Applications/MAMP/htdocs/tmracing/vendor/laravel/framework/src/Illuminate/Pipeline/Pipeline.php(183): Illuminate\\Session\\Middleware\\StartSession->handle(Object(Illuminate\\Http\\Request), Object(Closure))
#30 /Applications/MAMP/htdocs/tmracing/vendor/laravel/framework/src/Illuminate/Cookie/Middleware/AddQueuedCookiesToResponse.php(37): Illuminate\\Pipeline\\Pipeline->Illuminate\\Pipeline\\{closure}(Object(Illuminate\\Http\\Request))
#31 /Applications/MAMP/htdocs/tmracing/vendor/laravel/framework/src/Illuminate/Pipeline/Pipeline.php(183): Illuminate\\Cookie\\Middleware\\AddQueuedCookiesToResponse->handle(Object(Illuminate\\Http\\Request), Object(Closure))
#32 /Applications/MAMP/htdocs/tmracing/vendor/laravel/framework/src/Illuminate/Pipeline/Pipeline.php(119): Illuminate\\Pipeline\\Pipeline->Illuminate\\Pipeline\\{closure}(Object(Illuminate\\Http\\Request))
#33 /Applications/MAMP/htdocs/tmracing/vendor/laravel/framework/src/Illuminate/Routing/Router.php(805): Illuminate\\Pipeline\\Pipeline->then(Object(Closure))
#34 /Applications/MAMP/htdocs/tmracing/vendor/laravel/framework/src/Illuminate/Routing/Router.php(784): Illuminate\\Routing\\Router->runRouteWithinStack(Object(Illuminate\\Routing\\Route), Object(Illuminate\\Http\\Request))
#35 /Applications/MAMP/htdocs/tmracing/vendor/laravel/framework/src/Illuminate/Routing/Router.php(748): Illuminate\\Routing\\Router->runRoute(Object(Illuminate\\Http\\Request), Object(Illuminate\\Routing\\Route))
#36 /Applications/MAMP/htdocs/tmracing/vendor/laravel/framework/src/Illuminate/Routing/Router.php(737): Illuminate\\Routing\\Router->dispatchToRoute(Object(Illuminate\\Http\\Request))
#37 /Applications/MAMP/htdocs/tmracing/vendor/laravel/framework/src/Illuminate/Foundation/Http/Kernel.php(200): Illuminate\\Routing\\Router->dispatch(Object(Illuminate\\Http\\Request))
#38 /Applications/MAMP/htdocs/tmracing/vendor/laravel/framework/src/Illuminate/Pipeline/Pipeline.php(144): Illuminate\\Foundation\\Http\\Kernel->Illuminate\\Foundation\\Http\\{closure}(Object(Illuminate\\Http\\Request))
#39 /Applications/MAMP/htdocs/tmracing/vendor/barryvdh/laravel-debugbar/src/Middleware/InjectDebugbar.php(66): Illuminate\\Pipeline\\Pipeline->Illuminate\\Pipeline\\{closure}(Object(Illuminate\\Http\\Request))
#40 /Applications/MAMP/htdocs/tmracing/vendor/laravel/framework/src/Illuminate/Pipeline/Pipeline.php(183): Barryvdh\\Debugbar\\Middleware\\InjectDebugbar->handle(Object(Illuminate\\Http\\Request), Object(Closure))
#41 /Applications/MAMP/htdocs/tmracing/vendor/laravel/framework/src/Illuminate/Http/Middleware/TrustProxies.php(39): Illuminate\\Pipeline\\Pipeline->Illuminate\\Pipeline\\{closure}(Object(Illuminate\\Http\\Request))
#42 /Applications/MAMP/htdocs/tmracing/vendor/laravel/framework/src/Illuminate/Pipeline/Pipeline.php(183): Illuminate\\Http\\Middleware\\TrustProxies->handle(Object(Illuminate\\Http\\Request), Object(Closure))
#43 /Applications/MAMP/htdocs/tmracing/vendor/laravel/framework/src/Illuminate/Foundation/Http/Middleware/TransformsRequest.php(21): Illuminate\\Pipeline\\Pipeline->Illuminate\\Pipeline\\{closure}(Object(Illuminate\\Http\\Request))
#44 /Applications/MAMP/htdocs/tmracing/vendor/laravel/framework/src/Illuminate/Foundation/Http/Middleware/ConvertEmptyStringsToNull.php(31): Illuminate\\Foundation\\Http\\Middleware\\TransformsRequest->handle(Object(Illuminate\\Http\\Request), Object(Closure))
#45 /Applications/MAMP/htdocs/tmracing/vendor/laravel/framework/src/Illuminate/Pipeline/Pipeline.php(183): Illuminate\\Foundation\\Http\\Middleware\\ConvertEmptyStringsToNull->handle(Object(Illuminate\\Http\\Request), Object(Closure))
#46 /Applications/MAMP/htdocs/tmracing/vendor/laravel/framework/src/Illuminate/Foundation/Http/Middleware/TransformsRequest.php(21): Illuminate\\Pipeline\\Pipeline->Illuminate\\Pipeline\\{closure}(Object(Illuminate\\Http\\Request))
#47 /Applications/MAMP/htdocs/tmracing/vendor/laravel/framework/src/Illuminate/Foundation/Http/Middleware/TrimStrings.php(40): Illuminate\\Foundation\\Http\\Middleware\\TransformsRequest->handle(Object(Illuminate\\Http\\Request), Object(Closure))
#48 /Applications/MAMP/htdocs/tmracing/vendor/laravel/framework/src/Illuminate/Pipeline/Pipeline.php(183): Illuminate\\Foundation\\Http\\Middleware\\TrimStrings->handle(Object(Illuminate\\Http\\Request), Object(Closure))
#49 /Applications/MAMP/htdocs/tmracing/vendor/laravel/framework/src/Illuminate/Foundation/Http/Middleware/ValidatePostSize.php(27): Illuminate\\Pipeline\\Pipeline->Illuminate\\Pipeline\\{closure}(Object(Illuminate\\Http\\Request))
#50 /Applications/MAMP/htdocs/tmracing/vendor/laravel/framework/src/Illuminate/Pipeline/Pipeline.php(183): Illuminate\\Foundation\\Http\\Middleware\\ValidatePostSize->handle(Object(Illuminate\\Http\\Request), Object(Closure))
#51 /Applications/MAMP/htdocs/tmracing/vendor/laravel/framework/src/Illuminate/Pipeline/Pipeline.php(119): Illuminate\\Pipeline\\Pipeline->Illuminate\\Pipeline\\{closure}(Object(Illuminate\\Http\\Request))
#52 /Applications/MAMP/htdocs/tmracing/vendor/laravel/framework/src/Illuminate/Foundation/Http/Kernel.php(175): Illuminate\\Pipeline\\Pipeline->then(Object(Closure))
#53 /Applications/MAMP/htdocs/tmracing/vendor/laravel/framework/src/Illuminate/Foundation/Http/Kernel.php(144): Illuminate\\Foundation\\Http\\Kernel->sendRequestThroughRouter(Object(Illuminate\\Http\\Request))
#54 /Applications/MAMP/htdocs/tmracing/index.php(56): Illuminate\\Foundation\\Http\\Kernel->handle(Object(Illuminate\\Http\\Request))
#55 {main}

[previous exception] [object] (Symfony\\Component\\Routing\\Exception\\RouteNotFoundException(code: 0): Route [product] not defined. at /Applications/MAMP/htdocs/tmracing/vendor/laravel/framework/src/Illuminate/Routing/UrlGenerator.php:477)
[stacktrace]
#0 /Applications/MAMP/htdocs/tmracing/vendor/laravel/framework/src/Illuminate/Foundation/helpers.php(811): Illuminate\\Routing\\UrlGenerator->route('product', '', true)
#1 /Applications/MAMP/htdocs/tmracing/storage/framework/views/dbb111c6b46ccd6d5a2d7641cf270db3.php(84): route('product', '')
#2 /Applications/MAMP/htdocs/tmracing/vendor/laravel/framework/src/Illuminate/Filesystem/Filesystem.php(123): require('/Applications/M...')
#3 /Applications/MAMP/htdocs/tmracing/vendor/laravel/framework/src/Illuminate/Filesystem/Filesystem.php(124): Illuminate\\Filesystem\\Filesystem::Illuminate\\Filesystem\\{closure}()
#4 /Applications/MAMP/htdocs/tmracing/vendor/laravel/framework/src/Illuminate/View/Engines/PhpEngine.php(58): Illuminate\\Filesystem\\Filesystem->getRequire('/Applications/M...', Array)
#5 /Applications/MAMP/htdocs/tmracing/vendor/laravel/framework/src/Illuminate/View/Engines/CompilerEngine.php(72): Illuminate\\View\\Engines\\PhpEngine->evaluatePath('/Applications/M...', Array)
#6 /Applications/MAMP/htdocs/tmracing/vendor/laravel/framework/src/Illuminate/View/View.php(207): Illuminate\\View\\Engines\\CompilerEngine->get('/Applications/M...', Array)
#7 /Applications/MAMP/htdocs/tmracing/vendor/laravel/framework/src/Illuminate/View/View.php(190): Illuminate\\View\\View->getContents()
#8 /Applications/MAMP/htdocs/tmracing/vendor/laravel/framework/src/Illuminate/View/View.php(159): Illuminate\\View\\View->renderContents()
#9 /Applications/MAMP/htdocs/tmracing/vendor/laravel/framework/src/Illuminate/Http/Response.php(69): Illuminate\\View\\View->render()
#10 /Applications/MAMP/htdocs/tmracing/vendor/laravel/framework/src/Illuminate/Http/Response.php(35): Illuminate\\Http\\Response->setContent(Object(Illuminate\\View\\View))
#11 /Applications/MAMP/htdocs/tmracing/vendor/laravel/framework/src/Illuminate/Routing/Router.php(918): Illuminate\\Http\\Response->__construct(Object(Illuminate\\View\\View), 200, Array)
#12 /Applications/MAMP/htdocs/tmracing/vendor/laravel/framework/src/Illuminate/Routing/Router.php(885): Illuminate\\Routing\\Router::toResponse(Object(Illuminate\\Http\\Request), Object(Illuminate\\View\\View))
#13 /Applications/MAMP/htdocs/tmracing/vendor/laravel/framework/src/Illuminate/Routing/Router.php(805): Illuminate\\Routing\\Router->prepareResponse(Object(Illuminate\\Http\\Request), Object(Illuminate\\View\\View))
#14 /Applications/MAMP/htdocs/tmracing/vendor/laravel/framework/src/Illuminate/Pipeline/Pipeline.php(144): Illuminate\\Routing\\Router->Illuminate\\Routing\\{closure}(Object(Illuminate\\Http\\Request))
#15 /Applications/MAMP/htdocs/tmracing/app/Http/Middleware/IsAdmin.php(20): Illuminate\\Pipeline\\Pipeline->Illuminate\\Pipeline\\{closure}(Object(Illuminate\\Http\\Request))
#16 /Applications/MAMP/htdocs/tmracing/vendor/laravel/framework/src/Illuminate/Pipeline/Pipeline.php(183): App\\Http\\Middleware\\IsAdmin->handle(Object(Illuminate\\Http\\Request), Object(Closure))
#17 /Applications/MAMP/htdocs/tmracing/app/Http/Middleware/CheckForMaintenanceMode.php(58): Illuminate\\Pipeline\\Pipeline->Illuminate\\Pipeline\\{closure}(Object(Illuminate\\Http\\Request))
#18 /Applications/MAMP/htdocs/tmracing/vendor/laravel/framework/src/Illuminate/Pipeline/Pipeline.php(183): App\\Http\\Middleware\\CheckForMaintenanceMode->handle(Object(Illuminate\\Http\\Request), Object(Closure))
#19 /Applications/MAMP/htdocs/tmracing/app/Http/Middleware/HttpsProtocol.php(20): Illuminate\\Pipeline\\Pipeline->Illuminate\\Pipeline\\{closure}(Object(Illuminate\\Http\\Request))
#20 /Applications/MAMP/htdocs/tmracing/vendor/laravel/framework/src/Illuminate/Pipeline/Pipeline.php(183): App\\Http\\Middleware\\HttpsProtocol->handle(Object(Illuminate\\Http\\Request), Object(Closure))
#21 /Applications/MAMP/htdocs/tmracing/app/Http/Middleware/Language.php(31): Illuminate\\Pipeline\\Pipeline->Illuminate\\Pipeline\\{closure}(Object(Illuminate\\Http\\Request))
#22 /Applications/MAMP/htdocs/tmracing/vendor/laravel/framework/src/Illuminate/Pipeline/Pipeline.php(183): App\\Http\\Middleware\\Language->handle(Object(Illuminate\\Http\\Request), Object(Closure))
#23 /Applications/MAMP/htdocs/tmracing/vendor/laravel/framework/src/Illuminate/Routing/Middleware/SubstituteBindings.php(50): Illuminate\\Pipeline\\Pipeline->Illuminate\\Pipeline\\{closure}(Object(Illuminate\\Http\\Request))
#24 /Applications/MAMP/htdocs/tmracing/vendor/laravel/framework/src/Illuminate/Pipeline/Pipeline.php(183): Illuminate\\Routing\\Middleware\\SubstituteBindings->handle(Object(Illuminate\\Http\\Request), Object(Closure))
#25 /Applications/MAMP/htdocs/tmracing/vendor/laravel/framework/src/Illuminate/Auth/Middleware/Authenticate.php(57): Illuminate\\Pipeline\\Pipeline->Illuminate\\Pipeline\\{closure}(Object(Illuminate\\Http\\Request))
#26 /Applications/MAMP/htdocs/tmracing/vendor/laravel/framework/src/Illuminate/Pipeline/Pipeline.php(183): Illuminate\\Auth\\Middleware\\Authenticate->handle(Object(Illuminate\\Http\\Request), Object(Closure))
#27 /Applications/MAMP/htdocs/tmracing/vendor/laravel/framework/src/Illuminate/Foundation/Http/Middleware/VerifyCsrfToken.php(78): Illuminate\\Pipeline\\Pipeline->Illuminate\\Pipeline\\{closure}(Object(Illuminate\\Http\\Request))
#28 /Applications/MAMP/htdocs/tmracing/vendor/laravel/framework/src/Illuminate/Pipeline/Pipeline.php(183): Illuminate\\Foundation\\Http\\Middleware\\VerifyCsrfToken->handle(Object(Illuminate\\Http\\Request), Object(Closure))
#29 /Applications/MAMP/htdocs/tmracing/vendor/laravel/framework/src/Illuminate/View/Middleware/ShareErrorsFromSession.php(49): Illuminate\\Pipeline\\Pipeline->Illuminate\\Pipeline\\{closure}(Object(Illuminate\\Http\\Request))
#30 /Applications/MAMP/htdocs/tmracing/vendor/laravel/framework/src/Illuminate/Pipeline/Pipeline.php(183): Illuminate\\View\\Middleware\\ShareErrorsFromSession->handle(Object(Illuminate\\Http\\Request), Object(Closure))
#31 /Applications/MAMP/htdocs/tmracing/vendor/laravel/framework/src/Illuminate/Session/Middleware/StartSession.php(121): Illuminate\\Pipeline\\Pipeline->Illuminate\\Pipeline\\{closure}(Object(Illuminate\\Http\\Request))
#32 /Applications/MAMP/htdocs/tmracing/vendor/laravel/framework/src/Illuminate/Session/Middleware/StartSession.php(64): Illuminate\\Session\\Middleware\\StartSession->handleStatefulRequest(Object(Illuminate\\Http\\Request), Object(Illuminate\\Session\\Store), Object(Closure))
#33 /Applications/MAMP/htdocs/tmracing/vendor/laravel/framework/src/Illuminate/Pipeline/Pipeline.php(183): Illuminate\\Session\\Middleware\\StartSession->handle(Object(Illuminate\\Http\\Request), Object(Closure))
#34 /Applications/MAMP/htdocs/tmracing/vendor/laravel/framework/src/Illuminate/Cookie/Middleware/AddQueuedCookiesToResponse.php(37): Illuminate\\Pipeline\\Pipeline->Illuminate\\Pipeline\\{closure}(Object(Illuminate\\Http\\Request))
#35 /Applications/MAMP/htdocs/tmracing/vendor/laravel/framework/src/Illuminate/Pipeline/Pipeline.php(183): Illuminate\\Cookie\\Middleware\\AddQueuedCookiesToResponse->handle(Object(Illuminate\\Http\\Request), Object(Closure))
#36 /Applications/MAMP/htdocs/tmracing/vendor/laravel/framework/src/Illuminate/Pipeline/Pipeline.php(119): Illuminate\\Pipeline\\Pipeline->Illuminate\\Pipeline\\{closure}(Object(Illuminate\\Http\\Request))
#37 /Applications/MAMP/htdocs/tmracing/vendor/laravel/framework/src/Illuminate/Routing/Router.php(805): Illuminate\\Pipeline\\Pipeline->then(Object(Closure))
#38 /Applications/MAMP/htdocs/tmracing/vendor/laravel/framework/src/Illuminate/Routing/Router.php(784): Illuminate\\Routing\\Router->runRouteWithinStack(Object(Illuminate\\Routing\\Route), Object(Illuminate\\Http\\Request))
#39 /Applications/MAMP/htdocs/tmracing/vendor/laravel/framework/src/Illuminate/Routing/Router.php(748): Illuminate\\Routing\\Router->runRoute(Object(Illuminate\\Http\\Request), Object(Illuminate\\Routing\\Route))
#40 /Applications/MAMP/htdocs/tmracing/vendor/laravel/framework/src/Illuminate/Routing/Router.php(737): Illuminate\\Routing\\Router->dispatchToRoute(Object(Illuminate\\Http\\Request))
#41 /Applications/MAMP/htdocs/tmracing/vendor/laravel/framework/src/Illuminate/Foundation/Http/Kernel.php(200): Illuminate\\Routing\\Router->dispatch(Object(Illuminate\\Http\\Request))
#42 /Applications/MAMP/htdocs/tmracing/vendor/laravel/framework/src/Illuminate/Pipeline/Pipeline.php(144): Illuminate\\Foundation\\Http\\Kernel->Illuminate\\Foundation\\Http\\{closure}(Object(Illuminate\\Http\\Request))
#43 /Applications/MAMP/htdocs/tmracing/vendor/barryvdh/laravel-debugbar/src/Middleware/InjectDebugbar.php(66): Illuminate\\Pipeline\\Pipeline->Illuminate\\Pipeline\\{closure}(Object(Illuminate\\Http\\Request))
#44 /Applications/MAMP/htdocs/tmracing/vendor/laravel/framework/src/Illuminate/Pipeline/Pipeline.php(183): Barryvdh\\Debugbar\\Middleware\\InjectDebugbar->handle(Object(Illuminate\\Http\\Request), Object(Closure))
#45 /Applications/MAMP/htdocs/tmracing/vendor/laravel/framework/src/Illuminate/Http/Middleware/TrustProxies.php(39): Illuminate\\Pipeline\\Pipeline->Illuminate\\Pipeline\\{closure}(Object(Illuminate\\Http\\Request))
#46 /Applications/MAMP/htdocs/tmracing/vendor/laravel/framework/src/Illuminate/Pipeline/Pipeline.php(183): Illuminate\\Http\\Middleware\\TrustProxies->handle(Object(Illuminate\\Http\\Request), Object(Closure))
#47 /Applications/MAMP/htdocs/tmracing/vendor/laravel/framework/src/Illuminate/Foundation/Http/Middleware/TransformsRequest.php(21): Illuminate\\Pipeline\\Pipeline->Illuminate\\Pipeline\\{closure}(Object(Illuminate\\Http\\Request))
#48 /Applications/MAMP/htdocs/tmracing/vendor/laravel/framework/src/Illuminate/Foundation/Http/Middleware/ConvertEmptyStringsToNull.php(31): Illuminate\\Foundation\\Http\\Middleware\\TransformsRequest->handle(Object(Illuminate\\Http\\Request), Object(Closure))
#49 /Applications/MAMP/htdocs/tmracing/vendor/laravel/framework/src/Illuminate/Pipeline/Pipeline.php(183): Illuminate\\Foundation\\Http\\Middleware\\ConvertEmptyStringsToNull->handle(Object(Illuminate\\Http\\Request), Object(Closure))
#50 /Applications/MAMP/htdocs/tmracing/vendor/laravel/framework/src/Illuminate/Foundation/Http/Middleware/TransformsRequest.php(21): Illuminate\\Pipeline\\Pipeline->Illuminate\\Pipeline\\{closure}(Object(Illuminate\\Http\\Request))
#51 /Applications/MAMP/htdocs/tmracing/vendor/laravel/framework/src/Illuminate/Foundation/Http/Middleware/TrimStrings.php(40): Illuminate\\Foundation\\Http\\Middleware\\TransformsRequest->handle(Object(Illuminate\\Http\\Request), Object(Closure))
#52 /Applications/MAMP/htdocs/tmracing/vendor/laravel/framework/src/Illuminate/Pipeline/Pipeline.php(183): Illuminate\\Foundation\\Http\\Middleware\\TrimStrings->handle(Object(Illuminate\\Http\\Request), Object(Closure))
#53 /Applications/MAMP/htdocs/tmracing/vendor/laravel/framework/src/Illuminate/Foundation/Http/Middleware/ValidatePostSize.php(27): Illuminate\\Pipeline\\Pipeline->Illuminate\\Pipeline\\{closure}(Object(Illuminate\\Http\\Request))
#54 /Applications/MAMP/htdocs/tmracing/vendor/laravel/framework/src/Illuminate/Pipeline/Pipeline.php(183): Illuminate\\Foundation\\Http\\Middleware\\ValidatePostSize->handle(Object(Illuminate\\Http\\Request), Object(Closure))
#55 /Applications/MAMP/htdocs/tmracing/vendor/laravel/framework/src/Illuminate/Pipeline/Pipeline.php(119): Illuminate\\Pipeline\\Pipeline->Illuminate\\Pipeline\\{closure}(Object(Illuminate\\Http\\Request))
#56 /Applications/MAMP/htdocs/tmracing/vendor/laravel/framework/src/Illuminate/Foundation/Http/Kernel.php(175): Illuminate\\Pipeline\\Pipeline->then(Object(Closure))
#57 /Applications/MAMP/htdocs/tmracing/vendor/laravel/framework/src/Illuminate/Foundation/Http/Kernel.php(144): Illuminate\\Foundation\\Http\\Kernel->sendRequestThroughRouter(Object(Illuminate\\Http\\Request))
#58 /Applications/MAMP/htdocs/tmracing/index.php(56): Illuminate\\Foundation\\Http\\Kernel->handle(Object(Illuminate\\Http\\Request))
#59 {main}
"} 
[2024-12-01 02:13:36] local.ERROR: include(/Applications/MAMP/htdocs/tmracing/vendor/composer/../../app/Http/Controllers/CommissionController.php): Failed to open stream: No such file or directory {"exception":"[object] (ErrorException(code: 0): include(/Applications/MAMP/htdocs/tmracing/vendor/composer/../../app/Http/Controllers/CommissionController.php): Failed to open stream: No such file or directory at /Applications/MAMP/htdocs/tmracing/vendor/composer/ClassLoader.php:576)
[stacktrace]
#0 /Applications/MAMP/htdocs/tmracing/vendor/laravel/framework/src/Illuminate/Foundation/Bootstrap/HandleExceptions.php(255): Illuminate\\Foundation\\Bootstrap\\HandleExceptions->handleError(2, 'include(/Applic...', '/Applications/M...', 576)
#1 /Applications/MAMP/htdocs/tmracing/vendor/composer/ClassLoader.php(576): Illuminate\\Foundation\\Bootstrap\\HandleExceptions->Illuminate\\Foundation\\Bootstrap\\{closure}(2, 'include(/Applic...', '/Applications/M...', 576)
#2 /Applications/MAMP/htdocs/tmracing/vendor/composer/ClassLoader.php(576): include('/Applications/M...')
#3 /Applications/MAMP/htdocs/tmracing/vendor/composer/ClassLoader.php(427): Composer\\Autoload\\{closure}('/Applications/M...')
#4 [internal function]: Composer\\Autoload\\ClassLoader->loadClass('App\\\\Http\\\\Contro...')
#5 /Applications/MAMP/htdocs/tmracing/vendor/laravel/framework/src/Illuminate/Routing/Route.php(1096): is_a('App\\\\Http\\\\Contro...', 'Illuminate\\\\Rout...', true)
#6 /Applications/MAMP/htdocs/tmracing/vendor/laravel/framework/src/Illuminate/Routing/Route.php(1035): Illuminate\\Routing\\Route->controllerMiddleware()
#7 /Applications/MAMP/htdocs/tmracing/vendor/laravel/framework/src/Illuminate/Routing/Router.php(818): Illuminate\\Routing\\Route->gatherMiddleware()
#8 /Applications/MAMP/htdocs/tmracing/vendor/laravel/framework/src/Illuminate/Foundation/Console/RouteListCommand.php(201): Illuminate\\Routing\\Router->gatherRouteMiddleware(Object(Illuminate\\Routing\\Route))
#9 /Applications/MAMP/htdocs/tmracing/vendor/laravel/framework/src/Illuminate/Foundation/Console/RouteListCommand.php(146): Illuminate\\Foundation\\Console\\RouteListCommand->getMiddleware(Object(Illuminate\\Routing\\Route))
#10 /Applications/MAMP/htdocs/tmracing/vendor/laravel/framework/src/Illuminate/Foundation/Console/RouteListCommand.php(116): Illuminate\\Foundation\\Console\\RouteListCommand->getRouteInformation(Object(Illuminate\\Routing\\Route))
#11 [internal function]: Illuminate\\Foundation\\Console\\RouteListCommand->Illuminate\\Foundation\\Console\\{closure}(Object(Illuminate\\Routing\\Route), 183)
#12 /Applications/MAMP/htdocs/tmracing/vendor/laravel/framework/src/Illuminate/Collections/Arr.php(600): array_map(Object(Closure), Array, Array)
#13 /Applications/MAMP/htdocs/tmracing/vendor/laravel/framework/src/Illuminate/Collections/Collection.php(777): Illuminate\\Support\\Arr::map(Array, Object(Closure))
#14 /Applications/MAMP/htdocs/tmracing/vendor/laravel/framework/src/Illuminate/Foundation/Console/RouteListCommand.php(115): Illuminate\\Support\\Collection->map(Object(Closure))
#15 /Applications/MAMP/htdocs/tmracing/vendor/laravel/framework/src/Illuminate/Foundation/Console/RouteListCommand.php(101): Illuminate\\Foundation\\Console\\RouteListCommand->getRoutes()
#16 /Applications/MAMP/htdocs/tmracing/vendor/laravel/framework/src/Illuminate/Container/BoundMethod.php(36): Illuminate\\Foundation\\Console\\RouteListCommand->handle()
#17 /Applications/MAMP/htdocs/tmracing/vendor/laravel/framework/src/Illuminate/Container/Util.php(41): Illuminate\\Container\\BoundMethod::Illuminate\\Container\\{closure}()
#18 /Applications/MAMP/htdocs/tmracing/vendor/laravel/framework/src/Illuminate/Container/BoundMethod.php(93): Illuminate\\Container\\Util::unwrapIfClosure(Object(Closure))
#19 /Applications/MAMP/htdocs/tmracing/vendor/laravel/framework/src/Illuminate/Container/BoundMethod.php(35): Illuminate\\Container\\BoundMethod::callBoundMethod(Object(Illuminate\\Foundation\\Application), Array, Object(Closure))
#20 /Applications/MAMP/htdocs/tmracing/vendor/laravel/framework/src/Illuminate/Container/Container.php(662): Illuminate\\Container\\BoundMethod::call(Object(Illuminate\\Foundation\\Application), Array, Array, NULL)
#21 /Applications/MAMP/htdocs/tmracing/vendor/laravel/framework/src/Illuminate/Console/Command.php(211): Illuminate\\Container\\Container->call(Array)
#22 /Applications/MAMP/htdocs/tmracing/vendor/symfony/console/Command/Command.php(326): Illuminate\\Console\\Command->execute(Object(Symfony\\Component\\Console\\Input\\ArgvInput), Object(Illuminate\\Console\\OutputStyle))
#23 /Applications/MAMP/htdocs/tmracing/vendor/laravel/framework/src/Illuminate/Console/Command.php(180): Symfony\\Component\\Console\\Command\\Command->run(Object(Symfony\\Component\\Console\\Input\\ArgvInput), Object(Illuminate\\Console\\OutputStyle))
#24 /Applications/MAMP/htdocs/tmracing/vendor/symfony/console/Application.php(1096): Illuminate\\Console\\Command->run(Object(Symfony\\Component\\Console\\Input\\ArgvInput), Object(Symfony\\Component\\Console\\Output\\ConsoleOutput))
#25 /Applications/MAMP/htdocs/tmracing/vendor/symfony/console/Application.php(324): Symfony\\Component\\Console\\Application->doRunCommand(Object(Illuminate\\Foundation\\Console\\RouteListCommand), Object(Symfony\\Component\\Console\\Input\\ArgvInput), Object(Symfony\\Component\\Console\\Output\\ConsoleOutput))
#26 /Applications/MAMP/htdocs/tmracing/vendor/symfony/console/Application.php(175): Symfony\\Component\\Console\\Application->doRun(Object(Symfony\\Component\\Console\\Input\\ArgvInput), Object(Symfony\\Component\\Console\\Output\\ConsoleOutput))
#27 /Applications/MAMP/htdocs/tmracing/vendor/laravel/framework/src/Illuminate/Foundation/Console/Kernel.php(201): Symfony\\Component\\Console\\Application->run(Object(Symfony\\Component\\Console\\Input\\ArgvInput), Object(Symfony\\Component\\Console\\Output\\ConsoleOutput))
#28 /Applications/MAMP/htdocs/tmracing/artisan(35): Illuminate\\Foundation\\Console\\Kernel->handle(Object(Symfony\\Component\\Console\\Input\\ArgvInput), Object(Symfony\\Component\\Console\\Output\\ConsoleOutput))
#29 {main}
"} 
[2024-12-01 02:13:50] local.ERROR: include(/Applications/MAMP/htdocs/tmracing/vendor/composer/../../app/Http/Controllers/CommissionController.php): Failed to open stream: No such file or directory {"exception":"[object] (ErrorException(code: 0): include(/Applications/MAMP/htdocs/tmracing/vendor/composer/../../app/Http/Controllers/CommissionController.php): Failed to open stream: No such file or directory at /Applications/MAMP/htdocs/tmracing/vendor/composer/ClassLoader.php:576)
[stacktrace]
#0 /Applications/MAMP/htdocs/tmracing/vendor/laravel/framework/src/Illuminate/Foundation/Bootstrap/HandleExceptions.php(255): Illuminate\\Foundation\\Bootstrap\\HandleExceptions->handleError(2, 'include(/Applic...', '/Applications/M...', 576)
#1 /Applications/MAMP/htdocs/tmracing/vendor/composer/ClassLoader.php(576): Illuminate\\Foundation\\Bootstrap\\HandleExceptions->Illuminate\\Foundation\\Bootstrap\\{closure}(2, 'include(/Applic...', '/Applications/M...', 576)
#2 /Applications/MAMP/htdocs/tmracing/vendor/composer/ClassLoader.php(576): include('/Applications/M...')
#3 /Applications/MAMP/htdocs/tmracing/vendor/composer/ClassLoader.php(427): Composer\\Autoload\\{closure}('/Applications/M...')
#4 [internal function]: Composer\\Autoload\\ClassLoader->loadClass('App\\\\Http\\\\Contro...')
#5 /Applications/MAMP/htdocs/tmracing/vendor/laravel/framework/src/Illuminate/Routing/Route.php(1096): is_a('App\\\\Http\\\\Contro...', 'Illuminate\\\\Rout...', true)
#6 /Applications/MAMP/htdocs/tmracing/vendor/laravel/framework/src/Illuminate/Routing/Route.php(1035): Illuminate\\Routing\\Route->controllerMiddleware()
#7 /Applications/MAMP/htdocs/tmracing/vendor/laravel/framework/src/Illuminate/Routing/Router.php(818): Illuminate\\Routing\\Route->gatherMiddleware()
#8 /Applications/MAMP/htdocs/tmracing/vendor/laravel/framework/src/Illuminate/Foundation/Console/RouteListCommand.php(201): Illuminate\\Routing\\Router->gatherRouteMiddleware(Object(Illuminate\\Routing\\Route))
#9 /Applications/MAMP/htdocs/tmracing/vendor/laravel/framework/src/Illuminate/Foundation/Console/RouteListCommand.php(146): Illuminate\\Foundation\\Console\\RouteListCommand->getMiddleware(Object(Illuminate\\Routing\\Route))
#10 /Applications/MAMP/htdocs/tmracing/vendor/laravel/framework/src/Illuminate/Foundation/Console/RouteListCommand.php(116): Illuminate\\Foundation\\Console\\RouteListCommand->getRouteInformation(Object(Illuminate\\Routing\\Route))
#11 [internal function]: Illuminate\\Foundation\\Console\\RouteListCommand->Illuminate\\Foundation\\Console\\{closure}(Object(Illuminate\\Routing\\Route), 183)
#12 /Applications/MAMP/htdocs/tmracing/vendor/laravel/framework/src/Illuminate/Collections/Arr.php(600): array_map(Object(Closure), Array, Array)
#13 /Applications/MAMP/htdocs/tmracing/vendor/laravel/framework/src/Illuminate/Collections/Collection.php(777): Illuminate\\Support\\Arr::map(Array, Object(Closure))
#14 /Applications/MAMP/htdocs/tmracing/vendor/laravel/framework/src/Illuminate/Foundation/Console/RouteListCommand.php(115): Illuminate\\Support\\Collection->map(Object(Closure))
#15 /Applications/MAMP/htdocs/tmracing/vendor/laravel/framework/src/Illuminate/Foundation/Console/RouteListCommand.php(101): Illuminate\\Foundation\\Console\\RouteListCommand->getRoutes()
#16 /Applications/MAMP/htdocs/tmracing/vendor/laravel/framework/src/Illuminate/Container/BoundMethod.php(36): Illuminate\\Foundation\\Console\\RouteListCommand->handle()
#17 /Applications/MAMP/htdocs/tmracing/vendor/laravel/framework/src/Illuminate/Container/Util.php(41): Illuminate\\Container\\BoundMethod::Illuminate\\Container\\{closure}()
#18 /Applications/MAMP/htdocs/tmracing/vendor/laravel/framework/src/Illuminate/Container/BoundMethod.php(93): Illuminate\\Container\\Util::unwrapIfClosure(Object(Closure))
#19 /Applications/MAMP/htdocs/tmracing/vendor/laravel/framework/src/Illuminate/Container/BoundMethod.php(35): Illuminate\\Container\\BoundMethod::callBoundMethod(Object(Illuminate\\Foundation\\Application), Array, Object(Closure))
#20 /Applications/MAMP/htdocs/tmracing/vendor/laravel/framework/src/Illuminate/Container/Container.php(662): Illuminate\\Container\\BoundMethod::call(Object(Illuminate\\Foundation\\Application), Array, Array, NULL)
#21 /Applications/MAMP/htdocs/tmracing/vendor/laravel/framework/src/Illuminate/Console/Command.php(211): Illuminate\\Container\\Container->call(Array)
#22 /Applications/MAMP/htdocs/tmracing/vendor/symfony/console/Command/Command.php(326): Illuminate\\Console\\Command->execute(Object(Symfony\\Component\\Console\\Input\\ArgvInput), Object(Illuminate\\Console\\OutputStyle))
#23 /Applications/MAMP/htdocs/tmracing/vendor/laravel/framework/src/Illuminate/Console/Command.php(180): Symfony\\Component\\Console\\Command\\Command->run(Object(Symfony\\Component\\Console\\Input\\ArgvInput), Object(Illuminate\\Console\\OutputStyle))
#24 /Applications/MAMP/htdocs/tmracing/vendor/symfony/console/Application.php(1096): Illuminate\\Console\\Command->run(Object(Symfony\\Component\\Console\\Input\\ArgvInput), Object(Symfony\\Component\\Console\\Output\\ConsoleOutput))
#25 /Applications/MAMP/htdocs/tmracing/vendor/symfony/console/Application.php(324): Symfony\\Component\\Console\\Application->doRunCommand(Object(Illuminate\\Foundation\\Console\\RouteListCommand), Object(Symfony\\Component\\Console\\Input\\ArgvInput), Object(Symfony\\Component\\Console\\Output\\ConsoleOutput))
#26 /Applications/MAMP/htdocs/tmracing/vendor/symfony/console/Application.php(175): Symfony\\Component\\Console\\Application->doRun(Object(Symfony\\Component\\Console\\Input\\ArgvInput), Object(Symfony\\Component\\Console\\Output\\ConsoleOutput))
#27 /Applications/MAMP/htdocs/tmracing/vendor/laravel/framework/src/Illuminate/Foundation/Console/Kernel.php(201): Symfony\\Component\\Console\\Application->run(Object(Symfony\\Component\\Console\\Input\\ArgvInput), Object(Symfony\\Component\\Console\\Output\\ConsoleOutput))
#28 /Applications/MAMP/htdocs/tmracing/artisan(35): Illuminate\\Foundation\\Console\\Kernel->handle(Object(Symfony\\Component\\Console\\Input\\ArgvInput), Object(Symfony\\Component\\Console\\Output\\ConsoleOutput))
#29 {main}
"} 
[2024-12-01 02:13:53] local.ERROR: Route [bulk_product_link.index] not defined. (View: /Applications/MAMP/htdocs/tmracing/resources/views/backend/inc/admin_sidenav.blade.php) (View: /Applications/MAMP/htdocs/tmracing/resources/views/backend/inc/admin_sidenav.blade.php) (View: /Applications/MAMP/htdocs/tmracing/resources/views/backend/inc/admin_sidenav.blade.php) {"userId":9,"exception":"[object] (Illuminate\\View\\ViewException(code: 0): Route [bulk_product_link.index] not defined. (View: /Applications/MAMP/htdocs/tmracing/resources/views/backend/inc/admin_sidenav.blade.php) (View: /Applications/MAMP/htdocs/tmracing/resources/views/backend/inc/admin_sidenav.blade.php) (View: /Applications/MAMP/htdocs/tmracing/resources/views/backend/inc/admin_sidenav.blade.php) at /Applications/MAMP/htdocs/tmracing/vendor/laravel/framework/src/Illuminate/Routing/UrlGenerator.php:477)
[stacktrace]
#0 /Applications/MAMP/htdocs/tmracing/vendor/laravel/framework/src/Illuminate/View/Engines/PhpEngine.php(60): Illuminate\\View\\Engines\\CompilerEngine->handleViewException(Object(Illuminate\\View\\ViewException), 1)
#1 /Applications/MAMP/htdocs/tmracing/vendor/laravel/framework/src/Illuminate/View/Engines/CompilerEngine.php(72): Illuminate\\View\\Engines\\PhpEngine->evaluatePath('/Applications/M...', Array)
#2 /Applications/MAMP/htdocs/tmracing/vendor/laravel/framework/src/Illuminate/View/View.php(207): Illuminate\\View\\Engines\\CompilerEngine->get('/Applications/M...', Array)
#3 /Applications/MAMP/htdocs/tmracing/vendor/laravel/framework/src/Illuminate/View/View.php(190): Illuminate\\View\\View->getContents()
#4 /Applications/MAMP/htdocs/tmracing/vendor/laravel/framework/src/Illuminate/View/View.php(159): Illuminate\\View\\View->renderContents()
#5 /Applications/MAMP/htdocs/tmracing/vendor/laravel/framework/src/Illuminate/Http/Response.php(69): Illuminate\\View\\View->render()
#6 /Applications/MAMP/htdocs/tmracing/vendor/laravel/framework/src/Illuminate/Http/Response.php(35): Illuminate\\Http\\Response->setContent(Object(Illuminate\\View\\View))
#7 /Applications/MAMP/htdocs/tmracing/vendor/laravel/framework/src/Illuminate/Routing/Router.php(918): Illuminate\\Http\\Response->__construct(Object(Illuminate\\View\\View), 200, Array)
#8 /Applications/MAMP/htdocs/tmracing/vendor/laravel/framework/src/Illuminate/Routing/Router.php(885): Illuminate\\Routing\\Router::toResponse(Object(Illuminate\\Http\\Request), Object(Illuminate\\View\\View))
#9 /Applications/MAMP/htdocs/tmracing/vendor/laravel/framework/src/Illuminate/Routing/Router.php(805): Illuminate\\Routing\\Router->prepareResponse(Object(Illuminate\\Http\\Request), Object(Illuminate\\View\\View))
#10 /Applications/MAMP/htdocs/tmracing/vendor/laravel/framework/src/Illuminate/Pipeline/Pipeline.php(144): Illuminate\\Routing\\Router->Illuminate\\Routing\\{closure}(Object(Illuminate\\Http\\Request))
#11 /Applications/MAMP/htdocs/tmracing/app/Http/Middleware/IsAdmin.php(20): Illuminate\\Pipeline\\Pipeline->Illuminate\\Pipeline\\{closure}(Object(Illuminate\\Http\\Request))
#12 /Applications/MAMP/htdocs/tmracing/vendor/laravel/framework/src/Illuminate/Pipeline/Pipeline.php(183): App\\Http\\Middleware\\IsAdmin->handle(Object(Illuminate\\Http\\Request), Object(Closure))
#13 /Applications/MAMP/htdocs/tmracing/app/Http/Middleware/CheckForMaintenanceMode.php(58): Illuminate\\Pipeline\\Pipeline->Illuminate\\Pipeline\\{closure}(Object(Illuminate\\Http\\Request))
#14 /Applications/MAMP/htdocs/tmracing/vendor/laravel/framework/src/Illuminate/Pipeline/Pipeline.php(183): App\\Http\\Middleware\\CheckForMaintenanceMode->handle(Object(Illuminate\\Http\\Request), Object(Closure))
#15 /Applications/MAMP/htdocs/tmracing/app/Http/Middleware/HttpsProtocol.php(20): Illuminate\\Pipeline\\Pipeline->Illuminate\\Pipeline\\{closure}(Object(Illuminate\\Http\\Request))
#16 /Applications/MAMP/htdocs/tmracing/vendor/laravel/framework/src/Illuminate/Pipeline/Pipeline.php(183): App\\Http\\Middleware\\HttpsProtocol->handle(Object(Illuminate\\Http\\Request), Object(Closure))
#17 /Applications/MAMP/htdocs/tmracing/app/Http/Middleware/Language.php(31): Illuminate\\Pipeline\\Pipeline->Illuminate\\Pipeline\\{closure}(Object(Illuminate\\Http\\Request))
#18 /Applications/MAMP/htdocs/tmracing/vendor/laravel/framework/src/Illuminate/Pipeline/Pipeline.php(183): App\\Http\\Middleware\\Language->handle(Object(Illuminate\\Http\\Request), Object(Closure))
#19 /Applications/MAMP/htdocs/tmracing/vendor/laravel/framework/src/Illuminate/Routing/Middleware/SubstituteBindings.php(50): Illuminate\\Pipeline\\Pipeline->Illuminate\\Pipeline\\{closure}(Object(Illuminate\\Http\\Request))
#20 /Applications/MAMP/htdocs/tmracing/vendor/laravel/framework/src/Illuminate/Pipeline/Pipeline.php(183): Illuminate\\Routing\\Middleware\\SubstituteBindings->handle(Object(Illuminate\\Http\\Request), Object(Closure))
#21 /Applications/MAMP/htdocs/tmracing/vendor/laravel/framework/src/Illuminate/Auth/Middleware/Authenticate.php(57): Illuminate\\Pipeline\\Pipeline->Illuminate\\Pipeline\\{closure}(Object(Illuminate\\Http\\Request))
#22 /Applications/MAMP/htdocs/tmracing/vendor/laravel/framework/src/Illuminate/Pipeline/Pipeline.php(183): Illuminate\\Auth\\Middleware\\Authenticate->handle(Object(Illuminate\\Http\\Request), Object(Closure))
#23 /Applications/MAMP/htdocs/tmracing/vendor/laravel/framework/src/Illuminate/Foundation/Http/Middleware/VerifyCsrfToken.php(78): Illuminate\\Pipeline\\Pipeline->Illuminate\\Pipeline\\{closure}(Object(Illuminate\\Http\\Request))
#24 /Applications/MAMP/htdocs/tmracing/vendor/laravel/framework/src/Illuminate/Pipeline/Pipeline.php(183): Illuminate\\Foundation\\Http\\Middleware\\VerifyCsrfToken->handle(Object(Illuminate\\Http\\Request), Object(Closure))
#25 /Applications/MAMP/htdocs/tmracing/vendor/laravel/framework/src/Illuminate/View/Middleware/ShareErrorsFromSession.php(49): Illuminate\\Pipeline\\Pipeline->Illuminate\\Pipeline\\{closure}(Object(Illuminate\\Http\\Request))
#26 /Applications/MAMP/htdocs/tmracing/vendor/laravel/framework/src/Illuminate/Pipeline/Pipeline.php(183): Illuminate\\View\\Middleware\\ShareErrorsFromSession->handle(Object(Illuminate\\Http\\Request), Object(Closure))
#27 /Applications/MAMP/htdocs/tmracing/vendor/laravel/framework/src/Illuminate/Session/Middleware/StartSession.php(121): Illuminate\\Pipeline\\Pipeline->Illuminate\\Pipeline\\{closure}(Object(Illuminate\\Http\\Request))
#28 /Applications/MAMP/htdocs/tmracing/vendor/laravel/framework/src/Illuminate/Session/Middleware/StartSession.php(64): Illuminate\\Session\\Middleware\\StartSession->handleStatefulRequest(Object(Illuminate\\Http\\Request), Object(Illuminate\\Session\\Store), Object(Closure))
#29 /Applications/MAMP/htdocs/tmracing/vendor/laravel/framework/src/Illuminate/Pipeline/Pipeline.php(183): Illuminate\\Session\\Middleware\\StartSession->handle(Object(Illuminate\\Http\\Request), Object(Closure))
#30 /Applications/MAMP/htdocs/tmracing/vendor/laravel/framework/src/Illuminate/Cookie/Middleware/AddQueuedCookiesToResponse.php(37): Illuminate\\Pipeline\\Pipeline->Illuminate\\Pipeline\\{closure}(Object(Illuminate\\Http\\Request))
#31 /Applications/MAMP/htdocs/tmracing/vendor/laravel/framework/src/Illuminate/Pipeline/Pipeline.php(183): Illuminate\\Cookie\\Middleware\\AddQueuedCookiesToResponse->handle(Object(Illuminate\\Http\\Request), Object(Closure))
#32 /Applications/MAMP/htdocs/tmracing/vendor/laravel/framework/src/Illuminate/Pipeline/Pipeline.php(119): Illuminate\\Pipeline\\Pipeline->Illuminate\\Pipeline\\{closure}(Object(Illuminate\\Http\\Request))
#33 /Applications/MAMP/htdocs/tmracing/vendor/laravel/framework/src/Illuminate/Routing/Router.php(805): Illuminate\\Pipeline\\Pipeline->then(Object(Closure))
#34 /Applications/MAMP/htdocs/tmracing/vendor/laravel/framework/src/Illuminate/Routing/Router.php(784): Illuminate\\Routing\\Router->runRouteWithinStack(Object(Illuminate\\Routing\\Route), Object(Illuminate\\Http\\Request))
#35 /Applications/MAMP/htdocs/tmracing/vendor/laravel/framework/src/Illuminate/Routing/Router.php(748): Illuminate\\Routing\\Router->runRoute(Object(Illuminate\\Http\\Request), Object(Illuminate\\Routing\\Route))
#36 /Applications/MAMP/htdocs/tmracing/vendor/laravel/framework/src/Illuminate/Routing/Router.php(737): Illuminate\\Routing\\Router->dispatchToRoute(Object(Illuminate\\Http\\Request))
#37 /Applications/MAMP/htdocs/tmracing/vendor/laravel/framework/src/Illuminate/Foundation/Http/Kernel.php(200): Illuminate\\Routing\\Router->dispatch(Object(Illuminate\\Http\\Request))
#38 /Applications/MAMP/htdocs/tmracing/vendor/laravel/framework/src/Illuminate/Pipeline/Pipeline.php(144): Illuminate\\Foundation\\Http\\Kernel->Illuminate\\Foundation\\Http\\{closure}(Object(Illuminate\\Http\\Request))
#39 /Applications/MAMP/htdocs/tmracing/vendor/barryvdh/laravel-debugbar/src/Middleware/InjectDebugbar.php(66): Illuminate\\Pipeline\\Pipeline->Illuminate\\Pipeline\\{closure}(Object(Illuminate\\Http\\Request))
#40 /Applications/MAMP/htdocs/tmracing/vendor/laravel/framework/src/Illuminate/Pipeline/Pipeline.php(183): Barryvdh\\Debugbar\\Middleware\\InjectDebugbar->handle(Object(Illuminate\\Http\\Request), Object(Closure))
#41 /Applications/MAMP/htdocs/tmracing/vendor/laravel/framework/src/Illuminate/Http/Middleware/TrustProxies.php(39): Illuminate\\Pipeline\\Pipeline->Illuminate\\Pipeline\\{closure}(Object(Illuminate\\Http\\Request))
#42 /Applications/MAMP/htdocs/tmracing/vendor/laravel/framework/src/Illuminate/Pipeline/Pipeline.php(183): Illuminate\\Http\\Middleware\\TrustProxies->handle(Object(Illuminate\\Http\\Request), Object(Closure))
#43 /Applications/MAMP/htdocs/tmracing/vendor/laravel/framework/src/Illuminate/Foundation/Http/Middleware/TransformsRequest.php(21): Illuminate\\Pipeline\\Pipeline->Illuminate\\Pipeline\\{closure}(Object(Illuminate\\Http\\Request))
#44 /Applications/MAMP/htdocs/tmracing/vendor/laravel/framework/src/Illuminate/Foundation/Http/Middleware/ConvertEmptyStringsToNull.php(31): Illuminate\\Foundation\\Http\\Middleware\\TransformsRequest->handle(Object(Illuminate\\Http\\Request), Object(Closure))
#45 /Applications/MAMP/htdocs/tmracing/vendor/laravel/framework/src/Illuminate/Pipeline/Pipeline.php(183): Illuminate\\Foundation\\Http\\Middleware\\ConvertEmptyStringsToNull->handle(Object(Illuminate\\Http\\Request), Object(Closure))
#46 /Applications/MAMP/htdocs/tmracing/vendor/laravel/framework/src/Illuminate/Foundation/Http/Middleware/TransformsRequest.php(21): Illuminate\\Pipeline\\Pipeline->Illuminate\\Pipeline\\{closure}(Object(Illuminate\\Http\\Request))
#47 /Applications/MAMP/htdocs/tmracing/vendor/laravel/framework/src/Illuminate/Foundation/Http/Middleware/TrimStrings.php(40): Illuminate\\Foundation\\Http\\Middleware\\TransformsRequest->handle(Object(Illuminate\\Http\\Request), Object(Closure))
#48 /Applications/MAMP/htdocs/tmracing/vendor/laravel/framework/src/Illuminate/Pipeline/Pipeline.php(183): Illuminate\\Foundation\\Http\\Middleware\\TrimStrings->handle(Object(Illuminate\\Http\\Request), Object(Closure))
#49 /Applications/MAMP/htdocs/tmracing/vendor/laravel/framework/src/Illuminate/Foundation/Http/Middleware/ValidatePostSize.php(27): Illuminate\\Pipeline\\Pipeline->Illuminate\\Pipeline\\{closure}(Object(Illuminate\\Http\\Request))
#50 /Applications/MAMP/htdocs/tmracing/vendor/laravel/framework/src/Illuminate/Pipeline/Pipeline.php(183): Illuminate\\Foundation\\Http\\Middleware\\ValidatePostSize->handle(Object(Illuminate\\Http\\Request), Object(Closure))
#51 /Applications/MAMP/htdocs/tmracing/vendor/laravel/framework/src/Illuminate/Pipeline/Pipeline.php(119): Illuminate\\Pipeline\\Pipeline->Illuminate\\Pipeline\\{closure}(Object(Illuminate\\Http\\Request))
#52 /Applications/MAMP/htdocs/tmracing/vendor/laravel/framework/src/Illuminate/Foundation/Http/Kernel.php(175): Illuminate\\Pipeline\\Pipeline->then(Object(Closure))
#53 /Applications/MAMP/htdocs/tmracing/vendor/laravel/framework/src/Illuminate/Foundation/Http/Kernel.php(144): Illuminate\\Foundation\\Http\\Kernel->sendRequestThroughRouter(Object(Illuminate\\Http\\Request))
#54 /Applications/MAMP/htdocs/tmracing/index.php(56): Illuminate\\Foundation\\Http\\Kernel->handle(Object(Illuminate\\Http\\Request))
#55 {main}

[previous exception] [object] (Illuminate\\View\\ViewException(code: 0): Route [bulk_product_link.index] not defined. (View: /Applications/MAMP/htdocs/tmracing/resources/views/backend/inc/admin_sidenav.blade.php) (View: /Applications/MAMP/htdocs/tmracing/resources/views/backend/inc/admin_sidenav.blade.php) at /Applications/MAMP/htdocs/tmracing/vendor/laravel/framework/src/Illuminate/Routing/UrlGenerator.php:477)
[stacktrace]
#0 /Applications/MAMP/htdocs/tmracing/vendor/laravel/framework/src/Illuminate/View/Engines/PhpEngine.php(60): Illuminate\\View\\Engines\\CompilerEngine->handleViewException(Object(Illuminate\\View\\ViewException), 2)
#1 /Applications/MAMP/htdocs/tmracing/vendor/laravel/framework/src/Illuminate/View/Engines/CompilerEngine.php(72): Illuminate\\View\\Engines\\PhpEngine->evaluatePath('/Applications/M...', Array)
#2 /Applications/MAMP/htdocs/tmracing/vendor/laravel/framework/src/Illuminate/View/View.php(207): Illuminate\\View\\Engines\\CompilerEngine->get('/Applications/M...', Array)
#3 /Applications/MAMP/htdocs/tmracing/vendor/laravel/framework/src/Illuminate/View/View.php(190): Illuminate\\View\\View->getContents()
#4 /Applications/MAMP/htdocs/tmracing/vendor/laravel/framework/src/Illuminate/View/View.php(159): Illuminate\\View\\View->renderContents()
#5 /Applications/MAMP/htdocs/tmracing/storage/framework/views/dbb111c6b46ccd6d5a2d7641cf270db3.php(341): Illuminate\\View\\View->render()
#6 /Applications/MAMP/htdocs/tmracing/vendor/laravel/framework/src/Illuminate/Filesystem/Filesystem.php(123): require('/Applications/M...')
#7 /Applications/MAMP/htdocs/tmracing/vendor/laravel/framework/src/Illuminate/Filesystem/Filesystem.php(124): Illuminate\\Filesystem\\Filesystem::Illuminate\\Filesystem\\{closure}()
#8 /Applications/MAMP/htdocs/tmracing/vendor/laravel/framework/src/Illuminate/View/Engines/PhpEngine.php(58): Illuminate\\Filesystem\\Filesystem->getRequire('/Applications/M...', Array)
#9 /Applications/MAMP/htdocs/tmracing/vendor/laravel/framework/src/Illuminate/View/Engines/CompilerEngine.php(72): Illuminate\\View\\Engines\\PhpEngine->evaluatePath('/Applications/M...', Array)
#10 /Applications/MAMP/htdocs/tmracing/vendor/laravel/framework/src/Illuminate/View/View.php(207): Illuminate\\View\\Engines\\CompilerEngine->get('/Applications/M...', Array)
#11 /Applications/MAMP/htdocs/tmracing/vendor/laravel/framework/src/Illuminate/View/View.php(190): Illuminate\\View\\View->getContents()
#12 /Applications/MAMP/htdocs/tmracing/vendor/laravel/framework/src/Illuminate/View/View.php(159): Illuminate\\View\\View->renderContents()
#13 /Applications/MAMP/htdocs/tmracing/vendor/laravel/framework/src/Illuminate/Http/Response.php(69): Illuminate\\View\\View->render()
#14 /Applications/MAMP/htdocs/tmracing/vendor/laravel/framework/src/Illuminate/Http/Response.php(35): Illuminate\\Http\\Response->setContent(Object(Illuminate\\View\\View))
#15 /Applications/MAMP/htdocs/tmracing/vendor/laravel/framework/src/Illuminate/Routing/Router.php(918): Illuminate\\Http\\Response->__construct(Object(Illuminate\\View\\View), 200, Array)
#16 /Applications/MAMP/htdocs/tmracing/vendor/laravel/framework/src/Illuminate/Routing/Router.php(885): Illuminate\\Routing\\Router::toResponse(Object(Illuminate\\Http\\Request), Object(Illuminate\\View\\View))
#17 /Applications/MAMP/htdocs/tmracing/vendor/laravel/framework/src/Illuminate/Routing/Router.php(805): Illuminate\\Routing\\Router->prepareResponse(Object(Illuminate\\Http\\Request), Object(Illuminate\\View\\View))
#18 /Applications/MAMP/htdocs/tmracing/vendor/laravel/framework/src/Illuminate/Pipeline/Pipeline.php(144): Illuminate\\Routing\\Router->Illuminate\\Routing\\{closure}(Object(Illuminate\\Http\\Request))
#19 /Applications/MAMP/htdocs/tmracing/app/Http/Middleware/IsAdmin.php(20): Illuminate\\Pipeline\\Pipeline->Illuminate\\Pipeline\\{closure}(Object(Illuminate\\Http\\Request))
#20 /Applications/MAMP/htdocs/tmracing/vendor/laravel/framework/src/Illuminate/Pipeline/Pipeline.php(183): App\\Http\\Middleware\\IsAdmin->handle(Object(Illuminate\\Http\\Request), Object(Closure))
#21 /Applications/MAMP/htdocs/tmracing/app/Http/Middleware/CheckForMaintenanceMode.php(58): Illuminate\\Pipeline\\Pipeline->Illuminate\\Pipeline\\{closure}(Object(Illuminate\\Http\\Request))
#22 /Applications/MAMP/htdocs/tmracing/vendor/laravel/framework/src/Illuminate/Pipeline/Pipeline.php(183): App\\Http\\Middleware\\CheckForMaintenanceMode->handle(Object(Illuminate\\Http\\Request), Object(Closure))
#23 /Applications/MAMP/htdocs/tmracing/app/Http/Middleware/HttpsProtocol.php(20): Illuminate\\Pipeline\\Pipeline->Illuminate\\Pipeline\\{closure}(Object(Illuminate\\Http\\Request))
#24 /Applications/MAMP/htdocs/tmracing/vendor/laravel/framework/src/Illuminate/Pipeline/Pipeline.php(183): App\\Http\\Middleware\\HttpsProtocol->handle(Object(Illuminate\\Http\\Request), Object(Closure))
#25 /Applications/MAMP/htdocs/tmracing/app/Http/Middleware/Language.php(31): Illuminate\\Pipeline\\Pipeline->Illuminate\\Pipeline\\{closure}(Object(Illuminate\\Http\\Request))
#26 /Applications/MAMP/htdocs/tmracing/vendor/laravel/framework/src/Illuminate/Pipeline/Pipeline.php(183): App\\Http\\Middleware\\Language->handle(Object(Illuminate\\Http\\Request), Object(Closure))
#27 /Applications/MAMP/htdocs/tmracing/vendor/laravel/framework/src/Illuminate/Routing/Middleware/SubstituteBindings.php(50): Illuminate\\Pipeline\\Pipeline->Illuminate\\Pipeline\\{closure}(Object(Illuminate\\Http\\Request))
#28 /Applications/MAMP/htdocs/tmracing/vendor/laravel/framework/src/Illuminate/Pipeline/Pipeline.php(183): Illuminate\\Routing\\Middleware\\SubstituteBindings->handle(Object(Illuminate\\Http\\Request), Object(Closure))
#29 /Applications/MAMP/htdocs/tmracing/vendor/laravel/framework/src/Illuminate/Auth/Middleware/Authenticate.php(57): Illuminate\\Pipeline\\Pipeline->Illuminate\\Pipeline\\{closure}(Object(Illuminate\\Http\\Request))
#30 /Applications/MAMP/htdocs/tmracing/vendor/laravel/framework/src/Illuminate/Pipeline/Pipeline.php(183): Illuminate\\Auth\\Middleware\\Authenticate->handle(Object(Illuminate\\Http\\Request), Object(Closure))
#31 /Applications/MAMP/htdocs/tmracing/vendor/laravel/framework/src/Illuminate/Foundation/Http/Middleware/VerifyCsrfToken.php(78): Illuminate\\Pipeline\\Pipeline->Illuminate\\Pipeline\\{closure}(Object(Illuminate\\Http\\Request))
#32 /Applications/MAMP/htdocs/tmracing/vendor/laravel/framework/src/Illuminate/Pipeline/Pipeline.php(183): Illuminate\\Foundation\\Http\\Middleware\\VerifyCsrfToken->handle(Object(Illuminate\\Http\\Request), Object(Closure))
#33 /Applications/MAMP/htdocs/tmracing/vendor/laravel/framework/src/Illuminate/View/Middleware/ShareErrorsFromSession.php(49): Illuminate\\Pipeline\\Pipeline->Illuminate\\Pipeline\\{closure}(Object(Illuminate\\Http\\Request))
#34 /Applications/MAMP/htdocs/tmracing/vendor/laravel/framework/src/Illuminate/Pipeline/Pipeline.php(183): Illuminate\\View\\Middleware\\ShareErrorsFromSession->handle(Object(Illuminate\\Http\\Request), Object(Closure))
#35 /Applications/MAMP/htdocs/tmracing/vendor/laravel/framework/src/Illuminate/Session/Middleware/StartSession.php(121): Illuminate\\Pipeline\\Pipeline->Illuminate\\Pipeline\\{closure}(Object(Illuminate\\Http\\Request))
#36 /Applications/MAMP/htdocs/tmracing/vendor/laravel/framework/src/Illuminate/Session/Middleware/StartSession.php(64): Illuminate\\Session\\Middleware\\StartSession->handleStatefulRequest(Object(Illuminate\\Http\\Request), Object(Illuminate\\Session\\Store), Object(Closure))
#37 /Applications/MAMP/htdocs/tmracing/vendor/laravel/framework/src/Illuminate/Pipeline/Pipeline.php(183): Illuminate\\Session\\Middleware\\StartSession->handle(Object(Illuminate\\Http\\Request), Object(Closure))
#38 /Applications/MAMP/htdocs/tmracing/vendor/laravel/framework/src/Illuminate/Cookie/Middleware/AddQueuedCookiesToResponse.php(37): Illuminate\\Pipeline\\Pipeline->Illuminate\\Pipeline\\{closure}(Object(Illuminate\\Http\\Request))
#39 /Applications/MAMP/htdocs/tmracing/vendor/laravel/framework/src/Illuminate/Pipeline/Pipeline.php(183): Illuminate\\Cookie\\Middleware\\AddQueuedCookiesToResponse->handle(Object(Illuminate\\Http\\Request), Object(Closure))
#40 /Applications/MAMP/htdocs/tmracing/vendor/laravel/framework/src/Illuminate/Pipeline/Pipeline.php(119): Illuminate\\Pipeline\\Pipeline->Illuminate\\Pipeline\\{closure}(Object(Illuminate\\Http\\Request))
#41 /Applications/MAMP/htdocs/tmracing/vendor/laravel/framework/src/Illuminate/Routing/Router.php(805): Illuminate\\Pipeline\\Pipeline->then(Object(Closure))
#42 /Applications/MAMP/htdocs/tmracing/vendor/laravel/framework/src/Illuminate/Routing/Router.php(784): Illuminate\\Routing\\Router->runRouteWithinStack(Object(Illuminate\\Routing\\Route), Object(Illuminate\\Http\\Request))
#43 /Applications/MAMP/htdocs/tmracing/vendor/laravel/framework/src/Illuminate/Routing/Router.php(748): Illuminate\\Routing\\Router->runRoute(Object(Illuminate\\Http\\Request), Object(Illuminate\\Routing\\Route))
#44 /Applications/MAMP/htdocs/tmracing/vendor/laravel/framework/src/Illuminate/Routing/Router.php(737): Illuminate\\Routing\\Router->dispatchToRoute(Object(Illuminate\\Http\\Request))
#45 /Applications/MAMP/htdocs/tmracing/vendor/laravel/framework/src/Illuminate/Foundation/Http/Kernel.php(200): Illuminate\\Routing\\Router->dispatch(Object(Illuminate\\Http\\Request))
#46 /Applications/MAMP/htdocs/tmracing/vendor/laravel/framework/src/Illuminate/Pipeline/Pipeline.php(144): Illuminate\\Foundation\\Http\\Kernel->Illuminate\\Foundation\\Http\\{closure}(Object(Illuminate\\Http\\Request))
#47 /Applications/MAMP/htdocs/tmracing/vendor/barryvdh/laravel-debugbar/src/Middleware/InjectDebugbar.php(66): Illuminate\\Pipeline\\Pipeline->Illuminate\\Pipeline\\{closure}(Object(Illuminate\\Http\\Request))
#48 /Applications/MAMP/htdocs/tmracing/vendor/laravel/framework/src/Illuminate/Pipeline/Pipeline.php(183): Barryvdh\\Debugbar\\Middleware\\InjectDebugbar->handle(Object(Illuminate\\Http\\Request), Object(Closure))
#49 /Applications/MAMP/htdocs/tmracing/vendor/laravel/framework/src/Illuminate/Http/Middleware/TrustProxies.php(39): Illuminate\\Pipeline\\Pipeline->Illuminate\\Pipeline\\{closure}(Object(Illuminate\\Http\\Request))
#50 /Applications/MAMP/htdocs/tmracing/vendor/laravel/framework/src/Illuminate/Pipeline/Pipeline.php(183): Illuminate\\Http\\Middleware\\TrustProxies->handle(Object(Illuminate\\Http\\Request), Object(Closure))
#51 /Applications/MAMP/htdocs/tmracing/vendor/laravel/framework/src/Illuminate/Foundation/Http/Middleware/TransformsRequest.php(21): Illuminate\\Pipeline\\Pipeline->Illuminate\\Pipeline\\{closure}(Object(Illuminate\\Http\\Request))
#52 /Applications/MAMP/htdocs/tmracing/vendor/laravel/framework/src/Illuminate/Foundation/Http/Middleware/ConvertEmptyStringsToNull.php(31): Illuminate\\Foundation\\Http\\Middleware\\TransformsRequest->handle(Object(Illuminate\\Http\\Request), Object(Closure))
#53 /Applications/MAMP/htdocs/tmracing/vendor/laravel/framework/src/Illuminate/Pipeline/Pipeline.php(183): Illuminate\\Foundation\\Http\\Middleware\\ConvertEmptyStringsToNull->handle(Object(Illuminate\\Http\\Request), Object(Closure))
#54 /Applications/MAMP/htdocs/tmracing/vendor/laravel/framework/src/Illuminate/Foundation/Http/Middleware/TransformsRequest.php(21): Illuminate\\Pipeline\\Pipeline->Illuminate\\Pipeline\\{closure}(Object(Illuminate\\Http\\Request))
#55 /Applications/MAMP/htdocs/tmracing/vendor/laravel/framework/src/Illuminate/Foundation/Http/Middleware/TrimStrings.php(40): Illuminate\\Foundation\\Http\\Middleware\\TransformsRequest->handle(Object(Illuminate\\Http\\Request), Object(Closure))
#56 /Applications/MAMP/htdocs/tmracing/vendor/laravel/framework/src/Illuminate/Pipeline/Pipeline.php(183): Illuminate\\Foundation\\Http\\Middleware\\TrimStrings->handle(Object(Illuminate\\Http\\Request), Object(Closure))
#57 /Applications/MAMP/htdocs/tmracing/vendor/laravel/framework/src/Illuminate/Foundation/Http/Middleware/ValidatePostSize.php(27): Illuminate\\Pipeline\\Pipeline->Illuminate\\Pipeline\\{closure}(Object(Illuminate\\Http\\Request))
#58 /Applications/MAMP/htdocs/tmracing/vendor/laravel/framework/src/Illuminate/Pipeline/Pipeline.php(183): Illuminate\\Foundation\\Http\\Middleware\\ValidatePostSize->handle(Object(Illuminate\\Http\\Request), Object(Closure))
#59 /Applications/MAMP/htdocs/tmracing/vendor/laravel/framework/src/Illuminate/Pipeline/Pipeline.php(119): Illuminate\\Pipeline\\Pipeline->Illuminate\\Pipeline\\{closure}(Object(Illuminate\\Http\\Request))
#60 /Applications/MAMP/htdocs/tmracing/vendor/laravel/framework/src/Illuminate/Foundation/Http/Kernel.php(175): Illuminate\\Pipeline\\Pipeline->then(Object(Closure))
#61 /Applications/MAMP/htdocs/tmracing/vendor/laravel/framework/src/Illuminate/Foundation/Http/Kernel.php(144): Illuminate\\Foundation\\Http\\Kernel->sendRequestThroughRouter(Object(Illuminate\\Http\\Request))
#62 /Applications/MAMP/htdocs/tmracing/index.php(56): Illuminate\\Foundation\\Http\\Kernel->handle(Object(Illuminate\\Http\\Request))
#63 {main}

[previous exception] [object] (Illuminate\\View\\ViewException(code: 0): Route [bulk_product_link.index] not defined. (View: /Applications/MAMP/htdocs/tmracing/resources/views/backend/inc/admin_sidenav.blade.php) at /Applications/MAMP/htdocs/tmracing/vendor/laravel/framework/src/Illuminate/Routing/UrlGenerator.php:477)
[stacktrace]
#0 /Applications/MAMP/htdocs/tmracing/vendor/laravel/framework/src/Illuminate/View/Engines/PhpEngine.php(60): Illuminate\\View\\Engines\\CompilerEngine->handleViewException(Object(Symfony\\Component\\Routing\\Exception\\RouteNotFoundException), 3)
#1 /Applications/MAMP/htdocs/tmracing/vendor/laravel/framework/src/Illuminate/View/Engines/CompilerEngine.php(72): Illuminate\\View\\Engines\\PhpEngine->evaluatePath('/Applications/M...', Array)
#2 /Applications/MAMP/htdocs/tmracing/vendor/laravel/framework/src/Illuminate/View/View.php(207): Illuminate\\View\\Engines\\CompilerEngine->get('/Applications/M...', Array)
#3 /Applications/MAMP/htdocs/tmracing/vendor/laravel/framework/src/Illuminate/View/View.php(190): Illuminate\\View\\View->getContents()
#4 /Applications/MAMP/htdocs/tmracing/vendor/laravel/framework/src/Illuminate/View/View.php(159): Illuminate\\View\\View->renderContents()
#5 /Applications/MAMP/htdocs/tmracing/storage/framework/views/51241a89213cf2e81bcb43659f093fc6.php(109): Illuminate\\View\\View->render()
#6 /Applications/MAMP/htdocs/tmracing/vendor/laravel/framework/src/Illuminate/Filesystem/Filesystem.php(123): require('/Applications/M...')
#7 /Applications/MAMP/htdocs/tmracing/vendor/laravel/framework/src/Illuminate/Filesystem/Filesystem.php(124): Illuminate\\Filesystem\\Filesystem::Illuminate\\Filesystem\\{closure}()
#8 /Applications/MAMP/htdocs/tmracing/vendor/laravel/framework/src/Illuminate/View/Engines/PhpEngine.php(58): Illuminate\\Filesystem\\Filesystem->getRequire('/Applications/M...', Array)
#9 /Applications/MAMP/htdocs/tmracing/vendor/laravel/framework/src/Illuminate/View/Engines/CompilerEngine.php(72): Illuminate\\View\\Engines\\PhpEngine->evaluatePath('/Applications/M...', Array)
#10 /Applications/MAMP/htdocs/tmracing/vendor/laravel/framework/src/Illuminate/View/View.php(207): Illuminate\\View\\Engines\\CompilerEngine->get('/Applications/M...', Array)
#11 /Applications/MAMP/htdocs/tmracing/vendor/laravel/framework/src/Illuminate/View/View.php(190): Illuminate\\View\\View->getContents()
#12 /Applications/MAMP/htdocs/tmracing/vendor/laravel/framework/src/Illuminate/View/View.php(159): Illuminate\\View\\View->renderContents()
#13 /Applications/MAMP/htdocs/tmracing/storage/framework/views/dbb111c6b46ccd6d5a2d7641cf270db3.php(341): Illuminate\\View\\View->render()
#14 /Applications/MAMP/htdocs/tmracing/vendor/laravel/framework/src/Illuminate/Filesystem/Filesystem.php(123): require('/Applications/M...')
#15 /Applications/MAMP/htdocs/tmracing/vendor/laravel/framework/src/Illuminate/Filesystem/Filesystem.php(124): Illuminate\\Filesystem\\Filesystem::Illuminate\\Filesystem\\{closure}()
#16 /Applications/MAMP/htdocs/tmracing/vendor/laravel/framework/src/Illuminate/View/Engines/PhpEngine.php(58): Illuminate\\Filesystem\\Filesystem->getRequire('/Applications/M...', Array)
#17 /Applications/MAMP/htdocs/tmracing/vendor/laravel/framework/src/Illuminate/View/Engines/CompilerEngine.php(72): Illuminate\\View\\Engines\\PhpEngine->evaluatePath('/Applications/M...', Array)
#18 /Applications/MAMP/htdocs/tmracing/vendor/laravel/framework/src/Illuminate/View/View.php(207): Illuminate\\View\\Engines\\CompilerEngine->get('/Applications/M...', Array)
#19 /Applications/MAMP/htdocs/tmracing/vendor/laravel/framework/src/Illuminate/View/View.php(190): Illuminate\\View\\View->getContents()
#20 /Applications/MAMP/htdocs/tmracing/vendor/laravel/framework/src/Illuminate/View/View.php(159): Illuminate\\View\\View->renderContents()
#21 /Applications/MAMP/htdocs/tmracing/vendor/laravel/framework/src/Illuminate/Http/Response.php(69): Illuminate\\View\\View->render()
#22 /Applications/MAMP/htdocs/tmracing/vendor/laravel/framework/src/Illuminate/Http/Response.php(35): Illuminate\\Http\\Response->setContent(Object(Illuminate\\View\\View))
#23 /Applications/MAMP/htdocs/tmracing/vendor/laravel/framework/src/Illuminate/Routing/Router.php(918): Illuminate\\Http\\Response->__construct(Object(Illuminate\\View\\View), 200, Array)
#24 /Applications/MAMP/htdocs/tmracing/vendor/laravel/framework/src/Illuminate/Routing/Router.php(885): Illuminate\\Routing\\Router::toResponse(Object(Illuminate\\Http\\Request), Object(Illuminate\\View\\View))
#25 /Applications/MAMP/htdocs/tmracing/vendor/laravel/framework/src/Illuminate/Routing/Router.php(805): Illuminate\\Routing\\Router->prepareResponse(Object(Illuminate\\Http\\Request), Object(Illuminate\\View\\View))
#26 /Applications/MAMP/htdocs/tmracing/vendor/laravel/framework/src/Illuminate/Pipeline/Pipeline.php(144): Illuminate\\Routing\\Router->Illuminate\\Routing\\{closure}(Object(Illuminate\\Http\\Request))
#27 /Applications/MAMP/htdocs/tmracing/app/Http/Middleware/IsAdmin.php(20): Illuminate\\Pipeline\\Pipeline->Illuminate\\Pipeline\\{closure}(Object(Illuminate\\Http\\Request))
#28 /Applications/MAMP/htdocs/tmracing/vendor/laravel/framework/src/Illuminate/Pipeline/Pipeline.php(183): App\\Http\\Middleware\\IsAdmin->handle(Object(Illuminate\\Http\\Request), Object(Closure))
#29 /Applications/MAMP/htdocs/tmracing/app/Http/Middleware/CheckForMaintenanceMode.php(58): Illuminate\\Pipeline\\Pipeline->Illuminate\\Pipeline\\{closure}(Object(Illuminate\\Http\\Request))
#30 /Applications/MAMP/htdocs/tmracing/vendor/laravel/framework/src/Illuminate/Pipeline/Pipeline.php(183): App\\Http\\Middleware\\CheckForMaintenanceMode->handle(Object(Illuminate\\Http\\Request), Object(Closure))
#31 /Applications/MAMP/htdocs/tmracing/app/Http/Middleware/HttpsProtocol.php(20): Illuminate\\Pipeline\\Pipeline->Illuminate\\Pipeline\\{closure}(Object(Illuminate\\Http\\Request))
#32 /Applications/MAMP/htdocs/tmracing/vendor/laravel/framework/src/Illuminate/Pipeline/Pipeline.php(183): App\\Http\\Middleware\\HttpsProtocol->handle(Object(Illuminate\\Http\\Request), Object(Closure))
#33 /Applications/MAMP/htdocs/tmracing/app/Http/Middleware/Language.php(31): Illuminate\\Pipeline\\Pipeline->Illuminate\\Pipeline\\{closure}(Object(Illuminate\\Http\\Request))
#34 /Applications/MAMP/htdocs/tmracing/vendor/laravel/framework/src/Illuminate/Pipeline/Pipeline.php(183): App\\Http\\Middleware\\Language->handle(Object(Illuminate\\Http\\Request), Object(Closure))
#35 /Applications/MAMP/htdocs/tmracing/vendor/laravel/framework/src/Illuminate/Routing/Middleware/SubstituteBindings.php(50): Illuminate\\Pipeline\\Pipeline->Illuminate\\Pipeline\\{closure}(Object(Illuminate\\Http\\Request))
#36 /Applications/MAMP/htdocs/tmracing/vendor/laravel/framework/src/Illuminate/Pipeline/Pipeline.php(183): Illuminate\\Routing\\Middleware\\SubstituteBindings->handle(Object(Illuminate\\Http\\Request), Object(Closure))
#37 /Applications/MAMP/htdocs/tmracing/vendor/laravel/framework/src/Illuminate/Auth/Middleware/Authenticate.php(57): Illuminate\\Pipeline\\Pipeline->Illuminate\\Pipeline\\{closure}(Object(Illuminate\\Http\\Request))
#38 /Applications/MAMP/htdocs/tmracing/vendor/laravel/framework/src/Illuminate/Pipeline/Pipeline.php(183): Illuminate\\Auth\\Middleware\\Authenticate->handle(Object(Illuminate\\Http\\Request), Object(Closure))
#39 /Applications/MAMP/htdocs/tmracing/vendor/laravel/framework/src/Illuminate/Foundation/Http/Middleware/VerifyCsrfToken.php(78): Illuminate\\Pipeline\\Pipeline->Illuminate\\Pipeline\\{closure}(Object(Illuminate\\Http\\Request))
#40 /Applications/MAMP/htdocs/tmracing/vendor/laravel/framework/src/Illuminate/Pipeline/Pipeline.php(183): Illuminate\\Foundation\\Http\\Middleware\\VerifyCsrfToken->handle(Object(Illuminate\\Http\\Request), Object(Closure))
#41 /Applications/MAMP/htdocs/tmracing/vendor/laravel/framework/src/Illuminate/View/Middleware/ShareErrorsFromSession.php(49): Illuminate\\Pipeline\\Pipeline->Illuminate\\Pipeline\\{closure}(Object(Illuminate\\Http\\Request))
#42 /Applications/MAMP/htdocs/tmracing/vendor/laravel/framework/src/Illuminate/Pipeline/Pipeline.php(183): Illuminate\\View\\Middleware\\ShareErrorsFromSession->handle(Object(Illuminate\\Http\\Request), Object(Closure))
#43 /Applications/MAMP/htdocs/tmracing/vendor/laravel/framework/src/Illuminate/Session/Middleware/StartSession.php(121): Illuminate\\Pipeline\\Pipeline->Illuminate\\Pipeline\\{closure}(Object(Illuminate\\Http\\Request))
#44 /Applications/MAMP/htdocs/tmracing/vendor/laravel/framework/src/Illuminate/Session/Middleware/StartSession.php(64): Illuminate\\Session\\Middleware\\StartSession->handleStatefulRequest(Object(Illuminate\\Http\\Request), Object(Illuminate\\Session\\Store), Object(Closure))
#45 /Applications/MAMP/htdocs/tmracing/vendor/laravel/framework/src/Illuminate/Pipeline/Pipeline.php(183): Illuminate\\Session\\Middleware\\StartSession->handle(Object(Illuminate\\Http\\Request), Object(Closure))
#46 /Applications/MAMP/htdocs/tmracing/vendor/laravel/framework/src/Illuminate/Cookie/Middleware/AddQueuedCookiesToResponse.php(37): Illuminate\\Pipeline\\Pipeline->Illuminate\\Pipeline\\{closure}(Object(Illuminate\\Http\\Request))
#47 /Applications/MAMP/htdocs/tmracing/vendor/laravel/framework/src/Illuminate/Pipeline/Pipeline.php(183): Illuminate\\Cookie\\Middleware\\AddQueuedCookiesToResponse->handle(Object(Illuminate\\Http\\Request), Object(Closure))
#48 /Applications/MAMP/htdocs/tmracing/vendor/laravel/framework/src/Illuminate/Pipeline/Pipeline.php(119): Illuminate\\Pipeline\\Pipeline->Illuminate\\Pipeline\\{closure}(Object(Illuminate\\Http\\Request))
#49 /Applications/MAMP/htdocs/tmracing/vendor/laravel/framework/src/Illuminate/Routing/Router.php(805): Illuminate\\Pipeline\\Pipeline->then(Object(Closure))
#50 /Applications/MAMP/htdocs/tmracing/vendor/laravel/framework/src/Illuminate/Routing/Router.php(784): Illuminate\\Routing\\Router->runRouteWithinStack(Object(Illuminate\\Routing\\Route), Object(Illuminate\\Http\\Request))
#51 /Applications/MAMP/htdocs/tmracing/vendor/laravel/framework/src/Illuminate/Routing/Router.php(748): Illuminate\\Routing\\Router->runRoute(Object(Illuminate\\Http\\Request), Object(Illuminate\\Routing\\Route))
#52 /Applications/MAMP/htdocs/tmracing/vendor/laravel/framework/src/Illuminate/Routing/Router.php(737): Illuminate\\Routing\\Router->dispatchToRoute(Object(Illuminate\\Http\\Request))
#53 /Applications/MAMP/htdocs/tmracing/vendor/laravel/framework/src/Illuminate/Foundation/Http/Kernel.php(200): Illuminate\\Routing\\Router->dispatch(Object(Illuminate\\Http\\Request))
#54 /Applications/MAMP/htdocs/tmracing/vendor/laravel/framework/src/Illuminate/Pipeline/Pipeline.php(144): Illuminate\\Foundation\\Http\\Kernel->Illuminate\\Foundation\\Http\\{closure}(Object(Illuminate\\Http\\Request))
#55 /Applications/MAMP/htdocs/tmracing/vendor/barryvdh/laravel-debugbar/src/Middleware/InjectDebugbar.php(66): Illuminate\\Pipeline\\Pipeline->Illuminate\\Pipeline\\{closure}(Object(Illuminate\\Http\\Request))
#56 /Applications/MAMP/htdocs/tmracing/vendor/laravel/framework/src/Illuminate/Pipeline/Pipeline.php(183): Barryvdh\\Debugbar\\Middleware\\InjectDebugbar->handle(Object(Illuminate\\Http\\Request), Object(Closure))
#57 /Applications/MAMP/htdocs/tmracing/vendor/laravel/framework/src/Illuminate/Http/Middleware/TrustProxies.php(39): Illuminate\\Pipeline\\Pipeline->Illuminate\\Pipeline\\{closure}(Object(Illuminate\\Http\\Request))
#58 /Applications/MAMP/htdocs/tmracing/vendor/laravel/framework/src/Illuminate/Pipeline/Pipeline.php(183): Illuminate\\Http\\Middleware\\TrustProxies->handle(Object(Illuminate\\Http\\Request), Object(Closure))
#59 /Applications/MAMP/htdocs/tmracing/vendor/laravel/framework/src/Illuminate/Foundation/Http/Middleware/TransformsRequest.php(21): Illuminate\\Pipeline\\Pipeline->Illuminate\\Pipeline\\{closure}(Object(Illuminate\\Http\\Request))
#60 /Applications/MAMP/htdocs/tmracing/vendor/laravel/framework/src/Illuminate/Foundation/Http/Middleware/ConvertEmptyStringsToNull.php(31): Illuminate\\Foundation\\Http\\Middleware\\TransformsRequest->handle(Object(Illuminate\\Http\\Request), Object(Closure))
#61 /Applications/MAMP/htdocs/tmracing/vendor/laravel/framework/src/Illuminate/Pipeline/Pipeline.php(183): Illuminate\\Foundation\\Http\\Middleware\\ConvertEmptyStringsToNull->handle(Object(Illuminate\\Http\\Request), Object(Closure))
#62 /Applications/MAMP/htdocs/tmracing/vendor/laravel/framework/src/Illuminate/Foundation/Http/Middleware/TransformsRequest.php(21): Illuminate\\Pipeline\\Pipeline->Illuminate\\Pipeline\\{closure}(Object(Illuminate\\Http\\Request))
#63 /Applications/MAMP/htdocs/tmracing/vendor/laravel/framework/src/Illuminate/Foundation/Http/Middleware/TrimStrings.php(40): Illuminate\\Foundation\\Http\\Middleware\\TransformsRequest->handle(Object(Illuminate\\Http\\Request), Object(Closure))
#64 /Applications/MAMP/htdocs/tmracing/vendor/laravel/framework/src/Illuminate/Pipeline/Pipeline.php(183): Illuminate\\Foundation\\Http\\Middleware\\TrimStrings->handle(Object(Illuminate\\Http\\Request), Object(Closure))
#65 /Applications/MAMP/htdocs/tmracing/vendor/laravel/framework/src/Illuminate/Foundation/Http/Middleware/ValidatePostSize.php(27): Illuminate\\Pipeline\\Pipeline->Illuminate\\Pipeline\\{closure}(Object(Illuminate\\Http\\Request))
#66 /Applications/MAMP/htdocs/tmracing/vendor/laravel/framework/src/Illuminate/Pipeline/Pipeline.php(183): Illuminate\\Foundation\\Http\\Middleware\\ValidatePostSize->handle(Object(Illuminate\\Http\\Request), Object(Closure))
#67 /Applications/MAMP/htdocs/tmracing/vendor/laravel/framework/src/Illuminate/Pipeline/Pipeline.php(119): Illuminate\\Pipeline\\Pipeline->Illuminate\\Pipeline\\{closure}(Object(Illuminate\\Http\\Request))
#68 /Applications/MAMP/htdocs/tmracing/vendor/laravel/framework/src/Illuminate/Foundation/Http/Kernel.php(175): Illuminate\\Pipeline\\Pipeline->then(Object(Closure))
#69 /Applications/MAMP/htdocs/tmracing/vendor/laravel/framework/src/Illuminate/Foundation/Http/Kernel.php(144): Illuminate\\Foundation\\Http\\Kernel->sendRequestThroughRouter(Object(Illuminate\\Http\\Request))
#70 /Applications/MAMP/htdocs/tmracing/index.php(56): Illuminate\\Foundation\\Http\\Kernel->handle(Object(Illuminate\\Http\\Request))
#71 {main}

[previous exception] [object] (Symfony\\Component\\Routing\\Exception\\RouteNotFoundException(code: 0): Route [bulk_product_link.index] not defined. at /Applications/MAMP/htdocs/tmracing/vendor/laravel/framework/src/Illuminate/Routing/UrlGenerator.php:477)
[stacktrace]
#0 /Applications/MAMP/htdocs/tmracing/vendor/laravel/framework/src/Illuminate/Foundation/helpers.php(811): Illuminate\\Routing\\UrlGenerator->route('bulk_product_li...', Array, true)
#1 /Applications/MAMP/htdocs/tmracing/storage/framework/views/30cc1369e52c9f8f9176d26352b14d9c.php(166): route('bulk_product_li...')
#2 /Applications/MAMP/htdocs/tmracing/vendor/laravel/framework/src/Illuminate/Filesystem/Filesystem.php(123): require('/Applications/M...')
#3 /Applications/MAMP/htdocs/tmracing/vendor/laravel/framework/src/Illuminate/Filesystem/Filesystem.php(124): Illuminate\\Filesystem\\Filesystem::Illuminate\\Filesystem\\{closure}()
#4 /Applications/MAMP/htdocs/tmracing/vendor/laravel/framework/src/Illuminate/View/Engines/PhpEngine.php(58): Illuminate\\Filesystem\\Filesystem->getRequire('/Applications/M...', Array)
#5 /Applications/MAMP/htdocs/tmracing/vendor/laravel/framework/src/Illuminate/View/Engines/CompilerEngine.php(72): Illuminate\\View\\Engines\\PhpEngine->evaluatePath('/Applications/M...', Array)
#6 /Applications/MAMP/htdocs/tmracing/vendor/laravel/framework/src/Illuminate/View/View.php(207): Illuminate\\View\\Engines\\CompilerEngine->get('/Applications/M...', Array)
#7 /Applications/MAMP/htdocs/tmracing/vendor/laravel/framework/src/Illuminate/View/View.php(190): Illuminate\\View\\View->getContents()
#8 /Applications/MAMP/htdocs/tmracing/vendor/laravel/framework/src/Illuminate/View/View.php(159): Illuminate\\View\\View->renderContents()
#9 /Applications/MAMP/htdocs/tmracing/storage/framework/views/51241a89213cf2e81bcb43659f093fc6.php(109): Illuminate\\View\\View->render()
#10 /Applications/MAMP/htdocs/tmracing/vendor/laravel/framework/src/Illuminate/Filesystem/Filesystem.php(123): require('/Applications/M...')
#11 /Applications/MAMP/htdocs/tmracing/vendor/laravel/framework/src/Illuminate/Filesystem/Filesystem.php(124): Illuminate\\Filesystem\\Filesystem::Illuminate\\Filesystem\\{closure}()
#12 /Applications/MAMP/htdocs/tmracing/vendor/laravel/framework/src/Illuminate/View/Engines/PhpEngine.php(58): Illuminate\\Filesystem\\Filesystem->getRequire('/Applications/M...', Array)
#13 /Applications/MAMP/htdocs/tmracing/vendor/laravel/framework/src/Illuminate/View/Engines/CompilerEngine.php(72): Illuminate\\View\\Engines\\PhpEngine->evaluatePath('/Applications/M...', Array)
#14 /Applications/MAMP/htdocs/tmracing/vendor/laravel/framework/src/Illuminate/View/View.php(207): Illuminate\\View\\Engines\\CompilerEngine->get('/Applications/M...', Array)
#15 /Applications/MAMP/htdocs/tmracing/vendor/laravel/framework/src/Illuminate/View/View.php(190): Illuminate\\View\\View->getContents()
#16 /Applications/MAMP/htdocs/tmracing/vendor/laravel/framework/src/Illuminate/View/View.php(159): Illuminate\\View\\View->renderContents()
#17 /Applications/MAMP/htdocs/tmracing/storage/framework/views/dbb111c6b46ccd6d5a2d7641cf270db3.php(341): Illuminate\\View\\View->render()
#18 /Applications/MAMP/htdocs/tmracing/vendor/laravel/framework/src/Illuminate/Filesystem/Filesystem.php(123): require('/Applications/M...')
#19 /Applications/MAMP/htdocs/tmracing/vendor/laravel/framework/src/Illuminate/Filesystem/Filesystem.php(124): Illuminate\\Filesystem\\Filesystem::Illuminate\\Filesystem\\{closure}()
#20 /Applications/MAMP/htdocs/tmracing/vendor/laravel/framework/src/Illuminate/View/Engines/PhpEngine.php(58): Illuminate\\Filesystem\\Filesystem->getRequire('/Applications/M...', Array)
#21 /Applications/MAMP/htdocs/tmracing/vendor/laravel/framework/src/Illuminate/View/Engines/CompilerEngine.php(72): Illuminate\\View\\Engines\\PhpEngine->evaluatePath('/Applications/M...', Array)
#22 /Applications/MAMP/htdocs/tmracing/vendor/laravel/framework/src/Illuminate/View/View.php(207): Illuminate\\View\\Engines\\CompilerEngine->get('/Applications/M...', Array)
#23 /Applications/MAMP/htdocs/tmracing/vendor/laravel/framework/src/Illuminate/View/View.php(190): Illuminate\\View\\View->getContents()
#24 /Applications/MAMP/htdocs/tmracing/vendor/laravel/framework/src/Illuminate/View/View.php(159): Illuminate\\View\\View->renderContents()
#25 /Applications/MAMP/htdocs/tmracing/vendor/laravel/framework/src/Illuminate/Http/Response.php(69): Illuminate\\View\\View->render()
#26 /Applications/MAMP/htdocs/tmracing/vendor/laravel/framework/src/Illuminate/Http/Response.php(35): Illuminate\\Http\\Response->setContent(Object(Illuminate\\View\\View))
#27 /Applications/MAMP/htdocs/tmracing/vendor/laravel/framework/src/Illuminate/Routing/Router.php(918): Illuminate\\Http\\Response->__construct(Object(Illuminate\\View\\View), 200, Array)
#28 /Applications/MAMP/htdocs/tmracing/vendor/laravel/framework/src/Illuminate/Routing/Router.php(885): Illuminate\\Routing\\Router::toResponse(Object(Illuminate\\Http\\Request), Object(Illuminate\\View\\View))
#29 /Applications/MAMP/htdocs/tmracing/vendor/laravel/framework/src/Illuminate/Routing/Router.php(805): Illuminate\\Routing\\Router->prepareResponse(Object(Illuminate\\Http\\Request), Object(Illuminate\\View\\View))
#30 /Applications/MAMP/htdocs/tmracing/vendor/laravel/framework/src/Illuminate/Pipeline/Pipeline.php(144): Illuminate\\Routing\\Router->Illuminate\\Routing\\{closure}(Object(Illuminate\\Http\\Request))
#31 /Applications/MAMP/htdocs/tmracing/app/Http/Middleware/IsAdmin.php(20): Illuminate\\Pipeline\\Pipeline->Illuminate\\Pipeline\\{closure}(Object(Illuminate\\Http\\Request))
#32 /Applications/MAMP/htdocs/tmracing/vendor/laravel/framework/src/Illuminate/Pipeline/Pipeline.php(183): App\\Http\\Middleware\\IsAdmin->handle(Object(Illuminate\\Http\\Request), Object(Closure))
#33 /Applications/MAMP/htdocs/tmracing/app/Http/Middleware/CheckForMaintenanceMode.php(58): Illuminate\\Pipeline\\Pipeline->Illuminate\\Pipeline\\{closure}(Object(Illuminate\\Http\\Request))
#34 /Applications/MAMP/htdocs/tmracing/vendor/laravel/framework/src/Illuminate/Pipeline/Pipeline.php(183): App\\Http\\Middleware\\CheckForMaintenanceMode->handle(Object(Illuminate\\Http\\Request), Object(Closure))
#35 /Applications/MAMP/htdocs/tmracing/app/Http/Middleware/HttpsProtocol.php(20): Illuminate\\Pipeline\\Pipeline->Illuminate\\Pipeline\\{closure}(Object(Illuminate\\Http\\Request))
#36 /Applications/MAMP/htdocs/tmracing/vendor/laravel/framework/src/Illuminate/Pipeline/Pipeline.php(183): App\\Http\\Middleware\\HttpsProtocol->handle(Object(Illuminate\\Http\\Request), Object(Closure))
#37 /Applications/MAMP/htdocs/tmracing/app/Http/Middleware/Language.php(31): Illuminate\\Pipeline\\Pipeline->Illuminate\\Pipeline\\{closure}(Object(Illuminate\\Http\\Request))
#38 /Applications/MAMP/htdocs/tmracing/vendor/laravel/framework/src/Illuminate/Pipeline/Pipeline.php(183): App\\Http\\Middleware\\Language->handle(Object(Illuminate\\Http\\Request), Object(Closure))
#39 /Applications/MAMP/htdocs/tmracing/vendor/laravel/framework/src/Illuminate/Routing/Middleware/SubstituteBindings.php(50): Illuminate\\Pipeline\\Pipeline->Illuminate\\Pipeline\\{closure}(Object(Illuminate\\Http\\Request))
#40 /Applications/MAMP/htdocs/tmracing/vendor/laravel/framework/src/Illuminate/Pipeline/Pipeline.php(183): Illuminate\\Routing\\Middleware\\SubstituteBindings->handle(Object(Illuminate\\Http\\Request), Object(Closure))
#41 /Applications/MAMP/htdocs/tmracing/vendor/laravel/framework/src/Illuminate/Auth/Middleware/Authenticate.php(57): Illuminate\\Pipeline\\Pipeline->Illuminate\\Pipeline\\{closure}(Object(Illuminate\\Http\\Request))
#42 /Applications/MAMP/htdocs/tmracing/vendor/laravel/framework/src/Illuminate/Pipeline/Pipeline.php(183): Illuminate\\Auth\\Middleware\\Authenticate->handle(Object(Illuminate\\Http\\Request), Object(Closure))
#43 /Applications/MAMP/htdocs/tmracing/vendor/laravel/framework/src/Illuminate/Foundation/Http/Middleware/VerifyCsrfToken.php(78): Illuminate\\Pipeline\\Pipeline->Illuminate\\Pipeline\\{closure}(Object(Illuminate\\Http\\Request))
#44 /Applications/MAMP/htdocs/tmracing/vendor/laravel/framework/src/Illuminate/Pipeline/Pipeline.php(183): Illuminate\\Foundation\\Http\\Middleware\\VerifyCsrfToken->handle(Object(Illuminate\\Http\\Request), Object(Closure))
#45 /Applications/MAMP/htdocs/tmracing/vendor/laravel/framework/src/Illuminate/View/Middleware/ShareErrorsFromSession.php(49): Illuminate\\Pipeline\\Pipeline->Illuminate\\Pipeline\\{closure}(Object(Illuminate\\Http\\Request))
#46 /Applications/MAMP/htdocs/tmracing/vendor/laravel/framework/src/Illuminate/Pipeline/Pipeline.php(183): Illuminate\\View\\Middleware\\ShareErrorsFromSession->handle(Object(Illuminate\\Http\\Request), Object(Closure))
#47 /Applications/MAMP/htdocs/tmracing/vendor/laravel/framework/src/Illuminate/Session/Middleware/StartSession.php(121): Illuminate\\Pipeline\\Pipeline->Illuminate\\Pipeline\\{closure}(Object(Illuminate\\Http\\Request))
#48 /Applications/MAMP/htdocs/tmracing/vendor/laravel/framework/src/Illuminate/Session/Middleware/StartSession.php(64): Illuminate\\Session\\Middleware\\StartSession->handleStatefulRequest(Object(Illuminate\\Http\\Request), Object(Illuminate\\Session\\Store), Object(Closure))
#49 /Applications/MAMP/htdocs/tmracing/vendor/laravel/framework/src/Illuminate/Pipeline/Pipeline.php(183): Illuminate\\Session\\Middleware\\StartSession->handle(Object(Illuminate\\Http\\Request), Object(Closure))
#50 /Applications/MAMP/htdocs/tmracing/vendor/laravel/framework/src/Illuminate/Cookie/Middleware/AddQueuedCookiesToResponse.php(37): Illuminate\\Pipeline\\Pipeline->Illuminate\\Pipeline\\{closure}(Object(Illuminate\\Http\\Request))
#51 /Applications/MAMP/htdocs/tmracing/vendor/laravel/framework/src/Illuminate/Pipeline/Pipeline.php(183): Illuminate\\Cookie\\Middleware\\AddQueuedCookiesToResponse->handle(Object(Illuminate\\Http\\Request), Object(Closure))
#52 /Applications/MAMP/htdocs/tmracing/vendor/laravel/framework/src/Illuminate/Pipeline/Pipeline.php(119): Illuminate\\Pipeline\\Pipeline->Illuminate\\Pipeline\\{closure}(Object(Illuminate\\Http\\Request))
#53 /Applications/MAMP/htdocs/tmracing/vendor/laravel/framework/src/Illuminate/Routing/Router.php(805): Illuminate\\Pipeline\\Pipeline->then(Object(Closure))
#54 /Applications/MAMP/htdocs/tmracing/vendor/laravel/framework/src/Illuminate/Routing/Router.php(784): Illuminate\\Routing\\Router->runRouteWithinStack(Object(Illuminate\\Routing\\Route), Object(Illuminate\\Http\\Request))
#55 /Applications/MAMP/htdocs/tmracing/vendor/laravel/framework/src/Illuminate/Routing/Router.php(748): Illuminate\\Routing\\Router->runRoute(Object(Illuminate\\Http\\Request), Object(Illuminate\\Routing\\Route))
#56 /Applications/MAMP/htdocs/tmracing/vendor/laravel/framework/src/Illuminate/Routing/Router.php(737): Illuminate\\Routing\\Router->dispatchToRoute(Object(Illuminate\\Http\\Request))
#57 /Applications/MAMP/htdocs/tmracing/vendor/laravel/framework/src/Illuminate/Foundation/Http/Kernel.php(200): Illuminate\\Routing\\Router->dispatch(Object(Illuminate\\Http\\Request))
#58 /Applications/MAMP/htdocs/tmracing/vendor/laravel/framework/src/Illuminate/Pipeline/Pipeline.php(144): Illuminate\\Foundation\\Http\\Kernel->Illuminate\\Foundation\\Http\\{closure}(Object(Illuminate\\Http\\Request))
#59 /Applications/MAMP/htdocs/tmracing/vendor/barryvdh/laravel-debugbar/src/Middleware/InjectDebugbar.php(66): Illuminate\\Pipeline\\Pipeline->Illuminate\\Pipeline\\{closure}(Object(Illuminate\\Http\\Request))
#60 /Applications/MAMP/htdocs/tmracing/vendor/laravel/framework/src/Illuminate/Pipeline/Pipeline.php(183): Barryvdh\\Debugbar\\Middleware\\InjectDebugbar->handle(Object(Illuminate\\Http\\Request), Object(Closure))
#61 /Applications/MAMP/htdocs/tmracing/vendor/laravel/framework/src/Illuminate/Http/Middleware/TrustProxies.php(39): Illuminate\\Pipeline\\Pipeline->Illuminate\\Pipeline\\{closure}(Object(Illuminate\\Http\\Request))
#62 /Applications/MAMP/htdocs/tmracing/vendor/laravel/framework/src/Illuminate/Pipeline/Pipeline.php(183): Illuminate\\Http\\Middleware\\TrustProxies->handle(Object(Illuminate\\Http\\Request), Object(Closure))
#63 /Applications/MAMP/htdocs/tmracing/vendor/laravel/framework/src/Illuminate/Foundation/Http/Middleware/TransformsRequest.php(21): Illuminate\\Pipeline\\Pipeline->Illuminate\\Pipeline\\{closure}(Object(Illuminate\\Http\\Request))
#64 /Applications/MAMP/htdocs/tmracing/vendor/laravel/framework/src/Illuminate/Foundation/Http/Middleware/ConvertEmptyStringsToNull.php(31): Illuminate\\Foundation\\Http\\Middleware\\TransformsRequest->handle(Object(Illuminate\\Http\\Request), Object(Closure))
#65 /Applications/MAMP/htdocs/tmracing/vendor/laravel/framework/src/Illuminate/Pipeline/Pipeline.php(183): Illuminate\\Foundation\\Http\\Middleware\\ConvertEmptyStringsToNull->handle(Object(Illuminate\\Http\\Request), Object(Closure))
#66 /Applications/MAMP/htdocs/tmracing/vendor/laravel/framework/src/Illuminate/Foundation/Http/Middleware/TransformsRequest.php(21): Illuminate\\Pipeline\\Pipeline->Illuminate\\Pipeline\\{closure}(Object(Illuminate\\Http\\Request))
#67 /Applications/MAMP/htdocs/tmracing/vendor/laravel/framework/src/Illuminate/Foundation/Http/Middleware/TrimStrings.php(40): Illuminate\\Foundation\\Http\\Middleware\\TransformsRequest->handle(Object(Illuminate\\Http\\Request), Object(Closure))
#68 /Applications/MAMP/htdocs/tmracing/vendor/laravel/framework/src/Illuminate/Pipeline/Pipeline.php(183): Illuminate\\Foundation\\Http\\Middleware\\TrimStrings->handle(Object(Illuminate\\Http\\Request), Object(Closure))
#69 /Applications/MAMP/htdocs/tmracing/vendor/laravel/framework/src/Illuminate/Foundation/Http/Middleware/ValidatePostSize.php(27): Illuminate\\Pipeline\\Pipeline->Illuminate\\Pipeline\\{closure}(Object(Illuminate\\Http\\Request))
#70 /Applications/MAMP/htdocs/tmracing/vendor/laravel/framework/src/Illuminate/Pipeline/Pipeline.php(183): Illuminate\\Foundation\\Http\\Middleware\\ValidatePostSize->handle(Object(Illuminate\\Http\\Request), Object(Closure))
#71 /Applications/MAMP/htdocs/tmracing/vendor/laravel/framework/src/Illuminate/Pipeline/Pipeline.php(119): Illuminate\\Pipeline\\Pipeline->Illuminate\\Pipeline\\{closure}(Object(Illuminate\\Http\\Request))
#72 /Applications/MAMP/htdocs/tmracing/vendor/laravel/framework/src/Illuminate/Foundation/Http/Kernel.php(175): Illuminate\\Pipeline\\Pipeline->then(Object(Closure))
#73 /Applications/MAMP/htdocs/tmracing/vendor/laravel/framework/src/Illuminate/Foundation/Http/Kernel.php(144): Illuminate\\Foundation\\Http\\Kernel->sendRequestThroughRouter(Object(Illuminate\\Http\\Request))
#74 /Applications/MAMP/htdocs/tmracing/index.php(56): Illuminate\\Foundation\\Http\\Kernel->handle(Object(Illuminate\\Http\\Request))
#75 {main}
"} 
[2024-12-01 02:14:06] local.ERROR: include(/Applications/MAMP/htdocs/tmracing/vendor/composer/../../app/Http/Controllers/CommissionController.php): Failed to open stream: No such file or directory {"exception":"[object] (ErrorException(code: 0): include(/Applications/MAMP/htdocs/tmracing/vendor/composer/../../app/Http/Controllers/CommissionController.php): Failed to open stream: No such file or directory at /Applications/MAMP/htdocs/tmracing/vendor/composer/ClassLoader.php:576)
[stacktrace]
#0 /Applications/MAMP/htdocs/tmracing/vendor/laravel/framework/src/Illuminate/Foundation/Bootstrap/HandleExceptions.php(255): Illuminate\\Foundation\\Bootstrap\\HandleExceptions->handleError(2, 'include(/Applic...', '/Applications/M...', 576)
#1 /Applications/MAMP/htdocs/tmracing/vendor/composer/ClassLoader.php(576): Illuminate\\Foundation\\Bootstrap\\HandleExceptions->Illuminate\\Foundation\\Bootstrap\\{closure}(2, 'include(/Applic...', '/Applications/M...', 576)
#2 /Applications/MAMP/htdocs/tmracing/vendor/composer/ClassLoader.php(576): include('/Applications/M...')
#3 /Applications/MAMP/htdocs/tmracing/vendor/composer/ClassLoader.php(427): Composer\\Autoload\\{closure}('/Applications/M...')
#4 [internal function]: Composer\\Autoload\\ClassLoader->loadClass('App\\\\Http\\\\Contro...')
#5 /Applications/MAMP/htdocs/tmracing/vendor/laravel/framework/src/Illuminate/Routing/Route.php(1096): is_a('App\\\\Http\\\\Contro...', 'Illuminate\\\\Rout...', true)
#6 /Applications/MAMP/htdocs/tmracing/vendor/laravel/framework/src/Illuminate/Routing/Route.php(1035): Illuminate\\Routing\\Route->controllerMiddleware()
#7 /Applications/MAMP/htdocs/tmracing/vendor/laravel/framework/src/Illuminate/Routing/Router.php(818): Illuminate\\Routing\\Route->gatherMiddleware()
#8 /Applications/MAMP/htdocs/tmracing/vendor/laravel/framework/src/Illuminate/Foundation/Console/RouteListCommand.php(201): Illuminate\\Routing\\Router->gatherRouteMiddleware(Object(Illuminate\\Routing\\Route))
#9 /Applications/MAMP/htdocs/tmracing/vendor/laravel/framework/src/Illuminate/Foundation/Console/RouteListCommand.php(146): Illuminate\\Foundation\\Console\\RouteListCommand->getMiddleware(Object(Illuminate\\Routing\\Route))
#10 /Applications/MAMP/htdocs/tmracing/vendor/laravel/framework/src/Illuminate/Foundation/Console/RouteListCommand.php(116): Illuminate\\Foundation\\Console\\RouteListCommand->getRouteInformation(Object(Illuminate\\Routing\\Route))
#11 [internal function]: Illuminate\\Foundation\\Console\\RouteListCommand->Illuminate\\Foundation\\Console\\{closure}(Object(Illuminate\\Routing\\Route), 183)
#12 /Applications/MAMP/htdocs/tmracing/vendor/laravel/framework/src/Illuminate/Collections/Arr.php(600): array_map(Object(Closure), Array, Array)
#13 /Applications/MAMP/htdocs/tmracing/vendor/laravel/framework/src/Illuminate/Collections/Collection.php(777): Illuminate\\Support\\Arr::map(Array, Object(Closure))
#14 /Applications/MAMP/htdocs/tmracing/vendor/laravel/framework/src/Illuminate/Foundation/Console/RouteListCommand.php(115): Illuminate\\Support\\Collection->map(Object(Closure))
#15 /Applications/MAMP/htdocs/tmracing/vendor/laravel/framework/src/Illuminate/Foundation/Console/RouteListCommand.php(101): Illuminate\\Foundation\\Console\\RouteListCommand->getRoutes()
#16 /Applications/MAMP/htdocs/tmracing/vendor/laravel/framework/src/Illuminate/Container/BoundMethod.php(36): Illuminate\\Foundation\\Console\\RouteListCommand->handle()
#17 /Applications/MAMP/htdocs/tmracing/vendor/laravel/framework/src/Illuminate/Container/Util.php(41): Illuminate\\Container\\BoundMethod::Illuminate\\Container\\{closure}()
#18 /Applications/MAMP/htdocs/tmracing/vendor/laravel/framework/src/Illuminate/Container/BoundMethod.php(93): Illuminate\\Container\\Util::unwrapIfClosure(Object(Closure))
#19 /Applications/MAMP/htdocs/tmracing/vendor/laravel/framework/src/Illuminate/Container/BoundMethod.php(35): Illuminate\\Container\\BoundMethod::callBoundMethod(Object(Illuminate\\Foundation\\Application), Array, Object(Closure))
#20 /Applications/MAMP/htdocs/tmracing/vendor/laravel/framework/src/Illuminate/Container/Container.php(662): Illuminate\\Container\\BoundMethod::call(Object(Illuminate\\Foundation\\Application), Array, Array, NULL)
#21 /Applications/MAMP/htdocs/tmracing/vendor/laravel/framework/src/Illuminate/Console/Command.php(211): Illuminate\\Container\\Container->call(Array)
#22 /Applications/MAMP/htdocs/tmracing/vendor/symfony/console/Command/Command.php(326): Illuminate\\Console\\Command->execute(Object(Symfony\\Component\\Console\\Input\\ArgvInput), Object(Illuminate\\Console\\OutputStyle))
#23 /Applications/MAMP/htdocs/tmracing/vendor/laravel/framework/src/Illuminate/Console/Command.php(180): Symfony\\Component\\Console\\Command\\Command->run(Object(Symfony\\Component\\Console\\Input\\ArgvInput), Object(Illuminate\\Console\\OutputStyle))
#24 /Applications/MAMP/htdocs/tmracing/vendor/symfony/console/Application.php(1096): Illuminate\\Console\\Command->run(Object(Symfony\\Component\\Console\\Input\\ArgvInput), Object(Symfony\\Component\\Console\\Output\\ConsoleOutput))
#25 /Applications/MAMP/htdocs/tmracing/vendor/symfony/console/Application.php(324): Symfony\\Component\\Console\\Application->doRunCommand(Object(Illuminate\\Foundation\\Console\\RouteListCommand), Object(Symfony\\Component\\Console\\Input\\ArgvInput), Object(Symfony\\Component\\Console\\Output\\ConsoleOutput))
#26 /Applications/MAMP/htdocs/tmracing/vendor/symfony/console/Application.php(175): Symfony\\Component\\Console\\Application->doRun(Object(Symfony\\Component\\Console\\Input\\ArgvInput), Object(Symfony\\Component\\Console\\Output\\ConsoleOutput))
#27 /Applications/MAMP/htdocs/tmracing/vendor/laravel/framework/src/Illuminate/Foundation/Console/Kernel.php(201): Symfony\\Component\\Console\\Application->run(Object(Symfony\\Component\\Console\\Input\\ArgvInput), Object(Symfony\\Component\\Console\\Output\\ConsoleOutput))
#28 /Applications/MAMP/htdocs/tmracing/artisan(35): Illuminate\\Foundation\\Console\\Kernel->handle(Object(Symfony\\Component\\Console\\Input\\ArgvInput), Object(Symfony\\Component\\Console\\Output\\ConsoleOutput))
#29 {main}
"} 
[2024-12-01 02:14:09] local.ERROR: Route [language.change] not defined. (View: /Applications/MAMP/htdocs/tmracing/resources/views/backend/layouts/app.blade.php) (View: /Applications/MAMP/htdocs/tmracing/resources/views/backend/layouts/app.blade.php) {"userId":9,"exception":"[object] (Illuminate\\View\\ViewException(code: 0): Route [language.change] not defined. (View: /Applications/MAMP/htdocs/tmracing/resources/views/backend/layouts/app.blade.php) (View: /Applications/MAMP/htdocs/tmracing/resources/views/backend/layouts/app.blade.php) at /Applications/MAMP/htdocs/tmracing/vendor/laravel/framework/src/Illuminate/Routing/UrlGenerator.php:477)
[stacktrace]
#0 /Applications/MAMP/htdocs/tmracing/vendor/laravel/framework/src/Illuminate/View/Engines/PhpEngine.php(60): Illuminate\\View\\Engines\\CompilerEngine->handleViewException(Object(Illuminate\\View\\ViewException), 1)
#1 /Applications/MAMP/htdocs/tmracing/vendor/laravel/framework/src/Illuminate/View/Engines/CompilerEngine.php(72): Illuminate\\View\\Engines\\PhpEngine->evaluatePath('/Applications/M...', Array)
#2 /Applications/MAMP/htdocs/tmracing/vendor/laravel/framework/src/Illuminate/View/View.php(207): Illuminate\\View\\Engines\\CompilerEngine->get('/Applications/M...', Array)
#3 /Applications/MAMP/htdocs/tmracing/vendor/laravel/framework/src/Illuminate/View/View.php(190): Illuminate\\View\\View->getContents()
#4 /Applications/MAMP/htdocs/tmracing/vendor/laravel/framework/src/Illuminate/View/View.php(159): Illuminate\\View\\View->renderContents()
#5 /Applications/MAMP/htdocs/tmracing/vendor/laravel/framework/src/Illuminate/Http/Response.php(69): Illuminate\\View\\View->render()
#6 /Applications/MAMP/htdocs/tmracing/vendor/laravel/framework/src/Illuminate/Http/Response.php(35): Illuminate\\Http\\Response->setContent(Object(Illuminate\\View\\View))
#7 /Applications/MAMP/htdocs/tmracing/vendor/laravel/framework/src/Illuminate/Routing/Router.php(918): Illuminate\\Http\\Response->__construct(Object(Illuminate\\View\\View), 200, Array)
#8 /Applications/MAMP/htdocs/tmracing/vendor/laravel/framework/src/Illuminate/Routing/Router.php(885): Illuminate\\Routing\\Router::toResponse(Object(Illuminate\\Http\\Request), Object(Illuminate\\View\\View))
#9 /Applications/MAMP/htdocs/tmracing/vendor/laravel/framework/src/Illuminate/Routing/Router.php(805): Illuminate\\Routing\\Router->prepareResponse(Object(Illuminate\\Http\\Request), Object(Illuminate\\View\\View))
#10 /Applications/MAMP/htdocs/tmracing/vendor/laravel/framework/src/Illuminate/Pipeline/Pipeline.php(144): Illuminate\\Routing\\Router->Illuminate\\Routing\\{closure}(Object(Illuminate\\Http\\Request))
#11 /Applications/MAMP/htdocs/tmracing/app/Http/Middleware/IsAdmin.php(20): Illuminate\\Pipeline\\Pipeline->Illuminate\\Pipeline\\{closure}(Object(Illuminate\\Http\\Request))
#12 /Applications/MAMP/htdocs/tmracing/vendor/laravel/framework/src/Illuminate/Pipeline/Pipeline.php(183): App\\Http\\Middleware\\IsAdmin->handle(Object(Illuminate\\Http\\Request), Object(Closure))
#13 /Applications/MAMP/htdocs/tmracing/app/Http/Middleware/CheckForMaintenanceMode.php(58): Illuminate\\Pipeline\\Pipeline->Illuminate\\Pipeline\\{closure}(Object(Illuminate\\Http\\Request))
#14 /Applications/MAMP/htdocs/tmracing/vendor/laravel/framework/src/Illuminate/Pipeline/Pipeline.php(183): App\\Http\\Middleware\\CheckForMaintenanceMode->handle(Object(Illuminate\\Http\\Request), Object(Closure))
#15 /Applications/MAMP/htdocs/tmracing/app/Http/Middleware/HttpsProtocol.php(20): Illuminate\\Pipeline\\Pipeline->Illuminate\\Pipeline\\{closure}(Object(Illuminate\\Http\\Request))
#16 /Applications/MAMP/htdocs/tmracing/vendor/laravel/framework/src/Illuminate/Pipeline/Pipeline.php(183): App\\Http\\Middleware\\HttpsProtocol->handle(Object(Illuminate\\Http\\Request), Object(Closure))
#17 /Applications/MAMP/htdocs/tmracing/app/Http/Middleware/Language.php(31): Illuminate\\Pipeline\\Pipeline->Illuminate\\Pipeline\\{closure}(Object(Illuminate\\Http\\Request))
#18 /Applications/MAMP/htdocs/tmracing/vendor/laravel/framework/src/Illuminate/Pipeline/Pipeline.php(183): App\\Http\\Middleware\\Language->handle(Object(Illuminate\\Http\\Request), Object(Closure))
#19 /Applications/MAMP/htdocs/tmracing/vendor/laravel/framework/src/Illuminate/Routing/Middleware/SubstituteBindings.php(50): Illuminate\\Pipeline\\Pipeline->Illuminate\\Pipeline\\{closure}(Object(Illuminate\\Http\\Request))
#20 /Applications/MAMP/htdocs/tmracing/vendor/laravel/framework/src/Illuminate/Pipeline/Pipeline.php(183): Illuminate\\Routing\\Middleware\\SubstituteBindings->handle(Object(Illuminate\\Http\\Request), Object(Closure))
#21 /Applications/MAMP/htdocs/tmracing/vendor/laravel/framework/src/Illuminate/Auth/Middleware/Authenticate.php(57): Illuminate\\Pipeline\\Pipeline->Illuminate\\Pipeline\\{closure}(Object(Illuminate\\Http\\Request))
#22 /Applications/MAMP/htdocs/tmracing/vendor/laravel/framework/src/Illuminate/Pipeline/Pipeline.php(183): Illuminate\\Auth\\Middleware\\Authenticate->handle(Object(Illuminate\\Http\\Request), Object(Closure))
#23 /Applications/MAMP/htdocs/tmracing/vendor/laravel/framework/src/Illuminate/Foundation/Http/Middleware/VerifyCsrfToken.php(78): Illuminate\\Pipeline\\Pipeline->Illuminate\\Pipeline\\{closure}(Object(Illuminate\\Http\\Request))
#24 /Applications/MAMP/htdocs/tmracing/vendor/laravel/framework/src/Illuminate/Pipeline/Pipeline.php(183): Illuminate\\Foundation\\Http\\Middleware\\VerifyCsrfToken->handle(Object(Illuminate\\Http\\Request), Object(Closure))
#25 /Applications/MAMP/htdocs/tmracing/vendor/laravel/framework/src/Illuminate/View/Middleware/ShareErrorsFromSession.php(49): Illuminate\\Pipeline\\Pipeline->Illuminate\\Pipeline\\{closure}(Object(Illuminate\\Http\\Request))
#26 /Applications/MAMP/htdocs/tmracing/vendor/laravel/framework/src/Illuminate/Pipeline/Pipeline.php(183): Illuminate\\View\\Middleware\\ShareErrorsFromSession->handle(Object(Illuminate\\Http\\Request), Object(Closure))
#27 /Applications/MAMP/htdocs/tmracing/vendor/laravel/framework/src/Illuminate/Session/Middleware/StartSession.php(121): Illuminate\\Pipeline\\Pipeline->Illuminate\\Pipeline\\{closure}(Object(Illuminate\\Http\\Request))
#28 /Applications/MAMP/htdocs/tmracing/vendor/laravel/framework/src/Illuminate/Session/Middleware/StartSession.php(64): Illuminate\\Session\\Middleware\\StartSession->handleStatefulRequest(Object(Illuminate\\Http\\Request), Object(Illuminate\\Session\\Store), Object(Closure))
#29 /Applications/MAMP/htdocs/tmracing/vendor/laravel/framework/src/Illuminate/Pipeline/Pipeline.php(183): Illuminate\\Session\\Middleware\\StartSession->handle(Object(Illuminate\\Http\\Request), Object(Closure))
#30 /Applications/MAMP/htdocs/tmracing/vendor/laravel/framework/src/Illuminate/Cookie/Middleware/AddQueuedCookiesToResponse.php(37): Illuminate\\Pipeline\\Pipeline->Illuminate\\Pipeline\\{closure}(Object(Illuminate\\Http\\Request))
#31 /Applications/MAMP/htdocs/tmracing/vendor/laravel/framework/src/Illuminate/Pipeline/Pipeline.php(183): Illuminate\\Cookie\\Middleware\\AddQueuedCookiesToResponse->handle(Object(Illuminate\\Http\\Request), Object(Closure))
#32 /Applications/MAMP/htdocs/tmracing/vendor/laravel/framework/src/Illuminate/Pipeline/Pipeline.php(119): Illuminate\\Pipeline\\Pipeline->Illuminate\\Pipeline\\{closure}(Object(Illuminate\\Http\\Request))
#33 /Applications/MAMP/htdocs/tmracing/vendor/laravel/framework/src/Illuminate/Routing/Router.php(805): Illuminate\\Pipeline\\Pipeline->then(Object(Closure))
#34 /Applications/MAMP/htdocs/tmracing/vendor/laravel/framework/src/Illuminate/Routing/Router.php(784): Illuminate\\Routing\\Router->runRouteWithinStack(Object(Illuminate\\Routing\\Route), Object(Illuminate\\Http\\Request))
#35 /Applications/MAMP/htdocs/tmracing/vendor/laravel/framework/src/Illuminate/Routing/Router.php(748): Illuminate\\Routing\\Router->runRoute(Object(Illuminate\\Http\\Request), Object(Illuminate\\Routing\\Route))
#36 /Applications/MAMP/htdocs/tmracing/vendor/laravel/framework/src/Illuminate/Routing/Router.php(737): Illuminate\\Routing\\Router->dispatchToRoute(Object(Illuminate\\Http\\Request))
#37 /Applications/MAMP/htdocs/tmracing/vendor/laravel/framework/src/Illuminate/Foundation/Http/Kernel.php(200): Illuminate\\Routing\\Router->dispatch(Object(Illuminate\\Http\\Request))
#38 /Applications/MAMP/htdocs/tmracing/vendor/laravel/framework/src/Illuminate/Pipeline/Pipeline.php(144): Illuminate\\Foundation\\Http\\Kernel->Illuminate\\Foundation\\Http\\{closure}(Object(Illuminate\\Http\\Request))
#39 /Applications/MAMP/htdocs/tmracing/vendor/barryvdh/laravel-debugbar/src/Middleware/InjectDebugbar.php(66): Illuminate\\Pipeline\\Pipeline->Illuminate\\Pipeline\\{closure}(Object(Illuminate\\Http\\Request))
#40 /Applications/MAMP/htdocs/tmracing/vendor/laravel/framework/src/Illuminate/Pipeline/Pipeline.php(183): Barryvdh\\Debugbar\\Middleware\\InjectDebugbar->handle(Object(Illuminate\\Http\\Request), Object(Closure))
#41 /Applications/MAMP/htdocs/tmracing/vendor/laravel/framework/src/Illuminate/Http/Middleware/TrustProxies.php(39): Illuminate\\Pipeline\\Pipeline->Illuminate\\Pipeline\\{closure}(Object(Illuminate\\Http\\Request))
#42 /Applications/MAMP/htdocs/tmracing/vendor/laravel/framework/src/Illuminate/Pipeline/Pipeline.php(183): Illuminate\\Http\\Middleware\\TrustProxies->handle(Object(Illuminate\\Http\\Request), Object(Closure))
#43 /Applications/MAMP/htdocs/tmracing/vendor/laravel/framework/src/Illuminate/Foundation/Http/Middleware/TransformsRequest.php(21): Illuminate\\Pipeline\\Pipeline->Illuminate\\Pipeline\\{closure}(Object(Illuminate\\Http\\Request))
#44 /Applications/MAMP/htdocs/tmracing/vendor/laravel/framework/src/Illuminate/Foundation/Http/Middleware/ConvertEmptyStringsToNull.php(31): Illuminate\\Foundation\\Http\\Middleware\\TransformsRequest->handle(Object(Illuminate\\Http\\Request), Object(Closure))
#45 /Applications/MAMP/htdocs/tmracing/vendor/laravel/framework/src/Illuminate/Pipeline/Pipeline.php(183): Illuminate\\Foundation\\Http\\Middleware\\ConvertEmptyStringsToNull->handle(Object(Illuminate\\Http\\Request), Object(Closure))
#46 /Applications/MAMP/htdocs/tmracing/vendor/laravel/framework/src/Illuminate/Foundation/Http/Middleware/TransformsRequest.php(21): Illuminate\\Pipeline\\Pipeline->Illuminate\\Pipeline\\{closure}(Object(Illuminate\\Http\\Request))
#47 /Applications/MAMP/htdocs/tmracing/vendor/laravel/framework/src/Illuminate/Foundation/Http/Middleware/TrimStrings.php(40): Illuminate\\Foundation\\Http\\Middleware\\TransformsRequest->handle(Object(Illuminate\\Http\\Request), Object(Closure))
#48 /Applications/MAMP/htdocs/tmracing/vendor/laravel/framework/src/Illuminate/Pipeline/Pipeline.php(183): Illuminate\\Foundation\\Http\\Middleware\\TrimStrings->handle(Object(Illuminate\\Http\\Request), Object(Closure))
#49 /Applications/MAMP/htdocs/tmracing/vendor/laravel/framework/src/Illuminate/Foundation/Http/Middleware/ValidatePostSize.php(27): Illuminate\\Pipeline\\Pipeline->Illuminate\\Pipeline\\{closure}(Object(Illuminate\\Http\\Request))
#50 /Applications/MAMP/htdocs/tmracing/vendor/laravel/framework/src/Illuminate/Pipeline/Pipeline.php(183): Illuminate\\Foundation\\Http\\Middleware\\ValidatePostSize->handle(Object(Illuminate\\Http\\Request), Object(Closure))
#51 /Applications/MAMP/htdocs/tmracing/vendor/laravel/framework/src/Illuminate/Pipeline/Pipeline.php(119): Illuminate\\Pipeline\\Pipeline->Illuminate\\Pipeline\\{closure}(Object(Illuminate\\Http\\Request))
#52 /Applications/MAMP/htdocs/tmracing/vendor/laravel/framework/src/Illuminate/Foundation/Http/Kernel.php(175): Illuminate\\Pipeline\\Pipeline->then(Object(Closure))
#53 /Applications/MAMP/htdocs/tmracing/vendor/laravel/framework/src/Illuminate/Foundation/Http/Kernel.php(144): Illuminate\\Foundation\\Http\\Kernel->sendRequestThroughRouter(Object(Illuminate\\Http\\Request))
#54 /Applications/MAMP/htdocs/tmracing/index.php(56): Illuminate\\Foundation\\Http\\Kernel->handle(Object(Illuminate\\Http\\Request))
#55 {main}

[previous exception] [object] (Illuminate\\View\\ViewException(code: 0): Route [language.change] not defined. (View: /Applications/MAMP/htdocs/tmracing/resources/views/backend/layouts/app.blade.php) at /Applications/MAMP/htdocs/tmracing/vendor/laravel/framework/src/Illuminate/Routing/UrlGenerator.php:477)
[stacktrace]
#0 /Applications/MAMP/htdocs/tmracing/vendor/laravel/framework/src/Illuminate/View/Engines/PhpEngine.php(60): Illuminate\\View\\Engines\\CompilerEngine->handleViewException(Object(Symfony\\Component\\Routing\\Exception\\RouteNotFoundException), 2)
#1 /Applications/MAMP/htdocs/tmracing/vendor/laravel/framework/src/Illuminate/View/Engines/CompilerEngine.php(72): Illuminate\\View\\Engines\\PhpEngine->evaluatePath('/Applications/M...', Array)
#2 /Applications/MAMP/htdocs/tmracing/vendor/laravel/framework/src/Illuminate/View/View.php(207): Illuminate\\View\\Engines\\CompilerEngine->get('/Applications/M...', Array)
#3 /Applications/MAMP/htdocs/tmracing/vendor/laravel/framework/src/Illuminate/View/View.php(190): Illuminate\\View\\View->getContents()
#4 /Applications/MAMP/htdocs/tmracing/vendor/laravel/framework/src/Illuminate/View/View.php(159): Illuminate\\View\\View->renderContents()
#5 /Applications/MAMP/htdocs/tmracing/storage/framework/views/dbb111c6b46ccd6d5a2d7641cf270db3.php(341): Illuminate\\View\\View->render()
#6 /Applications/MAMP/htdocs/tmracing/vendor/laravel/framework/src/Illuminate/Filesystem/Filesystem.php(123): require('/Applications/M...')
#7 /Applications/MAMP/htdocs/tmracing/vendor/laravel/framework/src/Illuminate/Filesystem/Filesystem.php(124): Illuminate\\Filesystem\\Filesystem::Illuminate\\Filesystem\\{closure}()
#8 /Applications/MAMP/htdocs/tmracing/vendor/laravel/framework/src/Illuminate/View/Engines/PhpEngine.php(58): Illuminate\\Filesystem\\Filesystem->getRequire('/Applications/M...', Array)
#9 /Applications/MAMP/htdocs/tmracing/vendor/laravel/framework/src/Illuminate/View/Engines/CompilerEngine.php(72): Illuminate\\View\\Engines\\PhpEngine->evaluatePath('/Applications/M...', Array)
#10 /Applications/MAMP/htdocs/tmracing/vendor/laravel/framework/src/Illuminate/View/View.php(207): Illuminate\\View\\Engines\\CompilerEngine->get('/Applications/M...', Array)
#11 /Applications/MAMP/htdocs/tmracing/vendor/laravel/framework/src/Illuminate/View/View.php(190): Illuminate\\View\\View->getContents()
#12 /Applications/MAMP/htdocs/tmracing/vendor/laravel/framework/src/Illuminate/View/View.php(159): Illuminate\\View\\View->renderContents()
#13 /Applications/MAMP/htdocs/tmracing/vendor/laravel/framework/src/Illuminate/Http/Response.php(69): Illuminate\\View\\View->render()
#14 /Applications/MAMP/htdocs/tmracing/vendor/laravel/framework/src/Illuminate/Http/Response.php(35): Illuminate\\Http\\Response->setContent(Object(Illuminate\\View\\View))
#15 /Applications/MAMP/htdocs/tmracing/vendor/laravel/framework/src/Illuminate/Routing/Router.php(918): Illuminate\\Http\\Response->__construct(Object(Illuminate\\View\\View), 200, Array)
#16 /Applications/MAMP/htdocs/tmracing/vendor/laravel/framework/src/Illuminate/Routing/Router.php(885): Illuminate\\Routing\\Router::toResponse(Object(Illuminate\\Http\\Request), Object(Illuminate\\View\\View))
#17 /Applications/MAMP/htdocs/tmracing/vendor/laravel/framework/src/Illuminate/Routing/Router.php(805): Illuminate\\Routing\\Router->prepareResponse(Object(Illuminate\\Http\\Request), Object(Illuminate\\View\\View))
#18 /Applications/MAMP/htdocs/tmracing/vendor/laravel/framework/src/Illuminate/Pipeline/Pipeline.php(144): Illuminate\\Routing\\Router->Illuminate\\Routing\\{closure}(Object(Illuminate\\Http\\Request))
#19 /Applications/MAMP/htdocs/tmracing/app/Http/Middleware/IsAdmin.php(20): Illuminate\\Pipeline\\Pipeline->Illuminate\\Pipeline\\{closure}(Object(Illuminate\\Http\\Request))
#20 /Applications/MAMP/htdocs/tmracing/vendor/laravel/framework/src/Illuminate/Pipeline/Pipeline.php(183): App\\Http\\Middleware\\IsAdmin->handle(Object(Illuminate\\Http\\Request), Object(Closure))
#21 /Applications/MAMP/htdocs/tmracing/app/Http/Middleware/CheckForMaintenanceMode.php(58): Illuminate\\Pipeline\\Pipeline->Illuminate\\Pipeline\\{closure}(Object(Illuminate\\Http\\Request))
#22 /Applications/MAMP/htdocs/tmracing/vendor/laravel/framework/src/Illuminate/Pipeline/Pipeline.php(183): App\\Http\\Middleware\\CheckForMaintenanceMode->handle(Object(Illuminate\\Http\\Request), Object(Closure))
#23 /Applications/MAMP/htdocs/tmracing/app/Http/Middleware/HttpsProtocol.php(20): Illuminate\\Pipeline\\Pipeline->Illuminate\\Pipeline\\{closure}(Object(Illuminate\\Http\\Request))
#24 /Applications/MAMP/htdocs/tmracing/vendor/laravel/framework/src/Illuminate/Pipeline/Pipeline.php(183): App\\Http\\Middleware\\HttpsProtocol->handle(Object(Illuminate\\Http\\Request), Object(Closure))
#25 /Applications/MAMP/htdocs/tmracing/app/Http/Middleware/Language.php(31): Illuminate\\Pipeline\\Pipeline->Illuminate\\Pipeline\\{closure}(Object(Illuminate\\Http\\Request))
#26 /Applications/MAMP/htdocs/tmracing/vendor/laravel/framework/src/Illuminate/Pipeline/Pipeline.php(183): App\\Http\\Middleware\\Language->handle(Object(Illuminate\\Http\\Request), Object(Closure))
#27 /Applications/MAMP/htdocs/tmracing/vendor/laravel/framework/src/Illuminate/Routing/Middleware/SubstituteBindings.php(50): Illuminate\\Pipeline\\Pipeline->Illuminate\\Pipeline\\{closure}(Object(Illuminate\\Http\\Request))
#28 /Applications/MAMP/htdocs/tmracing/vendor/laravel/framework/src/Illuminate/Pipeline/Pipeline.php(183): Illuminate\\Routing\\Middleware\\SubstituteBindings->handle(Object(Illuminate\\Http\\Request), Object(Closure))
#29 /Applications/MAMP/htdocs/tmracing/vendor/laravel/framework/src/Illuminate/Auth/Middleware/Authenticate.php(57): Illuminate\\Pipeline\\Pipeline->Illuminate\\Pipeline\\{closure}(Object(Illuminate\\Http\\Request))
#30 /Applications/MAMP/htdocs/tmracing/vendor/laravel/framework/src/Illuminate/Pipeline/Pipeline.php(183): Illuminate\\Auth\\Middleware\\Authenticate->handle(Object(Illuminate\\Http\\Request), Object(Closure))
#31 /Applications/MAMP/htdocs/tmracing/vendor/laravel/framework/src/Illuminate/Foundation/Http/Middleware/VerifyCsrfToken.php(78): Illuminate\\Pipeline\\Pipeline->Illuminate\\Pipeline\\{closure}(Object(Illuminate\\Http\\Request))
#32 /Applications/MAMP/htdocs/tmracing/vendor/laravel/framework/src/Illuminate/Pipeline/Pipeline.php(183): Illuminate\\Foundation\\Http\\Middleware\\VerifyCsrfToken->handle(Object(Illuminate\\Http\\Request), Object(Closure))
#33 /Applications/MAMP/htdocs/tmracing/vendor/laravel/framework/src/Illuminate/View/Middleware/ShareErrorsFromSession.php(49): Illuminate\\Pipeline\\Pipeline->Illuminate\\Pipeline\\{closure}(Object(Illuminate\\Http\\Request))
#34 /Applications/MAMP/htdocs/tmracing/vendor/laravel/framework/src/Illuminate/Pipeline/Pipeline.php(183): Illuminate\\View\\Middleware\\ShareErrorsFromSession->handle(Object(Illuminate\\Http\\Request), Object(Closure))
#35 /Applications/MAMP/htdocs/tmracing/vendor/laravel/framework/src/Illuminate/Session/Middleware/StartSession.php(121): Illuminate\\Pipeline\\Pipeline->Illuminate\\Pipeline\\{closure}(Object(Illuminate\\Http\\Request))
#36 /Applications/MAMP/htdocs/tmracing/vendor/laravel/framework/src/Illuminate/Session/Middleware/StartSession.php(64): Illuminate\\Session\\Middleware\\StartSession->handleStatefulRequest(Object(Illuminate\\Http\\Request), Object(Illuminate\\Session\\Store), Object(Closure))
#37 /Applications/MAMP/htdocs/tmracing/vendor/laravel/framework/src/Illuminate/Pipeline/Pipeline.php(183): Illuminate\\Session\\Middleware\\StartSession->handle(Object(Illuminate\\Http\\Request), Object(Closure))
#38 /Applications/MAMP/htdocs/tmracing/vendor/laravel/framework/src/Illuminate/Cookie/Middleware/AddQueuedCookiesToResponse.php(37): Illuminate\\Pipeline\\Pipeline->Illuminate\\Pipeline\\{closure}(Object(Illuminate\\Http\\Request))
#39 /Applications/MAMP/htdocs/tmracing/vendor/laravel/framework/src/Illuminate/Pipeline/Pipeline.php(183): Illuminate\\Cookie\\Middleware\\AddQueuedCookiesToResponse->handle(Object(Illuminate\\Http\\Request), Object(Closure))
#40 /Applications/MAMP/htdocs/tmracing/vendor/laravel/framework/src/Illuminate/Pipeline/Pipeline.php(119): Illuminate\\Pipeline\\Pipeline->Illuminate\\Pipeline\\{closure}(Object(Illuminate\\Http\\Request))
#41 /Applications/MAMP/htdocs/tmracing/vendor/laravel/framework/src/Illuminate/Routing/Router.php(805): Illuminate\\Pipeline\\Pipeline->then(Object(Closure))
#42 /Applications/MAMP/htdocs/tmracing/vendor/laravel/framework/src/Illuminate/Routing/Router.php(784): Illuminate\\Routing\\Router->runRouteWithinStack(Object(Illuminate\\Routing\\Route), Object(Illuminate\\Http\\Request))
#43 /Applications/MAMP/htdocs/tmracing/vendor/laravel/framework/src/Illuminate/Routing/Router.php(748): Illuminate\\Routing\\Router->runRoute(Object(Illuminate\\Http\\Request), Object(Illuminate\\Routing\\Route))
#44 /Applications/MAMP/htdocs/tmracing/vendor/laravel/framework/src/Illuminate/Routing/Router.php(737): Illuminate\\Routing\\Router->dispatchToRoute(Object(Illuminate\\Http\\Request))
#45 /Applications/MAMP/htdocs/tmracing/vendor/laravel/framework/src/Illuminate/Foundation/Http/Kernel.php(200): Illuminate\\Routing\\Router->dispatch(Object(Illuminate\\Http\\Request))
#46 /Applications/MAMP/htdocs/tmracing/vendor/laravel/framework/src/Illuminate/Pipeline/Pipeline.php(144): Illuminate\\Foundation\\Http\\Kernel->Illuminate\\Foundation\\Http\\{closure}(Object(Illuminate\\Http\\Request))
#47 /Applications/MAMP/htdocs/tmracing/vendor/barryvdh/laravel-debugbar/src/Middleware/InjectDebugbar.php(66): Illuminate\\Pipeline\\Pipeline->Illuminate\\Pipeline\\{closure}(Object(Illuminate\\Http\\Request))
#48 /Applications/MAMP/htdocs/tmracing/vendor/laravel/framework/src/Illuminate/Pipeline/Pipeline.php(183): Barryvdh\\Debugbar\\Middleware\\InjectDebugbar->handle(Object(Illuminate\\Http\\Request), Object(Closure))
#49 /Applications/MAMP/htdocs/tmracing/vendor/laravel/framework/src/Illuminate/Http/Middleware/TrustProxies.php(39): Illuminate\\Pipeline\\Pipeline->Illuminate\\Pipeline\\{closure}(Object(Illuminate\\Http\\Request))
#50 /Applications/MAMP/htdocs/tmracing/vendor/laravel/framework/src/Illuminate/Pipeline/Pipeline.php(183): Illuminate\\Http\\Middleware\\TrustProxies->handle(Object(Illuminate\\Http\\Request), Object(Closure))
#51 /Applications/MAMP/htdocs/tmracing/vendor/laravel/framework/src/Illuminate/Foundation/Http/Middleware/TransformsRequest.php(21): Illuminate\\Pipeline\\Pipeline->Illuminate\\Pipeline\\{closure}(Object(Illuminate\\Http\\Request))
#52 /Applications/MAMP/htdocs/tmracing/vendor/laravel/framework/src/Illuminate/Foundation/Http/Middleware/ConvertEmptyStringsToNull.php(31): Illuminate\\Foundation\\Http\\Middleware\\TransformsRequest->handle(Object(Illuminate\\Http\\Request), Object(Closure))
#53 /Applications/MAMP/htdocs/tmracing/vendor/laravel/framework/src/Illuminate/Pipeline/Pipeline.php(183): Illuminate\\Foundation\\Http\\Middleware\\ConvertEmptyStringsToNull->handle(Object(Illuminate\\Http\\Request), Object(Closure))
#54 /Applications/MAMP/htdocs/tmracing/vendor/laravel/framework/src/Illuminate/Foundation/Http/Middleware/TransformsRequest.php(21): Illuminate\\Pipeline\\Pipeline->Illuminate\\Pipeline\\{closure}(Object(Illuminate\\Http\\Request))
#55 /Applications/MAMP/htdocs/tmracing/vendor/laravel/framework/src/Illuminate/Foundation/Http/Middleware/TrimStrings.php(40): Illuminate\\Foundation\\Http\\Middleware\\TransformsRequest->handle(Object(Illuminate\\Http\\Request), Object(Closure))
#56 /Applications/MAMP/htdocs/tmracing/vendor/laravel/framework/src/Illuminate/Pipeline/Pipeline.php(183): Illuminate\\Foundation\\Http\\Middleware\\TrimStrings->handle(Object(Illuminate\\Http\\Request), Object(Closure))
#57 /Applications/MAMP/htdocs/tmracing/vendor/laravel/framework/src/Illuminate/Foundation/Http/Middleware/ValidatePostSize.php(27): Illuminate\\Pipeline\\Pipeline->Illuminate\\Pipeline\\{closure}(Object(Illuminate\\Http\\Request))
#58 /Applications/MAMP/htdocs/tmracing/vendor/laravel/framework/src/Illuminate/Pipeline/Pipeline.php(183): Illuminate\\Foundation\\Http\\Middleware\\ValidatePostSize->handle(Object(Illuminate\\Http\\Request), Object(Closure))
#59 /Applications/MAMP/htdocs/tmracing/vendor/laravel/framework/src/Illuminate/Pipeline/Pipeline.php(119): Illuminate\\Pipeline\\Pipeline->Illuminate\\Pipeline\\{closure}(Object(Illuminate\\Http\\Request))
#60 /Applications/MAMP/htdocs/tmracing/vendor/laravel/framework/src/Illuminate/Foundation/Http/Kernel.php(175): Illuminate\\Pipeline\\Pipeline->then(Object(Closure))
#61 /Applications/MAMP/htdocs/tmracing/vendor/laravel/framework/src/Illuminate/Foundation/Http/Kernel.php(144): Illuminate\\Foundation\\Http\\Kernel->sendRequestThroughRouter(Object(Illuminate\\Http\\Request))
#62 /Applications/MAMP/htdocs/tmracing/index.php(56): Illuminate\\Foundation\\Http\\Kernel->handle(Object(Illuminate\\Http\\Request))
#63 {main}

[previous exception] [object] (Symfony\\Component\\Routing\\Exception\\RouteNotFoundException(code: 0): Route [language.change] not defined. at /Applications/MAMP/htdocs/tmracing/vendor/laravel/framework/src/Illuminate/Routing/UrlGenerator.php:477)
[stacktrace]
#0 /Applications/MAMP/htdocs/tmracing/vendor/laravel/framework/src/Illuminate/Foundation/helpers.php(811): Illuminate\\Routing\\UrlGenerator->route('language.change', Array, true)
#1 /Applications/MAMP/htdocs/tmracing/storage/framework/views/51241a89213cf2e81bcb43659f093fc6.php(164): route('language.change')
#2 /Applications/MAMP/htdocs/tmracing/vendor/laravel/framework/src/Illuminate/Filesystem/Filesystem.php(123): require('/Applications/M...')
#3 /Applications/MAMP/htdocs/tmracing/vendor/laravel/framework/src/Illuminate/Filesystem/Filesystem.php(124): Illuminate\\Filesystem\\Filesystem::Illuminate\\Filesystem\\{closure}()
#4 /Applications/MAMP/htdocs/tmracing/vendor/laravel/framework/src/Illuminate/View/Engines/PhpEngine.php(58): Illuminate\\Filesystem\\Filesystem->getRequire('/Applications/M...', Array)
#5 /Applications/MAMP/htdocs/tmracing/vendor/laravel/framework/src/Illuminate/View/Engines/CompilerEngine.php(72): Illuminate\\View\\Engines\\PhpEngine->evaluatePath('/Applications/M...', Array)
#6 /Applications/MAMP/htdocs/tmracing/vendor/laravel/framework/src/Illuminate/View/View.php(207): Illuminate\\View\\Engines\\CompilerEngine->get('/Applications/M...', Array)
#7 /Applications/MAMP/htdocs/tmracing/vendor/laravel/framework/src/Illuminate/View/View.php(190): Illuminate\\View\\View->getContents()
#8 /Applications/MAMP/htdocs/tmracing/vendor/laravel/framework/src/Illuminate/View/View.php(159): Illuminate\\View\\View->renderContents()
#9 /Applications/MAMP/htdocs/tmracing/storage/framework/views/dbb111c6b46ccd6d5a2d7641cf270db3.php(341): Illuminate\\View\\View->render()
#10 /Applications/MAMP/htdocs/tmracing/vendor/laravel/framework/src/Illuminate/Filesystem/Filesystem.php(123): require('/Applications/M...')
#11 /Applications/MAMP/htdocs/tmracing/vendor/laravel/framework/src/Illuminate/Filesystem/Filesystem.php(124): Illuminate\\Filesystem\\Filesystem::Illuminate\\Filesystem\\{closure}()
#12 /Applications/MAMP/htdocs/tmracing/vendor/laravel/framework/src/Illuminate/View/Engines/PhpEngine.php(58): Illuminate\\Filesystem\\Filesystem->getRequire('/Applications/M...', Array)
#13 /Applications/MAMP/htdocs/tmracing/vendor/laravel/framework/src/Illuminate/View/Engines/CompilerEngine.php(72): Illuminate\\View\\Engines\\PhpEngine->evaluatePath('/Applications/M...', Array)
#14 /Applications/MAMP/htdocs/tmracing/vendor/laravel/framework/src/Illuminate/View/View.php(207): Illuminate\\View\\Engines\\CompilerEngine->get('/Applications/M...', Array)
#15 /Applications/MAMP/htdocs/tmracing/vendor/laravel/framework/src/Illuminate/View/View.php(190): Illuminate\\View\\View->getContents()
#16 /Applications/MAMP/htdocs/tmracing/vendor/laravel/framework/src/Illuminate/View/View.php(159): Illuminate\\View\\View->renderContents()
#17 /Applications/MAMP/htdocs/tmracing/vendor/laravel/framework/src/Illuminate/Http/Response.php(69): Illuminate\\View\\View->render()
#18 /Applications/MAMP/htdocs/tmracing/vendor/laravel/framework/src/Illuminate/Http/Response.php(35): Illuminate\\Http\\Response->setContent(Object(Illuminate\\View\\View))
#19 /Applications/MAMP/htdocs/tmracing/vendor/laravel/framework/src/Illuminate/Routing/Router.php(918): Illuminate\\Http\\Response->__construct(Object(Illuminate\\View\\View), 200, Array)
#20 /Applications/MAMP/htdocs/tmracing/vendor/laravel/framework/src/Illuminate/Routing/Router.php(885): Illuminate\\Routing\\Router::toResponse(Object(Illuminate\\Http\\Request), Object(Illuminate\\View\\View))
#21 /Applications/MAMP/htdocs/tmracing/vendor/laravel/framework/src/Illuminate/Routing/Router.php(805): Illuminate\\Routing\\Router->prepareResponse(Object(Illuminate\\Http\\Request), Object(Illuminate\\View\\View))
#22 /Applications/MAMP/htdocs/tmracing/vendor/laravel/framework/src/Illuminate/Pipeline/Pipeline.php(144): Illuminate\\Routing\\Router->Illuminate\\Routing\\{closure}(Object(Illuminate\\Http\\Request))
#23 /Applications/MAMP/htdocs/tmracing/app/Http/Middleware/IsAdmin.php(20): Illuminate\\Pipeline\\Pipeline->Illuminate\\Pipeline\\{closure}(Object(Illuminate\\Http\\Request))
#24 /Applications/MAMP/htdocs/tmracing/vendor/laravel/framework/src/Illuminate/Pipeline/Pipeline.php(183): App\\Http\\Middleware\\IsAdmin->handle(Object(Illuminate\\Http\\Request), Object(Closure))
#25 /Applications/MAMP/htdocs/tmracing/app/Http/Middleware/CheckForMaintenanceMode.php(58): Illuminate\\Pipeline\\Pipeline->Illuminate\\Pipeline\\{closure}(Object(Illuminate\\Http\\Request))
#26 /Applications/MAMP/htdocs/tmracing/vendor/laravel/framework/src/Illuminate/Pipeline/Pipeline.php(183): App\\Http\\Middleware\\CheckForMaintenanceMode->handle(Object(Illuminate\\Http\\Request), Object(Closure))
#27 /Applications/MAMP/htdocs/tmracing/app/Http/Middleware/HttpsProtocol.php(20): Illuminate\\Pipeline\\Pipeline->Illuminate\\Pipeline\\{closure}(Object(Illuminate\\Http\\Request))
#28 /Applications/MAMP/htdocs/tmracing/vendor/laravel/framework/src/Illuminate/Pipeline/Pipeline.php(183): App\\Http\\Middleware\\HttpsProtocol->handle(Object(Illuminate\\Http\\Request), Object(Closure))
#29 /Applications/MAMP/htdocs/tmracing/app/Http/Middleware/Language.php(31): Illuminate\\Pipeline\\Pipeline->Illuminate\\Pipeline\\{closure}(Object(Illuminate\\Http\\Request))
#30 /Applications/MAMP/htdocs/tmracing/vendor/laravel/framework/src/Illuminate/Pipeline/Pipeline.php(183): App\\Http\\Middleware\\Language->handle(Object(Illuminate\\Http\\Request), Object(Closure))
#31 /Applications/MAMP/htdocs/tmracing/vendor/laravel/framework/src/Illuminate/Routing/Middleware/SubstituteBindings.php(50): Illuminate\\Pipeline\\Pipeline->Illuminate\\Pipeline\\{closure}(Object(Illuminate\\Http\\Request))
#32 /Applications/MAMP/htdocs/tmracing/vendor/laravel/framework/src/Illuminate/Pipeline/Pipeline.php(183): Illuminate\\Routing\\Middleware\\SubstituteBindings->handle(Object(Illuminate\\Http\\Request), Object(Closure))
#33 /Applications/MAMP/htdocs/tmracing/vendor/laravel/framework/src/Illuminate/Auth/Middleware/Authenticate.php(57): Illuminate\\Pipeline\\Pipeline->Illuminate\\Pipeline\\{closure}(Object(Illuminate\\Http\\Request))
#34 /Applications/MAMP/htdocs/tmracing/vendor/laravel/framework/src/Illuminate/Pipeline/Pipeline.php(183): Illuminate\\Auth\\Middleware\\Authenticate->handle(Object(Illuminate\\Http\\Request), Object(Closure))
#35 /Applications/MAMP/htdocs/tmracing/vendor/laravel/framework/src/Illuminate/Foundation/Http/Middleware/VerifyCsrfToken.php(78): Illuminate\\Pipeline\\Pipeline->Illuminate\\Pipeline\\{closure}(Object(Illuminate\\Http\\Request))
#36 /Applications/MAMP/htdocs/tmracing/vendor/laravel/framework/src/Illuminate/Pipeline/Pipeline.php(183): Illuminate\\Foundation\\Http\\Middleware\\VerifyCsrfToken->handle(Object(Illuminate\\Http\\Request), Object(Closure))
#37 /Applications/MAMP/htdocs/tmracing/vendor/laravel/framework/src/Illuminate/View/Middleware/ShareErrorsFromSession.php(49): Illuminate\\Pipeline\\Pipeline->Illuminate\\Pipeline\\{closure}(Object(Illuminate\\Http\\Request))
#38 /Applications/MAMP/htdocs/tmracing/vendor/laravel/framework/src/Illuminate/Pipeline/Pipeline.php(183): Illuminate\\View\\Middleware\\ShareErrorsFromSession->handle(Object(Illuminate\\Http\\Request), Object(Closure))
#39 /Applications/MAMP/htdocs/tmracing/vendor/laravel/framework/src/Illuminate/Session/Middleware/StartSession.php(121): Illuminate\\Pipeline\\Pipeline->Illuminate\\Pipeline\\{closure}(Object(Illuminate\\Http\\Request))
#40 /Applications/MAMP/htdocs/tmracing/vendor/laravel/framework/src/Illuminate/Session/Middleware/StartSession.php(64): Illuminate\\Session\\Middleware\\StartSession->handleStatefulRequest(Object(Illuminate\\Http\\Request), Object(Illuminate\\Session\\Store), Object(Closure))
#41 /Applications/MAMP/htdocs/tmracing/vendor/laravel/framework/src/Illuminate/Pipeline/Pipeline.php(183): Illuminate\\Session\\Middleware\\StartSession->handle(Object(Illuminate\\Http\\Request), Object(Closure))
#42 /Applications/MAMP/htdocs/tmracing/vendor/laravel/framework/src/Illuminate/Cookie/Middleware/AddQueuedCookiesToResponse.php(37): Illuminate\\Pipeline\\Pipeline->Illuminate\\Pipeline\\{closure}(Object(Illuminate\\Http\\Request))
#43 /Applications/MAMP/htdocs/tmracing/vendor/laravel/framework/src/Illuminate/Pipeline/Pipeline.php(183): Illuminate\\Cookie\\Middleware\\AddQueuedCookiesToResponse->handle(Object(Illuminate\\Http\\Request), Object(Closure))
#44 /Applications/MAMP/htdocs/tmracing/vendor/laravel/framework/src/Illuminate/Pipeline/Pipeline.php(119): Illuminate\\Pipeline\\Pipeline->Illuminate\\Pipeline\\{closure}(Object(Illuminate\\Http\\Request))
#45 /Applications/MAMP/htdocs/tmracing/vendor/laravel/framework/src/Illuminate/Routing/Router.php(805): Illuminate\\Pipeline\\Pipeline->then(Object(Closure))
#46 /Applications/MAMP/htdocs/tmracing/vendor/laravel/framework/src/Illuminate/Routing/Router.php(784): Illuminate\\Routing\\Router->runRouteWithinStack(Object(Illuminate\\Routing\\Route), Object(Illuminate\\Http\\Request))
#47 /Applications/MAMP/htdocs/tmracing/vendor/laravel/framework/src/Illuminate/Routing/Router.php(748): Illuminate\\Routing\\Router->runRoute(Object(Illuminate\\Http\\Request), Object(Illuminate\\Routing\\Route))
#48 /Applications/MAMP/htdocs/tmracing/vendor/laravel/framework/src/Illuminate/Routing/Router.php(737): Illuminate\\Routing\\Router->dispatchToRoute(Object(Illuminate\\Http\\Request))
#49 /Applications/MAMP/htdocs/tmracing/vendor/laravel/framework/src/Illuminate/Foundation/Http/Kernel.php(200): Illuminate\\Routing\\Router->dispatch(Object(Illuminate\\Http\\Request))
#50 /Applications/MAMP/htdocs/tmracing/vendor/laravel/framework/src/Illuminate/Pipeline/Pipeline.php(144): Illuminate\\Foundation\\Http\\Kernel->Illuminate\\Foundation\\Http\\{closure}(Object(Illuminate\\Http\\Request))
#51 /Applications/MAMP/htdocs/tmracing/vendor/barryvdh/laravel-debugbar/src/Middleware/InjectDebugbar.php(66): Illuminate\\Pipeline\\Pipeline->Illuminate\\Pipeline\\{closure}(Object(Illuminate\\Http\\Request))
#52 /Applications/MAMP/htdocs/tmracing/vendor/laravel/framework/src/Illuminate/Pipeline/Pipeline.php(183): Barryvdh\\Debugbar\\Middleware\\InjectDebugbar->handle(Object(Illuminate\\Http\\Request), Object(Closure))
#53 /Applications/MAMP/htdocs/tmracing/vendor/laravel/framework/src/Illuminate/Http/Middleware/TrustProxies.php(39): Illuminate\\Pipeline\\Pipeline->Illuminate\\Pipeline\\{closure}(Object(Illuminate\\Http\\Request))
#54 /Applications/MAMP/htdocs/tmracing/vendor/laravel/framework/src/Illuminate/Pipeline/Pipeline.php(183): Illuminate\\Http\\Middleware\\TrustProxies->handle(Object(Illuminate\\Http\\Request), Object(Closure))
#55 /Applications/MAMP/htdocs/tmracing/vendor/laravel/framework/src/Illuminate/Foundation/Http/Middleware/TransformsRequest.php(21): Illuminate\\Pipeline\\Pipeline->Illuminate\\Pipeline\\{closure}(Object(Illuminate\\Http\\Request))
#56 /Applications/MAMP/htdocs/tmracing/vendor/laravel/framework/src/Illuminate/Foundation/Http/Middleware/ConvertEmptyStringsToNull.php(31): Illuminate\\Foundation\\Http\\Middleware\\TransformsRequest->handle(Object(Illuminate\\Http\\Request), Object(Closure))
#57 /Applications/MAMP/htdocs/tmracing/vendor/laravel/framework/src/Illuminate/Pipeline/Pipeline.php(183): Illuminate\\Foundation\\Http\\Middleware\\ConvertEmptyStringsToNull->handle(Object(Illuminate\\Http\\Request), Object(Closure))
#58 /Applications/MAMP/htdocs/tmracing/vendor/laravel/framework/src/Illuminate/Foundation/Http/Middleware/TransformsRequest.php(21): Illuminate\\Pipeline\\Pipeline->Illuminate\\Pipeline\\{closure}(Object(Illuminate\\Http\\Request))
#59 /Applications/MAMP/htdocs/tmracing/vendor/laravel/framework/src/Illuminate/Foundation/Http/Middleware/TrimStrings.php(40): Illuminate\\Foundation\\Http\\Middleware\\TransformsRequest->handle(Object(Illuminate\\Http\\Request), Object(Closure))
#60 /Applications/MAMP/htdocs/tmracing/vendor/laravel/framework/src/Illuminate/Pipeline/Pipeline.php(183): Illuminate\\Foundation\\Http\\Middleware\\TrimStrings->handle(Object(Illuminate\\Http\\Request), Object(Closure))
#61 /Applications/MAMP/htdocs/tmracing/vendor/laravel/framework/src/Illuminate/Foundation/Http/Middleware/ValidatePostSize.php(27): Illuminate\\Pipeline\\Pipeline->Illuminate\\Pipeline\\{closure}(Object(Illuminate\\Http\\Request))
#62 /Applications/MAMP/htdocs/tmracing/vendor/laravel/framework/src/Illuminate/Pipeline/Pipeline.php(183): Illuminate\\Foundation\\Http\\Middleware\\ValidatePostSize->handle(Object(Illuminate\\Http\\Request), Object(Closure))
#63 /Applications/MAMP/htdocs/tmracing/vendor/laravel/framework/src/Illuminate/Pipeline/Pipeline.php(119): Illuminate\\Pipeline\\Pipeline->Illuminate\\Pipeline\\{closure}(Object(Illuminate\\Http\\Request))
#64 /Applications/MAMP/htdocs/tmracing/vendor/laravel/framework/src/Illuminate/Foundation/Http/Kernel.php(175): Illuminate\\Pipeline\\Pipeline->then(Object(Closure))
#65 /Applications/MAMP/htdocs/tmracing/vendor/laravel/framework/src/Illuminate/Foundation/Http/Kernel.php(144): Illuminate\\Foundation\\Http\\Kernel->sendRequestThroughRouter(Object(Illuminate\\Http\\Request))
#66 /Applications/MAMP/htdocs/tmracing/index.php(56): Illuminate\\Foundation\\Http\\Kernel->handle(Object(Illuminate\\Http\\Request))
#67 {main}
"} 
[2024-12-01 02:15:05] local.ERROR: include(/Applications/MAMP/htdocs/tmracing/vendor/composer/../../app/Http/Controllers/CommissionController.php): Failed to open stream: No such file or directory {"exception":"[object] (ErrorException(code: 0): include(/Applications/MAMP/htdocs/tmracing/vendor/composer/../../app/Http/Controllers/CommissionController.php): Failed to open stream: No such file or directory at /Applications/MAMP/htdocs/tmracing/vendor/composer/ClassLoader.php:576)
[stacktrace]
#0 /Applications/MAMP/htdocs/tmracing/vendor/laravel/framework/src/Illuminate/Foundation/Bootstrap/HandleExceptions.php(255): Illuminate\\Foundation\\Bootstrap\\HandleExceptions->handleError(2, 'include(/Applic...', '/Applications/M...', 576)
#1 /Applications/MAMP/htdocs/tmracing/vendor/composer/ClassLoader.php(576): Illuminate\\Foundation\\Bootstrap\\HandleExceptions->Illuminate\\Foundation\\Bootstrap\\{closure}(2, 'include(/Applic...', '/Applications/M...', 576)
#2 /Applications/MAMP/htdocs/tmracing/vendor/composer/ClassLoader.php(576): include('/Applications/M...')
#3 /Applications/MAMP/htdocs/tmracing/vendor/composer/ClassLoader.php(427): Composer\\Autoload\\{closure}('/Applications/M...')
#4 [internal function]: Composer\\Autoload\\ClassLoader->loadClass('App\\\\Http\\\\Contro...')
#5 /Applications/MAMP/htdocs/tmracing/vendor/laravel/framework/src/Illuminate/Routing/Route.php(1096): is_a('App\\\\Http\\\\Contro...', 'Illuminate\\\\Rout...', true)
#6 /Applications/MAMP/htdocs/tmracing/vendor/laravel/framework/src/Illuminate/Routing/Route.php(1035): Illuminate\\Routing\\Route->controllerMiddleware()
#7 /Applications/MAMP/htdocs/tmracing/vendor/laravel/framework/src/Illuminate/Routing/Router.php(818): Illuminate\\Routing\\Route->gatherMiddleware()
#8 /Applications/MAMP/htdocs/tmracing/vendor/laravel/framework/src/Illuminate/Foundation/Console/RouteListCommand.php(201): Illuminate\\Routing\\Router->gatherRouteMiddleware(Object(Illuminate\\Routing\\Route))
#9 /Applications/MAMP/htdocs/tmracing/vendor/laravel/framework/src/Illuminate/Foundation/Console/RouteListCommand.php(146): Illuminate\\Foundation\\Console\\RouteListCommand->getMiddleware(Object(Illuminate\\Routing\\Route))
#10 /Applications/MAMP/htdocs/tmracing/vendor/laravel/framework/src/Illuminate/Foundation/Console/RouteListCommand.php(116): Illuminate\\Foundation\\Console\\RouteListCommand->getRouteInformation(Object(Illuminate\\Routing\\Route))
#11 [internal function]: Illuminate\\Foundation\\Console\\RouteListCommand->Illuminate\\Foundation\\Console\\{closure}(Object(Illuminate\\Routing\\Route), 183)
#12 /Applications/MAMP/htdocs/tmracing/vendor/laravel/framework/src/Illuminate/Collections/Arr.php(600): array_map(Object(Closure), Array, Array)
#13 /Applications/MAMP/htdocs/tmracing/vendor/laravel/framework/src/Illuminate/Collections/Collection.php(777): Illuminate\\Support\\Arr::map(Array, Object(Closure))
#14 /Applications/MAMP/htdocs/tmracing/vendor/laravel/framework/src/Illuminate/Foundation/Console/RouteListCommand.php(115): Illuminate\\Support\\Collection->map(Object(Closure))
#15 /Applications/MAMP/htdocs/tmracing/vendor/laravel/framework/src/Illuminate/Foundation/Console/RouteListCommand.php(101): Illuminate\\Foundation\\Console\\RouteListCommand->getRoutes()
#16 /Applications/MAMP/htdocs/tmracing/vendor/laravel/framework/src/Illuminate/Container/BoundMethod.php(36): Illuminate\\Foundation\\Console\\RouteListCommand->handle()
#17 /Applications/MAMP/htdocs/tmracing/vendor/laravel/framework/src/Illuminate/Container/Util.php(41): Illuminate\\Container\\BoundMethod::Illuminate\\Container\\{closure}()
#18 /Applications/MAMP/htdocs/tmracing/vendor/laravel/framework/src/Illuminate/Container/BoundMethod.php(93): Illuminate\\Container\\Util::unwrapIfClosure(Object(Closure))
#19 /Applications/MAMP/htdocs/tmracing/vendor/laravel/framework/src/Illuminate/Container/BoundMethod.php(35): Illuminate\\Container\\BoundMethod::callBoundMethod(Object(Illuminate\\Foundation\\Application), Array, Object(Closure))
#20 /Applications/MAMP/htdocs/tmracing/vendor/laravel/framework/src/Illuminate/Container/Container.php(662): Illuminate\\Container\\BoundMethod::call(Object(Illuminate\\Foundation\\Application), Array, Array, NULL)
#21 /Applications/MAMP/htdocs/tmracing/vendor/laravel/framework/src/Illuminate/Console/Command.php(211): Illuminate\\Container\\Container->call(Array)
#22 /Applications/MAMP/htdocs/tmracing/vendor/symfony/console/Command/Command.php(326): Illuminate\\Console\\Command->execute(Object(Symfony\\Component\\Console\\Input\\ArgvInput), Object(Illuminate\\Console\\OutputStyle))
#23 /Applications/MAMP/htdocs/tmracing/vendor/laravel/framework/src/Illuminate/Console/Command.php(180): Symfony\\Component\\Console\\Command\\Command->run(Object(Symfony\\Component\\Console\\Input\\ArgvInput), Object(Illuminate\\Console\\OutputStyle))
#24 /Applications/MAMP/htdocs/tmracing/vendor/symfony/console/Application.php(1096): Illuminate\\Console\\Command->run(Object(Symfony\\Component\\Console\\Input\\ArgvInput), Object(Symfony\\Component\\Console\\Output\\ConsoleOutput))
#25 /Applications/MAMP/htdocs/tmracing/vendor/symfony/console/Application.php(324): Symfony\\Component\\Console\\Application->doRunCommand(Object(Illuminate\\Foundation\\Console\\RouteListCommand), Object(Symfony\\Component\\Console\\Input\\ArgvInput), Object(Symfony\\Component\\Console\\Output\\ConsoleOutput))
#26 /Applications/MAMP/htdocs/tmracing/vendor/symfony/console/Application.php(175): Symfony\\Component\\Console\\Application->doRun(Object(Symfony\\Component\\Console\\Input\\ArgvInput), Object(Symfony\\Component\\Console\\Output\\ConsoleOutput))
#27 /Applications/MAMP/htdocs/tmracing/vendor/laravel/framework/src/Illuminate/Foundation/Console/Kernel.php(201): Symfony\\Component\\Console\\Application->run(Object(Symfony\\Component\\Console\\Input\\ArgvInput), Object(Symfony\\Component\\Console\\Output\\ConsoleOutput))
#28 /Applications/MAMP/htdocs/tmracing/artisan(35): Illuminate\\Foundation\\Console\\Kernel->handle(Object(Symfony\\Component\\Console\\Input\\ArgvInput), Object(Symfony\\Component\\Console\\Output\\ConsoleOutput))
#29 {main}
"} 
[2024-12-01 02:15:10] local.ERROR: Route [addresses.store] not defined. (View: /Applications/MAMP/htdocs/tmracing/resources/views/pos/index.blade.php) {"userId":9,"exception":"[object] (Illuminate\\View\\ViewException(code: 0): Route [addresses.store] not defined. (View: /Applications/MAMP/htdocs/tmracing/resources/views/pos/index.blade.php) at /Applications/MAMP/htdocs/tmracing/vendor/laravel/framework/src/Illuminate/Routing/UrlGenerator.php:477)
[stacktrace]
#0 /Applications/MAMP/htdocs/tmracing/vendor/laravel/framework/src/Illuminate/View/Engines/PhpEngine.php(60): Illuminate\\View\\Engines\\CompilerEngine->handleViewException(Object(Symfony\\Component\\Routing\\Exception\\RouteNotFoundException), 1)
#1 /Applications/MAMP/htdocs/tmracing/vendor/laravel/framework/src/Illuminate/View/Engines/CompilerEngine.php(72): Illuminate\\View\\Engines\\PhpEngine->evaluatePath('/Applications/M...', Array)
#2 /Applications/MAMP/htdocs/tmracing/vendor/laravel/framework/src/Illuminate/View/View.php(207): Illuminate\\View\\Engines\\CompilerEngine->get('/Applications/M...', Array)
#3 /Applications/MAMP/htdocs/tmracing/vendor/laravel/framework/src/Illuminate/View/View.php(190): Illuminate\\View\\View->getContents()
#4 /Applications/MAMP/htdocs/tmracing/vendor/laravel/framework/src/Illuminate/View/View.php(159): Illuminate\\View\\View->renderContents()
#5 /Applications/MAMP/htdocs/tmracing/vendor/laravel/framework/src/Illuminate/Http/Response.php(69): Illuminate\\View\\View->render()
#6 /Applications/MAMP/htdocs/tmracing/vendor/laravel/framework/src/Illuminate/Http/Response.php(35): Illuminate\\Http\\Response->setContent(Object(Illuminate\\View\\View))
#7 /Applications/MAMP/htdocs/tmracing/vendor/laravel/framework/src/Illuminate/Routing/Router.php(918): Illuminate\\Http\\Response->__construct(Object(Illuminate\\View\\View), 200, Array)
#8 /Applications/MAMP/htdocs/tmracing/vendor/laravel/framework/src/Illuminate/Routing/Router.php(885): Illuminate\\Routing\\Router::toResponse(Object(Illuminate\\Http\\Request), Object(Illuminate\\View\\View))
#9 /Applications/MAMP/htdocs/tmracing/vendor/laravel/framework/src/Illuminate/Routing/Router.php(805): Illuminate\\Routing\\Router->prepareResponse(Object(Illuminate\\Http\\Request), Object(Illuminate\\View\\View))
#10 /Applications/MAMP/htdocs/tmracing/vendor/laravel/framework/src/Illuminate/Pipeline/Pipeline.php(144): Illuminate\\Routing\\Router->Illuminate\\Routing\\{closure}(Object(Illuminate\\Http\\Request))
#11 /Applications/MAMP/htdocs/tmracing/app/Http/Middleware/CheckForMaintenanceMode.php(58): Illuminate\\Pipeline\\Pipeline->Illuminate\\Pipeline\\{closure}(Object(Illuminate\\Http\\Request))
#12 /Applications/MAMP/htdocs/tmracing/vendor/laravel/framework/src/Illuminate/Pipeline/Pipeline.php(183): App\\Http\\Middleware\\CheckForMaintenanceMode->handle(Object(Illuminate\\Http\\Request), Object(Closure))
#13 /Applications/MAMP/htdocs/tmracing/app/Http/Middleware/HttpsProtocol.php(20): Illuminate\\Pipeline\\Pipeline->Illuminate\\Pipeline\\{closure}(Object(Illuminate\\Http\\Request))
#14 /Applications/MAMP/htdocs/tmracing/vendor/laravel/framework/src/Illuminate/Pipeline/Pipeline.php(183): App\\Http\\Middleware\\HttpsProtocol->handle(Object(Illuminate\\Http\\Request), Object(Closure))
#15 /Applications/MAMP/htdocs/tmracing/app/Http/Middleware/Language.php(31): Illuminate\\Pipeline\\Pipeline->Illuminate\\Pipeline\\{closure}(Object(Illuminate\\Http\\Request))
#16 /Applications/MAMP/htdocs/tmracing/vendor/laravel/framework/src/Illuminate/Pipeline/Pipeline.php(183): App\\Http\\Middleware\\Language->handle(Object(Illuminate\\Http\\Request), Object(Closure))
#17 /Applications/MAMP/htdocs/tmracing/vendor/laravel/framework/src/Illuminate/Routing/Middleware/SubstituteBindings.php(50): Illuminate\\Pipeline\\Pipeline->Illuminate\\Pipeline\\{closure}(Object(Illuminate\\Http\\Request))
#18 /Applications/MAMP/htdocs/tmracing/vendor/laravel/framework/src/Illuminate/Pipeline/Pipeline.php(183): Illuminate\\Routing\\Middleware\\SubstituteBindings->handle(Object(Illuminate\\Http\\Request), Object(Closure))
#19 /Applications/MAMP/htdocs/tmracing/vendor/laravel/framework/src/Illuminate/Auth/Middleware/Authenticate.php(57): Illuminate\\Pipeline\\Pipeline->Illuminate\\Pipeline\\{closure}(Object(Illuminate\\Http\\Request))
#20 /Applications/MAMP/htdocs/tmracing/vendor/laravel/framework/src/Illuminate/Pipeline/Pipeline.php(183): Illuminate\\Auth\\Middleware\\Authenticate->handle(Object(Illuminate\\Http\\Request), Object(Closure))
#21 /Applications/MAMP/htdocs/tmracing/vendor/laravel/framework/src/Illuminate/Foundation/Http/Middleware/VerifyCsrfToken.php(78): Illuminate\\Pipeline\\Pipeline->Illuminate\\Pipeline\\{closure}(Object(Illuminate\\Http\\Request))
#22 /Applications/MAMP/htdocs/tmracing/vendor/laravel/framework/src/Illuminate/Pipeline/Pipeline.php(183): Illuminate\\Foundation\\Http\\Middleware\\VerifyCsrfToken->handle(Object(Illuminate\\Http\\Request), Object(Closure))
#23 /Applications/MAMP/htdocs/tmracing/vendor/laravel/framework/src/Illuminate/View/Middleware/ShareErrorsFromSession.php(49): Illuminate\\Pipeline\\Pipeline->Illuminate\\Pipeline\\{closure}(Object(Illuminate\\Http\\Request))
#24 /Applications/MAMP/htdocs/tmracing/vendor/laravel/framework/src/Illuminate/Pipeline/Pipeline.php(183): Illuminate\\View\\Middleware\\ShareErrorsFromSession->handle(Object(Illuminate\\Http\\Request), Object(Closure))
#25 /Applications/MAMP/htdocs/tmracing/vendor/laravel/framework/src/Illuminate/Session/Middleware/StartSession.php(121): Illuminate\\Pipeline\\Pipeline->Illuminate\\Pipeline\\{closure}(Object(Illuminate\\Http\\Request))
#26 /Applications/MAMP/htdocs/tmracing/vendor/laravel/framework/src/Illuminate/Session/Middleware/StartSession.php(64): Illuminate\\Session\\Middleware\\StartSession->handleStatefulRequest(Object(Illuminate\\Http\\Request), Object(Illuminate\\Session\\Store), Object(Closure))
#27 /Applications/MAMP/htdocs/tmracing/vendor/laravel/framework/src/Illuminate/Pipeline/Pipeline.php(183): Illuminate\\Session\\Middleware\\StartSession->handle(Object(Illuminate\\Http\\Request), Object(Closure))
#28 /Applications/MAMP/htdocs/tmracing/vendor/laravel/framework/src/Illuminate/Cookie/Middleware/AddQueuedCookiesToResponse.php(37): Illuminate\\Pipeline\\Pipeline->Illuminate\\Pipeline\\{closure}(Object(Illuminate\\Http\\Request))
#29 /Applications/MAMP/htdocs/tmracing/vendor/laravel/framework/src/Illuminate/Pipeline/Pipeline.php(183): Illuminate\\Cookie\\Middleware\\AddQueuedCookiesToResponse->handle(Object(Illuminate\\Http\\Request), Object(Closure))
#30 /Applications/MAMP/htdocs/tmracing/vendor/laravel/framework/src/Illuminate/Pipeline/Pipeline.php(119): Illuminate\\Pipeline\\Pipeline->Illuminate\\Pipeline\\{closure}(Object(Illuminate\\Http\\Request))
#31 /Applications/MAMP/htdocs/tmracing/vendor/laravel/framework/src/Illuminate/Routing/Router.php(805): Illuminate\\Pipeline\\Pipeline->then(Object(Closure))
#32 /Applications/MAMP/htdocs/tmracing/vendor/laravel/framework/src/Illuminate/Routing/Router.php(784): Illuminate\\Routing\\Router->runRouteWithinStack(Object(Illuminate\\Routing\\Route), Object(Illuminate\\Http\\Request))
#33 /Applications/MAMP/htdocs/tmracing/vendor/laravel/framework/src/Illuminate/Routing/Router.php(748): Illuminate\\Routing\\Router->runRoute(Object(Illuminate\\Http\\Request), Object(Illuminate\\Routing\\Route))
#34 /Applications/MAMP/htdocs/tmracing/vendor/laravel/framework/src/Illuminate/Routing/Router.php(737): Illuminate\\Routing\\Router->dispatchToRoute(Object(Illuminate\\Http\\Request))
#35 /Applications/MAMP/htdocs/tmracing/vendor/laravel/framework/src/Illuminate/Foundation/Http/Kernel.php(200): Illuminate\\Routing\\Router->dispatch(Object(Illuminate\\Http\\Request))
#36 /Applications/MAMP/htdocs/tmracing/vendor/laravel/framework/src/Illuminate/Pipeline/Pipeline.php(144): Illuminate\\Foundation\\Http\\Kernel->Illuminate\\Foundation\\Http\\{closure}(Object(Illuminate\\Http\\Request))
#37 /Applications/MAMP/htdocs/tmracing/vendor/barryvdh/laravel-debugbar/src/Middleware/InjectDebugbar.php(66): Illuminate\\Pipeline\\Pipeline->Illuminate\\Pipeline\\{closure}(Object(Illuminate\\Http\\Request))
#38 /Applications/MAMP/htdocs/tmracing/vendor/laravel/framework/src/Illuminate/Pipeline/Pipeline.php(183): Barryvdh\\Debugbar\\Middleware\\InjectDebugbar->handle(Object(Illuminate\\Http\\Request), Object(Closure))
#39 /Applications/MAMP/htdocs/tmracing/vendor/laravel/framework/src/Illuminate/Http/Middleware/TrustProxies.php(39): Illuminate\\Pipeline\\Pipeline->Illuminate\\Pipeline\\{closure}(Object(Illuminate\\Http\\Request))
#40 /Applications/MAMP/htdocs/tmracing/vendor/laravel/framework/src/Illuminate/Pipeline/Pipeline.php(183): Illuminate\\Http\\Middleware\\TrustProxies->handle(Object(Illuminate\\Http\\Request), Object(Closure))
#41 /Applications/MAMP/htdocs/tmracing/vendor/laravel/framework/src/Illuminate/Foundation/Http/Middleware/TransformsRequest.php(21): Illuminate\\Pipeline\\Pipeline->Illuminate\\Pipeline\\{closure}(Object(Illuminate\\Http\\Request))
#42 /Applications/MAMP/htdocs/tmracing/vendor/laravel/framework/src/Illuminate/Foundation/Http/Middleware/ConvertEmptyStringsToNull.php(31): Illuminate\\Foundation\\Http\\Middleware\\TransformsRequest->handle(Object(Illuminate\\Http\\Request), Object(Closure))
#43 /Applications/MAMP/htdocs/tmracing/vendor/laravel/framework/src/Illuminate/Pipeline/Pipeline.php(183): Illuminate\\Foundation\\Http\\Middleware\\ConvertEmptyStringsToNull->handle(Object(Illuminate\\Http\\Request), Object(Closure))
#44 /Applications/MAMP/htdocs/tmracing/vendor/laravel/framework/src/Illuminate/Foundation/Http/Middleware/TransformsRequest.php(21): Illuminate\\Pipeline\\Pipeline->Illuminate\\Pipeline\\{closure}(Object(Illuminate\\Http\\Request))
#45 /Applications/MAMP/htdocs/tmracing/vendor/laravel/framework/src/Illuminate/Foundation/Http/Middleware/TrimStrings.php(40): Illuminate\\Foundation\\Http\\Middleware\\TransformsRequest->handle(Object(Illuminate\\Http\\Request), Object(Closure))
#46 /Applications/MAMP/htdocs/tmracing/vendor/laravel/framework/src/Illuminate/Pipeline/Pipeline.php(183): Illuminate\\Foundation\\Http\\Middleware\\TrimStrings->handle(Object(Illuminate\\Http\\Request), Object(Closure))
#47 /Applications/MAMP/htdocs/tmracing/vendor/laravel/framework/src/Illuminate/Foundation/Http/Middleware/ValidatePostSize.php(27): Illuminate\\Pipeline\\Pipeline->Illuminate\\Pipeline\\{closure}(Object(Illuminate\\Http\\Request))
#48 /Applications/MAMP/htdocs/tmracing/vendor/laravel/framework/src/Illuminate/Pipeline/Pipeline.php(183): Illuminate\\Foundation\\Http\\Middleware\\ValidatePostSize->handle(Object(Illuminate\\Http\\Request), Object(Closure))
#49 /Applications/MAMP/htdocs/tmracing/vendor/laravel/framework/src/Illuminate/Pipeline/Pipeline.php(119): Illuminate\\Pipeline\\Pipeline->Illuminate\\Pipeline\\{closure}(Object(Illuminate\\Http\\Request))
#50 /Applications/MAMP/htdocs/tmracing/vendor/laravel/framework/src/Illuminate/Foundation/Http/Kernel.php(175): Illuminate\\Pipeline\\Pipeline->then(Object(Closure))
#51 /Applications/MAMP/htdocs/tmracing/vendor/laravel/framework/src/Illuminate/Foundation/Http/Kernel.php(144): Illuminate\\Foundation\\Http\\Kernel->sendRequestThroughRouter(Object(Illuminate\\Http\\Request))
#52 /Applications/MAMP/htdocs/tmracing/index.php(56): Illuminate\\Foundation\\Http\\Kernel->handle(Object(Illuminate\\Http\\Request))
#53 {main}

[previous exception] [object] (Symfony\\Component\\Routing\\Exception\\RouteNotFoundException(code: 0): Route [addresses.store] not defined. at /Applications/MAMP/htdocs/tmracing/vendor/laravel/framework/src/Illuminate/Routing/UrlGenerator.php:477)
[stacktrace]
#0 /Applications/MAMP/htdocs/tmracing/vendor/laravel/framework/src/Illuminate/Foundation/helpers.php(811): Illuminate\\Routing\\UrlGenerator->route('addresses.store', Array, true)
#1 /Applications/MAMP/htdocs/tmracing/storage/framework/views/640fb913467cb3a97cacfb44ed1cb7d1.php(107): route('addresses.store')
#2 /Applications/MAMP/htdocs/tmracing/vendor/laravel/framework/src/Illuminate/Filesystem/Filesystem.php(123): require('/Applications/M...')
#3 /Applications/MAMP/htdocs/tmracing/vendor/laravel/framework/src/Illuminate/Filesystem/Filesystem.php(124): Illuminate\\Filesystem\\Filesystem::Illuminate\\Filesystem\\{closure}()
#4 /Applications/MAMP/htdocs/tmracing/vendor/laravel/framework/src/Illuminate/View/Engines/PhpEngine.php(58): Illuminate\\Filesystem\\Filesystem->getRequire('/Applications/M...', Array)
#5 /Applications/MAMP/htdocs/tmracing/vendor/laravel/framework/src/Illuminate/View/Engines/CompilerEngine.php(72): Illuminate\\View\\Engines\\PhpEngine->evaluatePath('/Applications/M...', Array)
#6 /Applications/MAMP/htdocs/tmracing/vendor/laravel/framework/src/Illuminate/View/View.php(207): Illuminate\\View\\Engines\\CompilerEngine->get('/Applications/M...', Array)
#7 /Applications/MAMP/htdocs/tmracing/vendor/laravel/framework/src/Illuminate/View/View.php(190): Illuminate\\View\\View->getContents()
#8 /Applications/MAMP/htdocs/tmracing/vendor/laravel/framework/src/Illuminate/View/View.php(159): Illuminate\\View\\View->renderContents()
#9 /Applications/MAMP/htdocs/tmracing/vendor/laravel/framework/src/Illuminate/Http/Response.php(69): Illuminate\\View\\View->render()
#10 /Applications/MAMP/htdocs/tmracing/vendor/laravel/framework/src/Illuminate/Http/Response.php(35): Illuminate\\Http\\Response->setContent(Object(Illuminate\\View\\View))
#11 /Applications/MAMP/htdocs/tmracing/vendor/laravel/framework/src/Illuminate/Routing/Router.php(918): Illuminate\\Http\\Response->__construct(Object(Illuminate\\View\\View), 200, Array)
#12 /Applications/MAMP/htdocs/tmracing/vendor/laravel/framework/src/Illuminate/Routing/Router.php(885): Illuminate\\Routing\\Router::toResponse(Object(Illuminate\\Http\\Request), Object(Illuminate\\View\\View))
#13 /Applications/MAMP/htdocs/tmracing/vendor/laravel/framework/src/Illuminate/Routing/Router.php(805): Illuminate\\Routing\\Router->prepareResponse(Object(Illuminate\\Http\\Request), Object(Illuminate\\View\\View))
#14 /Applications/MAMP/htdocs/tmracing/vendor/laravel/framework/src/Illuminate/Pipeline/Pipeline.php(144): Illuminate\\Routing\\Router->Illuminate\\Routing\\{closure}(Object(Illuminate\\Http\\Request))
#15 /Applications/MAMP/htdocs/tmracing/app/Http/Middleware/CheckForMaintenanceMode.php(58): Illuminate\\Pipeline\\Pipeline->Illuminate\\Pipeline\\{closure}(Object(Illuminate\\Http\\Request))
#16 /Applications/MAMP/htdocs/tmracing/vendor/laravel/framework/src/Illuminate/Pipeline/Pipeline.php(183): App\\Http\\Middleware\\CheckForMaintenanceMode->handle(Object(Illuminate\\Http\\Request), Object(Closure))
#17 /Applications/MAMP/htdocs/tmracing/app/Http/Middleware/HttpsProtocol.php(20): Illuminate\\Pipeline\\Pipeline->Illuminate\\Pipeline\\{closure}(Object(Illuminate\\Http\\Request))
#18 /Applications/MAMP/htdocs/tmracing/vendor/laravel/framework/src/Illuminate/Pipeline/Pipeline.php(183): App\\Http\\Middleware\\HttpsProtocol->handle(Object(Illuminate\\Http\\Request), Object(Closure))
#19 /Applications/MAMP/htdocs/tmracing/app/Http/Middleware/Language.php(31): Illuminate\\Pipeline\\Pipeline->Illuminate\\Pipeline\\{closure}(Object(Illuminate\\Http\\Request))
#20 /Applications/MAMP/htdocs/tmracing/vendor/laravel/framework/src/Illuminate/Pipeline/Pipeline.php(183): App\\Http\\Middleware\\Language->handle(Object(Illuminate\\Http\\Request), Object(Closure))
#21 /Applications/MAMP/htdocs/tmracing/vendor/laravel/framework/src/Illuminate/Routing/Middleware/SubstituteBindings.php(50): Illuminate\\Pipeline\\Pipeline->Illuminate\\Pipeline\\{closure}(Object(Illuminate\\Http\\Request))
#22 /Applications/MAMP/htdocs/tmracing/vendor/laravel/framework/src/Illuminate/Pipeline/Pipeline.php(183): Illuminate\\Routing\\Middleware\\SubstituteBindings->handle(Object(Illuminate\\Http\\Request), Object(Closure))
#23 /Applications/MAMP/htdocs/tmracing/vendor/laravel/framework/src/Illuminate/Auth/Middleware/Authenticate.php(57): Illuminate\\Pipeline\\Pipeline->Illuminate\\Pipeline\\{closure}(Object(Illuminate\\Http\\Request))
#24 /Applications/MAMP/htdocs/tmracing/vendor/laravel/framework/src/Illuminate/Pipeline/Pipeline.php(183): Illuminate\\Auth\\Middleware\\Authenticate->handle(Object(Illuminate\\Http\\Request), Object(Closure))
#25 /Applications/MAMP/htdocs/tmracing/vendor/laravel/framework/src/Illuminate/Foundation/Http/Middleware/VerifyCsrfToken.php(78): Illuminate\\Pipeline\\Pipeline->Illuminate\\Pipeline\\{closure}(Object(Illuminate\\Http\\Request))
#26 /Applications/MAMP/htdocs/tmracing/vendor/laravel/framework/src/Illuminate/Pipeline/Pipeline.php(183): Illuminate\\Foundation\\Http\\Middleware\\VerifyCsrfToken->handle(Object(Illuminate\\Http\\Request), Object(Closure))
#27 /Applications/MAMP/htdocs/tmracing/vendor/laravel/framework/src/Illuminate/View/Middleware/ShareErrorsFromSession.php(49): Illuminate\\Pipeline\\Pipeline->Illuminate\\Pipeline\\{closure}(Object(Illuminate\\Http\\Request))
#28 /Applications/MAMP/htdocs/tmracing/vendor/laravel/framework/src/Illuminate/Pipeline/Pipeline.php(183): Illuminate\\View\\Middleware\\ShareErrorsFromSession->handle(Object(Illuminate\\Http\\Request), Object(Closure))
#29 /Applications/MAMP/htdocs/tmracing/vendor/laravel/framework/src/Illuminate/Session/Middleware/StartSession.php(121): Illuminate\\Pipeline\\Pipeline->Illuminate\\Pipeline\\{closure}(Object(Illuminate\\Http\\Request))
#30 /Applications/MAMP/htdocs/tmracing/vendor/laravel/framework/src/Illuminate/Session/Middleware/StartSession.php(64): Illuminate\\Session\\Middleware\\StartSession->handleStatefulRequest(Object(Illuminate\\Http\\Request), Object(Illuminate\\Session\\Store), Object(Closure))
#31 /Applications/MAMP/htdocs/tmracing/vendor/laravel/framework/src/Illuminate/Pipeline/Pipeline.php(183): Illuminate\\Session\\Middleware\\StartSession->handle(Object(Illuminate\\Http\\Request), Object(Closure))
#32 /Applications/MAMP/htdocs/tmracing/vendor/laravel/framework/src/Illuminate/Cookie/Middleware/AddQueuedCookiesToResponse.php(37): Illuminate\\Pipeline\\Pipeline->Illuminate\\Pipeline\\{closure}(Object(Illuminate\\Http\\Request))
#33 /Applications/MAMP/htdocs/tmracing/vendor/laravel/framework/src/Illuminate/Pipeline/Pipeline.php(183): Illuminate\\Cookie\\Middleware\\AddQueuedCookiesToResponse->handle(Object(Illuminate\\Http\\Request), Object(Closure))
#34 /Applications/MAMP/htdocs/tmracing/vendor/laravel/framework/src/Illuminate/Pipeline/Pipeline.php(119): Illuminate\\Pipeline\\Pipeline->Illuminate\\Pipeline\\{closure}(Object(Illuminate\\Http\\Request))
#35 /Applications/MAMP/htdocs/tmracing/vendor/laravel/framework/src/Illuminate/Routing/Router.php(805): Illuminate\\Pipeline\\Pipeline->then(Object(Closure))
#36 /Applications/MAMP/htdocs/tmracing/vendor/laravel/framework/src/Illuminate/Routing/Router.php(784): Illuminate\\Routing\\Router->runRouteWithinStack(Object(Illuminate\\Routing\\Route), Object(Illuminate\\Http\\Request))
#37 /Applications/MAMP/htdocs/tmracing/vendor/laravel/framework/src/Illuminate/Routing/Router.php(748): Illuminate\\Routing\\Router->runRoute(Object(Illuminate\\Http\\Request), Object(Illuminate\\Routing\\Route))
#38 /Applications/MAMP/htdocs/tmracing/vendor/laravel/framework/src/Illuminate/Routing/Router.php(737): Illuminate\\Routing\\Router->dispatchToRoute(Object(Illuminate\\Http\\Request))
#39 /Applications/MAMP/htdocs/tmracing/vendor/laravel/framework/src/Illuminate/Foundation/Http/Kernel.php(200): Illuminate\\Routing\\Router->dispatch(Object(Illuminate\\Http\\Request))
#40 /Applications/MAMP/htdocs/tmracing/vendor/laravel/framework/src/Illuminate/Pipeline/Pipeline.php(144): Illuminate\\Foundation\\Http\\Kernel->Illuminate\\Foundation\\Http\\{closure}(Object(Illuminate\\Http\\Request))
#41 /Applications/MAMP/htdocs/tmracing/vendor/barryvdh/laravel-debugbar/src/Middleware/InjectDebugbar.php(66): Illuminate\\Pipeline\\Pipeline->Illuminate\\Pipeline\\{closure}(Object(Illuminate\\Http\\Request))
#42 /Applications/MAMP/htdocs/tmracing/vendor/laravel/framework/src/Illuminate/Pipeline/Pipeline.php(183): Barryvdh\\Debugbar\\Middleware\\InjectDebugbar->handle(Object(Illuminate\\Http\\Request), Object(Closure))
#43 /Applications/MAMP/htdocs/tmracing/vendor/laravel/framework/src/Illuminate/Http/Middleware/TrustProxies.php(39): Illuminate\\Pipeline\\Pipeline->Illuminate\\Pipeline\\{closure}(Object(Illuminate\\Http\\Request))
#44 /Applications/MAMP/htdocs/tmracing/vendor/laravel/framework/src/Illuminate/Pipeline/Pipeline.php(183): Illuminate\\Http\\Middleware\\TrustProxies->handle(Object(Illuminate\\Http\\Request), Object(Closure))
#45 /Applications/MAMP/htdocs/tmracing/vendor/laravel/framework/src/Illuminate/Foundation/Http/Middleware/TransformsRequest.php(21): Illuminate\\Pipeline\\Pipeline->Illuminate\\Pipeline\\{closure}(Object(Illuminate\\Http\\Request))
#46 /Applications/MAMP/htdocs/tmracing/vendor/laravel/framework/src/Illuminate/Foundation/Http/Middleware/ConvertEmptyStringsToNull.php(31): Illuminate\\Foundation\\Http\\Middleware\\TransformsRequest->handle(Object(Illuminate\\Http\\Request), Object(Closure))
#47 /Applications/MAMP/htdocs/tmracing/vendor/laravel/framework/src/Illuminate/Pipeline/Pipeline.php(183): Illuminate\\Foundation\\Http\\Middleware\\ConvertEmptyStringsToNull->handle(Object(Illuminate\\Http\\Request), Object(Closure))
#48 /Applications/MAMP/htdocs/tmracing/vendor/laravel/framework/src/Illuminate/Foundation/Http/Middleware/TransformsRequest.php(21): Illuminate\\Pipeline\\Pipeline->Illuminate\\Pipeline\\{closure}(Object(Illuminate\\Http\\Request))
#49 /Applications/MAMP/htdocs/tmracing/vendor/laravel/framework/src/Illuminate/Foundation/Http/Middleware/TrimStrings.php(40): Illuminate\\Foundation\\Http\\Middleware\\TransformsRequest->handle(Object(Illuminate\\Http\\Request), Object(Closure))
#50 /Applications/MAMP/htdocs/tmracing/vendor/laravel/framework/src/Illuminate/Pipeline/Pipeline.php(183): Illuminate\\Foundation\\Http\\Middleware\\TrimStrings->handle(Object(Illuminate\\Http\\Request), Object(Closure))
#51 /Applications/MAMP/htdocs/tmracing/vendor/laravel/framework/src/Illuminate/Foundation/Http/Middleware/ValidatePostSize.php(27): Illuminate\\Pipeline\\Pipeline->Illuminate\\Pipeline\\{closure}(Object(Illuminate\\Http\\Request))
#52 /Applications/MAMP/htdocs/tmracing/vendor/laravel/framework/src/Illuminate/Pipeline/Pipeline.php(183): Illuminate\\Foundation\\Http\\Middleware\\ValidatePostSize->handle(Object(Illuminate\\Http\\Request), Object(Closure))
#53 /Applications/MAMP/htdocs/tmracing/vendor/laravel/framework/src/Illuminate/Pipeline/Pipeline.php(119): Illuminate\\Pipeline\\Pipeline->Illuminate\\Pipeline\\{closure}(Object(Illuminate\\Http\\Request))
#54 /Applications/MAMP/htdocs/tmracing/vendor/laravel/framework/src/Illuminate/Foundation/Http/Kernel.php(175): Illuminate\\Pipeline\\Pipeline->then(Object(Closure))
#55 /Applications/MAMP/htdocs/tmracing/vendor/laravel/framework/src/Illuminate/Foundation/Http/Kernel.php(144): Illuminate\\Foundation\\Http\\Kernel->sendRequestThroughRouter(Object(Illuminate\\Http\\Request))
#56 /Applications/MAMP/htdocs/tmracing/index.php(56): Illuminate\\Foundation\\Http\\Kernel->handle(Object(Illuminate\\Http\\Request))
#57 {main}
"} 
[2024-12-01 02:15:50] local.ERROR: include(/Applications/MAMP/htdocs/tmracing/vendor/composer/../../app/Http/Controllers/CommissionController.php): Failed to open stream: No such file or directory {"exception":"[object] (ErrorException(code: 0): include(/Applications/MAMP/htdocs/tmracing/vendor/composer/../../app/Http/Controllers/CommissionController.php): Failed to open stream: No such file or directory at /Applications/MAMP/htdocs/tmracing/vendor/composer/ClassLoader.php:576)
[stacktrace]
#0 /Applications/MAMP/htdocs/tmracing/vendor/laravel/framework/src/Illuminate/Foundation/Bootstrap/HandleExceptions.php(255): Illuminate\\Foundation\\Bootstrap\\HandleExceptions->handleError(2, 'include(/Applic...', '/Applications/M...', 576)
#1 /Applications/MAMP/htdocs/tmracing/vendor/composer/ClassLoader.php(576): Illuminate\\Foundation\\Bootstrap\\HandleExceptions->Illuminate\\Foundation\\Bootstrap\\{closure}(2, 'include(/Applic...', '/Applications/M...', 576)
#2 /Applications/MAMP/htdocs/tmracing/vendor/composer/ClassLoader.php(576): include('/Applications/M...')
#3 /Applications/MAMP/htdocs/tmracing/vendor/composer/ClassLoader.php(427): Composer\\Autoload\\{closure}('/Applications/M...')
#4 [internal function]: Composer\\Autoload\\ClassLoader->loadClass('App\\\\Http\\\\Contro...')
#5 /Applications/MAMP/htdocs/tmracing/vendor/laravel/framework/src/Illuminate/Routing/Route.php(1096): is_a('App\\\\Http\\\\Contro...', 'Illuminate\\\\Rout...', true)
#6 /Applications/MAMP/htdocs/tmracing/vendor/laravel/framework/src/Illuminate/Routing/Route.php(1035): Illuminate\\Routing\\Route->controllerMiddleware()
#7 /Applications/MAMP/htdocs/tmracing/vendor/laravel/framework/src/Illuminate/Routing/Router.php(818): Illuminate\\Routing\\Route->gatherMiddleware()
#8 /Applications/MAMP/htdocs/tmracing/vendor/laravel/framework/src/Illuminate/Foundation/Console/RouteListCommand.php(201): Illuminate\\Routing\\Router->gatherRouteMiddleware(Object(Illuminate\\Routing\\Route))
#9 /Applications/MAMP/htdocs/tmracing/vendor/laravel/framework/src/Illuminate/Foundation/Console/RouteListCommand.php(146): Illuminate\\Foundation\\Console\\RouteListCommand->getMiddleware(Object(Illuminate\\Routing\\Route))
#10 /Applications/MAMP/htdocs/tmracing/vendor/laravel/framework/src/Illuminate/Foundation/Console/RouteListCommand.php(116): Illuminate\\Foundation\\Console\\RouteListCommand->getRouteInformation(Object(Illuminate\\Routing\\Route))
#11 [internal function]: Illuminate\\Foundation\\Console\\RouteListCommand->Illuminate\\Foundation\\Console\\{closure}(Object(Illuminate\\Routing\\Route), 183)
#12 /Applications/MAMP/htdocs/tmracing/vendor/laravel/framework/src/Illuminate/Collections/Arr.php(600): array_map(Object(Closure), Array, Array)
#13 /Applications/MAMP/htdocs/tmracing/vendor/laravel/framework/src/Illuminate/Collections/Collection.php(777): Illuminate\\Support\\Arr::map(Array, Object(Closure))
#14 /Applications/MAMP/htdocs/tmracing/vendor/laravel/framework/src/Illuminate/Foundation/Console/RouteListCommand.php(115): Illuminate\\Support\\Collection->map(Object(Closure))
#15 /Applications/MAMP/htdocs/tmracing/vendor/laravel/framework/src/Illuminate/Foundation/Console/RouteListCommand.php(101): Illuminate\\Foundation\\Console\\RouteListCommand->getRoutes()
#16 /Applications/MAMP/htdocs/tmracing/vendor/laravel/framework/src/Illuminate/Container/BoundMethod.php(36): Illuminate\\Foundation\\Console\\RouteListCommand->handle()
#17 /Applications/MAMP/htdocs/tmracing/vendor/laravel/framework/src/Illuminate/Container/Util.php(41): Illuminate\\Container\\BoundMethod::Illuminate\\Container\\{closure}()
#18 /Applications/MAMP/htdocs/tmracing/vendor/laravel/framework/src/Illuminate/Container/BoundMethod.php(93): Illuminate\\Container\\Util::unwrapIfClosure(Object(Closure))
#19 /Applications/MAMP/htdocs/tmracing/vendor/laravel/framework/src/Illuminate/Container/BoundMethod.php(35): Illuminate\\Container\\BoundMethod::callBoundMethod(Object(Illuminate\\Foundation\\Application), Array, Object(Closure))
#20 /Applications/MAMP/htdocs/tmracing/vendor/laravel/framework/src/Illuminate/Container/Container.php(662): Illuminate\\Container\\BoundMethod::call(Object(Illuminate\\Foundation\\Application), Array, Array, NULL)
#21 /Applications/MAMP/htdocs/tmracing/vendor/laravel/framework/src/Illuminate/Console/Command.php(211): Illuminate\\Container\\Container->call(Array)
#22 /Applications/MAMP/htdocs/tmracing/vendor/symfony/console/Command/Command.php(326): Illuminate\\Console\\Command->execute(Object(Symfony\\Component\\Console\\Input\\ArgvInput), Object(Illuminate\\Console\\OutputStyle))
#23 /Applications/MAMP/htdocs/tmracing/vendor/laravel/framework/src/Illuminate/Console/Command.php(180): Symfony\\Component\\Console\\Command\\Command->run(Object(Symfony\\Component\\Console\\Input\\ArgvInput), Object(Illuminate\\Console\\OutputStyle))
#24 /Applications/MAMP/htdocs/tmracing/vendor/symfony/console/Application.php(1096): Illuminate\\Console\\Command->run(Object(Symfony\\Component\\Console\\Input\\ArgvInput), Object(Symfony\\Component\\Console\\Output\\ConsoleOutput))
#25 /Applications/MAMP/htdocs/tmracing/vendor/symfony/console/Application.php(324): Symfony\\Component\\Console\\Application->doRunCommand(Object(Illuminate\\Foundation\\Console\\RouteListCommand), Object(Symfony\\Component\\Console\\Input\\ArgvInput), Object(Symfony\\Component\\Console\\Output\\ConsoleOutput))
#26 /Applications/MAMP/htdocs/tmracing/vendor/symfony/console/Application.php(175): Symfony\\Component\\Console\\Application->doRun(Object(Symfony\\Component\\Console\\Input\\ArgvInput), Object(Symfony\\Component\\Console\\Output\\ConsoleOutput))
#27 /Applications/MAMP/htdocs/tmracing/vendor/laravel/framework/src/Illuminate/Foundation/Console/Kernel.php(201): Symfony\\Component\\Console\\Application->run(Object(Symfony\\Component\\Console\\Input\\ArgvInput), Object(Symfony\\Component\\Console\\Output\\ConsoleOutput))
#28 /Applications/MAMP/htdocs/tmracing/artisan(35): Illuminate\\Foundation\\Console\\Kernel->handle(Object(Symfony\\Component\\Console\\Input\\ArgvInput), Object(Symfony\\Component\\Console\\Output\\ConsoleOutput))
#29 {main}
"} 
[2024-12-01 02:15:52] local.ERROR: include(/Applications/MAMP/htdocs/tmracing/vendor/composer/../../app/Shop.php): Failed to open stream: No such file or directory {"userId":9,"exception":"[object] (ErrorException(code: 0): include(/Applications/MAMP/htdocs/tmracing/vendor/composer/../../app/Shop.php): Failed to open stream: No such file or directory at /Applications/MAMP/htdocs/tmracing/vendor/composer/ClassLoader.php:576)
[stacktrace]
#0 /Applications/MAMP/htdocs/tmracing/vendor/laravel/framework/src/Illuminate/Foundation/Bootstrap/HandleExceptions.php(255): Illuminate\\Foundation\\Bootstrap\\HandleExceptions->handleError(2, 'include(/Applic...', '/Applications/M...', 576)
#1 /Applications/MAMP/htdocs/tmracing/vendor/composer/ClassLoader.php(576): Illuminate\\Foundation\\Bootstrap\\HandleExceptions->Illuminate\\Foundation\\Bootstrap\\{closure}(2, 'include(/Applic...', '/Applications/M...', 576)
#2 /Applications/MAMP/htdocs/tmracing/vendor/composer/ClassLoader.php(576): include('/Applications/M...')
#3 /Applications/MAMP/htdocs/tmracing/vendor/composer/ClassLoader.php(427): Composer\\Autoload\\{closure}('/Applications/M...')
#4 /Applications/MAMP/htdocs/tmracing/vendor/laravel/framework/src/Illuminate/Database/Eloquent/Concerns/HasRelationships.php(793): Composer\\Autoload\\ClassLoader->loadClass('App\\\\Shop')
#5 /Applications/MAMP/htdocs/tmracing/vendor/laravel/framework/src/Illuminate/Database/Eloquent/Concerns/HasRelationships.php(588): Illuminate\\Database\\Eloquent\\Model->newRelatedInstance('App\\\\Shop')
#6 /Applications/MAMP/htdocs/tmracing/app/Category.php(77): Illuminate\\Database\\Eloquent\\Model->morphToMany('App\\\\Shop', 'entity', 'visibility_pivo...', 'entity_id', 'shop_id')
#7 /Applications/MAMP/htdocs/tmracing/vendor/laravel/framework/src/Illuminate/Database/Eloquent/Concerns/QueriesRelationships.php(876): App\\Category->visibility()
#8 /Applications/MAMP/htdocs/tmracing/vendor/laravel/framework/src/Illuminate/Database/Eloquent/Relations/Relation.php(110): Illuminate\\Database\\Eloquent\\Builder->Illuminate\\Database\\Eloquent\\Concerns\\{closure}()
#9 /Applications/MAMP/htdocs/tmracing/vendor/laravel/framework/src/Illuminate/Database/Eloquent/Concerns/QueriesRelationships.php(875): Illuminate\\Database\\Eloquent\\Relations\\Relation::noConstraints(Object(Closure))
#10 /Applications/MAMP/htdocs/tmracing/vendor/laravel/framework/src/Illuminate/Database/Eloquent/Concerns/QueriesRelationships.php(39): Illuminate\\Database\\Eloquent\\Builder->getRelationWithoutConstraints('visibility')
#11 /Applications/MAMP/htdocs/tmracing/vendor/laravel/framework/src/Illuminate/Database/Eloquent/Concerns/QueriesRelationships.php(152): Illuminate\\Database\\Eloquent\\Builder->has('visibility', '>=', 1, 'and', Object(Closure))
#12 /Applications/MAMP/htdocs/tmracing/app/Http/Controllers/PosController.php(405): Illuminate\\Database\\Eloquent\\Builder->whereHas('visibility', Object(Closure))
#13 /Applications/MAMP/htdocs/tmracing/vendor/laravel/framework/src/Illuminate/Database/Eloquent/Builder.php(299): App\\Http\\Controllers\\PosController->App\\Http\\Controllers\\{closure}(Object(Illuminate\\Database\\Eloquent\\Builder))
#14 /Applications/MAMP/htdocs/tmracing/app/Http/Controllers/PosController.php(404): Illuminate\\Database\\Eloquent\\Builder->where(Object(Closure))
#15 /Applications/MAMP/htdocs/tmracing/vendor/laravel/framework/src/Illuminate/Routing/Controller.php(54): App\\Http\\Controllers\\PosController->get_categories(Object(Illuminate\\Http\\Request))
#16 /Applications/MAMP/htdocs/tmracing/vendor/laravel/framework/src/Illuminate/Routing/ControllerDispatcher.php(43): Illuminate\\Routing\\Controller->callAction('get_categories', Array)
#17 /Applications/MAMP/htdocs/tmracing/vendor/laravel/framework/src/Illuminate/Routing/Route.php(259): Illuminate\\Routing\\ControllerDispatcher->dispatch(Object(Illuminate\\Routing\\Route), Object(App\\Http\\Controllers\\PosController), 'get_categories')
#18 /Applications/MAMP/htdocs/tmracing/vendor/laravel/framework/src/Illuminate/Routing/Route.php(205): Illuminate\\Routing\\Route->runController()
#19 /Applications/MAMP/htdocs/tmracing/vendor/laravel/framework/src/Illuminate/Routing/Router.php(806): Illuminate\\Routing\\Route->run()
#20 /Applications/MAMP/htdocs/tmracing/vendor/laravel/framework/src/Illuminate/Pipeline/Pipeline.php(144): Illuminate\\Routing\\Router->Illuminate\\Routing\\{closure}(Object(Illuminate\\Http\\Request))
#21 /Applications/MAMP/htdocs/tmracing/app/Http/Middleware/CheckForMaintenanceMode.php(58): Illuminate\\Pipeline\\Pipeline->Illuminate\\Pipeline\\{closure}(Object(Illuminate\\Http\\Request))
#22 /Applications/MAMP/htdocs/tmracing/vendor/laravel/framework/src/Illuminate/Pipeline/Pipeline.php(183): App\\Http\\Middleware\\CheckForMaintenanceMode->handle(Object(Illuminate\\Http\\Request), Object(Closure))
#23 /Applications/MAMP/htdocs/tmracing/app/Http/Middleware/HttpsProtocol.php(20): Illuminate\\Pipeline\\Pipeline->Illuminate\\Pipeline\\{closure}(Object(Illuminate\\Http\\Request))
#24 /Applications/MAMP/htdocs/tmracing/vendor/laravel/framework/src/Illuminate/Pipeline/Pipeline.php(183): App\\Http\\Middleware\\HttpsProtocol->handle(Object(Illuminate\\Http\\Request), Object(Closure))
#25 /Applications/MAMP/htdocs/tmracing/app/Http/Middleware/Language.php(31): Illuminate\\Pipeline\\Pipeline->Illuminate\\Pipeline\\{closure}(Object(Illuminate\\Http\\Request))
#26 /Applications/MAMP/htdocs/tmracing/vendor/laravel/framework/src/Illuminate/Pipeline/Pipeline.php(183): App\\Http\\Middleware\\Language->handle(Object(Illuminate\\Http\\Request), Object(Closure))
#27 /Applications/MAMP/htdocs/tmracing/vendor/laravel/framework/src/Illuminate/Routing/Middleware/SubstituteBindings.php(50): Illuminate\\Pipeline\\Pipeline->Illuminate\\Pipeline\\{closure}(Object(Illuminate\\Http\\Request))
#28 /Applications/MAMP/htdocs/tmracing/vendor/laravel/framework/src/Illuminate/Pipeline/Pipeline.php(183): Illuminate\\Routing\\Middleware\\SubstituteBindings->handle(Object(Illuminate\\Http\\Request), Object(Closure))
#29 /Applications/MAMP/htdocs/tmracing/vendor/laravel/framework/src/Illuminate/Auth/Middleware/Authenticate.php(57): Illuminate\\Pipeline\\Pipeline->Illuminate\\Pipeline\\{closure}(Object(Illuminate\\Http\\Request))
#30 /Applications/MAMP/htdocs/tmracing/vendor/laravel/framework/src/Illuminate/Pipeline/Pipeline.php(183): Illuminate\\Auth\\Middleware\\Authenticate->handle(Object(Illuminate\\Http\\Request), Object(Closure))
#31 /Applications/MAMP/htdocs/tmracing/vendor/laravel/framework/src/Illuminate/Foundation/Http/Middleware/VerifyCsrfToken.php(78): Illuminate\\Pipeline\\Pipeline->Illuminate\\Pipeline\\{closure}(Object(Illuminate\\Http\\Request))
#32 /Applications/MAMP/htdocs/tmracing/vendor/laravel/framework/src/Illuminate/Pipeline/Pipeline.php(183): Illuminate\\Foundation\\Http\\Middleware\\VerifyCsrfToken->handle(Object(Illuminate\\Http\\Request), Object(Closure))
#33 /Applications/MAMP/htdocs/tmracing/vendor/laravel/framework/src/Illuminate/View/Middleware/ShareErrorsFromSession.php(49): Illuminate\\Pipeline\\Pipeline->Illuminate\\Pipeline\\{closure}(Object(Illuminate\\Http\\Request))
#34 /Applications/MAMP/htdocs/tmracing/vendor/laravel/framework/src/Illuminate/Pipeline/Pipeline.php(183): Illuminate\\View\\Middleware\\ShareErrorsFromSession->handle(Object(Illuminate\\Http\\Request), Object(Closure))
#35 /Applications/MAMP/htdocs/tmracing/vendor/laravel/framework/src/Illuminate/Session/Middleware/StartSession.php(121): Illuminate\\Pipeline\\Pipeline->Illuminate\\Pipeline\\{closure}(Object(Illuminate\\Http\\Request))
#36 /Applications/MAMP/htdocs/tmracing/vendor/laravel/framework/src/Illuminate/Session/Middleware/StartSession.php(64): Illuminate\\Session\\Middleware\\StartSession->handleStatefulRequest(Object(Illuminate\\Http\\Request), Object(Illuminate\\Session\\Store), Object(Closure))
#37 /Applications/MAMP/htdocs/tmracing/vendor/laravel/framework/src/Illuminate/Pipeline/Pipeline.php(183): Illuminate\\Session\\Middleware\\StartSession->handle(Object(Illuminate\\Http\\Request), Object(Closure))
#38 /Applications/MAMP/htdocs/tmracing/vendor/laravel/framework/src/Illuminate/Cookie/Middleware/AddQueuedCookiesToResponse.php(37): Illuminate\\Pipeline\\Pipeline->Illuminate\\Pipeline\\{closure}(Object(Illuminate\\Http\\Request))
#39 /Applications/MAMP/htdocs/tmracing/vendor/laravel/framework/src/Illuminate/Pipeline/Pipeline.php(183): Illuminate\\Cookie\\Middleware\\AddQueuedCookiesToResponse->handle(Object(Illuminate\\Http\\Request), Object(Closure))
#40 /Applications/MAMP/htdocs/tmracing/vendor/laravel/framework/src/Illuminate/Pipeline/Pipeline.php(119): Illuminate\\Pipeline\\Pipeline->Illuminate\\Pipeline\\{closure}(Object(Illuminate\\Http\\Request))
#41 /Applications/MAMP/htdocs/tmracing/vendor/laravel/framework/src/Illuminate/Routing/Router.php(805): Illuminate\\Pipeline\\Pipeline->then(Object(Closure))
#42 /Applications/MAMP/htdocs/tmracing/vendor/laravel/framework/src/Illuminate/Routing/Router.php(784): Illuminate\\Routing\\Router->runRouteWithinStack(Object(Illuminate\\Routing\\Route), Object(Illuminate\\Http\\Request))
#43 /Applications/MAMP/htdocs/tmracing/vendor/laravel/framework/src/Illuminate/Routing/Router.php(748): Illuminate\\Routing\\Router->runRoute(Object(Illuminate\\Http\\Request), Object(Illuminate\\Routing\\Route))
#44 /Applications/MAMP/htdocs/tmracing/vendor/laravel/framework/src/Illuminate/Routing/Router.php(737): Illuminate\\Routing\\Router->dispatchToRoute(Object(Illuminate\\Http\\Request))
#45 /Applications/MAMP/htdocs/tmracing/vendor/laravel/framework/src/Illuminate/Foundation/Http/Kernel.php(200): Illuminate\\Routing\\Router->dispatch(Object(Illuminate\\Http\\Request))
#46 /Applications/MAMP/htdocs/tmracing/vendor/laravel/framework/src/Illuminate/Pipeline/Pipeline.php(144): Illuminate\\Foundation\\Http\\Kernel->Illuminate\\Foundation\\Http\\{closure}(Object(Illuminate\\Http\\Request))
#47 /Applications/MAMP/htdocs/tmracing/vendor/barryvdh/laravel-debugbar/src/Middleware/InjectDebugbar.php(66): Illuminate\\Pipeline\\Pipeline->Illuminate\\Pipeline\\{closure}(Object(Illuminate\\Http\\Request))
#48 /Applications/MAMP/htdocs/tmracing/vendor/laravel/framework/src/Illuminate/Pipeline/Pipeline.php(183): Barryvdh\\Debugbar\\Middleware\\InjectDebugbar->handle(Object(Illuminate\\Http\\Request), Object(Closure))
#49 /Applications/MAMP/htdocs/tmracing/vendor/laravel/framework/src/Illuminate/Http/Middleware/TrustProxies.php(39): Illuminate\\Pipeline\\Pipeline->Illuminate\\Pipeline\\{closure}(Object(Illuminate\\Http\\Request))
#50 /Applications/MAMP/htdocs/tmracing/vendor/laravel/framework/src/Illuminate/Pipeline/Pipeline.php(183): Illuminate\\Http\\Middleware\\TrustProxies->handle(Object(Illuminate\\Http\\Request), Object(Closure))
#51 /Applications/MAMP/htdocs/tmracing/vendor/laravel/framework/src/Illuminate/Foundation/Http/Middleware/TransformsRequest.php(21): Illuminate\\Pipeline\\Pipeline->Illuminate\\Pipeline\\{closure}(Object(Illuminate\\Http\\Request))
#52 /Applications/MAMP/htdocs/tmracing/vendor/laravel/framework/src/Illuminate/Foundation/Http/Middleware/ConvertEmptyStringsToNull.php(31): Illuminate\\Foundation\\Http\\Middleware\\TransformsRequest->handle(Object(Illuminate\\Http\\Request), Object(Closure))
#53 /Applications/MAMP/htdocs/tmracing/vendor/laravel/framework/src/Illuminate/Pipeline/Pipeline.php(183): Illuminate\\Foundation\\Http\\Middleware\\ConvertEmptyStringsToNull->handle(Object(Illuminate\\Http\\Request), Object(Closure))
#54 /Applications/MAMP/htdocs/tmracing/vendor/laravel/framework/src/Illuminate/Foundation/Http/Middleware/TransformsRequest.php(21): Illuminate\\Pipeline\\Pipeline->Illuminate\\Pipeline\\{closure}(Object(Illuminate\\Http\\Request))
#55 /Applications/MAMP/htdocs/tmracing/vendor/laravel/framework/src/Illuminate/Foundation/Http/Middleware/TrimStrings.php(40): Illuminate\\Foundation\\Http\\Middleware\\TransformsRequest->handle(Object(Illuminate\\Http\\Request), Object(Closure))
#56 /Applications/MAMP/htdocs/tmracing/vendor/laravel/framework/src/Illuminate/Pipeline/Pipeline.php(183): Illuminate\\Foundation\\Http\\Middleware\\TrimStrings->handle(Object(Illuminate\\Http\\Request), Object(Closure))
#57 /Applications/MAMP/htdocs/tmracing/vendor/laravel/framework/src/Illuminate/Foundation/Http/Middleware/ValidatePostSize.php(27): Illuminate\\Pipeline\\Pipeline->Illuminate\\Pipeline\\{closure}(Object(Illuminate\\Http\\Request))
#58 /Applications/MAMP/htdocs/tmracing/vendor/laravel/framework/src/Illuminate/Pipeline/Pipeline.php(183): Illuminate\\Foundation\\Http\\Middleware\\ValidatePostSize->handle(Object(Illuminate\\Http\\Request), Object(Closure))
#59 /Applications/MAMP/htdocs/tmracing/vendor/laravel/framework/src/Illuminate/Pipeline/Pipeline.php(119): Illuminate\\Pipeline\\Pipeline->Illuminate\\Pipeline\\{closure}(Object(Illuminate\\Http\\Request))
#60 /Applications/MAMP/htdocs/tmracing/vendor/laravel/framework/src/Illuminate/Foundation/Http/Kernel.php(175): Illuminate\\Pipeline\\Pipeline->then(Object(Closure))
#61 /Applications/MAMP/htdocs/tmracing/vendor/laravel/framework/src/Illuminate/Foundation/Http/Kernel.php(144): Illuminate\\Foundation\\Http\\Kernel->sendRequestThroughRouter(Object(Illuminate\\Http\\Request))
#62 /Applications/MAMP/htdocs/tmracing/index.php(56): Illuminate\\Foundation\\Http\\Kernel->handle(Object(Illuminate\\Http\\Request))
#63 {main}
"} 
[2024-12-01 02:15:52] local.ERROR: include(/Applications/MAMP/htdocs/tmracing/vendor/composer/../../app/Shop.php): Failed to open stream: No such file or directory {"userId":9,"exception":"[object] (ErrorException(code: 0): include(/Applications/MAMP/htdocs/tmracing/vendor/composer/../../app/Shop.php): Failed to open stream: No such file or directory at /Applications/MAMP/htdocs/tmracing/vendor/composer/ClassLoader.php:576)
[stacktrace]
#0 /Applications/MAMP/htdocs/tmracing/vendor/laravel/framework/src/Illuminate/Foundation/Bootstrap/HandleExceptions.php(255): Illuminate\\Foundation\\Bootstrap\\HandleExceptions->handleError(2, 'include(/Applic...', '/Applications/M...', 576)
#1 /Applications/MAMP/htdocs/tmracing/vendor/composer/ClassLoader.php(576): Illuminate\\Foundation\\Bootstrap\\HandleExceptions->Illuminate\\Foundation\\Bootstrap\\{closure}(2, 'include(/Applic...', '/Applications/M...', 576)
#2 /Applications/MAMP/htdocs/tmracing/vendor/composer/ClassLoader.php(576): include('/Applications/M...')
#3 /Applications/MAMP/htdocs/tmracing/vendor/composer/ClassLoader.php(427): Composer\\Autoload\\{closure}('/Applications/M...')
#4 /Applications/MAMP/htdocs/tmracing/vendor/laravel/framework/src/Illuminate/Database/Eloquent/Concerns/HasRelationships.php(793): Composer\\Autoload\\ClassLoader->loadClass('App\\\\Shop')
#5 /Applications/MAMP/htdocs/tmracing/vendor/laravel/framework/src/Illuminate/Database/Eloquent/Concerns/HasRelationships.php(588): Illuminate\\Database\\Eloquent\\Model->newRelatedInstance('App\\\\Shop')
#6 /Applications/MAMP/htdocs/tmracing/app/Category.php(77): Illuminate\\Database\\Eloquent\\Model->morphToMany('App\\\\Shop', 'entity', 'visibility_pivo...', 'entity_id', 'shop_id')
#7 /Applications/MAMP/htdocs/tmracing/vendor/laravel/framework/src/Illuminate/Database/Eloquent/Concerns/QueriesRelationships.php(876): App\\Category->visibility()
#8 /Applications/MAMP/htdocs/tmracing/vendor/laravel/framework/src/Illuminate/Database/Eloquent/Relations/Relation.php(110): Illuminate\\Database\\Eloquent\\Builder->Illuminate\\Database\\Eloquent\\Concerns\\{closure}()
#9 /Applications/MAMP/htdocs/tmracing/vendor/laravel/framework/src/Illuminate/Database/Eloquent/Concerns/QueriesRelationships.php(875): Illuminate\\Database\\Eloquent\\Relations\\Relation::noConstraints(Object(Closure))
#10 /Applications/MAMP/htdocs/tmracing/vendor/laravel/framework/src/Illuminate/Database/Eloquent/Concerns/QueriesRelationships.php(39): Illuminate\\Database\\Eloquent\\Builder->getRelationWithoutConstraints('visibility')
#11 /Applications/MAMP/htdocs/tmracing/vendor/laravel/framework/src/Illuminate/Database/Eloquent/Concerns/QueriesRelationships.php(152): Illuminate\\Database\\Eloquent\\Builder->has('visibility', '>=', 1, 'and', Object(Closure))
#12 /Applications/MAMP/htdocs/tmracing/app/Http/Controllers/PosController.php(73): Illuminate\\Database\\Eloquent\\Builder->whereHas('visibility', Object(Closure))
#13 /Applications/MAMP/htdocs/tmracing/vendor/laravel/framework/src/Illuminate/Database/Eloquent/Builder.php(299): App\\Http\\Controllers\\PosController->App\\Http\\Controllers\\{closure}(Object(Illuminate\\Database\\Eloquent\\Builder))
#14 /Applications/MAMP/htdocs/tmracing/app/Http/Controllers/PosController.php(72): Illuminate\\Database\\Eloquent\\Builder->where(Object(Closure))
#15 /Applications/MAMP/htdocs/tmracing/vendor/laravel/framework/src/Illuminate/Routing/Controller.php(54): App\\Http\\Controllers\\PosController->get_tree(Object(Illuminate\\Http\\Request))
#16 /Applications/MAMP/htdocs/tmracing/vendor/laravel/framework/src/Illuminate/Routing/ControllerDispatcher.php(43): Illuminate\\Routing\\Controller->callAction('get_tree', Array)
#17 /Applications/MAMP/htdocs/tmracing/vendor/laravel/framework/src/Illuminate/Routing/Route.php(259): Illuminate\\Routing\\ControllerDispatcher->dispatch(Object(Illuminate\\Routing\\Route), Object(App\\Http\\Controllers\\PosController), 'get_tree')
#18 /Applications/MAMP/htdocs/tmracing/vendor/laravel/framework/src/Illuminate/Routing/Route.php(205): Illuminate\\Routing\\Route->runController()
#19 /Applications/MAMP/htdocs/tmracing/vendor/laravel/framework/src/Illuminate/Routing/Router.php(806): Illuminate\\Routing\\Route->run()
#20 /Applications/MAMP/htdocs/tmracing/vendor/laravel/framework/src/Illuminate/Pipeline/Pipeline.php(144): Illuminate\\Routing\\Router->Illuminate\\Routing\\{closure}(Object(Illuminate\\Http\\Request))
#21 /Applications/MAMP/htdocs/tmracing/app/Http/Middleware/CheckForMaintenanceMode.php(58): Illuminate\\Pipeline\\Pipeline->Illuminate\\Pipeline\\{closure}(Object(Illuminate\\Http\\Request))
#22 /Applications/MAMP/htdocs/tmracing/vendor/laravel/framework/src/Illuminate/Pipeline/Pipeline.php(183): App\\Http\\Middleware\\CheckForMaintenanceMode->handle(Object(Illuminate\\Http\\Request), Object(Closure))
#23 /Applications/MAMP/htdocs/tmracing/app/Http/Middleware/HttpsProtocol.php(20): Illuminate\\Pipeline\\Pipeline->Illuminate\\Pipeline\\{closure}(Object(Illuminate\\Http\\Request))
#24 /Applications/MAMP/htdocs/tmracing/vendor/laravel/framework/src/Illuminate/Pipeline/Pipeline.php(183): App\\Http\\Middleware\\HttpsProtocol->handle(Object(Illuminate\\Http\\Request), Object(Closure))
#25 /Applications/MAMP/htdocs/tmracing/app/Http/Middleware/Language.php(31): Illuminate\\Pipeline\\Pipeline->Illuminate\\Pipeline\\{closure}(Object(Illuminate\\Http\\Request))
#26 /Applications/MAMP/htdocs/tmracing/vendor/laravel/framework/src/Illuminate/Pipeline/Pipeline.php(183): App\\Http\\Middleware\\Language->handle(Object(Illuminate\\Http\\Request), Object(Closure))
#27 /Applications/MAMP/htdocs/tmracing/vendor/laravel/framework/src/Illuminate/Routing/Middleware/SubstituteBindings.php(50): Illuminate\\Pipeline\\Pipeline->Illuminate\\Pipeline\\{closure}(Object(Illuminate\\Http\\Request))
#28 /Applications/MAMP/htdocs/tmracing/vendor/laravel/framework/src/Illuminate/Pipeline/Pipeline.php(183): Illuminate\\Routing\\Middleware\\SubstituteBindings->handle(Object(Illuminate\\Http\\Request), Object(Closure))
#29 /Applications/MAMP/htdocs/tmracing/vendor/laravel/framework/src/Illuminate/Auth/Middleware/Authenticate.php(57): Illuminate\\Pipeline\\Pipeline->Illuminate\\Pipeline\\{closure}(Object(Illuminate\\Http\\Request))
#30 /Applications/MAMP/htdocs/tmracing/vendor/laravel/framework/src/Illuminate/Pipeline/Pipeline.php(183): Illuminate\\Auth\\Middleware\\Authenticate->handle(Object(Illuminate\\Http\\Request), Object(Closure))
#31 /Applications/MAMP/htdocs/tmracing/vendor/laravel/framework/src/Illuminate/Foundation/Http/Middleware/VerifyCsrfToken.php(78): Illuminate\\Pipeline\\Pipeline->Illuminate\\Pipeline\\{closure}(Object(Illuminate\\Http\\Request))
#32 /Applications/MAMP/htdocs/tmracing/vendor/laravel/framework/src/Illuminate/Pipeline/Pipeline.php(183): Illuminate\\Foundation\\Http\\Middleware\\VerifyCsrfToken->handle(Object(Illuminate\\Http\\Request), Object(Closure))
#33 /Applications/MAMP/htdocs/tmracing/vendor/laravel/framework/src/Illuminate/View/Middleware/ShareErrorsFromSession.php(49): Illuminate\\Pipeline\\Pipeline->Illuminate\\Pipeline\\{closure}(Object(Illuminate\\Http\\Request))
#34 /Applications/MAMP/htdocs/tmracing/vendor/laravel/framework/src/Illuminate/Pipeline/Pipeline.php(183): Illuminate\\View\\Middleware\\ShareErrorsFromSession->handle(Object(Illuminate\\Http\\Request), Object(Closure))
#35 /Applications/MAMP/htdocs/tmracing/vendor/laravel/framework/src/Illuminate/Session/Middleware/StartSession.php(121): Illuminate\\Pipeline\\Pipeline->Illuminate\\Pipeline\\{closure}(Object(Illuminate\\Http\\Request))
#36 /Applications/MAMP/htdocs/tmracing/vendor/laravel/framework/src/Illuminate/Session/Middleware/StartSession.php(64): Illuminate\\Session\\Middleware\\StartSession->handleStatefulRequest(Object(Illuminate\\Http\\Request), Object(Illuminate\\Session\\Store), Object(Closure))
#37 /Applications/MAMP/htdocs/tmracing/vendor/laravel/framework/src/Illuminate/Pipeline/Pipeline.php(183): Illuminate\\Session\\Middleware\\StartSession->handle(Object(Illuminate\\Http\\Request), Object(Closure))
#38 /Applications/MAMP/htdocs/tmracing/vendor/laravel/framework/src/Illuminate/Cookie/Middleware/AddQueuedCookiesToResponse.php(37): Illuminate\\Pipeline\\Pipeline->Illuminate\\Pipeline\\{closure}(Object(Illuminate\\Http\\Request))
#39 /Applications/MAMP/htdocs/tmracing/vendor/laravel/framework/src/Illuminate/Pipeline/Pipeline.php(183): Illuminate\\Cookie\\Middleware\\AddQueuedCookiesToResponse->handle(Object(Illuminate\\Http\\Request), Object(Closure))
#40 /Applications/MAMP/htdocs/tmracing/vendor/laravel/framework/src/Illuminate/Pipeline/Pipeline.php(119): Illuminate\\Pipeline\\Pipeline->Illuminate\\Pipeline\\{closure}(Object(Illuminate\\Http\\Request))
#41 /Applications/MAMP/htdocs/tmracing/vendor/laravel/framework/src/Illuminate/Routing/Router.php(805): Illuminate\\Pipeline\\Pipeline->then(Object(Closure))
#42 /Applications/MAMP/htdocs/tmracing/vendor/laravel/framework/src/Illuminate/Routing/Router.php(784): Illuminate\\Routing\\Router->runRouteWithinStack(Object(Illuminate\\Routing\\Route), Object(Illuminate\\Http\\Request))
#43 /Applications/MAMP/htdocs/tmracing/vendor/laravel/framework/src/Illuminate/Routing/Router.php(748): Illuminate\\Routing\\Router->runRoute(Object(Illuminate\\Http\\Request), Object(Illuminate\\Routing\\Route))
#44 /Applications/MAMP/htdocs/tmracing/vendor/laravel/framework/src/Illuminate/Routing/Router.php(737): Illuminate\\Routing\\Router->dispatchToRoute(Object(Illuminate\\Http\\Request))
#45 /Applications/MAMP/htdocs/tmracing/vendor/laravel/framework/src/Illuminate/Foundation/Http/Kernel.php(200): Illuminate\\Routing\\Router->dispatch(Object(Illuminate\\Http\\Request))
#46 /Applications/MAMP/htdocs/tmracing/vendor/laravel/framework/src/Illuminate/Pipeline/Pipeline.php(144): Illuminate\\Foundation\\Http\\Kernel->Illuminate\\Foundation\\Http\\{closure}(Object(Illuminate\\Http\\Request))
#47 /Applications/MAMP/htdocs/tmracing/vendor/barryvdh/laravel-debugbar/src/Middleware/InjectDebugbar.php(66): Illuminate\\Pipeline\\Pipeline->Illuminate\\Pipeline\\{closure}(Object(Illuminate\\Http\\Request))
#48 /Applications/MAMP/htdocs/tmracing/vendor/laravel/framework/src/Illuminate/Pipeline/Pipeline.php(183): Barryvdh\\Debugbar\\Middleware\\InjectDebugbar->handle(Object(Illuminate\\Http\\Request), Object(Closure))
#49 /Applications/MAMP/htdocs/tmracing/vendor/laravel/framework/src/Illuminate/Http/Middleware/TrustProxies.php(39): Illuminate\\Pipeline\\Pipeline->Illuminate\\Pipeline\\{closure}(Object(Illuminate\\Http\\Request))
#50 /Applications/MAMP/htdocs/tmracing/vendor/laravel/framework/src/Illuminate/Pipeline/Pipeline.php(183): Illuminate\\Http\\Middleware\\TrustProxies->handle(Object(Illuminate\\Http\\Request), Object(Closure))
#51 /Applications/MAMP/htdocs/tmracing/vendor/laravel/framework/src/Illuminate/Foundation/Http/Middleware/TransformsRequest.php(21): Illuminate\\Pipeline\\Pipeline->Illuminate\\Pipeline\\{closure}(Object(Illuminate\\Http\\Request))
#52 /Applications/MAMP/htdocs/tmracing/vendor/laravel/framework/src/Illuminate/Foundation/Http/Middleware/ConvertEmptyStringsToNull.php(31): Illuminate\\Foundation\\Http\\Middleware\\TransformsRequest->handle(Object(Illuminate\\Http\\Request), Object(Closure))
#53 /Applications/MAMP/htdocs/tmracing/vendor/laravel/framework/src/Illuminate/Pipeline/Pipeline.php(183): Illuminate\\Foundation\\Http\\Middleware\\ConvertEmptyStringsToNull->handle(Object(Illuminate\\Http\\Request), Object(Closure))
#54 /Applications/MAMP/htdocs/tmracing/vendor/laravel/framework/src/Illuminate/Foundation/Http/Middleware/TransformsRequest.php(21): Illuminate\\Pipeline\\Pipeline->Illuminate\\Pipeline\\{closure}(Object(Illuminate\\Http\\Request))
#55 /Applications/MAMP/htdocs/tmracing/vendor/laravel/framework/src/Illuminate/Foundation/Http/Middleware/TrimStrings.php(40): Illuminate\\Foundation\\Http\\Middleware\\TransformsRequest->handle(Object(Illuminate\\Http\\Request), Object(Closure))
#56 /Applications/MAMP/htdocs/tmracing/vendor/laravel/framework/src/Illuminate/Pipeline/Pipeline.php(183): Illuminate\\Foundation\\Http\\Middleware\\TrimStrings->handle(Object(Illuminate\\Http\\Request), Object(Closure))
#57 /Applications/MAMP/htdocs/tmracing/vendor/laravel/framework/src/Illuminate/Foundation/Http/Middleware/ValidatePostSize.php(27): Illuminate\\Pipeline\\Pipeline->Illuminate\\Pipeline\\{closure}(Object(Illuminate\\Http\\Request))
#58 /Applications/MAMP/htdocs/tmracing/vendor/laravel/framework/src/Illuminate/Pipeline/Pipeline.php(183): Illuminate\\Foundation\\Http\\Middleware\\ValidatePostSize->handle(Object(Illuminate\\Http\\Request), Object(Closure))
#59 /Applications/MAMP/htdocs/tmracing/vendor/laravel/framework/src/Illuminate/Pipeline/Pipeline.php(119): Illuminate\\Pipeline\\Pipeline->Illuminate\\Pipeline\\{closure}(Object(Illuminate\\Http\\Request))
#60 /Applications/MAMP/htdocs/tmracing/vendor/laravel/framework/src/Illuminate/Foundation/Http/Kernel.php(175): Illuminate\\Pipeline\\Pipeline->then(Object(Closure))
#61 /Applications/MAMP/htdocs/tmracing/vendor/laravel/framework/src/Illuminate/Foundation/Http/Kernel.php(144): Illuminate\\Foundation\\Http\\Kernel->sendRequestThroughRouter(Object(Illuminate\\Http\\Request))
#62 /Applications/MAMP/htdocs/tmracing/index.php(56): Illuminate\\Foundation\\Http\\Kernel->handle(Object(Illuminate\\Http\\Request))
#63 {main}
"} 
[2024-12-01 02:16:04] local.ERROR: include(/Applications/MAMP/htdocs/tmracing/vendor/composer/../../app/Shop.php): Failed to open stream: No such file or directory {"userId":9,"exception":"[object] (ErrorException(code: 0): include(/Applications/MAMP/htdocs/tmracing/vendor/composer/../../app/Shop.php): Failed to open stream: No such file or directory at /Applications/MAMP/htdocs/tmracing/vendor/composer/ClassLoader.php:576)
[stacktrace]
#0 /Applications/MAMP/htdocs/tmracing/vendor/laravel/framework/src/Illuminate/Foundation/Bootstrap/HandleExceptions.php(255): Illuminate\\Foundation\\Bootstrap\\HandleExceptions->handleError(2, 'include(/Applic...', '/Applications/M...', 576)
#1 /Applications/MAMP/htdocs/tmracing/vendor/composer/ClassLoader.php(576): Illuminate\\Foundation\\Bootstrap\\HandleExceptions->Illuminate\\Foundation\\Bootstrap\\{closure}(2, 'include(/Applic...', '/Applications/M...', 576)
#2 /Applications/MAMP/htdocs/tmracing/vendor/composer/ClassLoader.php(576): include('/Applications/M...')
#3 /Applications/MAMP/htdocs/tmracing/vendor/composer/ClassLoader.php(427): Composer\\Autoload\\{closure}('/Applications/M...')
#4 /Applications/MAMP/htdocs/tmracing/vendor/laravel/framework/src/Illuminate/Database/Eloquent/Concerns/HasRelationships.php(793): Composer\\Autoload\\ClassLoader->loadClass('App\\\\Shop')
#5 /Applications/MAMP/htdocs/tmracing/vendor/laravel/framework/src/Illuminate/Database/Eloquent/Concerns/HasRelationships.php(588): Illuminate\\Database\\Eloquent\\Model->newRelatedInstance('App\\\\Shop')
#6 /Applications/MAMP/htdocs/tmracing/app/Category.php(77): Illuminate\\Database\\Eloquent\\Model->morphToMany('App\\\\Shop', 'entity', 'visibility_pivo...', 'entity_id', 'shop_id')
#7 /Applications/MAMP/htdocs/tmracing/vendor/laravel/framework/src/Illuminate/Database/Eloquent/Concerns/QueriesRelationships.php(876): App\\Category->visibility()
#8 /Applications/MAMP/htdocs/tmracing/vendor/laravel/framework/src/Illuminate/Database/Eloquent/Relations/Relation.php(110): Illuminate\\Database\\Eloquent\\Builder->Illuminate\\Database\\Eloquent\\Concerns\\{closure}()
#9 /Applications/MAMP/htdocs/tmracing/vendor/laravel/framework/src/Illuminate/Database/Eloquent/Concerns/QueriesRelationships.php(875): Illuminate\\Database\\Eloquent\\Relations\\Relation::noConstraints(Object(Closure))
#10 /Applications/MAMP/htdocs/tmracing/vendor/laravel/framework/src/Illuminate/Database/Eloquent/Concerns/QueriesRelationships.php(39): Illuminate\\Database\\Eloquent\\Builder->getRelationWithoutConstraints('visibility')
#11 /Applications/MAMP/htdocs/tmracing/vendor/laravel/framework/src/Illuminate/Database/Eloquent/Concerns/QueriesRelationships.php(152): Illuminate\\Database\\Eloquent\\Builder->has('visibility', '>=', 1, 'and', Object(Closure))
#12 /Applications/MAMP/htdocs/tmracing/app/Http/Controllers/PosController.php(405): Illuminate\\Database\\Eloquent\\Builder->whereHas('visibility', Object(Closure))
#13 /Applications/MAMP/htdocs/tmracing/vendor/laravel/framework/src/Illuminate/Database/Eloquent/Builder.php(299): App\\Http\\Controllers\\PosController->App\\Http\\Controllers\\{closure}(Object(Illuminate\\Database\\Eloquent\\Builder))
#14 /Applications/MAMP/htdocs/tmracing/app/Http/Controllers/PosController.php(404): Illuminate\\Database\\Eloquent\\Builder->where(Object(Closure))
#15 /Applications/MAMP/htdocs/tmracing/vendor/laravel/framework/src/Illuminate/Routing/Controller.php(54): App\\Http\\Controllers\\PosController->get_categories(Object(Illuminate\\Http\\Request))
#16 /Applications/MAMP/htdocs/tmracing/vendor/laravel/framework/src/Illuminate/Routing/ControllerDispatcher.php(43): Illuminate\\Routing\\Controller->callAction('get_categories', Array)
#17 /Applications/MAMP/htdocs/tmracing/vendor/laravel/framework/src/Illuminate/Routing/Route.php(259): Illuminate\\Routing\\ControllerDispatcher->dispatch(Object(Illuminate\\Routing\\Route), Object(App\\Http\\Controllers\\PosController), 'get_categories')
#18 /Applications/MAMP/htdocs/tmracing/vendor/laravel/framework/src/Illuminate/Routing/Route.php(205): Illuminate\\Routing\\Route->runController()
#19 /Applications/MAMP/htdocs/tmracing/vendor/laravel/framework/src/Illuminate/Routing/Router.php(806): Illuminate\\Routing\\Route->run()
#20 /Applications/MAMP/htdocs/tmracing/vendor/laravel/framework/src/Illuminate/Pipeline/Pipeline.php(144): Illuminate\\Routing\\Router->Illuminate\\Routing\\{closure}(Object(Illuminate\\Http\\Request))
#21 /Applications/MAMP/htdocs/tmracing/app/Http/Middleware/CheckForMaintenanceMode.php(58): Illuminate\\Pipeline\\Pipeline->Illuminate\\Pipeline\\{closure}(Object(Illuminate\\Http\\Request))
#22 /Applications/MAMP/htdocs/tmracing/vendor/laravel/framework/src/Illuminate/Pipeline/Pipeline.php(183): App\\Http\\Middleware\\CheckForMaintenanceMode->handle(Object(Illuminate\\Http\\Request), Object(Closure))
#23 /Applications/MAMP/htdocs/tmracing/app/Http/Middleware/HttpsProtocol.php(20): Illuminate\\Pipeline\\Pipeline->Illuminate\\Pipeline\\{closure}(Object(Illuminate\\Http\\Request))
#24 /Applications/MAMP/htdocs/tmracing/vendor/laravel/framework/src/Illuminate/Pipeline/Pipeline.php(183): App\\Http\\Middleware\\HttpsProtocol->handle(Object(Illuminate\\Http\\Request), Object(Closure))
#25 /Applications/MAMP/htdocs/tmracing/app/Http/Middleware/Language.php(31): Illuminate\\Pipeline\\Pipeline->Illuminate\\Pipeline\\{closure}(Object(Illuminate\\Http\\Request))
#26 /Applications/MAMP/htdocs/tmracing/vendor/laravel/framework/src/Illuminate/Pipeline/Pipeline.php(183): App\\Http\\Middleware\\Language->handle(Object(Illuminate\\Http\\Request), Object(Closure))
#27 /Applications/MAMP/htdocs/tmracing/vendor/laravel/framework/src/Illuminate/Routing/Middleware/SubstituteBindings.php(50): Illuminate\\Pipeline\\Pipeline->Illuminate\\Pipeline\\{closure}(Object(Illuminate\\Http\\Request))
#28 /Applications/MAMP/htdocs/tmracing/vendor/laravel/framework/src/Illuminate/Pipeline/Pipeline.php(183): Illuminate\\Routing\\Middleware\\SubstituteBindings->handle(Object(Illuminate\\Http\\Request), Object(Closure))
#29 /Applications/MAMP/htdocs/tmracing/vendor/laravel/framework/src/Illuminate/Auth/Middleware/Authenticate.php(57): Illuminate\\Pipeline\\Pipeline->Illuminate\\Pipeline\\{closure}(Object(Illuminate\\Http\\Request))
#30 /Applications/MAMP/htdocs/tmracing/vendor/laravel/framework/src/Illuminate/Pipeline/Pipeline.php(183): Illuminate\\Auth\\Middleware\\Authenticate->handle(Object(Illuminate\\Http\\Request), Object(Closure))
#31 /Applications/MAMP/htdocs/tmracing/vendor/laravel/framework/src/Illuminate/Foundation/Http/Middleware/VerifyCsrfToken.php(78): Illuminate\\Pipeline\\Pipeline->Illuminate\\Pipeline\\{closure}(Object(Illuminate\\Http\\Request))
#32 /Applications/MAMP/htdocs/tmracing/vendor/laravel/framework/src/Illuminate/Pipeline/Pipeline.php(183): Illuminate\\Foundation\\Http\\Middleware\\VerifyCsrfToken->handle(Object(Illuminate\\Http\\Request), Object(Closure))
#33 /Applications/MAMP/htdocs/tmracing/vendor/laravel/framework/src/Illuminate/View/Middleware/ShareErrorsFromSession.php(49): Illuminate\\Pipeline\\Pipeline->Illuminate\\Pipeline\\{closure}(Object(Illuminate\\Http\\Request))
#34 /Applications/MAMP/htdocs/tmracing/vendor/laravel/framework/src/Illuminate/Pipeline/Pipeline.php(183): Illuminate\\View\\Middleware\\ShareErrorsFromSession->handle(Object(Illuminate\\Http\\Request), Object(Closure))
#35 /Applications/MAMP/htdocs/tmracing/vendor/laravel/framework/src/Illuminate/Session/Middleware/StartSession.php(121): Illuminate\\Pipeline\\Pipeline->Illuminate\\Pipeline\\{closure}(Object(Illuminate\\Http\\Request))
#36 /Applications/MAMP/htdocs/tmracing/vendor/laravel/framework/src/Illuminate/Session/Middleware/StartSession.php(64): Illuminate\\Session\\Middleware\\StartSession->handleStatefulRequest(Object(Illuminate\\Http\\Request), Object(Illuminate\\Session\\Store), Object(Closure))
#37 /Applications/MAMP/htdocs/tmracing/vendor/laravel/framework/src/Illuminate/Pipeline/Pipeline.php(183): Illuminate\\Session\\Middleware\\StartSession->handle(Object(Illuminate\\Http\\Request), Object(Closure))
#38 /Applications/MAMP/htdocs/tmracing/vendor/laravel/framework/src/Illuminate/Cookie/Middleware/AddQueuedCookiesToResponse.php(37): Illuminate\\Pipeline\\Pipeline->Illuminate\\Pipeline\\{closure}(Object(Illuminate\\Http\\Request))
#39 /Applications/MAMP/htdocs/tmracing/vendor/laravel/framework/src/Illuminate/Pipeline/Pipeline.php(183): Illuminate\\Cookie\\Middleware\\AddQueuedCookiesToResponse->handle(Object(Illuminate\\Http\\Request), Object(Closure))
#40 /Applications/MAMP/htdocs/tmracing/vendor/laravel/framework/src/Illuminate/Pipeline/Pipeline.php(119): Illuminate\\Pipeline\\Pipeline->Illuminate\\Pipeline\\{closure}(Object(Illuminate\\Http\\Request))
#41 /Applications/MAMP/htdocs/tmracing/vendor/laravel/framework/src/Illuminate/Routing/Router.php(805): Illuminate\\Pipeline\\Pipeline->then(Object(Closure))
#42 /Applications/MAMP/htdocs/tmracing/vendor/laravel/framework/src/Illuminate/Routing/Router.php(784): Illuminate\\Routing\\Router->runRouteWithinStack(Object(Illuminate\\Routing\\Route), Object(Illuminate\\Http\\Request))
#43 /Applications/MAMP/htdocs/tmracing/vendor/laravel/framework/src/Illuminate/Routing/Router.php(748): Illuminate\\Routing\\Router->runRoute(Object(Illuminate\\Http\\Request), Object(Illuminate\\Routing\\Route))
#44 /Applications/MAMP/htdocs/tmracing/vendor/laravel/framework/src/Illuminate/Routing/Router.php(737): Illuminate\\Routing\\Router->dispatchToRoute(Object(Illuminate\\Http\\Request))
#45 /Applications/MAMP/htdocs/tmracing/vendor/laravel/framework/src/Illuminate/Foundation/Http/Kernel.php(200): Illuminate\\Routing\\Router->dispatch(Object(Illuminate\\Http\\Request))
#46 /Applications/MAMP/htdocs/tmracing/vendor/laravel/framework/src/Illuminate/Pipeline/Pipeline.php(144): Illuminate\\Foundation\\Http\\Kernel->Illuminate\\Foundation\\Http\\{closure}(Object(Illuminate\\Http\\Request))
#47 /Applications/MAMP/htdocs/tmracing/vendor/barryvdh/laravel-debugbar/src/Middleware/InjectDebugbar.php(66): Illuminate\\Pipeline\\Pipeline->Illuminate\\Pipeline\\{closure}(Object(Illuminate\\Http\\Request))
#48 /Applications/MAMP/htdocs/tmracing/vendor/laravel/framework/src/Illuminate/Pipeline/Pipeline.php(183): Barryvdh\\Debugbar\\Middleware\\InjectDebugbar->handle(Object(Illuminate\\Http\\Request), Object(Closure))
#49 /Applications/MAMP/htdocs/tmracing/vendor/laravel/framework/src/Illuminate/Http/Middleware/TrustProxies.php(39): Illuminate\\Pipeline\\Pipeline->Illuminate\\Pipeline\\{closure}(Object(Illuminate\\Http\\Request))
#50 /Applications/MAMP/htdocs/tmracing/vendor/laravel/framework/src/Illuminate/Pipeline/Pipeline.php(183): Illuminate\\Http\\Middleware\\TrustProxies->handle(Object(Illuminate\\Http\\Request), Object(Closure))
#51 /Applications/MAMP/htdocs/tmracing/vendor/laravel/framework/src/Illuminate/Foundation/Http/Middleware/TransformsRequest.php(21): Illuminate\\Pipeline\\Pipeline->Illuminate\\Pipeline\\{closure}(Object(Illuminate\\Http\\Request))
#52 /Applications/MAMP/htdocs/tmracing/vendor/laravel/framework/src/Illuminate/Foundation/Http/Middleware/ConvertEmptyStringsToNull.php(31): Illuminate\\Foundation\\Http\\Middleware\\TransformsRequest->handle(Object(Illuminate\\Http\\Request), Object(Closure))
#53 /Applications/MAMP/htdocs/tmracing/vendor/laravel/framework/src/Illuminate/Pipeline/Pipeline.php(183): Illuminate\\Foundation\\Http\\Middleware\\ConvertEmptyStringsToNull->handle(Object(Illuminate\\Http\\Request), Object(Closure))
#54 /Applications/MAMP/htdocs/tmracing/vendor/laravel/framework/src/Illuminate/Foundation/Http/Middleware/TransformsRequest.php(21): Illuminate\\Pipeline\\Pipeline->Illuminate\\Pipeline\\{closure}(Object(Illuminate\\Http\\Request))
#55 /Applications/MAMP/htdocs/tmracing/vendor/laravel/framework/src/Illuminate/Foundation/Http/Middleware/TrimStrings.php(40): Illuminate\\Foundation\\Http\\Middleware\\TransformsRequest->handle(Object(Illuminate\\Http\\Request), Object(Closure))
#56 /Applications/MAMP/htdocs/tmracing/vendor/laravel/framework/src/Illuminate/Pipeline/Pipeline.php(183): Illuminate\\Foundation\\Http\\Middleware\\TrimStrings->handle(Object(Illuminate\\Http\\Request), Object(Closure))
#57 /Applications/MAMP/htdocs/tmracing/vendor/laravel/framework/src/Illuminate/Foundation/Http/Middleware/ValidatePostSize.php(27): Illuminate\\Pipeline\\Pipeline->Illuminate\\Pipeline\\{closure}(Object(Illuminate\\Http\\Request))
#58 /Applications/MAMP/htdocs/tmracing/vendor/laravel/framework/src/Illuminate/Pipeline/Pipeline.php(183): Illuminate\\Foundation\\Http\\Middleware\\ValidatePostSize->handle(Object(Illuminate\\Http\\Request), Object(Closure))
#59 /Applications/MAMP/htdocs/tmracing/vendor/laravel/framework/src/Illuminate/Pipeline/Pipeline.php(119): Illuminate\\Pipeline\\Pipeline->Illuminate\\Pipeline\\{closure}(Object(Illuminate\\Http\\Request))
#60 /Applications/MAMP/htdocs/tmracing/vendor/laravel/framework/src/Illuminate/Foundation/Http/Kernel.php(175): Illuminate\\Pipeline\\Pipeline->then(Object(Closure))
#61 /Applications/MAMP/htdocs/tmracing/vendor/laravel/framework/src/Illuminate/Foundation/Http/Kernel.php(144): Illuminate\\Foundation\\Http\\Kernel->sendRequestThroughRouter(Object(Illuminate\\Http\\Request))
#62 /Applications/MAMP/htdocs/tmracing/index.php(56): Illuminate\\Foundation\\Http\\Kernel->handle(Object(Illuminate\\Http\\Request))
#63 {main}
"} 
[2024-12-01 02:16:04] local.ERROR: include(/Applications/MAMP/htdocs/tmracing/vendor/composer/../../app/Shop.php): Failed to open stream: No such file or directory {"userId":9,"exception":"[object] (ErrorException(code: 0): include(/Applications/MAMP/htdocs/tmracing/vendor/composer/../../app/Shop.php): Failed to open stream: No such file or directory at /Applications/MAMP/htdocs/tmracing/vendor/composer/ClassLoader.php:576)
[stacktrace]
#0 /Applications/MAMP/htdocs/tmracing/vendor/laravel/framework/src/Illuminate/Foundation/Bootstrap/HandleExceptions.php(255): Illuminate\\Foundation\\Bootstrap\\HandleExceptions->handleError(2, 'include(/Applic...', '/Applications/M...', 576)
#1 /Applications/MAMP/htdocs/tmracing/vendor/composer/ClassLoader.php(576): Illuminate\\Foundation\\Bootstrap\\HandleExceptions->Illuminate\\Foundation\\Bootstrap\\{closure}(2, 'include(/Applic...', '/Applications/M...', 576)
#2 /Applications/MAMP/htdocs/tmracing/vendor/composer/ClassLoader.php(576): include('/Applications/M...')
#3 /Applications/MAMP/htdocs/tmracing/vendor/composer/ClassLoader.php(427): Composer\\Autoload\\{closure}('/Applications/M...')
#4 /Applications/MAMP/htdocs/tmracing/vendor/laravel/framework/src/Illuminate/Database/Eloquent/Concerns/HasRelationships.php(793): Composer\\Autoload\\ClassLoader->loadClass('App\\\\Shop')
#5 /Applications/MAMP/htdocs/tmracing/vendor/laravel/framework/src/Illuminate/Database/Eloquent/Concerns/HasRelationships.php(588): Illuminate\\Database\\Eloquent\\Model->newRelatedInstance('App\\\\Shop')
#6 /Applications/MAMP/htdocs/tmracing/app/Category.php(77): Illuminate\\Database\\Eloquent\\Model->morphToMany('App\\\\Shop', 'entity', 'visibility_pivo...', 'entity_id', 'shop_id')
#7 /Applications/MAMP/htdocs/tmracing/vendor/laravel/framework/src/Illuminate/Database/Eloquent/Concerns/QueriesRelationships.php(876): App\\Category->visibility()
#8 /Applications/MAMP/htdocs/tmracing/vendor/laravel/framework/src/Illuminate/Database/Eloquent/Relations/Relation.php(110): Illuminate\\Database\\Eloquent\\Builder->Illuminate\\Database\\Eloquent\\Concerns\\{closure}()
#9 /Applications/MAMP/htdocs/tmracing/vendor/laravel/framework/src/Illuminate/Database/Eloquent/Concerns/QueriesRelationships.php(875): Illuminate\\Database\\Eloquent\\Relations\\Relation::noConstraints(Object(Closure))
#10 /Applications/MAMP/htdocs/tmracing/vendor/laravel/framework/src/Illuminate/Database/Eloquent/Concerns/QueriesRelationships.php(39): Illuminate\\Database\\Eloquent\\Builder->getRelationWithoutConstraints('visibility')
#11 /Applications/MAMP/htdocs/tmracing/vendor/laravel/framework/src/Illuminate/Database/Eloquent/Concerns/QueriesRelationships.php(152): Illuminate\\Database\\Eloquent\\Builder->has('visibility', '>=', 1, 'and', Object(Closure))
#12 /Applications/MAMP/htdocs/tmracing/app/Http/Controllers/PosController.php(73): Illuminate\\Database\\Eloquent\\Builder->whereHas('visibility', Object(Closure))
#13 /Applications/MAMP/htdocs/tmracing/vendor/laravel/framework/src/Illuminate/Database/Eloquent/Builder.php(299): App\\Http\\Controllers\\PosController->App\\Http\\Controllers\\{closure}(Object(Illuminate\\Database\\Eloquent\\Builder))
#14 /Applications/MAMP/htdocs/tmracing/app/Http/Controllers/PosController.php(72): Illuminate\\Database\\Eloquent\\Builder->where(Object(Closure))
#15 /Applications/MAMP/htdocs/tmracing/vendor/laravel/framework/src/Illuminate/Routing/Controller.php(54): App\\Http\\Controllers\\PosController->get_tree(Object(Illuminate\\Http\\Request))
#16 /Applications/MAMP/htdocs/tmracing/vendor/laravel/framework/src/Illuminate/Routing/ControllerDispatcher.php(43): Illuminate\\Routing\\Controller->callAction('get_tree', Array)
#17 /Applications/MAMP/htdocs/tmracing/vendor/laravel/framework/src/Illuminate/Routing/Route.php(259): Illuminate\\Routing\\ControllerDispatcher->dispatch(Object(Illuminate\\Routing\\Route), Object(App\\Http\\Controllers\\PosController), 'get_tree')
#18 /Applications/MAMP/htdocs/tmracing/vendor/laravel/framework/src/Illuminate/Routing/Route.php(205): Illuminate\\Routing\\Route->runController()
#19 /Applications/MAMP/htdocs/tmracing/vendor/laravel/framework/src/Illuminate/Routing/Router.php(806): Illuminate\\Routing\\Route->run()
#20 /Applications/MAMP/htdocs/tmracing/vendor/laravel/framework/src/Illuminate/Pipeline/Pipeline.php(144): Illuminate\\Routing\\Router->Illuminate\\Routing\\{closure}(Object(Illuminate\\Http\\Request))
#21 /Applications/MAMP/htdocs/tmracing/app/Http/Middleware/CheckForMaintenanceMode.php(58): Illuminate\\Pipeline\\Pipeline->Illuminate\\Pipeline\\{closure}(Object(Illuminate\\Http\\Request))
#22 /Applications/MAMP/htdocs/tmracing/vendor/laravel/framework/src/Illuminate/Pipeline/Pipeline.php(183): App\\Http\\Middleware\\CheckForMaintenanceMode->handle(Object(Illuminate\\Http\\Request), Object(Closure))
#23 /Applications/MAMP/htdocs/tmracing/app/Http/Middleware/HttpsProtocol.php(20): Illuminate\\Pipeline\\Pipeline->Illuminate\\Pipeline\\{closure}(Object(Illuminate\\Http\\Request))
#24 /Applications/MAMP/htdocs/tmracing/vendor/laravel/framework/src/Illuminate/Pipeline/Pipeline.php(183): App\\Http\\Middleware\\HttpsProtocol->handle(Object(Illuminate\\Http\\Request), Object(Closure))
#25 /Applications/MAMP/htdocs/tmracing/app/Http/Middleware/Language.php(31): Illuminate\\Pipeline\\Pipeline->Illuminate\\Pipeline\\{closure}(Object(Illuminate\\Http\\Request))
#26 /Applications/MAMP/htdocs/tmracing/vendor/laravel/framework/src/Illuminate/Pipeline/Pipeline.php(183): App\\Http\\Middleware\\Language->handle(Object(Illuminate\\Http\\Request), Object(Closure))
#27 /Applications/MAMP/htdocs/tmracing/vendor/laravel/framework/src/Illuminate/Routing/Middleware/SubstituteBindings.php(50): Illuminate\\Pipeline\\Pipeline->Illuminate\\Pipeline\\{closure}(Object(Illuminate\\Http\\Request))
#28 /Applications/MAMP/htdocs/tmracing/vendor/laravel/framework/src/Illuminate/Pipeline/Pipeline.php(183): Illuminate\\Routing\\Middleware\\SubstituteBindings->handle(Object(Illuminate\\Http\\Request), Object(Closure))
#29 /Applications/MAMP/htdocs/tmracing/vendor/laravel/framework/src/Illuminate/Auth/Middleware/Authenticate.php(57): Illuminate\\Pipeline\\Pipeline->Illuminate\\Pipeline\\{closure}(Object(Illuminate\\Http\\Request))
#30 /Applications/MAMP/htdocs/tmracing/vendor/laravel/framework/src/Illuminate/Pipeline/Pipeline.php(183): Illuminate\\Auth\\Middleware\\Authenticate->handle(Object(Illuminate\\Http\\Request), Object(Closure))
#31 /Applications/MAMP/htdocs/tmracing/vendor/laravel/framework/src/Illuminate/Foundation/Http/Middleware/VerifyCsrfToken.php(78): Illuminate\\Pipeline\\Pipeline->Illuminate\\Pipeline\\{closure}(Object(Illuminate\\Http\\Request))
#32 /Applications/MAMP/htdocs/tmracing/vendor/laravel/framework/src/Illuminate/Pipeline/Pipeline.php(183): Illuminate\\Foundation\\Http\\Middleware\\VerifyCsrfToken->handle(Object(Illuminate\\Http\\Request), Object(Closure))
#33 /Applications/MAMP/htdocs/tmracing/vendor/laravel/framework/src/Illuminate/View/Middleware/ShareErrorsFromSession.php(49): Illuminate\\Pipeline\\Pipeline->Illuminate\\Pipeline\\{closure}(Object(Illuminate\\Http\\Request))
#34 /Applications/MAMP/htdocs/tmracing/vendor/laravel/framework/src/Illuminate/Pipeline/Pipeline.php(183): Illuminate\\View\\Middleware\\ShareErrorsFromSession->handle(Object(Illuminate\\Http\\Request), Object(Closure))
#35 /Applications/MAMP/htdocs/tmracing/vendor/laravel/framework/src/Illuminate/Session/Middleware/StartSession.php(121): Illuminate\\Pipeline\\Pipeline->Illuminate\\Pipeline\\{closure}(Object(Illuminate\\Http\\Request))
#36 /Applications/MAMP/htdocs/tmracing/vendor/laravel/framework/src/Illuminate/Session/Middleware/StartSession.php(64): Illuminate\\Session\\Middleware\\StartSession->handleStatefulRequest(Object(Illuminate\\Http\\Request), Object(Illuminate\\Session\\Store), Object(Closure))
#37 /Applications/MAMP/htdocs/tmracing/vendor/laravel/framework/src/Illuminate/Pipeline/Pipeline.php(183): Illuminate\\Session\\Middleware\\StartSession->handle(Object(Illuminate\\Http\\Request), Object(Closure))
#38 /Applications/MAMP/htdocs/tmracing/vendor/laravel/framework/src/Illuminate/Cookie/Middleware/AddQueuedCookiesToResponse.php(37): Illuminate\\Pipeline\\Pipeline->Illuminate\\Pipeline\\{closure}(Object(Illuminate\\Http\\Request))
#39 /Applications/MAMP/htdocs/tmracing/vendor/laravel/framework/src/Illuminate/Pipeline/Pipeline.php(183): Illuminate\\Cookie\\Middleware\\AddQueuedCookiesToResponse->handle(Object(Illuminate\\Http\\Request), Object(Closure))
#40 /Applications/MAMP/htdocs/tmracing/vendor/laravel/framework/src/Illuminate/Pipeline/Pipeline.php(119): Illuminate\\Pipeline\\Pipeline->Illuminate\\Pipeline\\{closure}(Object(Illuminate\\Http\\Request))
#41 /Applications/MAMP/htdocs/tmracing/vendor/laravel/framework/src/Illuminate/Routing/Router.php(805): Illuminate\\Pipeline\\Pipeline->then(Object(Closure))
#42 /Applications/MAMP/htdocs/tmracing/vendor/laravel/framework/src/Illuminate/Routing/Router.php(784): Illuminate\\Routing\\Router->runRouteWithinStack(Object(Illuminate\\Routing\\Route), Object(Illuminate\\Http\\Request))
#43 /Applications/MAMP/htdocs/tmracing/vendor/laravel/framework/src/Illuminate/Routing/Router.php(748): Illuminate\\Routing\\Router->runRoute(Object(Illuminate\\Http\\Request), Object(Illuminate\\Routing\\Route))
#44 /Applications/MAMP/htdocs/tmracing/vendor/laravel/framework/src/Illuminate/Routing/Router.php(737): Illuminate\\Routing\\Router->dispatchToRoute(Object(Illuminate\\Http\\Request))
#45 /Applications/MAMP/htdocs/tmracing/vendor/laravel/framework/src/Illuminate/Foundation/Http/Kernel.php(200): Illuminate\\Routing\\Router->dispatch(Object(Illuminate\\Http\\Request))
#46 /Applications/MAMP/htdocs/tmracing/vendor/laravel/framework/src/Illuminate/Pipeline/Pipeline.php(144): Illuminate\\Foundation\\Http\\Kernel->Illuminate\\Foundation\\Http\\{closure}(Object(Illuminate\\Http\\Request))
#47 /Applications/MAMP/htdocs/tmracing/vendor/barryvdh/laravel-debugbar/src/Middleware/InjectDebugbar.php(66): Illuminate\\Pipeline\\Pipeline->Illuminate\\Pipeline\\{closure}(Object(Illuminate\\Http\\Request))
#48 /Applications/MAMP/htdocs/tmracing/vendor/laravel/framework/src/Illuminate/Pipeline/Pipeline.php(183): Barryvdh\\Debugbar\\Middleware\\InjectDebugbar->handle(Object(Illuminate\\Http\\Request), Object(Closure))
#49 /Applications/MAMP/htdocs/tmracing/vendor/laravel/framework/src/Illuminate/Http/Middleware/TrustProxies.php(39): Illuminate\\Pipeline\\Pipeline->Illuminate\\Pipeline\\{closure}(Object(Illuminate\\Http\\Request))
#50 /Applications/MAMP/htdocs/tmracing/vendor/laravel/framework/src/Illuminate/Pipeline/Pipeline.php(183): Illuminate\\Http\\Middleware\\TrustProxies->handle(Object(Illuminate\\Http\\Request), Object(Closure))
#51 /Applications/MAMP/htdocs/tmracing/vendor/laravel/framework/src/Illuminate/Foundation/Http/Middleware/TransformsRequest.php(21): Illuminate\\Pipeline\\Pipeline->Illuminate\\Pipeline\\{closure}(Object(Illuminate\\Http\\Request))
#52 /Applications/MAMP/htdocs/tmracing/vendor/laravel/framework/src/Illuminate/Foundation/Http/Middleware/ConvertEmptyStringsToNull.php(31): Illuminate\\Foundation\\Http\\Middleware\\TransformsRequest->handle(Object(Illuminate\\Http\\Request), Object(Closure))
#53 /Applications/MAMP/htdocs/tmracing/vendor/laravel/framework/src/Illuminate/Pipeline/Pipeline.php(183): Illuminate\\Foundation\\Http\\Middleware\\ConvertEmptyStringsToNull->handle(Object(Illuminate\\Http\\Request), Object(Closure))
#54 /Applications/MAMP/htdocs/tmracing/vendor/laravel/framework/src/Illuminate/Foundation/Http/Middleware/TransformsRequest.php(21): Illuminate\\Pipeline\\Pipeline->Illuminate\\Pipeline\\{closure}(Object(Illuminate\\Http\\Request))
#55 /Applications/MAMP/htdocs/tmracing/vendor/laravel/framework/src/Illuminate/Foundation/Http/Middleware/TrimStrings.php(40): Illuminate\\Foundation\\Http\\Middleware\\TransformsRequest->handle(Object(Illuminate\\Http\\Request), Object(Closure))
#56 /Applications/MAMP/htdocs/tmracing/vendor/laravel/framework/src/Illuminate/Pipeline/Pipeline.php(183): Illuminate\\Foundation\\Http\\Middleware\\TrimStrings->handle(Object(Illuminate\\Http\\Request), Object(Closure))
#57 /Applications/MAMP/htdocs/tmracing/vendor/laravel/framework/src/Illuminate/Foundation/Http/Middleware/ValidatePostSize.php(27): Illuminate\\Pipeline\\Pipeline->Illuminate\\Pipeline\\{closure}(Object(Illuminate\\Http\\Request))
#58 /Applications/MAMP/htdocs/tmracing/vendor/laravel/framework/src/Illuminate/Pipeline/Pipeline.php(183): Illuminate\\Foundation\\Http\\Middleware\\ValidatePostSize->handle(Object(Illuminate\\Http\\Request), Object(Closure))
#59 /Applications/MAMP/htdocs/tmracing/vendor/laravel/framework/src/Illuminate/Pipeline/Pipeline.php(119): Illuminate\\Pipeline\\Pipeline->Illuminate\\Pipeline\\{closure}(Object(Illuminate\\Http\\Request))
#60 /Applications/MAMP/htdocs/tmracing/vendor/laravel/framework/src/Illuminate/Foundation/Http/Kernel.php(175): Illuminate\\Pipeline\\Pipeline->then(Object(Closure))
#61 /Applications/MAMP/htdocs/tmracing/vendor/laravel/framework/src/Illuminate/Foundation/Http/Kernel.php(144): Illuminate\\Foundation\\Http\\Kernel->sendRequestThroughRouter(Object(Illuminate\\Http\\Request))
#62 /Applications/MAMP/htdocs/tmracing/index.php(56): Illuminate\\Foundation\\Http\\Kernel->handle(Object(Illuminate\\Http\\Request))
#63 {main}
"} 
[2024-12-01 02:17:30] local.ERROR: Class "App\Shop" not found {"userId":9,"exception":"[object] (Error(code: 0): Class \"App\\Shop\" not found at /Applications/MAMP/htdocs/tmracing/vendor/laravel/framework/src/Illuminate/Database/Eloquent/Concerns/HasRelationships.php:793)
[stacktrace]
#0 /Applications/MAMP/htdocs/tmracing/vendor/laravel/framework/src/Illuminate/Database/Eloquent/Concerns/HasRelationships.php(588): Illuminate\\Database\\Eloquent\\Model->newRelatedInstance('App\\\\Shop')
#1 /Applications/MAMP/htdocs/tmracing/app/Category.php(77): Illuminate\\Database\\Eloquent\\Model->morphToMany('App\\\\Shop', 'entity', 'visibility_pivo...', 'entity_id', 'shop_id')
#2 /Applications/MAMP/htdocs/tmracing/vendor/laravel/framework/src/Illuminate/Database/Eloquent/Concerns/QueriesRelationships.php(876): App\\Category->visibility()
#3 /Applications/MAMP/htdocs/tmracing/vendor/laravel/framework/src/Illuminate/Database/Eloquent/Relations/Relation.php(110): Illuminate\\Database\\Eloquent\\Builder->Illuminate\\Database\\Eloquent\\Concerns\\{closure}()
#4 /Applications/MAMP/htdocs/tmracing/vendor/laravel/framework/src/Illuminate/Database/Eloquent/Concerns/QueriesRelationships.php(875): Illuminate\\Database\\Eloquent\\Relations\\Relation::noConstraints(Object(Closure))
#5 /Applications/MAMP/htdocs/tmracing/vendor/laravel/framework/src/Illuminate/Database/Eloquent/Concerns/QueriesRelationships.php(39): Illuminate\\Database\\Eloquent\\Builder->getRelationWithoutConstraints('visibility')
#6 /Applications/MAMP/htdocs/tmracing/vendor/laravel/framework/src/Illuminate/Database/Eloquent/Concerns/QueriesRelationships.php(152): Illuminate\\Database\\Eloquent\\Builder->has('visibility', '>=', 1, 'and', Object(Closure))
#7 /Applications/MAMP/htdocs/tmracing/app/Http/Controllers/PosController.php(405): Illuminate\\Database\\Eloquent\\Builder->whereHas('visibility', Object(Closure))
#8 /Applications/MAMP/htdocs/tmracing/vendor/laravel/framework/src/Illuminate/Database/Eloquent/Builder.php(299): App\\Http\\Controllers\\PosController->App\\Http\\Controllers\\{closure}(Object(Illuminate\\Database\\Eloquent\\Builder))
#9 /Applications/MAMP/htdocs/tmracing/app/Http/Controllers/PosController.php(404): Illuminate\\Database\\Eloquent\\Builder->where(Object(Closure))
#10 /Applications/MAMP/htdocs/tmracing/vendor/laravel/framework/src/Illuminate/Routing/Controller.php(54): App\\Http\\Controllers\\PosController->get_categories(Object(Illuminate\\Http\\Request))
#11 /Applications/MAMP/htdocs/tmracing/vendor/laravel/framework/src/Illuminate/Routing/ControllerDispatcher.php(43): Illuminate\\Routing\\Controller->callAction('get_categories', Array)
#12 /Applications/MAMP/htdocs/tmracing/vendor/laravel/framework/src/Illuminate/Routing/Route.php(259): Illuminate\\Routing\\ControllerDispatcher->dispatch(Object(Illuminate\\Routing\\Route), Object(App\\Http\\Controllers\\PosController), 'get_categories')
#13 /Applications/MAMP/htdocs/tmracing/vendor/laravel/framework/src/Illuminate/Routing/Route.php(205): Illuminate\\Routing\\Route->runController()
#14 /Applications/MAMP/htdocs/tmracing/vendor/laravel/framework/src/Illuminate/Routing/Router.php(806): Illuminate\\Routing\\Route->run()
#15 /Applications/MAMP/htdocs/tmracing/vendor/laravel/framework/src/Illuminate/Pipeline/Pipeline.php(144): Illuminate\\Routing\\Router->Illuminate\\Routing\\{closure}(Object(Illuminate\\Http\\Request))
#16 /Applications/MAMP/htdocs/tmracing/app/Http/Middleware/CheckForMaintenanceMode.php(58): Illuminate\\Pipeline\\Pipeline->Illuminate\\Pipeline\\{closure}(Object(Illuminate\\Http\\Request))
#17 /Applications/MAMP/htdocs/tmracing/vendor/laravel/framework/src/Illuminate/Pipeline/Pipeline.php(183): App\\Http\\Middleware\\CheckForMaintenanceMode->handle(Object(Illuminate\\Http\\Request), Object(Closure))
#18 /Applications/MAMP/htdocs/tmracing/app/Http/Middleware/HttpsProtocol.php(20): Illuminate\\Pipeline\\Pipeline->Illuminate\\Pipeline\\{closure}(Object(Illuminate\\Http\\Request))
#19 /Applications/MAMP/htdocs/tmracing/vendor/laravel/framework/src/Illuminate/Pipeline/Pipeline.php(183): App\\Http\\Middleware\\HttpsProtocol->handle(Object(Illuminate\\Http\\Request), Object(Closure))
#20 /Applications/MAMP/htdocs/tmracing/app/Http/Middleware/Language.php(31): Illuminate\\Pipeline\\Pipeline->Illuminate\\Pipeline\\{closure}(Object(Illuminate\\Http\\Request))
#21 /Applications/MAMP/htdocs/tmracing/vendor/laravel/framework/src/Illuminate/Pipeline/Pipeline.php(183): App\\Http\\Middleware\\Language->handle(Object(Illuminate\\Http\\Request), Object(Closure))
#22 /Applications/MAMP/htdocs/tmracing/vendor/laravel/framework/src/Illuminate/Routing/Middleware/SubstituteBindings.php(50): Illuminate\\Pipeline\\Pipeline->Illuminate\\Pipeline\\{closure}(Object(Illuminate\\Http\\Request))
#23 /Applications/MAMP/htdocs/tmracing/vendor/laravel/framework/src/Illuminate/Pipeline/Pipeline.php(183): Illuminate\\Routing\\Middleware\\SubstituteBindings->handle(Object(Illuminate\\Http\\Request), Object(Closure))
#24 /Applications/MAMP/htdocs/tmracing/vendor/laravel/framework/src/Illuminate/Auth/Middleware/Authenticate.php(57): Illuminate\\Pipeline\\Pipeline->Illuminate\\Pipeline\\{closure}(Object(Illuminate\\Http\\Request))
#25 /Applications/MAMP/htdocs/tmracing/vendor/laravel/framework/src/Illuminate/Pipeline/Pipeline.php(183): Illuminate\\Auth\\Middleware\\Authenticate->handle(Object(Illuminate\\Http\\Request), Object(Closure))
#26 /Applications/MAMP/htdocs/tmracing/vendor/laravel/framework/src/Illuminate/Foundation/Http/Middleware/VerifyCsrfToken.php(78): Illuminate\\Pipeline\\Pipeline->Illuminate\\Pipeline\\{closure}(Object(Illuminate\\Http\\Request))
#27 /Applications/MAMP/htdocs/tmracing/vendor/laravel/framework/src/Illuminate/Pipeline/Pipeline.php(183): Illuminate\\Foundation\\Http\\Middleware\\VerifyCsrfToken->handle(Object(Illuminate\\Http\\Request), Object(Closure))
#28 /Applications/MAMP/htdocs/tmracing/vendor/laravel/framework/src/Illuminate/View/Middleware/ShareErrorsFromSession.php(49): Illuminate\\Pipeline\\Pipeline->Illuminate\\Pipeline\\{closure}(Object(Illuminate\\Http\\Request))
#29 /Applications/MAMP/htdocs/tmracing/vendor/laravel/framework/src/Illuminate/Pipeline/Pipeline.php(183): Illuminate\\View\\Middleware\\ShareErrorsFromSession->handle(Object(Illuminate\\Http\\Request), Object(Closure))
#30 /Applications/MAMP/htdocs/tmracing/vendor/laravel/framework/src/Illuminate/Session/Middleware/StartSession.php(121): Illuminate\\Pipeline\\Pipeline->Illuminate\\Pipeline\\{closure}(Object(Illuminate\\Http\\Request))
#31 /Applications/MAMP/htdocs/tmracing/vendor/laravel/framework/src/Illuminate/Session/Middleware/StartSession.php(64): Illuminate\\Session\\Middleware\\StartSession->handleStatefulRequest(Object(Illuminate\\Http\\Request), Object(Illuminate\\Session\\Store), Object(Closure))
#32 /Applications/MAMP/htdocs/tmracing/vendor/laravel/framework/src/Illuminate/Pipeline/Pipeline.php(183): Illuminate\\Session\\Middleware\\StartSession->handle(Object(Illuminate\\Http\\Request), Object(Closure))
#33 /Applications/MAMP/htdocs/tmracing/vendor/laravel/framework/src/Illuminate/Cookie/Middleware/AddQueuedCookiesToResponse.php(37): Illuminate\\Pipeline\\Pipeline->Illuminate\\Pipeline\\{closure}(Object(Illuminate\\Http\\Request))
#34 /Applications/MAMP/htdocs/tmracing/vendor/laravel/framework/src/Illuminate/Pipeline/Pipeline.php(183): Illuminate\\Cookie\\Middleware\\AddQueuedCookiesToResponse->handle(Object(Illuminate\\Http\\Request), Object(Closure))
#35 /Applications/MAMP/htdocs/tmracing/vendor/laravel/framework/src/Illuminate/Pipeline/Pipeline.php(119): Illuminate\\Pipeline\\Pipeline->Illuminate\\Pipeline\\{closure}(Object(Illuminate\\Http\\Request))
#36 /Applications/MAMP/htdocs/tmracing/vendor/laravel/framework/src/Illuminate/Routing/Router.php(805): Illuminate\\Pipeline\\Pipeline->then(Object(Closure))
#37 /Applications/MAMP/htdocs/tmracing/vendor/laravel/framework/src/Illuminate/Routing/Router.php(784): Illuminate\\Routing\\Router->runRouteWithinStack(Object(Illuminate\\Routing\\Route), Object(Illuminate\\Http\\Request))
#38 /Applications/MAMP/htdocs/tmracing/vendor/laravel/framework/src/Illuminate/Routing/Router.php(748): Illuminate\\Routing\\Router->runRoute(Object(Illuminate\\Http\\Request), Object(Illuminate\\Routing\\Route))
#39 /Applications/MAMP/htdocs/tmracing/vendor/laravel/framework/src/Illuminate/Routing/Router.php(737): Illuminate\\Routing\\Router->dispatchToRoute(Object(Illuminate\\Http\\Request))
#40 /Applications/MAMP/htdocs/tmracing/vendor/laravel/framework/src/Illuminate/Foundation/Http/Kernel.php(200): Illuminate\\Routing\\Router->dispatch(Object(Illuminate\\Http\\Request))
#41 /Applications/MAMP/htdocs/tmracing/vendor/laravel/framework/src/Illuminate/Pipeline/Pipeline.php(144): Illuminate\\Foundation\\Http\\Kernel->Illuminate\\Foundation\\Http\\{closure}(Object(Illuminate\\Http\\Request))
#42 /Applications/MAMP/htdocs/tmracing/vendor/barryvdh/laravel-debugbar/src/Middleware/InjectDebugbar.php(66): Illuminate\\Pipeline\\Pipeline->Illuminate\\Pipeline\\{closure}(Object(Illuminate\\Http\\Request))
#43 /Applications/MAMP/htdocs/tmracing/vendor/laravel/framework/src/Illuminate/Pipeline/Pipeline.php(183): Barryvdh\\Debugbar\\Middleware\\InjectDebugbar->handle(Object(Illuminate\\Http\\Request), Object(Closure))
#44 /Applications/MAMP/htdocs/tmracing/vendor/laravel/framework/src/Illuminate/Http/Middleware/TrustProxies.php(39): Illuminate\\Pipeline\\Pipeline->Illuminate\\Pipeline\\{closure}(Object(Illuminate\\Http\\Request))
#45 /Applications/MAMP/htdocs/tmracing/vendor/laravel/framework/src/Illuminate/Pipeline/Pipeline.php(183): Illuminate\\Http\\Middleware\\TrustProxies->handle(Object(Illuminate\\Http\\Request), Object(Closure))
#46 /Applications/MAMP/htdocs/tmracing/vendor/laravel/framework/src/Illuminate/Foundation/Http/Middleware/TransformsRequest.php(21): Illuminate\\Pipeline\\Pipeline->Illuminate\\Pipeline\\{closure}(Object(Illuminate\\Http\\Request))
#47 /Applications/MAMP/htdocs/tmracing/vendor/laravel/framework/src/Illuminate/Foundation/Http/Middleware/ConvertEmptyStringsToNull.php(31): Illuminate\\Foundation\\Http\\Middleware\\TransformsRequest->handle(Object(Illuminate\\Http\\Request), Object(Closure))
#48 /Applications/MAMP/htdocs/tmracing/vendor/laravel/framework/src/Illuminate/Pipeline/Pipeline.php(183): Illuminate\\Foundation\\Http\\Middleware\\ConvertEmptyStringsToNull->handle(Object(Illuminate\\Http\\Request), Object(Closure))
#49 /Applications/MAMP/htdocs/tmracing/vendor/laravel/framework/src/Illuminate/Foundation/Http/Middleware/TransformsRequest.php(21): Illuminate\\Pipeline\\Pipeline->Illuminate\\Pipeline\\{closure}(Object(Illuminate\\Http\\Request))
#50 /Applications/MAMP/htdocs/tmracing/vendor/laravel/framework/src/Illuminate/Foundation/Http/Middleware/TrimStrings.php(40): Illuminate\\Foundation\\Http\\Middleware\\TransformsRequest->handle(Object(Illuminate\\Http\\Request), Object(Closure))
#51 /Applications/MAMP/htdocs/tmracing/vendor/laravel/framework/src/Illuminate/Pipeline/Pipeline.php(183): Illuminate\\Foundation\\Http\\Middleware\\TrimStrings->handle(Object(Illuminate\\Http\\Request), Object(Closure))
#52 /Applications/MAMP/htdocs/tmracing/vendor/laravel/framework/src/Illuminate/Foundation/Http/Middleware/ValidatePostSize.php(27): Illuminate\\Pipeline\\Pipeline->Illuminate\\Pipeline\\{closure}(Object(Illuminate\\Http\\Request))
#53 /Applications/MAMP/htdocs/tmracing/vendor/laravel/framework/src/Illuminate/Pipeline/Pipeline.php(183): Illuminate\\Foundation\\Http\\Middleware\\ValidatePostSize->handle(Object(Illuminate\\Http\\Request), Object(Closure))
#54 /Applications/MAMP/htdocs/tmracing/vendor/laravel/framework/src/Illuminate/Pipeline/Pipeline.php(119): Illuminate\\Pipeline\\Pipeline->Illuminate\\Pipeline\\{closure}(Object(Illuminate\\Http\\Request))
#55 /Applications/MAMP/htdocs/tmracing/vendor/laravel/framework/src/Illuminate/Foundation/Http/Kernel.php(175): Illuminate\\Pipeline\\Pipeline->then(Object(Closure))
#56 /Applications/MAMP/htdocs/tmracing/vendor/laravel/framework/src/Illuminate/Foundation/Http/Kernel.php(144): Illuminate\\Foundation\\Http\\Kernel->sendRequestThroughRouter(Object(Illuminate\\Http\\Request))
#57 /Applications/MAMP/htdocs/tmracing/index.php(56): Illuminate\\Foundation\\Http\\Kernel->handle(Object(Illuminate\\Http\\Request))
#58 {main}
"} 
[2024-12-01 02:17:30] local.ERROR: Class "App\Shop" not found {"userId":9,"exception":"[object] (Error(code: 0): Class \"App\\Shop\" not found at /Applications/MAMP/htdocs/tmracing/vendor/laravel/framework/src/Illuminate/Database/Eloquent/Concerns/HasRelationships.php:793)
[stacktrace]
#0 /Applications/MAMP/htdocs/tmracing/vendor/laravel/framework/src/Illuminate/Database/Eloquent/Concerns/HasRelationships.php(588): Illuminate\\Database\\Eloquent\\Model->newRelatedInstance('App\\\\Shop')
#1 /Applications/MAMP/htdocs/tmracing/app/Category.php(77): Illuminate\\Database\\Eloquent\\Model->morphToMany('App\\\\Shop', 'entity', 'visibility_pivo...', 'entity_id', 'shop_id')
#2 /Applications/MAMP/htdocs/tmracing/vendor/laravel/framework/src/Illuminate/Database/Eloquent/Concerns/QueriesRelationships.php(876): App\\Category->visibility()
#3 /Applications/MAMP/htdocs/tmracing/vendor/laravel/framework/src/Illuminate/Database/Eloquent/Relations/Relation.php(110): Illuminate\\Database\\Eloquent\\Builder->Illuminate\\Database\\Eloquent\\Concerns\\{closure}()
#4 /Applications/MAMP/htdocs/tmracing/vendor/laravel/framework/src/Illuminate/Database/Eloquent/Concerns/QueriesRelationships.php(875): Illuminate\\Database\\Eloquent\\Relations\\Relation::noConstraints(Object(Closure))
#5 /Applications/MAMP/htdocs/tmracing/vendor/laravel/framework/src/Illuminate/Database/Eloquent/Concerns/QueriesRelationships.php(39): Illuminate\\Database\\Eloquent\\Builder->getRelationWithoutConstraints('visibility')
#6 /Applications/MAMP/htdocs/tmracing/vendor/laravel/framework/src/Illuminate/Database/Eloquent/Concerns/QueriesRelationships.php(152): Illuminate\\Database\\Eloquent\\Builder->has('visibility', '>=', 1, 'and', Object(Closure))
#7 /Applications/MAMP/htdocs/tmracing/app/Http/Controllers/PosController.php(73): Illuminate\\Database\\Eloquent\\Builder->whereHas('visibility', Object(Closure))
#8 /Applications/MAMP/htdocs/tmracing/vendor/laravel/framework/src/Illuminate/Database/Eloquent/Builder.php(299): App\\Http\\Controllers\\PosController->App\\Http\\Controllers\\{closure}(Object(Illuminate\\Database\\Eloquent\\Builder))
#9 /Applications/MAMP/htdocs/tmracing/app/Http/Controllers/PosController.php(72): Illuminate\\Database\\Eloquent\\Builder->where(Object(Closure))
#10 /Applications/MAMP/htdocs/tmracing/vendor/laravel/framework/src/Illuminate/Routing/Controller.php(54): App\\Http\\Controllers\\PosController->get_tree(Object(Illuminate\\Http\\Request))
#11 /Applications/MAMP/htdocs/tmracing/vendor/laravel/framework/src/Illuminate/Routing/ControllerDispatcher.php(43): Illuminate\\Routing\\Controller->callAction('get_tree', Array)
#12 /Applications/MAMP/htdocs/tmracing/vendor/laravel/framework/src/Illuminate/Routing/Route.php(259): Illuminate\\Routing\\ControllerDispatcher->dispatch(Object(Illuminate\\Routing\\Route), Object(App\\Http\\Controllers\\PosController), 'get_tree')
#13 /Applications/MAMP/htdocs/tmracing/vendor/laravel/framework/src/Illuminate/Routing/Route.php(205): Illuminate\\Routing\\Route->runController()
#14 /Applications/MAMP/htdocs/tmracing/vendor/laravel/framework/src/Illuminate/Routing/Router.php(806): Illuminate\\Routing\\Route->run()
#15 /Applications/MAMP/htdocs/tmracing/vendor/laravel/framework/src/Illuminate/Pipeline/Pipeline.php(144): Illuminate\\Routing\\Router->Illuminate\\Routing\\{closure}(Object(Illuminate\\Http\\Request))
#16 /Applications/MAMP/htdocs/tmracing/app/Http/Middleware/CheckForMaintenanceMode.php(58): Illuminate\\Pipeline\\Pipeline->Illuminate\\Pipeline\\{closure}(Object(Illuminate\\Http\\Request))
#17 /Applications/MAMP/htdocs/tmracing/vendor/laravel/framework/src/Illuminate/Pipeline/Pipeline.php(183): App\\Http\\Middleware\\CheckForMaintenanceMode->handle(Object(Illuminate\\Http\\Request), Object(Closure))
#18 /Applications/MAMP/htdocs/tmracing/app/Http/Middleware/HttpsProtocol.php(20): Illuminate\\Pipeline\\Pipeline->Illuminate\\Pipeline\\{closure}(Object(Illuminate\\Http\\Request))
#19 /Applications/MAMP/htdocs/tmracing/vendor/laravel/framework/src/Illuminate/Pipeline/Pipeline.php(183): App\\Http\\Middleware\\HttpsProtocol->handle(Object(Illuminate\\Http\\Request), Object(Closure))
#20 /Applications/MAMP/htdocs/tmracing/app/Http/Middleware/Language.php(31): Illuminate\\Pipeline\\Pipeline->Illuminate\\Pipeline\\{closure}(Object(Illuminate\\Http\\Request))
#21 /Applications/MAMP/htdocs/tmracing/vendor/laravel/framework/src/Illuminate/Pipeline/Pipeline.php(183): App\\Http\\Middleware\\Language->handle(Object(Illuminate\\Http\\Request), Object(Closure))
#22 /Applications/MAMP/htdocs/tmracing/vendor/laravel/framework/src/Illuminate/Routing/Middleware/SubstituteBindings.php(50): Illuminate\\Pipeline\\Pipeline->Illuminate\\Pipeline\\{closure}(Object(Illuminate\\Http\\Request))
#23 /Applications/MAMP/htdocs/tmracing/vendor/laravel/framework/src/Illuminate/Pipeline/Pipeline.php(183): Illuminate\\Routing\\Middleware\\SubstituteBindings->handle(Object(Illuminate\\Http\\Request), Object(Closure))
#24 /Applications/MAMP/htdocs/tmracing/vendor/laravel/framework/src/Illuminate/Auth/Middleware/Authenticate.php(57): Illuminate\\Pipeline\\Pipeline->Illuminate\\Pipeline\\{closure}(Object(Illuminate\\Http\\Request))
#25 /Applications/MAMP/htdocs/tmracing/vendor/laravel/framework/src/Illuminate/Pipeline/Pipeline.php(183): Illuminate\\Auth\\Middleware\\Authenticate->handle(Object(Illuminate\\Http\\Request), Object(Closure))
#26 /Applications/MAMP/htdocs/tmracing/vendor/laravel/framework/src/Illuminate/Foundation/Http/Middleware/VerifyCsrfToken.php(78): Illuminate\\Pipeline\\Pipeline->Illuminate\\Pipeline\\{closure}(Object(Illuminate\\Http\\Request))
#27 /Applications/MAMP/htdocs/tmracing/vendor/laravel/framework/src/Illuminate/Pipeline/Pipeline.php(183): Illuminate\\Foundation\\Http\\Middleware\\VerifyCsrfToken->handle(Object(Illuminate\\Http\\Request), Object(Closure))
#28 /Applications/MAMP/htdocs/tmracing/vendor/laravel/framework/src/Illuminate/View/Middleware/ShareErrorsFromSession.php(49): Illuminate\\Pipeline\\Pipeline->Illuminate\\Pipeline\\{closure}(Object(Illuminate\\Http\\Request))
#29 /Applications/MAMP/htdocs/tmracing/vendor/laravel/framework/src/Illuminate/Pipeline/Pipeline.php(183): Illuminate\\View\\Middleware\\ShareErrorsFromSession->handle(Object(Illuminate\\Http\\Request), Object(Closure))
#30 /Applications/MAMP/htdocs/tmracing/vendor/laravel/framework/src/Illuminate/Session/Middleware/StartSession.php(121): Illuminate\\Pipeline\\Pipeline->Illuminate\\Pipeline\\{closure}(Object(Illuminate\\Http\\Request))
#31 /Applications/MAMP/htdocs/tmracing/vendor/laravel/framework/src/Illuminate/Session/Middleware/StartSession.php(64): Illuminate\\Session\\Middleware\\StartSession->handleStatefulRequest(Object(Illuminate\\Http\\Request), Object(Illuminate\\Session\\Store), Object(Closure))
#32 /Applications/MAMP/htdocs/tmracing/vendor/laravel/framework/src/Illuminate/Pipeline/Pipeline.php(183): Illuminate\\Session\\Middleware\\StartSession->handle(Object(Illuminate\\Http\\Request), Object(Closure))
#33 /Applications/MAMP/htdocs/tmracing/vendor/laravel/framework/src/Illuminate/Cookie/Middleware/AddQueuedCookiesToResponse.php(37): Illuminate\\Pipeline\\Pipeline->Illuminate\\Pipeline\\{closure}(Object(Illuminate\\Http\\Request))
#34 /Applications/MAMP/htdocs/tmracing/vendor/laravel/framework/src/Illuminate/Pipeline/Pipeline.php(183): Illuminate\\Cookie\\Middleware\\AddQueuedCookiesToResponse->handle(Object(Illuminate\\Http\\Request), Object(Closure))
#35 /Applications/MAMP/htdocs/tmracing/vendor/laravel/framework/src/Illuminate/Pipeline/Pipeline.php(119): Illuminate\\Pipeline\\Pipeline->Illuminate\\Pipeline\\{closure}(Object(Illuminate\\Http\\Request))
#36 /Applications/MAMP/htdocs/tmracing/vendor/laravel/framework/src/Illuminate/Routing/Router.php(805): Illuminate\\Pipeline\\Pipeline->then(Object(Closure))
#37 /Applications/MAMP/htdocs/tmracing/vendor/laravel/framework/src/Illuminate/Routing/Router.php(784): Illuminate\\Routing\\Router->runRouteWithinStack(Object(Illuminate\\Routing\\Route), Object(Illuminate\\Http\\Request))
#38 /Applications/MAMP/htdocs/tmracing/vendor/laravel/framework/src/Illuminate/Routing/Router.php(748): Illuminate\\Routing\\Router->runRoute(Object(Illuminate\\Http\\Request), Object(Illuminate\\Routing\\Route))
#39 /Applications/MAMP/htdocs/tmracing/vendor/laravel/framework/src/Illuminate/Routing/Router.php(737): Illuminate\\Routing\\Router->dispatchToRoute(Object(Illuminate\\Http\\Request))
#40 /Applications/MAMP/htdocs/tmracing/vendor/laravel/framework/src/Illuminate/Foundation/Http/Kernel.php(200): Illuminate\\Routing\\Router->dispatch(Object(Illuminate\\Http\\Request))
#41 /Applications/MAMP/htdocs/tmracing/vendor/laravel/framework/src/Illuminate/Pipeline/Pipeline.php(144): Illuminate\\Foundation\\Http\\Kernel->Illuminate\\Foundation\\Http\\{closure}(Object(Illuminate\\Http\\Request))
#42 /Applications/MAMP/htdocs/tmracing/vendor/barryvdh/laravel-debugbar/src/Middleware/InjectDebugbar.php(66): Illuminate\\Pipeline\\Pipeline->Illuminate\\Pipeline\\{closure}(Object(Illuminate\\Http\\Request))
#43 /Applications/MAMP/htdocs/tmracing/vendor/laravel/framework/src/Illuminate/Pipeline/Pipeline.php(183): Barryvdh\\Debugbar\\Middleware\\InjectDebugbar->handle(Object(Illuminate\\Http\\Request), Object(Closure))
#44 /Applications/MAMP/htdocs/tmracing/vendor/laravel/framework/src/Illuminate/Http/Middleware/TrustProxies.php(39): Illuminate\\Pipeline\\Pipeline->Illuminate\\Pipeline\\{closure}(Object(Illuminate\\Http\\Request))
#45 /Applications/MAMP/htdocs/tmracing/vendor/laravel/framework/src/Illuminate/Pipeline/Pipeline.php(183): Illuminate\\Http\\Middleware\\TrustProxies->handle(Object(Illuminate\\Http\\Request), Object(Closure))
#46 /Applications/MAMP/htdocs/tmracing/vendor/laravel/framework/src/Illuminate/Foundation/Http/Middleware/TransformsRequest.php(21): Illuminate\\Pipeline\\Pipeline->Illuminate\\Pipeline\\{closure}(Object(Illuminate\\Http\\Request))
#47 /Applications/MAMP/htdocs/tmracing/vendor/laravel/framework/src/Illuminate/Foundation/Http/Middleware/ConvertEmptyStringsToNull.php(31): Illuminate\\Foundation\\Http\\Middleware\\TransformsRequest->handle(Object(Illuminate\\Http\\Request), Object(Closure))
#48 /Applications/MAMP/htdocs/tmracing/vendor/laravel/framework/src/Illuminate/Pipeline/Pipeline.php(183): Illuminate\\Foundation\\Http\\Middleware\\ConvertEmptyStringsToNull->handle(Object(Illuminate\\Http\\Request), Object(Closure))
#49 /Applications/MAMP/htdocs/tmracing/vendor/laravel/framework/src/Illuminate/Foundation/Http/Middleware/TransformsRequest.php(21): Illuminate\\Pipeline\\Pipeline->Illuminate\\Pipeline\\{closure}(Object(Illuminate\\Http\\Request))
#50 /Applications/MAMP/htdocs/tmracing/vendor/laravel/framework/src/Illuminate/Foundation/Http/Middleware/TrimStrings.php(40): Illuminate\\Foundation\\Http\\Middleware\\TransformsRequest->handle(Object(Illuminate\\Http\\Request), Object(Closure))
#51 /Applications/MAMP/htdocs/tmracing/vendor/laravel/framework/src/Illuminate/Pipeline/Pipeline.php(183): Illuminate\\Foundation\\Http\\Middleware\\TrimStrings->handle(Object(Illuminate\\Http\\Request), Object(Closure))
#52 /Applications/MAMP/htdocs/tmracing/vendor/laravel/framework/src/Illuminate/Foundation/Http/Middleware/ValidatePostSize.php(27): Illuminate\\Pipeline\\Pipeline->Illuminate\\Pipeline\\{closure}(Object(Illuminate\\Http\\Request))
#53 /Applications/MAMP/htdocs/tmracing/vendor/laravel/framework/src/Illuminate/Pipeline/Pipeline.php(183): Illuminate\\Foundation\\Http\\Middleware\\ValidatePostSize->handle(Object(Illuminate\\Http\\Request), Object(Closure))
#54 /Applications/MAMP/htdocs/tmracing/vendor/laravel/framework/src/Illuminate/Pipeline/Pipeline.php(119): Illuminate\\Pipeline\\Pipeline->Illuminate\\Pipeline\\{closure}(Object(Illuminate\\Http\\Request))
#55 /Applications/MAMP/htdocs/tmracing/vendor/laravel/framework/src/Illuminate/Foundation/Http/Kernel.php(175): Illuminate\\Pipeline\\Pipeline->then(Object(Closure))
#56 /Applications/MAMP/htdocs/tmracing/vendor/laravel/framework/src/Illuminate/Foundation/Http/Kernel.php(144): Illuminate\\Foundation\\Http\\Kernel->sendRequestThroughRouter(Object(Illuminate\\Http\\Request))
#57 /Applications/MAMP/htdocs/tmracing/index.php(56): Illuminate\\Foundation\\Http\\Kernel->handle(Object(Illuminate\\Http\\Request))
#58 {main}
"} 
[2024-12-01 02:19:27] local.ERROR: Route [products.store] not defined. (View: /Applications/MAMP/htdocs/tmracing/resources/views/backend/product/products/create.blade.php) {"userId":9,"exception":"[object] (Illuminate\\View\\ViewException(code: 0): Route [products.store] not defined. (View: /Applications/MAMP/htdocs/tmracing/resources/views/backend/product/products/create.blade.php) at /Applications/MAMP/htdocs/tmracing/vendor/laravel/framework/src/Illuminate/Routing/UrlGenerator.php:477)
[stacktrace]
#0 /Applications/MAMP/htdocs/tmracing/vendor/laravel/framework/src/Illuminate/View/Engines/PhpEngine.php(60): Illuminate\\View\\Engines\\CompilerEngine->handleViewException(Object(Symfony\\Component\\Routing\\Exception\\RouteNotFoundException), 1)
#1 /Applications/MAMP/htdocs/tmracing/vendor/laravel/framework/src/Illuminate/View/Engines/CompilerEngine.php(72): Illuminate\\View\\Engines\\PhpEngine->evaluatePath('/Applications/M...', Array)
#2 /Applications/MAMP/htdocs/tmracing/vendor/laravel/framework/src/Illuminate/View/View.php(207): Illuminate\\View\\Engines\\CompilerEngine->get('/Applications/M...', Array)
#3 /Applications/MAMP/htdocs/tmracing/vendor/laravel/framework/src/Illuminate/View/View.php(190): Illuminate\\View\\View->getContents()
#4 /Applications/MAMP/htdocs/tmracing/vendor/laravel/framework/src/Illuminate/View/View.php(159): Illuminate\\View\\View->renderContents()
#5 /Applications/MAMP/htdocs/tmracing/vendor/laravel/framework/src/Illuminate/Http/Response.php(69): Illuminate\\View\\View->render()
#6 /Applications/MAMP/htdocs/tmracing/vendor/laravel/framework/src/Illuminate/Http/Response.php(35): Illuminate\\Http\\Response->setContent(Object(Illuminate\\View\\View))
#7 /Applications/MAMP/htdocs/tmracing/vendor/laravel/framework/src/Illuminate/Routing/Router.php(918): Illuminate\\Http\\Response->__construct(Object(Illuminate\\View\\View), 200, Array)
#8 /Applications/MAMP/htdocs/tmracing/vendor/laravel/framework/src/Illuminate/Routing/Router.php(885): Illuminate\\Routing\\Router::toResponse(Object(Illuminate\\Http\\Request), Object(Illuminate\\View\\View))
#9 /Applications/MAMP/htdocs/tmracing/vendor/laravel/framework/src/Illuminate/Routing/Router.php(805): Illuminate\\Routing\\Router->prepareResponse(Object(Illuminate\\Http\\Request), Object(Illuminate\\View\\View))
#10 /Applications/MAMP/htdocs/tmracing/vendor/laravel/framework/src/Illuminate/Pipeline/Pipeline.php(144): Illuminate\\Routing\\Router->Illuminate\\Routing\\{closure}(Object(Illuminate\\Http\\Request))
#11 /Applications/MAMP/htdocs/tmracing/app/Http/Middleware/IsAdmin.php(20): Illuminate\\Pipeline\\Pipeline->Illuminate\\Pipeline\\{closure}(Object(Illuminate\\Http\\Request))
#12 /Applications/MAMP/htdocs/tmracing/vendor/laravel/framework/src/Illuminate/Pipeline/Pipeline.php(183): App\\Http\\Middleware\\IsAdmin->handle(Object(Illuminate\\Http\\Request), Object(Closure))
#13 /Applications/MAMP/htdocs/tmracing/app/Http/Middleware/CheckForMaintenanceMode.php(58): Illuminate\\Pipeline\\Pipeline->Illuminate\\Pipeline\\{closure}(Object(Illuminate\\Http\\Request))
#14 /Applications/MAMP/htdocs/tmracing/vendor/laravel/framework/src/Illuminate/Pipeline/Pipeline.php(183): App\\Http\\Middleware\\CheckForMaintenanceMode->handle(Object(Illuminate\\Http\\Request), Object(Closure))
#15 /Applications/MAMP/htdocs/tmracing/app/Http/Middleware/HttpsProtocol.php(20): Illuminate\\Pipeline\\Pipeline->Illuminate\\Pipeline\\{closure}(Object(Illuminate\\Http\\Request))
#16 /Applications/MAMP/htdocs/tmracing/vendor/laravel/framework/src/Illuminate/Pipeline/Pipeline.php(183): App\\Http\\Middleware\\HttpsProtocol->handle(Object(Illuminate\\Http\\Request), Object(Closure))
#17 /Applications/MAMP/htdocs/tmracing/app/Http/Middleware/Language.php(31): Illuminate\\Pipeline\\Pipeline->Illuminate\\Pipeline\\{closure}(Object(Illuminate\\Http\\Request))
#18 /Applications/MAMP/htdocs/tmracing/vendor/laravel/framework/src/Illuminate/Pipeline/Pipeline.php(183): App\\Http\\Middleware\\Language->handle(Object(Illuminate\\Http\\Request), Object(Closure))
#19 /Applications/MAMP/htdocs/tmracing/vendor/laravel/framework/src/Illuminate/Routing/Middleware/SubstituteBindings.php(50): Illuminate\\Pipeline\\Pipeline->Illuminate\\Pipeline\\{closure}(Object(Illuminate\\Http\\Request))
#20 /Applications/MAMP/htdocs/tmracing/vendor/laravel/framework/src/Illuminate/Pipeline/Pipeline.php(183): Illuminate\\Routing\\Middleware\\SubstituteBindings->handle(Object(Illuminate\\Http\\Request), Object(Closure))
#21 /Applications/MAMP/htdocs/tmracing/vendor/laravel/framework/src/Illuminate/Auth/Middleware/Authenticate.php(57): Illuminate\\Pipeline\\Pipeline->Illuminate\\Pipeline\\{closure}(Object(Illuminate\\Http\\Request))
#22 /Applications/MAMP/htdocs/tmracing/vendor/laravel/framework/src/Illuminate/Pipeline/Pipeline.php(183): Illuminate\\Auth\\Middleware\\Authenticate->handle(Object(Illuminate\\Http\\Request), Object(Closure))
#23 /Applications/MAMP/htdocs/tmracing/vendor/laravel/framework/src/Illuminate/Foundation/Http/Middleware/VerifyCsrfToken.php(78): Illuminate\\Pipeline\\Pipeline->Illuminate\\Pipeline\\{closure}(Object(Illuminate\\Http\\Request))
#24 /Applications/MAMP/htdocs/tmracing/vendor/laravel/framework/src/Illuminate/Pipeline/Pipeline.php(183): Illuminate\\Foundation\\Http\\Middleware\\VerifyCsrfToken->handle(Object(Illuminate\\Http\\Request), Object(Closure))
#25 /Applications/MAMP/htdocs/tmracing/vendor/laravel/framework/src/Illuminate/View/Middleware/ShareErrorsFromSession.php(49): Illuminate\\Pipeline\\Pipeline->Illuminate\\Pipeline\\{closure}(Object(Illuminate\\Http\\Request))
#26 /Applications/MAMP/htdocs/tmracing/vendor/laravel/framework/src/Illuminate/Pipeline/Pipeline.php(183): Illuminate\\View\\Middleware\\ShareErrorsFromSession->handle(Object(Illuminate\\Http\\Request), Object(Closure))
#27 /Applications/MAMP/htdocs/tmracing/vendor/laravel/framework/src/Illuminate/Session/Middleware/StartSession.php(121): Illuminate\\Pipeline\\Pipeline->Illuminate\\Pipeline\\{closure}(Object(Illuminate\\Http\\Request))
#28 /Applications/MAMP/htdocs/tmracing/vendor/laravel/framework/src/Illuminate/Session/Middleware/StartSession.php(64): Illuminate\\Session\\Middleware\\StartSession->handleStatefulRequest(Object(Illuminate\\Http\\Request), Object(Illuminate\\Session\\Store), Object(Closure))
#29 /Applications/MAMP/htdocs/tmracing/vendor/laravel/framework/src/Illuminate/Pipeline/Pipeline.php(183): Illuminate\\Session\\Middleware\\StartSession->handle(Object(Illuminate\\Http\\Request), Object(Closure))
#30 /Applications/MAMP/htdocs/tmracing/vendor/laravel/framework/src/Illuminate/Cookie/Middleware/AddQueuedCookiesToResponse.php(37): Illuminate\\Pipeline\\Pipeline->Illuminate\\Pipeline\\{closure}(Object(Illuminate\\Http\\Request))
#31 /Applications/MAMP/htdocs/tmracing/vendor/laravel/framework/src/Illuminate/Pipeline/Pipeline.php(183): Illuminate\\Cookie\\Middleware\\AddQueuedCookiesToResponse->handle(Object(Illuminate\\Http\\Request), Object(Closure))
#32 /Applications/MAMP/htdocs/tmracing/vendor/laravel/framework/src/Illuminate/Pipeline/Pipeline.php(119): Illuminate\\Pipeline\\Pipeline->Illuminate\\Pipeline\\{closure}(Object(Illuminate\\Http\\Request))
#33 /Applications/MAMP/htdocs/tmracing/vendor/laravel/framework/src/Illuminate/Routing/Router.php(805): Illuminate\\Pipeline\\Pipeline->then(Object(Closure))
#34 /Applications/MAMP/htdocs/tmracing/vendor/laravel/framework/src/Illuminate/Routing/Router.php(784): Illuminate\\Routing\\Router->runRouteWithinStack(Object(Illuminate\\Routing\\Route), Object(Illuminate\\Http\\Request))
#35 /Applications/MAMP/htdocs/tmracing/vendor/laravel/framework/src/Illuminate/Routing/Router.php(748): Illuminate\\Routing\\Router->runRoute(Object(Illuminate\\Http\\Request), Object(Illuminate\\Routing\\Route))
#36 /Applications/MAMP/htdocs/tmracing/vendor/laravel/framework/src/Illuminate/Routing/Router.php(737): Illuminate\\Routing\\Router->dispatchToRoute(Object(Illuminate\\Http\\Request))
#37 /Applications/MAMP/htdocs/tmracing/vendor/laravel/framework/src/Illuminate/Foundation/Http/Kernel.php(200): Illuminate\\Routing\\Router->dispatch(Object(Illuminate\\Http\\Request))
#38 /Applications/MAMP/htdocs/tmracing/vendor/laravel/framework/src/Illuminate/Pipeline/Pipeline.php(144): Illuminate\\Foundation\\Http\\Kernel->Illuminate\\Foundation\\Http\\{closure}(Object(Illuminate\\Http\\Request))
#39 /Applications/MAMP/htdocs/tmracing/vendor/barryvdh/laravel-debugbar/src/Middleware/InjectDebugbar.php(66): Illuminate\\Pipeline\\Pipeline->Illuminate\\Pipeline\\{closure}(Object(Illuminate\\Http\\Request))
#40 /Applications/MAMP/htdocs/tmracing/vendor/laravel/framework/src/Illuminate/Pipeline/Pipeline.php(183): Barryvdh\\Debugbar\\Middleware\\InjectDebugbar->handle(Object(Illuminate\\Http\\Request), Object(Closure))
#41 /Applications/MAMP/htdocs/tmracing/vendor/laravel/framework/src/Illuminate/Http/Middleware/TrustProxies.php(39): Illuminate\\Pipeline\\Pipeline->Illuminate\\Pipeline\\{closure}(Object(Illuminate\\Http\\Request))
#42 /Applications/MAMP/htdocs/tmracing/vendor/laravel/framework/src/Illuminate/Pipeline/Pipeline.php(183): Illuminate\\Http\\Middleware\\TrustProxies->handle(Object(Illuminate\\Http\\Request), Object(Closure))
#43 /Applications/MAMP/htdocs/tmracing/vendor/laravel/framework/src/Illuminate/Foundation/Http/Middleware/TransformsRequest.php(21): Illuminate\\Pipeline\\Pipeline->Illuminate\\Pipeline\\{closure}(Object(Illuminate\\Http\\Request))
#44 /Applications/MAMP/htdocs/tmracing/vendor/laravel/framework/src/Illuminate/Foundation/Http/Middleware/ConvertEmptyStringsToNull.php(31): Illuminate\\Foundation\\Http\\Middleware\\TransformsRequest->handle(Object(Illuminate\\Http\\Request), Object(Closure))
#45 /Applications/MAMP/htdocs/tmracing/vendor/laravel/framework/src/Illuminate/Pipeline/Pipeline.php(183): Illuminate\\Foundation\\Http\\Middleware\\ConvertEmptyStringsToNull->handle(Object(Illuminate\\Http\\Request), Object(Closure))
#46 /Applications/MAMP/htdocs/tmracing/vendor/laravel/framework/src/Illuminate/Foundation/Http/Middleware/TransformsRequest.php(21): Illuminate\\Pipeline\\Pipeline->Illuminate\\Pipeline\\{closure}(Object(Illuminate\\Http\\Request))
#47 /Applications/MAMP/htdocs/tmracing/vendor/laravel/framework/src/Illuminate/Foundation/Http/Middleware/TrimStrings.php(40): Illuminate\\Foundation\\Http\\Middleware\\TransformsRequest->handle(Object(Illuminate\\Http\\Request), Object(Closure))
#48 /Applications/MAMP/htdocs/tmracing/vendor/laravel/framework/src/Illuminate/Pipeline/Pipeline.php(183): Illuminate\\Foundation\\Http\\Middleware\\TrimStrings->handle(Object(Illuminate\\Http\\Request), Object(Closure))
#49 /Applications/MAMP/htdocs/tmracing/vendor/laravel/framework/src/Illuminate/Foundation/Http/Middleware/ValidatePostSize.php(27): Illuminate\\Pipeline\\Pipeline->Illuminate\\Pipeline\\{closure}(Object(Illuminate\\Http\\Request))
#50 /Applications/MAMP/htdocs/tmracing/vendor/laravel/framework/src/Illuminate/Pipeline/Pipeline.php(183): Illuminate\\Foundation\\Http\\Middleware\\ValidatePostSize->handle(Object(Illuminate\\Http\\Request), Object(Closure))
#51 /Applications/MAMP/htdocs/tmracing/vendor/laravel/framework/src/Illuminate/Pipeline/Pipeline.php(119): Illuminate\\Pipeline\\Pipeline->Illuminate\\Pipeline\\{closure}(Object(Illuminate\\Http\\Request))
#52 /Applications/MAMP/htdocs/tmracing/vendor/laravel/framework/src/Illuminate/Foundation/Http/Kernel.php(175): Illuminate\\Pipeline\\Pipeline->then(Object(Closure))
#53 /Applications/MAMP/htdocs/tmracing/vendor/laravel/framework/src/Illuminate/Foundation/Http/Kernel.php(144): Illuminate\\Foundation\\Http\\Kernel->sendRequestThroughRouter(Object(Illuminate\\Http\\Request))
#54 /Applications/MAMP/htdocs/tmracing/index.php(56): Illuminate\\Foundation\\Http\\Kernel->handle(Object(Illuminate\\Http\\Request))
#55 {main}

[previous exception] [object] (Symfony\\Component\\Routing\\Exception\\RouteNotFoundException(code: 0): Route [products.store] not defined. at /Applications/MAMP/htdocs/tmracing/vendor/laravel/framework/src/Illuminate/Routing/UrlGenerator.php:477)
[stacktrace]
#0 /Applications/MAMP/htdocs/tmracing/vendor/laravel/framework/src/Illuminate/Foundation/helpers.php(811): Illuminate\\Routing\\UrlGenerator->route('products.store', Array, true)
#1 /Applications/MAMP/htdocs/tmracing/storage/framework/views/dfe59f437c631e2a81f0598bf0ab1b03.php(6): route('products.store')
#2 /Applications/MAMP/htdocs/tmracing/vendor/laravel/framework/src/Illuminate/Filesystem/Filesystem.php(123): require('/Applications/M...')
#3 /Applications/MAMP/htdocs/tmracing/vendor/laravel/framework/src/Illuminate/Filesystem/Filesystem.php(124): Illuminate\\Filesystem\\Filesystem::Illuminate\\Filesystem\\{closure}()
#4 /Applications/MAMP/htdocs/tmracing/vendor/laravel/framework/src/Illuminate/View/Engines/PhpEngine.php(58): Illuminate\\Filesystem\\Filesystem->getRequire('/Applications/M...', Array)
#5 /Applications/MAMP/htdocs/tmracing/vendor/laravel/framework/src/Illuminate/View/Engines/CompilerEngine.php(72): Illuminate\\View\\Engines\\PhpEngine->evaluatePath('/Applications/M...', Array)
#6 /Applications/MAMP/htdocs/tmracing/vendor/laravel/framework/src/Illuminate/View/View.php(207): Illuminate\\View\\Engines\\CompilerEngine->get('/Applications/M...', Array)
#7 /Applications/MAMP/htdocs/tmracing/vendor/laravel/framework/src/Illuminate/View/View.php(190): Illuminate\\View\\View->getContents()
#8 /Applications/MAMP/htdocs/tmracing/vendor/laravel/framework/src/Illuminate/View/View.php(159): Illuminate\\View\\View->renderContents()
#9 /Applications/MAMP/htdocs/tmracing/vendor/laravel/framework/src/Illuminate/Http/Response.php(69): Illuminate\\View\\View->render()
#10 /Applications/MAMP/htdocs/tmracing/vendor/laravel/framework/src/Illuminate/Http/Response.php(35): Illuminate\\Http\\Response->setContent(Object(Illuminate\\View\\View))
#11 /Applications/MAMP/htdocs/tmracing/vendor/laravel/framework/src/Illuminate/Routing/Router.php(918): Illuminate\\Http\\Response->__construct(Object(Illuminate\\View\\View), 200, Array)
#12 /Applications/MAMP/htdocs/tmracing/vendor/laravel/framework/src/Illuminate/Routing/Router.php(885): Illuminate\\Routing\\Router::toResponse(Object(Illuminate\\Http\\Request), Object(Illuminate\\View\\View))
#13 /Applications/MAMP/htdocs/tmracing/vendor/laravel/framework/src/Illuminate/Routing/Router.php(805): Illuminate\\Routing\\Router->prepareResponse(Object(Illuminate\\Http\\Request), Object(Illuminate\\View\\View))
#14 /Applications/MAMP/htdocs/tmracing/vendor/laravel/framework/src/Illuminate/Pipeline/Pipeline.php(144): Illuminate\\Routing\\Router->Illuminate\\Routing\\{closure}(Object(Illuminate\\Http\\Request))
#15 /Applications/MAMP/htdocs/tmracing/app/Http/Middleware/IsAdmin.php(20): Illuminate\\Pipeline\\Pipeline->Illuminate\\Pipeline\\{closure}(Object(Illuminate\\Http\\Request))
#16 /Applications/MAMP/htdocs/tmracing/vendor/laravel/framework/src/Illuminate/Pipeline/Pipeline.php(183): App\\Http\\Middleware\\IsAdmin->handle(Object(Illuminate\\Http\\Request), Object(Closure))
#17 /Applications/MAMP/htdocs/tmracing/app/Http/Middleware/CheckForMaintenanceMode.php(58): Illuminate\\Pipeline\\Pipeline->Illuminate\\Pipeline\\{closure}(Object(Illuminate\\Http\\Request))
#18 /Applications/MAMP/htdocs/tmracing/vendor/laravel/framework/src/Illuminate/Pipeline/Pipeline.php(183): App\\Http\\Middleware\\CheckForMaintenanceMode->handle(Object(Illuminate\\Http\\Request), Object(Closure))
#19 /Applications/MAMP/htdocs/tmracing/app/Http/Middleware/HttpsProtocol.php(20): Illuminate\\Pipeline\\Pipeline->Illuminate\\Pipeline\\{closure}(Object(Illuminate\\Http\\Request))
#20 /Applications/MAMP/htdocs/tmracing/vendor/laravel/framework/src/Illuminate/Pipeline/Pipeline.php(183): App\\Http\\Middleware\\HttpsProtocol->handle(Object(Illuminate\\Http\\Request), Object(Closure))
#21 /Applications/MAMP/htdocs/tmracing/app/Http/Middleware/Language.php(31): Illuminate\\Pipeline\\Pipeline->Illuminate\\Pipeline\\{closure}(Object(Illuminate\\Http\\Request))
#22 /Applications/MAMP/htdocs/tmracing/vendor/laravel/framework/src/Illuminate/Pipeline/Pipeline.php(183): App\\Http\\Middleware\\Language->handle(Object(Illuminate\\Http\\Request), Object(Closure))
#23 /Applications/MAMP/htdocs/tmracing/vendor/laravel/framework/src/Illuminate/Routing/Middleware/SubstituteBindings.php(50): Illuminate\\Pipeline\\Pipeline->Illuminate\\Pipeline\\{closure}(Object(Illuminate\\Http\\Request))
#24 /Applications/MAMP/htdocs/tmracing/vendor/laravel/framework/src/Illuminate/Pipeline/Pipeline.php(183): Illuminate\\Routing\\Middleware\\SubstituteBindings->handle(Object(Illuminate\\Http\\Request), Object(Closure))
#25 /Applications/MAMP/htdocs/tmracing/vendor/laravel/framework/src/Illuminate/Auth/Middleware/Authenticate.php(57): Illuminate\\Pipeline\\Pipeline->Illuminate\\Pipeline\\{closure}(Object(Illuminate\\Http\\Request))
#26 /Applications/MAMP/htdocs/tmracing/vendor/laravel/framework/src/Illuminate/Pipeline/Pipeline.php(183): Illuminate\\Auth\\Middleware\\Authenticate->handle(Object(Illuminate\\Http\\Request), Object(Closure))
#27 /Applications/MAMP/htdocs/tmracing/vendor/laravel/framework/src/Illuminate/Foundation/Http/Middleware/VerifyCsrfToken.php(78): Illuminate\\Pipeline\\Pipeline->Illuminate\\Pipeline\\{closure}(Object(Illuminate\\Http\\Request))
#28 /Applications/MAMP/htdocs/tmracing/vendor/laravel/framework/src/Illuminate/Pipeline/Pipeline.php(183): Illuminate\\Foundation\\Http\\Middleware\\VerifyCsrfToken->handle(Object(Illuminate\\Http\\Request), Object(Closure))
#29 /Applications/MAMP/htdocs/tmracing/vendor/laravel/framework/src/Illuminate/View/Middleware/ShareErrorsFromSession.php(49): Illuminate\\Pipeline\\Pipeline->Illuminate\\Pipeline\\{closure}(Object(Illuminate\\Http\\Request))
#30 /Applications/MAMP/htdocs/tmracing/vendor/laravel/framework/src/Illuminate/Pipeline/Pipeline.php(183): Illuminate\\View\\Middleware\\ShareErrorsFromSession->handle(Object(Illuminate\\Http\\Request), Object(Closure))
#31 /Applications/MAMP/htdocs/tmracing/vendor/laravel/framework/src/Illuminate/Session/Middleware/StartSession.php(121): Illuminate\\Pipeline\\Pipeline->Illuminate\\Pipeline\\{closure}(Object(Illuminate\\Http\\Request))
#32 /Applications/MAMP/htdocs/tmracing/vendor/laravel/framework/src/Illuminate/Session/Middleware/StartSession.php(64): Illuminate\\Session\\Middleware\\StartSession->handleStatefulRequest(Object(Illuminate\\Http\\Request), Object(Illuminate\\Session\\Store), Object(Closure))
#33 /Applications/MAMP/htdocs/tmracing/vendor/laravel/framework/src/Illuminate/Pipeline/Pipeline.php(183): Illuminate\\Session\\Middleware\\StartSession->handle(Object(Illuminate\\Http\\Request), Object(Closure))
#34 /Applications/MAMP/htdocs/tmracing/vendor/laravel/framework/src/Illuminate/Cookie/Middleware/AddQueuedCookiesToResponse.php(37): Illuminate\\Pipeline\\Pipeline->Illuminate\\Pipeline\\{closure}(Object(Illuminate\\Http\\Request))
#35 /Applications/MAMP/htdocs/tmracing/vendor/laravel/framework/src/Illuminate/Pipeline/Pipeline.php(183): Illuminate\\Cookie\\Middleware\\AddQueuedCookiesToResponse->handle(Object(Illuminate\\Http\\Request), Object(Closure))
#36 /Applications/MAMP/htdocs/tmracing/vendor/laravel/framework/src/Illuminate/Pipeline/Pipeline.php(119): Illuminate\\Pipeline\\Pipeline->Illuminate\\Pipeline\\{closure}(Object(Illuminate\\Http\\Request))
#37 /Applications/MAMP/htdocs/tmracing/vendor/laravel/framework/src/Illuminate/Routing/Router.php(805): Illuminate\\Pipeline\\Pipeline->then(Object(Closure))
#38 /Applications/MAMP/htdocs/tmracing/vendor/laravel/framework/src/Illuminate/Routing/Router.php(784): Illuminate\\Routing\\Router->runRouteWithinStack(Object(Illuminate\\Routing\\Route), Object(Illuminate\\Http\\Request))
#39 /Applications/MAMP/htdocs/tmracing/vendor/laravel/framework/src/Illuminate/Routing/Router.php(748): Illuminate\\Routing\\Router->runRoute(Object(Illuminate\\Http\\Request), Object(Illuminate\\Routing\\Route))
#40 /Applications/MAMP/htdocs/tmracing/vendor/laravel/framework/src/Illuminate/Routing/Router.php(737): Illuminate\\Routing\\Router->dispatchToRoute(Object(Illuminate\\Http\\Request))
#41 /Applications/MAMP/htdocs/tmracing/vendor/laravel/framework/src/Illuminate/Foundation/Http/Kernel.php(200): Illuminate\\Routing\\Router->dispatch(Object(Illuminate\\Http\\Request))
#42 /Applications/MAMP/htdocs/tmracing/vendor/laravel/framework/src/Illuminate/Pipeline/Pipeline.php(144): Illuminate\\Foundation\\Http\\Kernel->Illuminate\\Foundation\\Http\\{closure}(Object(Illuminate\\Http\\Request))
#43 /Applications/MAMP/htdocs/tmracing/vendor/barryvdh/laravel-debugbar/src/Middleware/InjectDebugbar.php(66): Illuminate\\Pipeline\\Pipeline->Illuminate\\Pipeline\\{closure}(Object(Illuminate\\Http\\Request))
#44 /Applications/MAMP/htdocs/tmracing/vendor/laravel/framework/src/Illuminate/Pipeline/Pipeline.php(183): Barryvdh\\Debugbar\\Middleware\\InjectDebugbar->handle(Object(Illuminate\\Http\\Request), Object(Closure))
#45 /Applications/MAMP/htdocs/tmracing/vendor/laravel/framework/src/Illuminate/Http/Middleware/TrustProxies.php(39): Illuminate\\Pipeline\\Pipeline->Illuminate\\Pipeline\\{closure}(Object(Illuminate\\Http\\Request))
#46 /Applications/MAMP/htdocs/tmracing/vendor/laravel/framework/src/Illuminate/Pipeline/Pipeline.php(183): Illuminate\\Http\\Middleware\\TrustProxies->handle(Object(Illuminate\\Http\\Request), Object(Closure))
#47 /Applications/MAMP/htdocs/tmracing/vendor/laravel/framework/src/Illuminate/Foundation/Http/Middleware/TransformsRequest.php(21): Illuminate\\Pipeline\\Pipeline->Illuminate\\Pipeline\\{closure}(Object(Illuminate\\Http\\Request))
#48 /Applications/MAMP/htdocs/tmracing/vendor/laravel/framework/src/Illuminate/Foundation/Http/Middleware/ConvertEmptyStringsToNull.php(31): Illuminate\\Foundation\\Http\\Middleware\\TransformsRequest->handle(Object(Illuminate\\Http\\Request), Object(Closure))
#49 /Applications/MAMP/htdocs/tmracing/vendor/laravel/framework/src/Illuminate/Pipeline/Pipeline.php(183): Illuminate\\Foundation\\Http\\Middleware\\ConvertEmptyStringsToNull->handle(Object(Illuminate\\Http\\Request), Object(Closure))
#50 /Applications/MAMP/htdocs/tmracing/vendor/laravel/framework/src/Illuminate/Foundation/Http/Middleware/TransformsRequest.php(21): Illuminate\\Pipeline\\Pipeline->Illuminate\\Pipeline\\{closure}(Object(Illuminate\\Http\\Request))
#51 /Applications/MAMP/htdocs/tmracing/vendor/laravel/framework/src/Illuminate/Foundation/Http/Middleware/TrimStrings.php(40): Illuminate\\Foundation\\Http\\Middleware\\TransformsRequest->handle(Object(Illuminate\\Http\\Request), Object(Closure))
#52 /Applications/MAMP/htdocs/tmracing/vendor/laravel/framework/src/Illuminate/Pipeline/Pipeline.php(183): Illuminate\\Foundation\\Http\\Middleware\\TrimStrings->handle(Object(Illuminate\\Http\\Request), Object(Closure))
#53 /Applications/MAMP/htdocs/tmracing/vendor/laravel/framework/src/Illuminate/Foundation/Http/Middleware/ValidatePostSize.php(27): Illuminate\\Pipeline\\Pipeline->Illuminate\\Pipeline\\{closure}(Object(Illuminate\\Http\\Request))
#54 /Applications/MAMP/htdocs/tmracing/vendor/laravel/framework/src/Illuminate/Pipeline/Pipeline.php(183): Illuminate\\Foundation\\Http\\Middleware\\ValidatePostSize->handle(Object(Illuminate\\Http\\Request), Object(Closure))
#55 /Applications/MAMP/htdocs/tmracing/vendor/laravel/framework/src/Illuminate/Pipeline/Pipeline.php(119): Illuminate\\Pipeline\\Pipeline->Illuminate\\Pipeline\\{closure}(Object(Illuminate\\Http\\Request))
#56 /Applications/MAMP/htdocs/tmracing/vendor/laravel/framework/src/Illuminate/Foundation/Http/Kernel.php(175): Illuminate\\Pipeline\\Pipeline->then(Object(Closure))
#57 /Applications/MAMP/htdocs/tmracing/vendor/laravel/framework/src/Illuminate/Foundation/Http/Kernel.php(144): Illuminate\\Foundation\\Http\\Kernel->sendRequestThroughRouter(Object(Illuminate\\Http\\Request))
#58 /Applications/MAMP/htdocs/tmracing/index.php(56): Illuminate\\Foundation\\Http\\Kernel->handle(Object(Illuminate\\Http\\Request))
#59 {main}
"} 
[2024-12-01 02:20:50] local.ERROR: Unclosed '{' on line 196 {"exception":"[object] (ParseError(code: 0): Unclosed '{' on line 196 at /Applications/MAMP/htdocs/tmracing/routes/web.php:367)
[stacktrace]
#0 /Applications/MAMP/htdocs/tmracing/vendor/laravel/framework/src/Illuminate/Routing/Router.php(511): Illuminate\\Routing\\RouteFileRegistrar->register('/Applications/M...')
#1 /Applications/MAMP/htdocs/tmracing/vendor/laravel/framework/src/Illuminate/Routing/Router.php(465): Illuminate\\Routing\\Router->loadRoutes('/Applications/M...')
#2 /Applications/MAMP/htdocs/tmracing/vendor/laravel/framework/src/Illuminate/Routing/RouteRegistrar.php(194): Illuminate\\Routing\\Router->group(Array, '/Applications/M...')
#3 /Applications/MAMP/htdocs/tmracing/app/Providers/RouteServiceProvider.php(59): Illuminate\\Routing\\RouteRegistrar->group('/Applications/M...')
#4 /Applications/MAMP/htdocs/tmracing/app/Providers/RouteServiceProvider.php(40): App\\Providers\\RouteServiceProvider->mapWebRoutes()
#5 /Applications/MAMP/htdocs/tmracing/vendor/laravel/framework/src/Illuminate/Container/BoundMethod.php(36): App\\Providers\\RouteServiceProvider->map()
#6 /Applications/MAMP/htdocs/tmracing/vendor/laravel/framework/src/Illuminate/Container/Util.php(41): Illuminate\\Container\\BoundMethod::Illuminate\\Container\\{closure}()
#7 /Applications/MAMP/htdocs/tmracing/vendor/laravel/framework/src/Illuminate/Container/BoundMethod.php(93): Illuminate\\Container\\Util::unwrapIfClosure(Object(Closure))
#8 /Applications/MAMP/htdocs/tmracing/vendor/laravel/framework/src/Illuminate/Container/BoundMethod.php(35): Illuminate\\Container\\BoundMethod::callBoundMethod(Object(Illuminate\\Foundation\\Application), Array, Object(Closure))
#9 /Applications/MAMP/htdocs/tmracing/vendor/laravel/framework/src/Illuminate/Container/Container.php(662): Illuminate\\Container\\BoundMethod::call(Object(Illuminate\\Foundation\\Application), Array, Array, NULL)
#10 /Applications/MAMP/htdocs/tmracing/vendor/laravel/framework/src/Illuminate/Foundation/Support/Providers/RouteServiceProvider.php(122): Illuminate\\Container\\Container->call(Array)
#11 /Applications/MAMP/htdocs/tmracing/vendor/laravel/framework/src/Illuminate/Foundation/Support/Providers/RouteServiceProvider.php(45): Illuminate\\Foundation\\Support\\Providers\\RouteServiceProvider->loadRoutes()
#12 /Applications/MAMP/htdocs/tmracing/vendor/laravel/framework/src/Illuminate/Container/BoundMethod.php(36): Illuminate\\Foundation\\Support\\Providers\\RouteServiceProvider->Illuminate\\Foundation\\Support\\Providers\\{closure}()
#13 /Applications/MAMP/htdocs/tmracing/vendor/laravel/framework/src/Illuminate/Container/Util.php(41): Illuminate\\Container\\BoundMethod::Illuminate\\Container\\{closure}()
#14 /Applications/MAMP/htdocs/tmracing/vendor/laravel/framework/src/Illuminate/Container/BoundMethod.php(81): Illuminate\\Container\\Util::unwrapIfClosure(Object(Closure))
#15 /Applications/MAMP/htdocs/tmracing/vendor/laravel/framework/src/Illuminate/Container/BoundMethod.php(35): Illuminate\\Container\\BoundMethod::callBoundMethod(Object(Illuminate\\Foundation\\Application), Object(Closure), Object(Closure))
#16 /Applications/MAMP/htdocs/tmracing/vendor/laravel/framework/src/Illuminate/Container/Container.php(662): Illuminate\\Container\\BoundMethod::call(Object(Illuminate\\Foundation\\Application), Object(Closure), Array, NULL)
#17 /Applications/MAMP/htdocs/tmracing/vendor/laravel/framework/src/Illuminate/Support/ServiceProvider.php(119): Illuminate\\Container\\Container->call(Object(Closure))
#18 /Applications/MAMP/htdocs/tmracing/vendor/laravel/framework/src/Illuminate/Foundation/Application.php(1037): Illuminate\\Support\\ServiceProvider->callBootedCallbacks()
#19 /Applications/MAMP/htdocs/tmracing/vendor/laravel/framework/src/Illuminate/Foundation/Application.php(1015): Illuminate\\Foundation\\Application->bootProvider(Object(App\\Providers\\RouteServiceProvider))
#20 [internal function]: Illuminate\\Foundation\\Application->Illuminate\\Foundation\\{closure}(Object(App\\Providers\\RouteServiceProvider), 32)
#21 /Applications/MAMP/htdocs/tmracing/vendor/laravel/framework/src/Illuminate/Foundation/Application.php(1014): array_walk(Array, Object(Closure))
#22 /Applications/MAMP/htdocs/tmracing/vendor/laravel/framework/src/Illuminate/Foundation/Bootstrap/BootProviders.php(17): Illuminate\\Foundation\\Application->boot()
#23 /Applications/MAMP/htdocs/tmracing/vendor/laravel/framework/src/Illuminate/Foundation/Application.php(263): Illuminate\\Foundation\\Bootstrap\\BootProviders->bootstrap(Object(Illuminate\\Foundation\\Application))
#24 /Applications/MAMP/htdocs/tmracing/vendor/laravel/framework/src/Illuminate/Foundation/Console/Kernel.php(447): Illuminate\\Foundation\\Application->bootstrapWith(Array)
#25 /Applications/MAMP/htdocs/tmracing/vendor/laravel/framework/src/Illuminate/Foundation/Console/Kernel.php(199): Illuminate\\Foundation\\Console\\Kernel->bootstrap()
#26 /Applications/MAMP/htdocs/tmracing/artisan(35): Illuminate\\Foundation\\Console\\Kernel->handle(Object(Symfony\\Component\\Console\\Input\\ArgvInput), Object(Symfony\\Component\\Console\\Output\\ConsoleOutput))
#27 {main}
"} 
[2024-12-01 02:20:50] local.ERROR: Unclosed '{' on line 196 {"exception":"[object] (ParseError(code: 0): Unclosed '{' on line 196 at /Applications/MAMP/htdocs/tmracing/routes/web.php:367)
[stacktrace]
#0 /Applications/MAMP/htdocs/tmracing/vendor/laravel/framework/src/Illuminate/Routing/Router.php(511): Illuminate\\Routing\\RouteFileRegistrar->register('/Applications/M...')
#1 /Applications/MAMP/htdocs/tmracing/vendor/laravel/framework/src/Illuminate/Routing/Router.php(465): Illuminate\\Routing\\Router->loadRoutes('/Applications/M...')
#2 /Applications/MAMP/htdocs/tmracing/vendor/laravel/framework/src/Illuminate/Routing/RouteRegistrar.php(194): Illuminate\\Routing\\Router->group(Array, '/Applications/M...')
#3 /Applications/MAMP/htdocs/tmracing/app/Providers/RouteServiceProvider.php(59): Illuminate\\Routing\\RouteRegistrar->group('/Applications/M...')
#4 /Applications/MAMP/htdocs/tmracing/app/Providers/RouteServiceProvider.php(40): App\\Providers\\RouteServiceProvider->mapWebRoutes()
#5 /Applications/MAMP/htdocs/tmracing/vendor/laravel/framework/src/Illuminate/Container/BoundMethod.php(36): App\\Providers\\RouteServiceProvider->map()
#6 /Applications/MAMP/htdocs/tmracing/vendor/laravel/framework/src/Illuminate/Container/Util.php(41): Illuminate\\Container\\BoundMethod::Illuminate\\Container\\{closure}()
#7 /Applications/MAMP/htdocs/tmracing/vendor/laravel/framework/src/Illuminate/Container/BoundMethod.php(93): Illuminate\\Container\\Util::unwrapIfClosure(Object(Closure))
#8 /Applications/MAMP/htdocs/tmracing/vendor/laravel/framework/src/Illuminate/Container/BoundMethod.php(35): Illuminate\\Container\\BoundMethod::callBoundMethod(Object(Illuminate\\Foundation\\Application), Array, Object(Closure))
#9 /Applications/MAMP/htdocs/tmracing/vendor/laravel/framework/src/Illuminate/Container/Container.php(662): Illuminate\\Container\\BoundMethod::call(Object(Illuminate\\Foundation\\Application), Array, Array, NULL)
#10 /Applications/MAMP/htdocs/tmracing/vendor/laravel/framework/src/Illuminate/Foundation/Support/Providers/RouteServiceProvider.php(122): Illuminate\\Container\\Container->call(Array)
#11 /Applications/MAMP/htdocs/tmracing/vendor/laravel/framework/src/Illuminate/Foundation/Support/Providers/RouteServiceProvider.php(45): Illuminate\\Foundation\\Support\\Providers\\RouteServiceProvider->loadRoutes()
#12 /Applications/MAMP/htdocs/tmracing/vendor/laravel/framework/src/Illuminate/Container/BoundMethod.php(36): Illuminate\\Foundation\\Support\\Providers\\RouteServiceProvider->Illuminate\\Foundation\\Support\\Providers\\{closure}()
#13 /Applications/MAMP/htdocs/tmracing/vendor/laravel/framework/src/Illuminate/Container/Util.php(41): Illuminate\\Container\\BoundMethod::Illuminate\\Container\\{closure}()
#14 /Applications/MAMP/htdocs/tmracing/vendor/laravel/framework/src/Illuminate/Container/BoundMethod.php(81): Illuminate\\Container\\Util::unwrapIfClosure(Object(Closure))
#15 /Applications/MAMP/htdocs/tmracing/vendor/laravel/framework/src/Illuminate/Container/BoundMethod.php(35): Illuminate\\Container\\BoundMethod::callBoundMethod(Object(Illuminate\\Foundation\\Application), Object(Closure), Object(Closure))
#16 /Applications/MAMP/htdocs/tmracing/vendor/laravel/framework/src/Illuminate/Container/Container.php(662): Illuminate\\Container\\BoundMethod::call(Object(Illuminate\\Foundation\\Application), Object(Closure), Array, NULL)
#17 /Applications/MAMP/htdocs/tmracing/vendor/laravel/framework/src/Illuminate/Support/ServiceProvider.php(119): Illuminate\\Container\\Container->call(Object(Closure))
#18 /Applications/MAMP/htdocs/tmracing/vendor/laravel/framework/src/Illuminate/Foundation/Application.php(1037): Illuminate\\Support\\ServiceProvider->callBootedCallbacks()
#19 /Applications/MAMP/htdocs/tmracing/vendor/laravel/framework/src/Illuminate/Foundation/Application.php(1015): Illuminate\\Foundation\\Application->bootProvider(Object(App\\Providers\\RouteServiceProvider))
#20 [internal function]: Illuminate\\Foundation\\Application->Illuminate\\Foundation\\{closure}(Object(App\\Providers\\RouteServiceProvider), 32)
#21 /Applications/MAMP/htdocs/tmracing/vendor/laravel/framework/src/Illuminate/Foundation/Application.php(1014): array_walk(Array, Object(Closure))
#22 /Applications/MAMP/htdocs/tmracing/vendor/laravel/framework/src/Illuminate/Foundation/Bootstrap/BootProviders.php(17): Illuminate\\Foundation\\Application->boot()
#23 /Applications/MAMP/htdocs/tmracing/vendor/laravel/framework/src/Illuminate/Foundation/Application.php(263): Illuminate\\Foundation\\Bootstrap\\BootProviders->bootstrap(Object(Illuminate\\Foundation\\Application))
#24 /Applications/MAMP/htdocs/tmracing/vendor/laravel/framework/src/Illuminate/Foundation/Console/Kernel.php(447): Illuminate\\Foundation\\Application->bootstrapWith(Array)
#25 /Applications/MAMP/htdocs/tmracing/vendor/laravel/framework/src/Illuminate/Foundation/Console/Kernel.php(199): Illuminate\\Foundation\\Console\\Kernel->bootstrap()
#26 Command line code(1): Illuminate\\Foundation\\Console\\Kernel->handle(Object(Symfony\\Component\\Console\\Input\\ArgvInput), Object(Symfony\\Component\\Console\\Output\\ConsoleOutput))
#27 {main}
"} 
[2024-12-01 02:20:51] local.ERROR: Unclosed '{' on line 196 {"exception":"[object] (ParseError(code: 0): Unclosed '{' on line 196 at /Applications/MAMP/htdocs/tmracing/routes/web.php:367)
[stacktrace]
#0 /Applications/MAMP/htdocs/tmracing/vendor/laravel/framework/src/Illuminate/Routing/Router.php(511): Illuminate\\Routing\\RouteFileRegistrar->register('/Applications/M...')
#1 /Applications/MAMP/htdocs/tmracing/vendor/laravel/framework/src/Illuminate/Routing/Router.php(465): Illuminate\\Routing\\Router->loadRoutes('/Applications/M...')
#2 /Applications/MAMP/htdocs/tmracing/vendor/laravel/framework/src/Illuminate/Routing/RouteRegistrar.php(194): Illuminate\\Routing\\Router->group(Array, '/Applications/M...')
#3 /Applications/MAMP/htdocs/tmracing/app/Providers/RouteServiceProvider.php(59): Illuminate\\Routing\\RouteRegistrar->group('/Applications/M...')
#4 /Applications/MAMP/htdocs/tmracing/app/Providers/RouteServiceProvider.php(40): App\\Providers\\RouteServiceProvider->mapWebRoutes()
#5 /Applications/MAMP/htdocs/tmracing/vendor/laravel/framework/src/Illuminate/Container/BoundMethod.php(36): App\\Providers\\RouteServiceProvider->map()
#6 /Applications/MAMP/htdocs/tmracing/vendor/laravel/framework/src/Illuminate/Container/Util.php(41): Illuminate\\Container\\BoundMethod::Illuminate\\Container\\{closure}()
#7 /Applications/MAMP/htdocs/tmracing/vendor/laravel/framework/src/Illuminate/Container/BoundMethod.php(93): Illuminate\\Container\\Util::unwrapIfClosure(Object(Closure))
#8 /Applications/MAMP/htdocs/tmracing/vendor/laravel/framework/src/Illuminate/Container/BoundMethod.php(35): Illuminate\\Container\\BoundMethod::callBoundMethod(Object(Illuminate\\Foundation\\Application), Array, Object(Closure))
#9 /Applications/MAMP/htdocs/tmracing/vendor/laravel/framework/src/Illuminate/Container/Container.php(662): Illuminate\\Container\\BoundMethod::call(Object(Illuminate\\Foundation\\Application), Array, Array, NULL)
#10 /Applications/MAMP/htdocs/tmracing/vendor/laravel/framework/src/Illuminate/Foundation/Support/Providers/RouteServiceProvider.php(122): Illuminate\\Container\\Container->call(Array)
#11 /Applications/MAMP/htdocs/tmracing/vendor/laravel/framework/src/Illuminate/Foundation/Support/Providers/RouteServiceProvider.php(45): Illuminate\\Foundation\\Support\\Providers\\RouteServiceProvider->loadRoutes()
#12 /Applications/MAMP/htdocs/tmracing/vendor/laravel/framework/src/Illuminate/Container/BoundMethod.php(36): Illuminate\\Foundation\\Support\\Providers\\RouteServiceProvider->Illuminate\\Foundation\\Support\\Providers\\{closure}()
#13 /Applications/MAMP/htdocs/tmracing/vendor/laravel/framework/src/Illuminate/Container/Util.php(41): Illuminate\\Container\\BoundMethod::Illuminate\\Container\\{closure}()
#14 /Applications/MAMP/htdocs/tmracing/vendor/laravel/framework/src/Illuminate/Container/BoundMethod.php(81): Illuminate\\Container\\Util::unwrapIfClosure(Object(Closure))
#15 /Applications/MAMP/htdocs/tmracing/vendor/laravel/framework/src/Illuminate/Container/BoundMethod.php(35): Illuminate\\Container\\BoundMethod::callBoundMethod(Object(Illuminate\\Foundation\\Application), Object(Closure), Object(Closure))
#16 /Applications/MAMP/htdocs/tmracing/vendor/laravel/framework/src/Illuminate/Container/Container.php(662): Illuminate\\Container\\BoundMethod::call(Object(Illuminate\\Foundation\\Application), Object(Closure), Array, NULL)
#17 /Applications/MAMP/htdocs/tmracing/vendor/laravel/framework/src/Illuminate/Support/ServiceProvider.php(119): Illuminate\\Container\\Container->call(Object(Closure))
#18 /Applications/MAMP/htdocs/tmracing/vendor/laravel/framework/src/Illuminate/Foundation/Application.php(1037): Illuminate\\Support\\ServiceProvider->callBootedCallbacks()
#19 /Applications/MAMP/htdocs/tmracing/vendor/laravel/framework/src/Illuminate/Foundation/Application.php(1015): Illuminate\\Foundation\\Application->bootProvider(Object(App\\Providers\\RouteServiceProvider))
#20 [internal function]: Illuminate\\Foundation\\Application->Illuminate\\Foundation\\{closure}(Object(App\\Providers\\RouteServiceProvider), 32)
#21 /Applications/MAMP/htdocs/tmracing/vendor/laravel/framework/src/Illuminate/Foundation/Application.php(1014): array_walk(Array, Object(Closure))
#22 /Applications/MAMP/htdocs/tmracing/vendor/laravel/framework/src/Illuminate/Foundation/Bootstrap/BootProviders.php(17): Illuminate\\Foundation\\Application->boot()
#23 /Applications/MAMP/htdocs/tmracing/vendor/laravel/framework/src/Illuminate/Foundation/Application.php(263): Illuminate\\Foundation\\Bootstrap\\BootProviders->bootstrap(Object(Illuminate\\Foundation\\Application))
#24 /Applications/MAMP/htdocs/tmracing/vendor/laravel/framework/src/Illuminate/Foundation/Console/Kernel.php(447): Illuminate\\Foundation\\Application->bootstrapWith(Array)
#25 /Applications/MAMP/htdocs/tmracing/vendor/laravel/framework/src/Illuminate/Foundation/Console/Kernel.php(199): Illuminate\\Foundation\\Console\\Kernel->bootstrap()
#26 Command line code(1): Illuminate\\Foundation\\Console\\Kernel->handle(Object(Symfony\\Component\\Console\\Input\\ArgvInput), Object(Symfony\\Component\\Console\\Output\\ConsoleOutput))
#27 {main}
"} 
[2024-12-01 02:20:51] local.ERROR: Unclosed '{' on line 196 {"exception":"[object] (ParseError(code: 0): Unclosed '{' on line 196 at /Applications/MAMP/htdocs/tmracing/routes/web.php:367)
[stacktrace]
#0 /Applications/MAMP/htdocs/tmracing/vendor/laravel/framework/src/Illuminate/Routing/Router.php(511): Illuminate\\Routing\\RouteFileRegistrar->register('/Applications/M...')
#1 /Applications/MAMP/htdocs/tmracing/vendor/laravel/framework/src/Illuminate/Routing/Router.php(465): Illuminate\\Routing\\Router->loadRoutes('/Applications/M...')
#2 /Applications/MAMP/htdocs/tmracing/vendor/laravel/framework/src/Illuminate/Routing/RouteRegistrar.php(194): Illuminate\\Routing\\Router->group(Array, '/Applications/M...')
#3 /Applications/MAMP/htdocs/tmracing/app/Providers/RouteServiceProvider.php(59): Illuminate\\Routing\\RouteRegistrar->group('/Applications/M...')
#4 /Applications/MAMP/htdocs/tmracing/app/Providers/RouteServiceProvider.php(40): App\\Providers\\RouteServiceProvider->mapWebRoutes()
#5 /Applications/MAMP/htdocs/tmracing/vendor/laravel/framework/src/Illuminate/Container/BoundMethod.php(36): App\\Providers\\RouteServiceProvider->map()
#6 /Applications/MAMP/htdocs/tmracing/vendor/laravel/framework/src/Illuminate/Container/Util.php(41): Illuminate\\Container\\BoundMethod::Illuminate\\Container\\{closure}()
#7 /Applications/MAMP/htdocs/tmracing/vendor/laravel/framework/src/Illuminate/Container/BoundMethod.php(93): Illuminate\\Container\\Util::unwrapIfClosure(Object(Closure))
#8 /Applications/MAMP/htdocs/tmracing/vendor/laravel/framework/src/Illuminate/Container/BoundMethod.php(35): Illuminate\\Container\\BoundMethod::callBoundMethod(Object(Illuminate\\Foundation\\Application), Array, Object(Closure))
#9 /Applications/MAMP/htdocs/tmracing/vendor/laravel/framework/src/Illuminate/Container/Container.php(662): Illuminate\\Container\\BoundMethod::call(Object(Illuminate\\Foundation\\Application), Array, Array, NULL)
#10 /Applications/MAMP/htdocs/tmracing/vendor/laravel/framework/src/Illuminate/Foundation/Support/Providers/RouteServiceProvider.php(122): Illuminate\\Container\\Container->call(Array)
#11 /Applications/MAMP/htdocs/tmracing/vendor/laravel/framework/src/Illuminate/Foundation/Support/Providers/RouteServiceProvider.php(45): Illuminate\\Foundation\\Support\\Providers\\RouteServiceProvider->loadRoutes()
#12 /Applications/MAMP/htdocs/tmracing/vendor/laravel/framework/src/Illuminate/Container/BoundMethod.php(36): Illuminate\\Foundation\\Support\\Providers\\RouteServiceProvider->Illuminate\\Foundation\\Support\\Providers\\{closure}()
#13 /Applications/MAMP/htdocs/tmracing/vendor/laravel/framework/src/Illuminate/Container/Util.php(41): Illuminate\\Container\\BoundMethod::Illuminate\\Container\\{closure}()
#14 /Applications/MAMP/htdocs/tmracing/vendor/laravel/framework/src/Illuminate/Container/BoundMethod.php(81): Illuminate\\Container\\Util::unwrapIfClosure(Object(Closure))
#15 /Applications/MAMP/htdocs/tmracing/vendor/laravel/framework/src/Illuminate/Container/BoundMethod.php(35): Illuminate\\Container\\BoundMethod::callBoundMethod(Object(Illuminate\\Foundation\\Application), Object(Closure), Object(Closure))
#16 /Applications/MAMP/htdocs/tmracing/vendor/laravel/framework/src/Illuminate/Container/Container.php(662): Illuminate\\Container\\BoundMethod::call(Object(Illuminate\\Foundation\\Application), Object(Closure), Array, NULL)
#17 /Applications/MAMP/htdocs/tmracing/vendor/laravel/framework/src/Illuminate/Support/ServiceProvider.php(119): Illuminate\\Container\\Container->call(Object(Closure))
#18 /Applications/MAMP/htdocs/tmracing/vendor/laravel/framework/src/Illuminate/Foundation/Application.php(1037): Illuminate\\Support\\ServiceProvider->callBootedCallbacks()
#19 /Applications/MAMP/htdocs/tmracing/vendor/laravel/framework/src/Illuminate/Foundation/Application.php(1015): Illuminate\\Foundation\\Application->bootProvider(Object(App\\Providers\\RouteServiceProvider))
#20 [internal function]: Illuminate\\Foundation\\Application->Illuminate\\Foundation\\{closure}(Object(App\\Providers\\RouteServiceProvider), 32)
#21 /Applications/MAMP/htdocs/tmracing/vendor/laravel/framework/src/Illuminate/Foundation/Application.php(1014): array_walk(Array, Object(Closure))
#22 /Applications/MAMP/htdocs/tmracing/vendor/laravel/framework/src/Illuminate/Foundation/Bootstrap/BootProviders.php(17): Illuminate\\Foundation\\Application->boot()
#23 /Applications/MAMP/htdocs/tmracing/vendor/laravel/framework/src/Illuminate/Foundation/Application.php(263): Illuminate\\Foundation\\Bootstrap\\BootProviders->bootstrap(Object(Illuminate\\Foundation\\Application))
#24 /Applications/MAMP/htdocs/tmracing/vendor/laravel/framework/src/Illuminate/Foundation/Console/Kernel.php(447): Illuminate\\Foundation\\Application->bootstrapWith(Array)
#25 /Applications/MAMP/htdocs/tmracing/vendor/laravel/framework/src/Illuminate/Foundation/Console/Kernel.php(199): Illuminate\\Foundation\\Console\\Kernel->bootstrap()
#26 Command line code(1): Illuminate\\Foundation\\Console\\Kernel->handle(Object(Symfony\\Component\\Console\\Input\\ArgvInput), Object(Symfony\\Component\\Console\\Output\\ConsoleOutput))
#27 {main}
"} 
[2024-12-01 02:20:51] local.ERROR: Unclosed '{' on line 196 {"exception":"[object] (ParseError(code: 0): Unclosed '{' on line 196 at /Applications/MAMP/htdocs/tmracing/routes/web.php:367)
[stacktrace]
#0 /Applications/MAMP/htdocs/tmracing/vendor/laravel/framework/src/Illuminate/Routing/Router.php(511): Illuminate\\Routing\\RouteFileRegistrar->register('/Applications/M...')
#1 /Applications/MAMP/htdocs/tmracing/vendor/laravel/framework/src/Illuminate/Routing/Router.php(465): Illuminate\\Routing\\Router->loadRoutes('/Applications/M...')
#2 /Applications/MAMP/htdocs/tmracing/vendor/laravel/framework/src/Illuminate/Routing/RouteRegistrar.php(194): Illuminate\\Routing\\Router->group(Array, '/Applications/M...')
#3 /Applications/MAMP/htdocs/tmracing/app/Providers/RouteServiceProvider.php(59): Illuminate\\Routing\\RouteRegistrar->group('/Applications/M...')
#4 /Applications/MAMP/htdocs/tmracing/app/Providers/RouteServiceProvider.php(40): App\\Providers\\RouteServiceProvider->mapWebRoutes()
#5 /Applications/MAMP/htdocs/tmracing/vendor/laravel/framework/src/Illuminate/Container/BoundMethod.php(36): App\\Providers\\RouteServiceProvider->map()
#6 /Applications/MAMP/htdocs/tmracing/vendor/laravel/framework/src/Illuminate/Container/Util.php(41): Illuminate\\Container\\BoundMethod::Illuminate\\Container\\{closure}()
#7 /Applications/MAMP/htdocs/tmracing/vendor/laravel/framework/src/Illuminate/Container/BoundMethod.php(93): Illuminate\\Container\\Util::unwrapIfClosure(Object(Closure))
#8 /Applications/MAMP/htdocs/tmracing/vendor/laravel/framework/src/Illuminate/Container/BoundMethod.php(35): Illuminate\\Container\\BoundMethod::callBoundMethod(Object(Illuminate\\Foundation\\Application), Array, Object(Closure))
#9 /Applications/MAMP/htdocs/tmracing/vendor/laravel/framework/src/Illuminate/Container/Container.php(662): Illuminate\\Container\\BoundMethod::call(Object(Illuminate\\Foundation\\Application), Array, Array, NULL)
#10 /Applications/MAMP/htdocs/tmracing/vendor/laravel/framework/src/Illuminate/Foundation/Support/Providers/RouteServiceProvider.php(122): Illuminate\\Container\\Container->call(Array)
#11 /Applications/MAMP/htdocs/tmracing/vendor/laravel/framework/src/Illuminate/Foundation/Support/Providers/RouteServiceProvider.php(45): Illuminate\\Foundation\\Support\\Providers\\RouteServiceProvider->loadRoutes()
#12 /Applications/MAMP/htdocs/tmracing/vendor/laravel/framework/src/Illuminate/Container/BoundMethod.php(36): Illuminate\\Foundation\\Support\\Providers\\RouteServiceProvider->Illuminate\\Foundation\\Support\\Providers\\{closure}()
#13 /Applications/MAMP/htdocs/tmracing/vendor/laravel/framework/src/Illuminate/Container/Util.php(41): Illuminate\\Container\\BoundMethod::Illuminate\\Container\\{closure}()
#14 /Applications/MAMP/htdocs/tmracing/vendor/laravel/framework/src/Illuminate/Container/BoundMethod.php(81): Illuminate\\Container\\Util::unwrapIfClosure(Object(Closure))
#15 /Applications/MAMP/htdocs/tmracing/vendor/laravel/framework/src/Illuminate/Container/BoundMethod.php(35): Illuminate\\Container\\BoundMethod::callBoundMethod(Object(Illuminate\\Foundation\\Application), Object(Closure), Object(Closure))
#16 /Applications/MAMP/htdocs/tmracing/vendor/laravel/framework/src/Illuminate/Container/Container.php(662): Illuminate\\Container\\BoundMethod::call(Object(Illuminate\\Foundation\\Application), Object(Closure), Array, NULL)
#17 /Applications/MAMP/htdocs/tmracing/vendor/laravel/framework/src/Illuminate/Support/ServiceProvider.php(119): Illuminate\\Container\\Container->call(Object(Closure))
#18 /Applications/MAMP/htdocs/tmracing/vendor/laravel/framework/src/Illuminate/Foundation/Application.php(1037): Illuminate\\Support\\ServiceProvider->callBootedCallbacks()
#19 /Applications/MAMP/htdocs/tmracing/vendor/laravel/framework/src/Illuminate/Foundation/Application.php(1015): Illuminate\\Foundation\\Application->bootProvider(Object(App\\Providers\\RouteServiceProvider))
#20 [internal function]: Illuminate\\Foundation\\Application->Illuminate\\Foundation\\{closure}(Object(App\\Providers\\RouteServiceProvider), 32)
#21 /Applications/MAMP/htdocs/tmracing/vendor/laravel/framework/src/Illuminate/Foundation/Application.php(1014): array_walk(Array, Object(Closure))
#22 /Applications/MAMP/htdocs/tmracing/vendor/laravel/framework/src/Illuminate/Foundation/Bootstrap/BootProviders.php(17): Illuminate\\Foundation\\Application->boot()
#23 /Applications/MAMP/htdocs/tmracing/vendor/laravel/framework/src/Illuminate/Foundation/Application.php(263): Illuminate\\Foundation\\Bootstrap\\BootProviders->bootstrap(Object(Illuminate\\Foundation\\Application))
#24 /Applications/MAMP/htdocs/tmracing/vendor/laravel/framework/src/Illuminate/Foundation/Console/Kernel.php(447): Illuminate\\Foundation\\Application->bootstrapWith(Array)
#25 /Applications/MAMP/htdocs/tmracing/vendor/laravel/framework/src/Illuminate/Foundation/Console/Kernel.php(199): Illuminate\\Foundation\\Console\\Kernel->bootstrap()
#26 Command line code(1): Illuminate\\Foundation\\Console\\Kernel->handle(Object(Symfony\\Component\\Console\\Input\\ArgvInput), Object(Symfony\\Component\\Console\\Output\\ConsoleOutput))
#27 {main}
"} 
[2024-12-01 02:20:52] local.ERROR: Class "App\Http\Controllers\CommissionController" does not exist {"exception":"[object] (ReflectionException(code: -1): Class \"App\\Http\\Controllers\\CommissionController\" does not exist at /Applications/MAMP/htdocs/tmracing/vendor/laravel/framework/src/Illuminate/Foundation/Console/RouteListCommand.php:225)
[stacktrace]
#0 /Applications/MAMP/htdocs/tmracing/vendor/laravel/framework/src/Illuminate/Foundation/Console/RouteListCommand.php(225): ReflectionClass->__construct('App\\\\Http\\\\Contro...')
#1 /Applications/MAMP/htdocs/tmracing/vendor/laravel/framework/src/Illuminate/Foundation/Console/RouteListCommand.php(147): Illuminate\\Foundation\\Console\\RouteListCommand->isVendorRoute(Object(Illuminate\\Routing\\Route))
#2 /Applications/MAMP/htdocs/tmracing/vendor/laravel/framework/src/Illuminate/Foundation/Console/RouteListCommand.php(116): Illuminate\\Foundation\\Console\\RouteListCommand->getRouteInformation(Object(Illuminate\\Routing\\Route))
#3 [internal function]: Illuminate\\Foundation\\Console\\RouteListCommand->Illuminate\\Foundation\\Console\\{closure}(Object(Illuminate\\Routing\\Route), 183)
#4 /Applications/MAMP/htdocs/tmracing/vendor/laravel/framework/src/Illuminate/Collections/Arr.php(600): array_map(Object(Closure), Array, Array)
#5 /Applications/MAMP/htdocs/tmracing/vendor/laravel/framework/src/Illuminate/Collections/Collection.php(777): Illuminate\\Support\\Arr::map(Array, Object(Closure))
#6 /Applications/MAMP/htdocs/tmracing/vendor/laravel/framework/src/Illuminate/Foundation/Console/RouteListCommand.php(115): Illuminate\\Support\\Collection->map(Object(Closure))
#7 /Applications/MAMP/htdocs/tmracing/vendor/laravel/framework/src/Illuminate/Foundation/Console/RouteListCommand.php(101): Illuminate\\Foundation\\Console\\RouteListCommand->getRoutes()
#8 /Applications/MAMP/htdocs/tmracing/vendor/laravel/framework/src/Illuminate/Container/BoundMethod.php(36): Illuminate\\Foundation\\Console\\RouteListCommand->handle()
#9 /Applications/MAMP/htdocs/tmracing/vendor/laravel/framework/src/Illuminate/Container/Util.php(41): Illuminate\\Container\\BoundMethod::Illuminate\\Container\\{closure}()
#10 /Applications/MAMP/htdocs/tmracing/vendor/laravel/framework/src/Illuminate/Container/BoundMethod.php(93): Illuminate\\Container\\Util::unwrapIfClosure(Object(Closure))
#11 /Applications/MAMP/htdocs/tmracing/vendor/laravel/framework/src/Illuminate/Container/BoundMethod.php(35): Illuminate\\Container\\BoundMethod::callBoundMethod(Object(Illuminate\\Foundation\\Application), Array, Object(Closure))
#12 /Applications/MAMP/htdocs/tmracing/vendor/laravel/framework/src/Illuminate/Container/Container.php(662): Illuminate\\Container\\BoundMethod::call(Object(Illuminate\\Foundation\\Application), Array, Array, NULL)
#13 /Applications/MAMP/htdocs/tmracing/vendor/laravel/framework/src/Illuminate/Console/Command.php(211): Illuminate\\Container\\Container->call(Array)
#14 /Applications/MAMP/htdocs/tmracing/vendor/symfony/console/Command/Command.php(326): Illuminate\\Console\\Command->execute(Object(Symfony\\Component\\Console\\Input\\ArgvInput), Object(Illuminate\\Console\\OutputStyle))
#15 /Applications/MAMP/htdocs/tmracing/vendor/laravel/framework/src/Illuminate/Console/Command.php(180): Symfony\\Component\\Console\\Command\\Command->run(Object(Symfony\\Component\\Console\\Input\\ArgvInput), Object(Illuminate\\Console\\OutputStyle))
#16 /Applications/MAMP/htdocs/tmracing/vendor/symfony/console/Application.php(1096): Illuminate\\Console\\Command->run(Object(Symfony\\Component\\Console\\Input\\ArgvInput), Object(Symfony\\Component\\Console\\Output\\ConsoleOutput))
#17 /Applications/MAMP/htdocs/tmracing/vendor/symfony/console/Application.php(324): Symfony\\Component\\Console\\Application->doRunCommand(Object(Illuminate\\Foundation\\Console\\RouteListCommand), Object(Symfony\\Component\\Console\\Input\\ArgvInput), Object(Symfony\\Component\\Console\\Output\\ConsoleOutput))
#18 /Applications/MAMP/htdocs/tmracing/vendor/symfony/console/Application.php(175): Symfony\\Component\\Console\\Application->doRun(Object(Symfony\\Component\\Console\\Input\\ArgvInput), Object(Symfony\\Component\\Console\\Output\\ConsoleOutput))
#19 /Applications/MAMP/htdocs/tmracing/vendor/laravel/framework/src/Illuminate/Foundation/Console/Kernel.php(201): Symfony\\Component\\Console\\Application->run(Object(Symfony\\Component\\Console\\Input\\ArgvInput), Object(Symfony\\Component\\Console\\Output\\ConsoleOutput))
#20 /Applications/MAMP/htdocs/tmracing/artisan(35): Illuminate\\Foundation\\Console\\Kernel->handle(Object(Symfony\\Component\\Console\\Input\\ArgvInput), Object(Symfony\\Component\\Console\\Output\\ConsoleOutput))
#21 {main}
"} 
[2024-12-01 02:21:05] local.ERROR: Class "App\Addon" not found (View: /Applications/MAMP/htdocs/tmracing/resources/views/backend/sales/all_orders/index.blade.php) {"userId":9,"exception":"[object] (Illuminate\\View\\ViewException(code: 0): Class \"App\\Addon\" not found (View: /Applications/MAMP/htdocs/tmracing/resources/views/backend/sales/all_orders/index.blade.php) at /Applications/MAMP/htdocs/tmracing/storage/framework/views/6766ee07fd3bb2846e067b3e77a30c1b.php:3)
[stacktrace]
#0 /Applications/MAMP/htdocs/tmracing/vendor/laravel/framework/src/Illuminate/View/Engines/PhpEngine.php(60): Illuminate\\View\\Engines\\CompilerEngine->handleViewException(Object(Error), 1)
#1 /Applications/MAMP/htdocs/tmracing/vendor/laravel/framework/src/Illuminate/View/Engines/CompilerEngine.php(72): Illuminate\\View\\Engines\\PhpEngine->evaluatePath('/Applications/M...', Array)
#2 /Applications/MAMP/htdocs/tmracing/vendor/laravel/framework/src/Illuminate/View/View.php(207): Illuminate\\View\\Engines\\CompilerEngine->get('/Applications/M...', Array)
#3 /Applications/MAMP/htdocs/tmracing/vendor/laravel/framework/src/Illuminate/View/View.php(190): Illuminate\\View\\View->getContents()
#4 /Applications/MAMP/htdocs/tmracing/vendor/laravel/framework/src/Illuminate/View/View.php(159): Illuminate\\View\\View->renderContents()
#5 /Applications/MAMP/htdocs/tmracing/vendor/laravel/framework/src/Illuminate/Http/Response.php(69): Illuminate\\View\\View->render()
#6 /Applications/MAMP/htdocs/tmracing/vendor/laravel/framework/src/Illuminate/Http/Response.php(35): Illuminate\\Http\\Response->setContent(Object(Illuminate\\View\\View))
#7 /Applications/MAMP/htdocs/tmracing/vendor/laravel/framework/src/Illuminate/Routing/Router.php(918): Illuminate\\Http\\Response->__construct(Object(Illuminate\\View\\View), 200, Array)
#8 /Applications/MAMP/htdocs/tmracing/vendor/laravel/framework/src/Illuminate/Routing/Router.php(885): Illuminate\\Routing\\Router::toResponse(Object(Illuminate\\Http\\Request), Object(Illuminate\\View\\View))
#9 /Applications/MAMP/htdocs/tmracing/vendor/laravel/framework/src/Illuminate/Routing/Router.php(805): Illuminate\\Routing\\Router->prepareResponse(Object(Illuminate\\Http\\Request), Object(Illuminate\\View\\View))
#10 /Applications/MAMP/htdocs/tmracing/vendor/laravel/framework/src/Illuminate/Pipeline/Pipeline.php(144): Illuminate\\Routing\\Router->Illuminate\\Routing\\{closure}(Object(Illuminate\\Http\\Request))
#11 /Applications/MAMP/htdocs/tmracing/app/Http/Middleware/CheckForMaintenanceMode.php(58): Illuminate\\Pipeline\\Pipeline->Illuminate\\Pipeline\\{closure}(Object(Illuminate\\Http\\Request))
#12 /Applications/MAMP/htdocs/tmracing/vendor/laravel/framework/src/Illuminate/Pipeline/Pipeline.php(183): App\\Http\\Middleware\\CheckForMaintenanceMode->handle(Object(Illuminate\\Http\\Request), Object(Closure))
#13 /Applications/MAMP/htdocs/tmracing/app/Http/Middleware/HttpsProtocol.php(20): Illuminate\\Pipeline\\Pipeline->Illuminate\\Pipeline\\{closure}(Object(Illuminate\\Http\\Request))
#14 /Applications/MAMP/htdocs/tmracing/vendor/laravel/framework/src/Illuminate/Pipeline/Pipeline.php(183): App\\Http\\Middleware\\HttpsProtocol->handle(Object(Illuminate\\Http\\Request), Object(Closure))
#15 /Applications/MAMP/htdocs/tmracing/app/Http/Middleware/Language.php(31): Illuminate\\Pipeline\\Pipeline->Illuminate\\Pipeline\\{closure}(Object(Illuminate\\Http\\Request))
#16 /Applications/MAMP/htdocs/tmracing/vendor/laravel/framework/src/Illuminate/Pipeline/Pipeline.php(183): App\\Http\\Middleware\\Language->handle(Object(Illuminate\\Http\\Request), Object(Closure))
#17 /Applications/MAMP/htdocs/tmracing/vendor/laravel/framework/src/Illuminate/Routing/Middleware/SubstituteBindings.php(50): Illuminate\\Pipeline\\Pipeline->Illuminate\\Pipeline\\{closure}(Object(Illuminate\\Http\\Request))
#18 /Applications/MAMP/htdocs/tmracing/vendor/laravel/framework/src/Illuminate/Pipeline/Pipeline.php(183): Illuminate\\Routing\\Middleware\\SubstituteBindings->handle(Object(Illuminate\\Http\\Request), Object(Closure))
#19 /Applications/MAMP/htdocs/tmracing/vendor/laravel/framework/src/Illuminate/Auth/Middleware/Authenticate.php(57): Illuminate\\Pipeline\\Pipeline->Illuminate\\Pipeline\\{closure}(Object(Illuminate\\Http\\Request))
#20 /Applications/MAMP/htdocs/tmracing/vendor/laravel/framework/src/Illuminate/Pipeline/Pipeline.php(183): Illuminate\\Auth\\Middleware\\Authenticate->handle(Object(Illuminate\\Http\\Request), Object(Closure))
#21 /Applications/MAMP/htdocs/tmracing/vendor/laravel/framework/src/Illuminate/Foundation/Http/Middleware/VerifyCsrfToken.php(78): Illuminate\\Pipeline\\Pipeline->Illuminate\\Pipeline\\{closure}(Object(Illuminate\\Http\\Request))
#22 /Applications/MAMP/htdocs/tmracing/vendor/laravel/framework/src/Illuminate/Pipeline/Pipeline.php(183): Illuminate\\Foundation\\Http\\Middleware\\VerifyCsrfToken->handle(Object(Illuminate\\Http\\Request), Object(Closure))
#23 /Applications/MAMP/htdocs/tmracing/vendor/laravel/framework/src/Illuminate/View/Middleware/ShareErrorsFromSession.php(49): Illuminate\\Pipeline\\Pipeline->Illuminate\\Pipeline\\{closure}(Object(Illuminate\\Http\\Request))
#24 /Applications/MAMP/htdocs/tmracing/vendor/laravel/framework/src/Illuminate/Pipeline/Pipeline.php(183): Illuminate\\View\\Middleware\\ShareErrorsFromSession->handle(Object(Illuminate\\Http\\Request), Object(Closure))
#25 /Applications/MAMP/htdocs/tmracing/vendor/laravel/framework/src/Illuminate/Session/Middleware/StartSession.php(121): Illuminate\\Pipeline\\Pipeline->Illuminate\\Pipeline\\{closure}(Object(Illuminate\\Http\\Request))
#26 /Applications/MAMP/htdocs/tmracing/vendor/laravel/framework/src/Illuminate/Session/Middleware/StartSession.php(64): Illuminate\\Session\\Middleware\\StartSession->handleStatefulRequest(Object(Illuminate\\Http\\Request), Object(Illuminate\\Session\\Store), Object(Closure))
#27 /Applications/MAMP/htdocs/tmracing/vendor/laravel/framework/src/Illuminate/Pipeline/Pipeline.php(183): Illuminate\\Session\\Middleware\\StartSession->handle(Object(Illuminate\\Http\\Request), Object(Closure))
#28 /Applications/MAMP/htdocs/tmracing/vendor/laravel/framework/src/Illuminate/Cookie/Middleware/AddQueuedCookiesToResponse.php(37): Illuminate\\Pipeline\\Pipeline->Illuminate\\Pipeline\\{closure}(Object(Illuminate\\Http\\Request))
#29 /Applications/MAMP/htdocs/tmracing/vendor/laravel/framework/src/Illuminate/Pipeline/Pipeline.php(183): Illuminate\\Cookie\\Middleware\\AddQueuedCookiesToResponse->handle(Object(Illuminate\\Http\\Request), Object(Closure))
#30 /Applications/MAMP/htdocs/tmracing/vendor/laravel/framework/src/Illuminate/Pipeline/Pipeline.php(119): Illuminate\\Pipeline\\Pipeline->Illuminate\\Pipeline\\{closure}(Object(Illuminate\\Http\\Request))
#31 /Applications/MAMP/htdocs/tmracing/vendor/laravel/framework/src/Illuminate/Routing/Router.php(805): Illuminate\\Pipeline\\Pipeline->then(Object(Closure))
#32 /Applications/MAMP/htdocs/tmracing/vendor/laravel/framework/src/Illuminate/Routing/Router.php(784): Illuminate\\Routing\\Router->runRouteWithinStack(Object(Illuminate\\Routing\\Route), Object(Illuminate\\Http\\Request))
#33 /Applications/MAMP/htdocs/tmracing/vendor/laravel/framework/src/Illuminate/Routing/Router.php(748): Illuminate\\Routing\\Router->runRoute(Object(Illuminate\\Http\\Request), Object(Illuminate\\Routing\\Route))
#34 /Applications/MAMP/htdocs/tmracing/vendor/laravel/framework/src/Illuminate/Routing/Router.php(737): Illuminate\\Routing\\Router->dispatchToRoute(Object(Illuminate\\Http\\Request))
#35 /Applications/MAMP/htdocs/tmracing/vendor/laravel/framework/src/Illuminate/Foundation/Http/Kernel.php(200): Illuminate\\Routing\\Router->dispatch(Object(Illuminate\\Http\\Request))
#36 /Applications/MAMP/htdocs/tmracing/vendor/laravel/framework/src/Illuminate/Pipeline/Pipeline.php(144): Illuminate\\Foundation\\Http\\Kernel->Illuminate\\Foundation\\Http\\{closure}(Object(Illuminate\\Http\\Request))
#37 /Applications/MAMP/htdocs/tmracing/vendor/barryvdh/laravel-debugbar/src/Middleware/InjectDebugbar.php(66): Illuminate\\Pipeline\\Pipeline->Illuminate\\Pipeline\\{closure}(Object(Illuminate\\Http\\Request))
#38 /Applications/MAMP/htdocs/tmracing/vendor/laravel/framework/src/Illuminate/Pipeline/Pipeline.php(183): Barryvdh\\Debugbar\\Middleware\\InjectDebugbar->handle(Object(Illuminate\\Http\\Request), Object(Closure))
#39 /Applications/MAMP/htdocs/tmracing/vendor/laravel/framework/src/Illuminate/Http/Middleware/TrustProxies.php(39): Illuminate\\Pipeline\\Pipeline->Illuminate\\Pipeline\\{closure}(Object(Illuminate\\Http\\Request))
#40 /Applications/MAMP/htdocs/tmracing/vendor/laravel/framework/src/Illuminate/Pipeline/Pipeline.php(183): Illuminate\\Http\\Middleware\\TrustProxies->handle(Object(Illuminate\\Http\\Request), Object(Closure))
#41 /Applications/MAMP/htdocs/tmracing/vendor/laravel/framework/src/Illuminate/Foundation/Http/Middleware/TransformsRequest.php(21): Illuminate\\Pipeline\\Pipeline->Illuminate\\Pipeline\\{closure}(Object(Illuminate\\Http\\Request))
#42 /Applications/MAMP/htdocs/tmracing/vendor/laravel/framework/src/Illuminate/Foundation/Http/Middleware/ConvertEmptyStringsToNull.php(31): Illuminate\\Foundation\\Http\\Middleware\\TransformsRequest->handle(Object(Illuminate\\Http\\Request), Object(Closure))
#43 /Applications/MAMP/htdocs/tmracing/vendor/laravel/framework/src/Illuminate/Pipeline/Pipeline.php(183): Illuminate\\Foundation\\Http\\Middleware\\ConvertEmptyStringsToNull->handle(Object(Illuminate\\Http\\Request), Object(Closure))
#44 /Applications/MAMP/htdocs/tmracing/vendor/laravel/framework/src/Illuminate/Foundation/Http/Middleware/TransformsRequest.php(21): Illuminate\\Pipeline\\Pipeline->Illuminate\\Pipeline\\{closure}(Object(Illuminate\\Http\\Request))
#45 /Applications/MAMP/htdocs/tmracing/vendor/laravel/framework/src/Illuminate/Foundation/Http/Middleware/TrimStrings.php(40): Illuminate\\Foundation\\Http\\Middleware\\TransformsRequest->handle(Object(Illuminate\\Http\\Request), Object(Closure))
#46 /Applications/MAMP/htdocs/tmracing/vendor/laravel/framework/src/Illuminate/Pipeline/Pipeline.php(183): Illuminate\\Foundation\\Http\\Middleware\\TrimStrings->handle(Object(Illuminate\\Http\\Request), Object(Closure))
#47 /Applications/MAMP/htdocs/tmracing/vendor/laravel/framework/src/Illuminate/Foundation/Http/Middleware/ValidatePostSize.php(27): Illuminate\\Pipeline\\Pipeline->Illuminate\\Pipeline\\{closure}(Object(Illuminate\\Http\\Request))
#48 /Applications/MAMP/htdocs/tmracing/vendor/laravel/framework/src/Illuminate/Pipeline/Pipeline.php(183): Illuminate\\Foundation\\Http\\Middleware\\ValidatePostSize->handle(Object(Illuminate\\Http\\Request), Object(Closure))
#49 /Applications/MAMP/htdocs/tmracing/vendor/laravel/framework/src/Illuminate/Pipeline/Pipeline.php(119): Illuminate\\Pipeline\\Pipeline->Illuminate\\Pipeline\\{closure}(Object(Illuminate\\Http\\Request))
#50 /Applications/MAMP/htdocs/tmracing/vendor/laravel/framework/src/Illuminate/Foundation/Http/Kernel.php(175): Illuminate\\Pipeline\\Pipeline->then(Object(Closure))
#51 /Applications/MAMP/htdocs/tmracing/vendor/laravel/framework/src/Illuminate/Foundation/Http/Kernel.php(144): Illuminate\\Foundation\\Http\\Kernel->sendRequestThroughRouter(Object(Illuminate\\Http\\Request))
#52 /Applications/MAMP/htdocs/tmracing/index.php(56): Illuminate\\Foundation\\Http\\Kernel->handle(Object(Illuminate\\Http\\Request))
#53 {main}

[previous exception] [object] (Error(code: 0): Class \"App\\Addon\" not found at /Applications/MAMP/htdocs/tmracing/storage/framework/views/6766ee07fd3bb2846e067b3e77a30c1b.php:3)
[stacktrace]
#0 /Applications/MAMP/htdocs/tmracing/vendor/laravel/framework/src/Illuminate/Filesystem/Filesystem.php(123): require()
#1 /Applications/MAMP/htdocs/tmracing/vendor/laravel/framework/src/Illuminate/Filesystem/Filesystem.php(124): Illuminate\\Filesystem\\Filesystem::Illuminate\\Filesystem\\{closure}()
#2 /Applications/MAMP/htdocs/tmracing/vendor/laravel/framework/src/Illuminate/View/Engines/PhpEngine.php(58): Illuminate\\Filesystem\\Filesystem->getRequire('/Applications/M...', Array)
#3 /Applications/MAMP/htdocs/tmracing/vendor/laravel/framework/src/Illuminate/View/Engines/CompilerEngine.php(72): Illuminate\\View\\Engines\\PhpEngine->evaluatePath('/Applications/M...', Array)
#4 /Applications/MAMP/htdocs/tmracing/vendor/laravel/framework/src/Illuminate/View/View.php(207): Illuminate\\View\\Engines\\CompilerEngine->get('/Applications/M...', Array)
#5 /Applications/MAMP/htdocs/tmracing/vendor/laravel/framework/src/Illuminate/View/View.php(190): Illuminate\\View\\View->getContents()
#6 /Applications/MAMP/htdocs/tmracing/vendor/laravel/framework/src/Illuminate/View/View.php(159): Illuminate\\View\\View->renderContents()
#7 /Applications/MAMP/htdocs/tmracing/vendor/laravel/framework/src/Illuminate/Http/Response.php(69): Illuminate\\View\\View->render()
#8 /Applications/MAMP/htdocs/tmracing/vendor/laravel/framework/src/Illuminate/Http/Response.php(35): Illuminate\\Http\\Response->setContent(Object(Illuminate\\View\\View))
#9 /Applications/MAMP/htdocs/tmracing/vendor/laravel/framework/src/Illuminate/Routing/Router.php(918): Illuminate\\Http\\Response->__construct(Object(Illuminate\\View\\View), 200, Array)
#10 /Applications/MAMP/htdocs/tmracing/vendor/laravel/framework/src/Illuminate/Routing/Router.php(885): Illuminate\\Routing\\Router::toResponse(Object(Illuminate\\Http\\Request), Object(Illuminate\\View\\View))
#11 /Applications/MAMP/htdocs/tmracing/vendor/laravel/framework/src/Illuminate/Routing/Router.php(805): Illuminate\\Routing\\Router->prepareResponse(Object(Illuminate\\Http\\Request), Object(Illuminate\\View\\View))
#12 /Applications/MAMP/htdocs/tmracing/vendor/laravel/framework/src/Illuminate/Pipeline/Pipeline.php(144): Illuminate\\Routing\\Router->Illuminate\\Routing\\{closure}(Object(Illuminate\\Http\\Request))
#13 /Applications/MAMP/htdocs/tmracing/app/Http/Middleware/CheckForMaintenanceMode.php(58): Illuminate\\Pipeline\\Pipeline->Illuminate\\Pipeline\\{closure}(Object(Illuminate\\Http\\Request))
#14 /Applications/MAMP/htdocs/tmracing/vendor/laravel/framework/src/Illuminate/Pipeline/Pipeline.php(183): App\\Http\\Middleware\\CheckForMaintenanceMode->handle(Object(Illuminate\\Http\\Request), Object(Closure))
#15 /Applications/MAMP/htdocs/tmracing/app/Http/Middleware/HttpsProtocol.php(20): Illuminate\\Pipeline\\Pipeline->Illuminate\\Pipeline\\{closure}(Object(Illuminate\\Http\\Request))
#16 /Applications/MAMP/htdocs/tmracing/vendor/laravel/framework/src/Illuminate/Pipeline/Pipeline.php(183): App\\Http\\Middleware\\HttpsProtocol->handle(Object(Illuminate\\Http\\Request), Object(Closure))
#17 /Applications/MAMP/htdocs/tmracing/app/Http/Middleware/Language.php(31): Illuminate\\Pipeline\\Pipeline->Illuminate\\Pipeline\\{closure}(Object(Illuminate\\Http\\Request))
#18 /Applications/MAMP/htdocs/tmracing/vendor/laravel/framework/src/Illuminate/Pipeline/Pipeline.php(183): App\\Http\\Middleware\\Language->handle(Object(Illuminate\\Http\\Request), Object(Closure))
#19 /Applications/MAMP/htdocs/tmracing/vendor/laravel/framework/src/Illuminate/Routing/Middleware/SubstituteBindings.php(50): Illuminate\\Pipeline\\Pipeline->Illuminate\\Pipeline\\{closure}(Object(Illuminate\\Http\\Request))
#20 /Applications/MAMP/htdocs/tmracing/vendor/laravel/framework/src/Illuminate/Pipeline/Pipeline.php(183): Illuminate\\Routing\\Middleware\\SubstituteBindings->handle(Object(Illuminate\\Http\\Request), Object(Closure))
#21 /Applications/MAMP/htdocs/tmracing/vendor/laravel/framework/src/Illuminate/Auth/Middleware/Authenticate.php(57): Illuminate\\Pipeline\\Pipeline->Illuminate\\Pipeline\\{closure}(Object(Illuminate\\Http\\Request))
#22 /Applications/MAMP/htdocs/tmracing/vendor/laravel/framework/src/Illuminate/Pipeline/Pipeline.php(183): Illuminate\\Auth\\Middleware\\Authenticate->handle(Object(Illuminate\\Http\\Request), Object(Closure))
#23 /Applications/MAMP/htdocs/tmracing/vendor/laravel/framework/src/Illuminate/Foundation/Http/Middleware/VerifyCsrfToken.php(78): Illuminate\\Pipeline\\Pipeline->Illuminate\\Pipeline\\{closure}(Object(Illuminate\\Http\\Request))
#24 /Applications/MAMP/htdocs/tmracing/vendor/laravel/framework/src/Illuminate/Pipeline/Pipeline.php(183): Illuminate\\Foundation\\Http\\Middleware\\VerifyCsrfToken->handle(Object(Illuminate\\Http\\Request), Object(Closure))
#25 /Applications/MAMP/htdocs/tmracing/vendor/laravel/framework/src/Illuminate/View/Middleware/ShareErrorsFromSession.php(49): Illuminate\\Pipeline\\Pipeline->Illuminate\\Pipeline\\{closure}(Object(Illuminate\\Http\\Request))
#26 /Applications/MAMP/htdocs/tmracing/vendor/laravel/framework/src/Illuminate/Pipeline/Pipeline.php(183): Illuminate\\View\\Middleware\\ShareErrorsFromSession->handle(Object(Illuminate\\Http\\Request), Object(Closure))
#27 /Applications/MAMP/htdocs/tmracing/vendor/laravel/framework/src/Illuminate/Session/Middleware/StartSession.php(121): Illuminate\\Pipeline\\Pipeline->Illuminate\\Pipeline\\{closure}(Object(Illuminate\\Http\\Request))
#28 /Applications/MAMP/htdocs/tmracing/vendor/laravel/framework/src/Illuminate/Session/Middleware/StartSession.php(64): Illuminate\\Session\\Middleware\\StartSession->handleStatefulRequest(Object(Illuminate\\Http\\Request), Object(Illuminate\\Session\\Store), Object(Closure))
#29 /Applications/MAMP/htdocs/tmracing/vendor/laravel/framework/src/Illuminate/Pipeline/Pipeline.php(183): Illuminate\\Session\\Middleware\\StartSession->handle(Object(Illuminate\\Http\\Request), Object(Closure))
#30 /Applications/MAMP/htdocs/tmracing/vendor/laravel/framework/src/Illuminate/Cookie/Middleware/AddQueuedCookiesToResponse.php(37): Illuminate\\Pipeline\\Pipeline->Illuminate\\Pipeline\\{closure}(Object(Illuminate\\Http\\Request))
#31 /Applications/MAMP/htdocs/tmracing/vendor/laravel/framework/src/Illuminate/Pipeline/Pipeline.php(183): Illuminate\\Cookie\\Middleware\\AddQueuedCookiesToResponse->handle(Object(Illuminate\\Http\\Request), Object(Closure))
#32 /Applications/MAMP/htdocs/tmracing/vendor/laravel/framework/src/Illuminate/Pipeline/Pipeline.php(119): Illuminate\\Pipeline\\Pipeline->Illuminate\\Pipeline\\{closure}(Object(Illuminate\\Http\\Request))
#33 /Applications/MAMP/htdocs/tmracing/vendor/laravel/framework/src/Illuminate/Routing/Router.php(805): Illuminate\\Pipeline\\Pipeline->then(Object(Closure))
#34 /Applications/MAMP/htdocs/tmracing/vendor/laravel/framework/src/Illuminate/Routing/Router.php(784): Illuminate\\Routing\\Router->runRouteWithinStack(Object(Illuminate\\Routing\\Route), Object(Illuminate\\Http\\Request))
#35 /Applications/MAMP/htdocs/tmracing/vendor/laravel/framework/src/Illuminate/Routing/Router.php(748): Illuminate\\Routing\\Router->runRoute(Object(Illuminate\\Http\\Request), Object(Illuminate\\Routing\\Route))
#36 /Applications/MAMP/htdocs/tmracing/vendor/laravel/framework/src/Illuminate/Routing/Router.php(737): Illuminate\\Routing\\Router->dispatchToRoute(Object(Illuminate\\Http\\Request))
#37 /Applications/MAMP/htdocs/tmracing/vendor/laravel/framework/src/Illuminate/Foundation/Http/Kernel.php(200): Illuminate\\Routing\\Router->dispatch(Object(Illuminate\\Http\\Request))
#38 /Applications/MAMP/htdocs/tmracing/vendor/laravel/framework/src/Illuminate/Pipeline/Pipeline.php(144): Illuminate\\Foundation\\Http\\Kernel->Illuminate\\Foundation\\Http\\{closure}(Object(Illuminate\\Http\\Request))
#39 /Applications/MAMP/htdocs/tmracing/vendor/barryvdh/laravel-debugbar/src/Middleware/InjectDebugbar.php(66): Illuminate\\Pipeline\\Pipeline->Illuminate\\Pipeline\\{closure}(Object(Illuminate\\Http\\Request))
#40 /Applications/MAMP/htdocs/tmracing/vendor/laravel/framework/src/Illuminate/Pipeline/Pipeline.php(183): Barryvdh\\Debugbar\\Middleware\\InjectDebugbar->handle(Object(Illuminate\\Http\\Request), Object(Closure))
#41 /Applications/MAMP/htdocs/tmracing/vendor/laravel/framework/src/Illuminate/Http/Middleware/TrustProxies.php(39): Illuminate\\Pipeline\\Pipeline->Illuminate\\Pipeline\\{closure}(Object(Illuminate\\Http\\Request))
#42 /Applications/MAMP/htdocs/tmracing/vendor/laravel/framework/src/Illuminate/Pipeline/Pipeline.php(183): Illuminate\\Http\\Middleware\\TrustProxies->handle(Object(Illuminate\\Http\\Request), Object(Closure))
#43 /Applications/MAMP/htdocs/tmracing/vendor/laravel/framework/src/Illuminate/Foundation/Http/Middleware/TransformsRequest.php(21): Illuminate\\Pipeline\\Pipeline->Illuminate\\Pipeline\\{closure}(Object(Illuminate\\Http\\Request))
#44 /Applications/MAMP/htdocs/tmracing/vendor/laravel/framework/src/Illuminate/Foundation/Http/Middleware/ConvertEmptyStringsToNull.php(31): Illuminate\\Foundation\\Http\\Middleware\\TransformsRequest->handle(Object(Illuminate\\Http\\Request), Object(Closure))
#45 /Applications/MAMP/htdocs/tmracing/vendor/laravel/framework/src/Illuminate/Pipeline/Pipeline.php(183): Illuminate\\Foundation\\Http\\Middleware\\ConvertEmptyStringsToNull->handle(Object(Illuminate\\Http\\Request), Object(Closure))
#46 /Applications/MAMP/htdocs/tmracing/vendor/laravel/framework/src/Illuminate/Foundation/Http/Middleware/TransformsRequest.php(21): Illuminate\\Pipeline\\Pipeline->Illuminate\\Pipeline\\{closure}(Object(Illuminate\\Http\\Request))
#47 /Applications/MAMP/htdocs/tmracing/vendor/laravel/framework/src/Illuminate/Foundation/Http/Middleware/TrimStrings.php(40): Illuminate\\Foundation\\Http\\Middleware\\TransformsRequest->handle(Object(Illuminate\\Http\\Request), Object(Closure))
#48 /Applications/MAMP/htdocs/tmracing/vendor/laravel/framework/src/Illuminate/Pipeline/Pipeline.php(183): Illuminate\\Foundation\\Http\\Middleware\\TrimStrings->handle(Object(Illuminate\\Http\\Request), Object(Closure))
#49 /Applications/MAMP/htdocs/tmracing/vendor/laravel/framework/src/Illuminate/Foundation/Http/Middleware/ValidatePostSize.php(27): Illuminate\\Pipeline\\Pipeline->Illuminate\\Pipeline\\{closure}(Object(Illuminate\\Http\\Request))
#50 /Applications/MAMP/htdocs/tmracing/vendor/laravel/framework/src/Illuminate/Pipeline/Pipeline.php(183): Illuminate\\Foundation\\Http\\Middleware\\ValidatePostSize->handle(Object(Illuminate\\Http\\Request), Object(Closure))
#51 /Applications/MAMP/htdocs/tmracing/vendor/laravel/framework/src/Illuminate/Pipeline/Pipeline.php(119): Illuminate\\Pipeline\\Pipeline->Illuminate\\Pipeline\\{closure}(Object(Illuminate\\Http\\Request))
#52 /Applications/MAMP/htdocs/tmracing/vendor/laravel/framework/src/Illuminate/Foundation/Http/Kernel.php(175): Illuminate\\Pipeline\\Pipeline->then(Object(Closure))
#53 /Applications/MAMP/htdocs/tmracing/vendor/laravel/framework/src/Illuminate/Foundation/Http/Kernel.php(144): Illuminate\\Foundation\\Http\\Kernel->sendRequestThroughRouter(Object(Illuminate\\Http\\Request))
#54 /Applications/MAMP/htdocs/tmracing/index.php(56): Illuminate\\Foundation\\Http\\Kernel->handle(Object(Illuminate\\Http\\Request))
#55 {main}
"} 
[2024-12-01 02:21:18] local.ERROR: Route [invoice.download] not defined. (View: /Applications/MAMP/htdocs/tmracing/resources/views/backend/sales/all_orders/index.blade.php) {"userId":9,"exception":"[object] (Illuminate\\View\\ViewException(code: 0): Route [invoice.download] not defined. (View: /Applications/MAMP/htdocs/tmracing/resources/views/backend/sales/all_orders/index.blade.php) at /Applications/MAMP/htdocs/tmracing/vendor/laravel/framework/src/Illuminate/Routing/UrlGenerator.php:477)
[stacktrace]
#0 /Applications/MAMP/htdocs/tmracing/vendor/laravel/framework/src/Illuminate/View/Engines/PhpEngine.php(60): Illuminate\\View\\Engines\\CompilerEngine->handleViewException(Object(Symfony\\Component\\Routing\\Exception\\RouteNotFoundException), 1)
#1 /Applications/MAMP/htdocs/tmracing/vendor/laravel/framework/src/Illuminate/View/Engines/CompilerEngine.php(72): Illuminate\\View\\Engines\\PhpEngine->evaluatePath('/Applications/M...', Array)
#2 /Applications/MAMP/htdocs/tmracing/vendor/laravel/framework/src/Illuminate/View/View.php(207): Illuminate\\View\\Engines\\CompilerEngine->get('/Applications/M...', Array)
#3 /Applications/MAMP/htdocs/tmracing/vendor/laravel/framework/src/Illuminate/View/View.php(190): Illuminate\\View\\View->getContents()
#4 /Applications/MAMP/htdocs/tmracing/vendor/laravel/framework/src/Illuminate/View/View.php(159): Illuminate\\View\\View->renderContents()
#5 /Applications/MAMP/htdocs/tmracing/vendor/laravel/framework/src/Illuminate/Http/Response.php(69): Illuminate\\View\\View->render()
#6 /Applications/MAMP/htdocs/tmracing/vendor/laravel/framework/src/Illuminate/Http/Response.php(35): Illuminate\\Http\\Response->setContent(Object(Illuminate\\View\\View))
#7 /Applications/MAMP/htdocs/tmracing/vendor/laravel/framework/src/Illuminate/Routing/Router.php(918): Illuminate\\Http\\Response->__construct(Object(Illuminate\\View\\View), 200, Array)
#8 /Applications/MAMP/htdocs/tmracing/vendor/laravel/framework/src/Illuminate/Routing/Router.php(885): Illuminate\\Routing\\Router::toResponse(Object(Illuminate\\Http\\Request), Object(Illuminate\\View\\View))
#9 /Applications/MAMP/htdocs/tmracing/vendor/laravel/framework/src/Illuminate/Routing/Router.php(805): Illuminate\\Routing\\Router->prepareResponse(Object(Illuminate\\Http\\Request), Object(Illuminate\\View\\View))
#10 /Applications/MAMP/htdocs/tmracing/vendor/laravel/framework/src/Illuminate/Pipeline/Pipeline.php(144): Illuminate\\Routing\\Router->Illuminate\\Routing\\{closure}(Object(Illuminate\\Http\\Request))
#11 /Applications/MAMP/htdocs/tmracing/app/Http/Middleware/CheckForMaintenanceMode.php(58): Illuminate\\Pipeline\\Pipeline->Illuminate\\Pipeline\\{closure}(Object(Illuminate\\Http\\Request))
#12 /Applications/MAMP/htdocs/tmracing/vendor/laravel/framework/src/Illuminate/Pipeline/Pipeline.php(183): App\\Http\\Middleware\\CheckForMaintenanceMode->handle(Object(Illuminate\\Http\\Request), Object(Closure))
#13 /Applications/MAMP/htdocs/tmracing/app/Http/Middleware/HttpsProtocol.php(20): Illuminate\\Pipeline\\Pipeline->Illuminate\\Pipeline\\{closure}(Object(Illuminate\\Http\\Request))
#14 /Applications/MAMP/htdocs/tmracing/vendor/laravel/framework/src/Illuminate/Pipeline/Pipeline.php(183): App\\Http\\Middleware\\HttpsProtocol->handle(Object(Illuminate\\Http\\Request), Object(Closure))
#15 /Applications/MAMP/htdocs/tmracing/app/Http/Middleware/Language.php(31): Illuminate\\Pipeline\\Pipeline->Illuminate\\Pipeline\\{closure}(Object(Illuminate\\Http\\Request))
#16 /Applications/MAMP/htdocs/tmracing/vendor/laravel/framework/src/Illuminate/Pipeline/Pipeline.php(183): App\\Http\\Middleware\\Language->handle(Object(Illuminate\\Http\\Request), Object(Closure))
#17 /Applications/MAMP/htdocs/tmracing/vendor/laravel/framework/src/Illuminate/Routing/Middleware/SubstituteBindings.php(50): Illuminate\\Pipeline\\Pipeline->Illuminate\\Pipeline\\{closure}(Object(Illuminate\\Http\\Request))
#18 /Applications/MAMP/htdocs/tmracing/vendor/laravel/framework/src/Illuminate/Pipeline/Pipeline.php(183): Illuminate\\Routing\\Middleware\\SubstituteBindings->handle(Object(Illuminate\\Http\\Request), Object(Closure))
#19 /Applications/MAMP/htdocs/tmracing/vendor/laravel/framework/src/Illuminate/Auth/Middleware/Authenticate.php(57): Illuminate\\Pipeline\\Pipeline->Illuminate\\Pipeline\\{closure}(Object(Illuminate\\Http\\Request))
#20 /Applications/MAMP/htdocs/tmracing/vendor/laravel/framework/src/Illuminate/Pipeline/Pipeline.php(183): Illuminate\\Auth\\Middleware\\Authenticate->handle(Object(Illuminate\\Http\\Request), Object(Closure))
#21 /Applications/MAMP/htdocs/tmracing/vendor/laravel/framework/src/Illuminate/Foundation/Http/Middleware/VerifyCsrfToken.php(78): Illuminate\\Pipeline\\Pipeline->Illuminate\\Pipeline\\{closure}(Object(Illuminate\\Http\\Request))
#22 /Applications/MAMP/htdocs/tmracing/vendor/laravel/framework/src/Illuminate/Pipeline/Pipeline.php(183): Illuminate\\Foundation\\Http\\Middleware\\VerifyCsrfToken->handle(Object(Illuminate\\Http\\Request), Object(Closure))
#23 /Applications/MAMP/htdocs/tmracing/vendor/laravel/framework/src/Illuminate/View/Middleware/ShareErrorsFromSession.php(49): Illuminate\\Pipeline\\Pipeline->Illuminate\\Pipeline\\{closure}(Object(Illuminate\\Http\\Request))
#24 /Applications/MAMP/htdocs/tmracing/vendor/laravel/framework/src/Illuminate/Pipeline/Pipeline.php(183): Illuminate\\View\\Middleware\\ShareErrorsFromSession->handle(Object(Illuminate\\Http\\Request), Object(Closure))
#25 /Applications/MAMP/htdocs/tmracing/vendor/laravel/framework/src/Illuminate/Session/Middleware/StartSession.php(121): Illuminate\\Pipeline\\Pipeline->Illuminate\\Pipeline\\{closure}(Object(Illuminate\\Http\\Request))
#26 /Applications/MAMP/htdocs/tmracing/vendor/laravel/framework/src/Illuminate/Session/Middleware/StartSession.php(64): Illuminate\\Session\\Middleware\\StartSession->handleStatefulRequest(Object(Illuminate\\Http\\Request), Object(Illuminate\\Session\\Store), Object(Closure))
#27 /Applications/MAMP/htdocs/tmracing/vendor/laravel/framework/src/Illuminate/Pipeline/Pipeline.php(183): Illuminate\\Session\\Middleware\\StartSession->handle(Object(Illuminate\\Http\\Request), Object(Closure))
#28 /Applications/MAMP/htdocs/tmracing/vendor/laravel/framework/src/Illuminate/Cookie/Middleware/AddQueuedCookiesToResponse.php(37): Illuminate\\Pipeline\\Pipeline->Illuminate\\Pipeline\\{closure}(Object(Illuminate\\Http\\Request))
#29 /Applications/MAMP/htdocs/tmracing/vendor/laravel/framework/src/Illuminate/Pipeline/Pipeline.php(183): Illuminate\\Cookie\\Middleware\\AddQueuedCookiesToResponse->handle(Object(Illuminate\\Http\\Request), Object(Closure))
#30 /Applications/MAMP/htdocs/tmracing/vendor/laravel/framework/src/Illuminate/Pipeline/Pipeline.php(119): Illuminate\\Pipeline\\Pipeline->Illuminate\\Pipeline\\{closure}(Object(Illuminate\\Http\\Request))
#31 /Applications/MAMP/htdocs/tmracing/vendor/laravel/framework/src/Illuminate/Routing/Router.php(805): Illuminate\\Pipeline\\Pipeline->then(Object(Closure))
#32 /Applications/MAMP/htdocs/tmracing/vendor/laravel/framework/src/Illuminate/Routing/Router.php(784): Illuminate\\Routing\\Router->runRouteWithinStack(Object(Illuminate\\Routing\\Route), Object(Illuminate\\Http\\Request))
#33 /Applications/MAMP/htdocs/tmracing/vendor/laravel/framework/src/Illuminate/Routing/Router.php(748): Illuminate\\Routing\\Router->runRoute(Object(Illuminate\\Http\\Request), Object(Illuminate\\Routing\\Route))
#34 /Applications/MAMP/htdocs/tmracing/vendor/laravel/framework/src/Illuminate/Routing/Router.php(737): Illuminate\\Routing\\Router->dispatchToRoute(Object(Illuminate\\Http\\Request))
#35 /Applications/MAMP/htdocs/tmracing/vendor/laravel/framework/src/Illuminate/Foundation/Http/Kernel.php(200): Illuminate\\Routing\\Router->dispatch(Object(Illuminate\\Http\\Request))
#36 /Applications/MAMP/htdocs/tmracing/vendor/laravel/framework/src/Illuminate/Pipeline/Pipeline.php(144): Illuminate\\Foundation\\Http\\Kernel->Illuminate\\Foundation\\Http\\{closure}(Object(Illuminate\\Http\\Request))
#37 /Applications/MAMP/htdocs/tmracing/vendor/barryvdh/laravel-debugbar/src/Middleware/InjectDebugbar.php(66): Illuminate\\Pipeline\\Pipeline->Illuminate\\Pipeline\\{closure}(Object(Illuminate\\Http\\Request))
#38 /Applications/MAMP/htdocs/tmracing/vendor/laravel/framework/src/Illuminate/Pipeline/Pipeline.php(183): Barryvdh\\Debugbar\\Middleware\\InjectDebugbar->handle(Object(Illuminate\\Http\\Request), Object(Closure))
#39 /Applications/MAMP/htdocs/tmracing/vendor/laravel/framework/src/Illuminate/Http/Middleware/TrustProxies.php(39): Illuminate\\Pipeline\\Pipeline->Illuminate\\Pipeline\\{closure}(Object(Illuminate\\Http\\Request))
#40 /Applications/MAMP/htdocs/tmracing/vendor/laravel/framework/src/Illuminate/Pipeline/Pipeline.php(183): Illuminate\\Http\\Middleware\\TrustProxies->handle(Object(Illuminate\\Http\\Request), Object(Closure))
#41 /Applications/MAMP/htdocs/tmracing/vendor/laravel/framework/src/Illuminate/Foundation/Http/Middleware/TransformsRequest.php(21): Illuminate\\Pipeline\\Pipeline->Illuminate\\Pipeline\\{closure}(Object(Illuminate\\Http\\Request))
#42 /Applications/MAMP/htdocs/tmracing/vendor/laravel/framework/src/Illuminate/Foundation/Http/Middleware/ConvertEmptyStringsToNull.php(31): Illuminate\\Foundation\\Http\\Middleware\\TransformsRequest->handle(Object(Illuminate\\Http\\Request), Object(Closure))
#43 /Applications/MAMP/htdocs/tmracing/vendor/laravel/framework/src/Illuminate/Pipeline/Pipeline.php(183): Illuminate\\Foundation\\Http\\Middleware\\ConvertEmptyStringsToNull->handle(Object(Illuminate\\Http\\Request), Object(Closure))
#44 /Applications/MAMP/htdocs/tmracing/vendor/laravel/framework/src/Illuminate/Foundation/Http/Middleware/TransformsRequest.php(21): Illuminate\\Pipeline\\Pipeline->Illuminate\\Pipeline\\{closure}(Object(Illuminate\\Http\\Request))
#45 /Applications/MAMP/htdocs/tmracing/vendor/laravel/framework/src/Illuminate/Foundation/Http/Middleware/TrimStrings.php(40): Illuminate\\Foundation\\Http\\Middleware\\TransformsRequest->handle(Object(Illuminate\\Http\\Request), Object(Closure))
#46 /Applications/MAMP/htdocs/tmracing/vendor/laravel/framework/src/Illuminate/Pipeline/Pipeline.php(183): Illuminate\\Foundation\\Http\\Middleware\\TrimStrings->handle(Object(Illuminate\\Http\\Request), Object(Closure))
#47 /Applications/MAMP/htdocs/tmracing/vendor/laravel/framework/src/Illuminate/Foundation/Http/Middleware/ValidatePostSize.php(27): Illuminate\\Pipeline\\Pipeline->Illuminate\\Pipeline\\{closure}(Object(Illuminate\\Http\\Request))
#48 /Applications/MAMP/htdocs/tmracing/vendor/laravel/framework/src/Illuminate/Pipeline/Pipeline.php(183): Illuminate\\Foundation\\Http\\Middleware\\ValidatePostSize->handle(Object(Illuminate\\Http\\Request), Object(Closure))
#49 /Applications/MAMP/htdocs/tmracing/vendor/laravel/framework/src/Illuminate/Pipeline/Pipeline.php(119): Illuminate\\Pipeline\\Pipeline->Illuminate\\Pipeline\\{closure}(Object(Illuminate\\Http\\Request))
#50 /Applications/MAMP/htdocs/tmracing/vendor/laravel/framework/src/Illuminate/Foundation/Http/Kernel.php(175): Illuminate\\Pipeline\\Pipeline->then(Object(Closure))
#51 /Applications/MAMP/htdocs/tmracing/vendor/laravel/framework/src/Illuminate/Foundation/Http/Kernel.php(144): Illuminate\\Foundation\\Http\\Kernel->sendRequestThroughRouter(Object(Illuminate\\Http\\Request))
#52 /Applications/MAMP/htdocs/tmracing/index.php(56): Illuminate\\Foundation\\Http\\Kernel->handle(Object(Illuminate\\Http\\Request))
#53 {main}

[previous exception] [object] (Symfony\\Component\\Routing\\Exception\\RouteNotFoundException(code: 0): Route [invoice.download] not defined. at /Applications/MAMP/htdocs/tmracing/vendor/laravel/framework/src/Illuminate/Routing/UrlGenerator.php:477)
[stacktrace]
#0 /Applications/MAMP/htdocs/tmracing/vendor/laravel/framework/src/Illuminate/Foundation/helpers.php(811): Illuminate\\Routing\\UrlGenerator->route('invoice.downloa...', 217, true)
#1 /Applications/MAMP/htdocs/tmracing/storage/framework/views/6766ee07fd3bb2846e067b3e77a30c1b.php(148): route('invoice.downloa...', 217)
#2 /Applications/MAMP/htdocs/tmracing/vendor/laravel/framework/src/Illuminate/Filesystem/Filesystem.php(123): require('/Applications/M...')
#3 /Applications/MAMP/htdocs/tmracing/vendor/laravel/framework/src/Illuminate/Filesystem/Filesystem.php(124): Illuminate\\Filesystem\\Filesystem::Illuminate\\Filesystem\\{closure}()
#4 /Applications/MAMP/htdocs/tmracing/vendor/laravel/framework/src/Illuminate/View/Engines/PhpEngine.php(58): Illuminate\\Filesystem\\Filesystem->getRequire('/Applications/M...', Array)
#5 /Applications/MAMP/htdocs/tmracing/vendor/laravel/framework/src/Illuminate/View/Engines/CompilerEngine.php(72): Illuminate\\View\\Engines\\PhpEngine->evaluatePath('/Applications/M...', Array)
#6 /Applications/MAMP/htdocs/tmracing/vendor/laravel/framework/src/Illuminate/View/View.php(207): Illuminate\\View\\Engines\\CompilerEngine->get('/Applications/M...', Array)
#7 /Applications/MAMP/htdocs/tmracing/vendor/laravel/framework/src/Illuminate/View/View.php(190): Illuminate\\View\\View->getContents()
#8 /Applications/MAMP/htdocs/tmracing/vendor/laravel/framework/src/Illuminate/View/View.php(159): Illuminate\\View\\View->renderContents()
#9 /Applications/MAMP/htdocs/tmracing/vendor/laravel/framework/src/Illuminate/Http/Response.php(69): Illuminate\\View\\View->render()
#10 /Applications/MAMP/htdocs/tmracing/vendor/laravel/framework/src/Illuminate/Http/Response.php(35): Illuminate\\Http\\Response->setContent(Object(Illuminate\\View\\View))
#11 /Applications/MAMP/htdocs/tmracing/vendor/laravel/framework/src/Illuminate/Routing/Router.php(918): Illuminate\\Http\\Response->__construct(Object(Illuminate\\View\\View), 200, Array)
#12 /Applications/MAMP/htdocs/tmracing/vendor/laravel/framework/src/Illuminate/Routing/Router.php(885): Illuminate\\Routing\\Router::toResponse(Object(Illuminate\\Http\\Request), Object(Illuminate\\View\\View))
#13 /Applications/MAMP/htdocs/tmracing/vendor/laravel/framework/src/Illuminate/Routing/Router.php(805): Illuminate\\Routing\\Router->prepareResponse(Object(Illuminate\\Http\\Request), Object(Illuminate\\View\\View))
#14 /Applications/MAMP/htdocs/tmracing/vendor/laravel/framework/src/Illuminate/Pipeline/Pipeline.php(144): Illuminate\\Routing\\Router->Illuminate\\Routing\\{closure}(Object(Illuminate\\Http\\Request))
#15 /Applications/MAMP/htdocs/tmracing/app/Http/Middleware/CheckForMaintenanceMode.php(58): Illuminate\\Pipeline\\Pipeline->Illuminate\\Pipeline\\{closure}(Object(Illuminate\\Http\\Request))
#16 /Applications/MAMP/htdocs/tmracing/vendor/laravel/framework/src/Illuminate/Pipeline/Pipeline.php(183): App\\Http\\Middleware\\CheckForMaintenanceMode->handle(Object(Illuminate\\Http\\Request), Object(Closure))
#17 /Applications/MAMP/htdocs/tmracing/app/Http/Middleware/HttpsProtocol.php(20): Illuminate\\Pipeline\\Pipeline->Illuminate\\Pipeline\\{closure}(Object(Illuminate\\Http\\Request))
#18 /Applications/MAMP/htdocs/tmracing/vendor/laravel/framework/src/Illuminate/Pipeline/Pipeline.php(183): App\\Http\\Middleware\\HttpsProtocol->handle(Object(Illuminate\\Http\\Request), Object(Closure))
#19 /Applications/MAMP/htdocs/tmracing/app/Http/Middleware/Language.php(31): Illuminate\\Pipeline\\Pipeline->Illuminate\\Pipeline\\{closure}(Object(Illuminate\\Http\\Request))
#20 /Applications/MAMP/htdocs/tmracing/vendor/laravel/framework/src/Illuminate/Pipeline/Pipeline.php(183): App\\Http\\Middleware\\Language->handle(Object(Illuminate\\Http\\Request), Object(Closure))
#21 /Applications/MAMP/htdocs/tmracing/vendor/laravel/framework/src/Illuminate/Routing/Middleware/SubstituteBindings.php(50): Illuminate\\Pipeline\\Pipeline->Illuminate\\Pipeline\\{closure}(Object(Illuminate\\Http\\Request))
#22 /Applications/MAMP/htdocs/tmracing/vendor/laravel/framework/src/Illuminate/Pipeline/Pipeline.php(183): Illuminate\\Routing\\Middleware\\SubstituteBindings->handle(Object(Illuminate\\Http\\Request), Object(Closure))
#23 /Applications/MAMP/htdocs/tmracing/vendor/laravel/framework/src/Illuminate/Auth/Middleware/Authenticate.php(57): Illuminate\\Pipeline\\Pipeline->Illuminate\\Pipeline\\{closure}(Object(Illuminate\\Http\\Request))
#24 /Applications/MAMP/htdocs/tmracing/vendor/laravel/framework/src/Illuminate/Pipeline/Pipeline.php(183): Illuminate\\Auth\\Middleware\\Authenticate->handle(Object(Illuminate\\Http\\Request), Object(Closure))
#25 /Applications/MAMP/htdocs/tmracing/vendor/laravel/framework/src/Illuminate/Foundation/Http/Middleware/VerifyCsrfToken.php(78): Illuminate\\Pipeline\\Pipeline->Illuminate\\Pipeline\\{closure}(Object(Illuminate\\Http\\Request))
#26 /Applications/MAMP/htdocs/tmracing/vendor/laravel/framework/src/Illuminate/Pipeline/Pipeline.php(183): Illuminate\\Foundation\\Http\\Middleware\\VerifyCsrfToken->handle(Object(Illuminate\\Http\\Request), Object(Closure))
#27 /Applications/MAMP/htdocs/tmracing/vendor/laravel/framework/src/Illuminate/View/Middleware/ShareErrorsFromSession.php(49): Illuminate\\Pipeline\\Pipeline->Illuminate\\Pipeline\\{closure}(Object(Illuminate\\Http\\Request))
#28 /Applications/MAMP/htdocs/tmracing/vendor/laravel/framework/src/Illuminate/Pipeline/Pipeline.php(183): Illuminate\\View\\Middleware\\ShareErrorsFromSession->handle(Object(Illuminate\\Http\\Request), Object(Closure))
#29 /Applications/MAMP/htdocs/tmracing/vendor/laravel/framework/src/Illuminate/Session/Middleware/StartSession.php(121): Illuminate\\Pipeline\\Pipeline->Illuminate\\Pipeline\\{closure}(Object(Illuminate\\Http\\Request))
#30 /Applications/MAMP/htdocs/tmracing/vendor/laravel/framework/src/Illuminate/Session/Middleware/StartSession.php(64): Illuminate\\Session\\Middleware\\StartSession->handleStatefulRequest(Object(Illuminate\\Http\\Request), Object(Illuminate\\Session\\Store), Object(Closure))
#31 /Applications/MAMP/htdocs/tmracing/vendor/laravel/framework/src/Illuminate/Pipeline/Pipeline.php(183): Illuminate\\Session\\Middleware\\StartSession->handle(Object(Illuminate\\Http\\Request), Object(Closure))
#32 /Applications/MAMP/htdocs/tmracing/vendor/laravel/framework/src/Illuminate/Cookie/Middleware/AddQueuedCookiesToResponse.php(37): Illuminate\\Pipeline\\Pipeline->Illuminate\\Pipeline\\{closure}(Object(Illuminate\\Http\\Request))
#33 /Applications/MAMP/htdocs/tmracing/vendor/laravel/framework/src/Illuminate/Pipeline/Pipeline.php(183): Illuminate\\Cookie\\Middleware\\AddQueuedCookiesToResponse->handle(Object(Illuminate\\Http\\Request), Object(Closure))
#34 /Applications/MAMP/htdocs/tmracing/vendor/laravel/framework/src/Illuminate/Pipeline/Pipeline.php(119): Illuminate\\Pipeline\\Pipeline->Illuminate\\Pipeline\\{closure}(Object(Illuminate\\Http\\Request))
#35 /Applications/MAMP/htdocs/tmracing/vendor/laravel/framework/src/Illuminate/Routing/Router.php(805): Illuminate\\Pipeline\\Pipeline->then(Object(Closure))
#36 /Applications/MAMP/htdocs/tmracing/vendor/laravel/framework/src/Illuminate/Routing/Router.php(784): Illuminate\\Routing\\Router->runRouteWithinStack(Object(Illuminate\\Routing\\Route), Object(Illuminate\\Http\\Request))
#37 /Applications/MAMP/htdocs/tmracing/vendor/laravel/framework/src/Illuminate/Routing/Router.php(748): Illuminate\\Routing\\Router->runRoute(Object(Illuminate\\Http\\Request), Object(Illuminate\\Routing\\Route))
#38 /Applications/MAMP/htdocs/tmracing/vendor/laravel/framework/src/Illuminate/Routing/Router.php(737): Illuminate\\Routing\\Router->dispatchToRoute(Object(Illuminate\\Http\\Request))
#39 /Applications/MAMP/htdocs/tmracing/vendor/laravel/framework/src/Illuminate/Foundation/Http/Kernel.php(200): Illuminate\\Routing\\Router->dispatch(Object(Illuminate\\Http\\Request))
#40 /Applications/MAMP/htdocs/tmracing/vendor/laravel/framework/src/Illuminate/Pipeline/Pipeline.php(144): Illuminate\\Foundation\\Http\\Kernel->Illuminate\\Foundation\\Http\\{closure}(Object(Illuminate\\Http\\Request))
#41 /Applications/MAMP/htdocs/tmracing/vendor/barryvdh/laravel-debugbar/src/Middleware/InjectDebugbar.php(66): Illuminate\\Pipeline\\Pipeline->Illuminate\\Pipeline\\{closure}(Object(Illuminate\\Http\\Request))
#42 /Applications/MAMP/htdocs/tmracing/vendor/laravel/framework/src/Illuminate/Pipeline/Pipeline.php(183): Barryvdh\\Debugbar\\Middleware\\InjectDebugbar->handle(Object(Illuminate\\Http\\Request), Object(Closure))
#43 /Applications/MAMP/htdocs/tmracing/vendor/laravel/framework/src/Illuminate/Http/Middleware/TrustProxies.php(39): Illuminate\\Pipeline\\Pipeline->Illuminate\\Pipeline\\{closure}(Object(Illuminate\\Http\\Request))
#44 /Applications/MAMP/htdocs/tmracing/vendor/laravel/framework/src/Illuminate/Pipeline/Pipeline.php(183): Illuminate\\Http\\Middleware\\TrustProxies->handle(Object(Illuminate\\Http\\Request), Object(Closure))
#45 /Applications/MAMP/htdocs/tmracing/vendor/laravel/framework/src/Illuminate/Foundation/Http/Middleware/TransformsRequest.php(21): Illuminate\\Pipeline\\Pipeline->Illuminate\\Pipeline\\{closure}(Object(Illuminate\\Http\\Request))
#46 /Applications/MAMP/htdocs/tmracing/vendor/laravel/framework/src/Illuminate/Foundation/Http/Middleware/ConvertEmptyStringsToNull.php(31): Illuminate\\Foundation\\Http\\Middleware\\TransformsRequest->handle(Object(Illuminate\\Http\\Request), Object(Closure))
#47 /Applications/MAMP/htdocs/tmracing/vendor/laravel/framework/src/Illuminate/Pipeline/Pipeline.php(183): Illuminate\\Foundation\\Http\\Middleware\\ConvertEmptyStringsToNull->handle(Object(Illuminate\\Http\\Request), Object(Closure))
#48 /Applications/MAMP/htdocs/tmracing/vendor/laravel/framework/src/Illuminate/Foundation/Http/Middleware/TransformsRequest.php(21): Illuminate\\Pipeline\\Pipeline->Illuminate\\Pipeline\\{closure}(Object(Illuminate\\Http\\Request))
#49 /Applications/MAMP/htdocs/tmracing/vendor/laravel/framework/src/Illuminate/Foundation/Http/Middleware/TrimStrings.php(40): Illuminate\\Foundation\\Http\\Middleware\\TransformsRequest->handle(Object(Illuminate\\Http\\Request), Object(Closure))
#50 /Applications/MAMP/htdocs/tmracing/vendor/laravel/framework/src/Illuminate/Pipeline/Pipeline.php(183): Illuminate\\Foundation\\Http\\Middleware\\TrimStrings->handle(Object(Illuminate\\Http\\Request), Object(Closure))
#51 /Applications/MAMP/htdocs/tmracing/vendor/laravel/framework/src/Illuminate/Foundation/Http/Middleware/ValidatePostSize.php(27): Illuminate\\Pipeline\\Pipeline->Illuminate\\Pipeline\\{closure}(Object(Illuminate\\Http\\Request))
#52 /Applications/MAMP/htdocs/tmracing/vendor/laravel/framework/src/Illuminate/Pipeline/Pipeline.php(183): Illuminate\\Foundation\\Http\\Middleware\\ValidatePostSize->handle(Object(Illuminate\\Http\\Request), Object(Closure))
#53 /Applications/MAMP/htdocs/tmracing/vendor/laravel/framework/src/Illuminate/Pipeline/Pipeline.php(119): Illuminate\\Pipeline\\Pipeline->Illuminate\\Pipeline\\{closure}(Object(Illuminate\\Http\\Request))
#54 /Applications/MAMP/htdocs/tmracing/vendor/laravel/framework/src/Illuminate/Foundation/Http/Kernel.php(175): Illuminate\\Pipeline\\Pipeline->then(Object(Closure))
#55 /Applications/MAMP/htdocs/tmracing/vendor/laravel/framework/src/Illuminate/Foundation/Http/Kernel.php(144): Illuminate\\Foundation\\Http\\Kernel->sendRequestThroughRouter(Object(Illuminate\\Http\\Request))
#56 /Applications/MAMP/htdocs/tmracing/index.php(56): Illuminate\\Foundation\\Http\\Kernel->handle(Object(Illuminate\\Http\\Request))
#57 {main}
"} 
[2024-12-01 02:21:41] local.ERROR: Class "App\Http\Controllers\CommissionController" does not exist {"exception":"[object] (ReflectionException(code: -1): Class \"App\\Http\\Controllers\\CommissionController\" does not exist at /Applications/MAMP/htdocs/tmracing/vendor/laravel/framework/src/Illuminate/Foundation/Console/RouteListCommand.php:225)
[stacktrace]
#0 /Applications/MAMP/htdocs/tmracing/vendor/laravel/framework/src/Illuminate/Foundation/Console/RouteListCommand.php(225): ReflectionClass->__construct('App\\\\Http\\\\Contro...')
#1 /Applications/MAMP/htdocs/tmracing/vendor/laravel/framework/src/Illuminate/Foundation/Console/RouteListCommand.php(147): Illuminate\\Foundation\\Console\\RouteListCommand->isVendorRoute(Object(Illuminate\\Routing\\Route))
#2 /Applications/MAMP/htdocs/tmracing/vendor/laravel/framework/src/Illuminate/Foundation/Console/RouteListCommand.php(116): Illuminate\\Foundation\\Console\\RouteListCommand->getRouteInformation(Object(Illuminate\\Routing\\Route))
#3 [internal function]: Illuminate\\Foundation\\Console\\RouteListCommand->Illuminate\\Foundation\\Console\\{closure}(Object(Illuminate\\Routing\\Route), 183)
#4 /Applications/MAMP/htdocs/tmracing/vendor/laravel/framework/src/Illuminate/Collections/Arr.php(600): array_map(Object(Closure), Array, Array)
#5 /Applications/MAMP/htdocs/tmracing/vendor/laravel/framework/src/Illuminate/Collections/Collection.php(777): Illuminate\\Support\\Arr::map(Array, Object(Closure))
#6 /Applications/MAMP/htdocs/tmracing/vendor/laravel/framework/src/Illuminate/Foundation/Console/RouteListCommand.php(115): Illuminate\\Support\\Collection->map(Object(Closure))
#7 /Applications/MAMP/htdocs/tmracing/vendor/laravel/framework/src/Illuminate/Foundation/Console/RouteListCommand.php(101): Illuminate\\Foundation\\Console\\RouteListCommand->getRoutes()
#8 /Applications/MAMP/htdocs/tmracing/vendor/laravel/framework/src/Illuminate/Container/BoundMethod.php(36): Illuminate\\Foundation\\Console\\RouteListCommand->handle()
#9 /Applications/MAMP/htdocs/tmracing/vendor/laravel/framework/src/Illuminate/Container/Util.php(41): Illuminate\\Container\\BoundMethod::Illuminate\\Container\\{closure}()
#10 /Applications/MAMP/htdocs/tmracing/vendor/laravel/framework/src/Illuminate/Container/BoundMethod.php(93): Illuminate\\Container\\Util::unwrapIfClosure(Object(Closure))
#11 /Applications/MAMP/htdocs/tmracing/vendor/laravel/framework/src/Illuminate/Container/BoundMethod.php(35): Illuminate\\Container\\BoundMethod::callBoundMethod(Object(Illuminate\\Foundation\\Application), Array, Object(Closure))
#12 /Applications/MAMP/htdocs/tmracing/vendor/laravel/framework/src/Illuminate/Container/Container.php(662): Illuminate\\Container\\BoundMethod::call(Object(Illuminate\\Foundation\\Application), Array, Array, NULL)
#13 /Applications/MAMP/htdocs/tmracing/vendor/laravel/framework/src/Illuminate/Console/Command.php(211): Illuminate\\Container\\Container->call(Array)
#14 /Applications/MAMP/htdocs/tmracing/vendor/symfony/console/Command/Command.php(326): Illuminate\\Console\\Command->execute(Object(Symfony\\Component\\Console\\Input\\ArgvInput), Object(Illuminate\\Console\\OutputStyle))
#15 /Applications/MAMP/htdocs/tmracing/vendor/laravel/framework/src/Illuminate/Console/Command.php(180): Symfony\\Component\\Console\\Command\\Command->run(Object(Symfony\\Component\\Console\\Input\\ArgvInput), Object(Illuminate\\Console\\OutputStyle))
#16 /Applications/MAMP/htdocs/tmracing/vendor/symfony/console/Application.php(1096): Illuminate\\Console\\Command->run(Object(Symfony\\Component\\Console\\Input\\ArgvInput), Object(Symfony\\Component\\Console\\Output\\ConsoleOutput))
#17 /Applications/MAMP/htdocs/tmracing/vendor/symfony/console/Application.php(324): Symfony\\Component\\Console\\Application->doRunCommand(Object(Illuminate\\Foundation\\Console\\RouteListCommand), Object(Symfony\\Component\\Console\\Input\\ArgvInput), Object(Symfony\\Component\\Console\\Output\\ConsoleOutput))
#18 /Applications/MAMP/htdocs/tmracing/vendor/symfony/console/Application.php(175): Symfony\\Component\\Console\\Application->doRun(Object(Symfony\\Component\\Console\\Input\\ArgvInput), Object(Symfony\\Component\\Console\\Output\\ConsoleOutput))
#19 /Applications/MAMP/htdocs/tmracing/vendor/laravel/framework/src/Illuminate/Foundation/Console/Kernel.php(201): Symfony\\Component\\Console\\Application->run(Object(Symfony\\Component\\Console\\Input\\ArgvInput), Object(Symfony\\Component\\Console\\Output\\ConsoleOutput))
#20 /Applications/MAMP/htdocs/tmracing/artisan(35): Illuminate\\Foundation\\Console\\Kernel->handle(Object(Symfony\\Component\\Console\\Input\\ArgvInput), Object(Symfony\\Component\\Console\\Output\\ConsoleOutput))
#21 {main}
"} 
[2024-12-01 02:22:01] local.ERROR: Route [custom-pages.show_custom_page] not defined. (View: /Applications/MAMP/htdocs/tmracing/resources/views/backend/website_settings/pages/index.blade.php) {"userId":9,"exception":"[object] (Illuminate\\View\\ViewException(code: 0): Route [custom-pages.show_custom_page] not defined. (View: /Applications/MAMP/htdocs/tmracing/resources/views/backend/website_settings/pages/index.blade.php) at /Applications/MAMP/htdocs/tmracing/vendor/laravel/framework/src/Illuminate/Routing/UrlGenerator.php:477)
[stacktrace]
#0 /Applications/MAMP/htdocs/tmracing/vendor/laravel/framework/src/Illuminate/View/Engines/PhpEngine.php(60): Illuminate\\View\\Engines\\CompilerEngine->handleViewException(Object(Symfony\\Component\\Routing\\Exception\\RouteNotFoundException), 1)
#1 /Applications/MAMP/htdocs/tmracing/vendor/laravel/framework/src/Illuminate/View/Engines/CompilerEngine.php(72): Illuminate\\View\\Engines\\PhpEngine->evaluatePath('/Applications/M...', Array)
#2 /Applications/MAMP/htdocs/tmracing/vendor/laravel/framework/src/Illuminate/View/View.php(207): Illuminate\\View\\Engines\\CompilerEngine->get('/Applications/M...', Array)
#3 /Applications/MAMP/htdocs/tmracing/vendor/laravel/framework/src/Illuminate/View/View.php(190): Illuminate\\View\\View->getContents()
#4 /Applications/MAMP/htdocs/tmracing/vendor/laravel/framework/src/Illuminate/View/View.php(159): Illuminate\\View\\View->renderContents()
#5 /Applications/MAMP/htdocs/tmracing/vendor/laravel/framework/src/Illuminate/Http/Response.php(69): Illuminate\\View\\View->render()
#6 /Applications/MAMP/htdocs/tmracing/vendor/laravel/framework/src/Illuminate/Http/Response.php(35): Illuminate\\Http\\Response->setContent(Object(Illuminate\\View\\View))
#7 /Applications/MAMP/htdocs/tmracing/vendor/laravel/framework/src/Illuminate/Routing/Router.php(918): Illuminate\\Http\\Response->__construct(Object(Illuminate\\View\\View), 200, Array)
#8 /Applications/MAMP/htdocs/tmracing/vendor/laravel/framework/src/Illuminate/Routing/Router.php(885): Illuminate\\Routing\\Router::toResponse(Object(Illuminate\\Http\\Request), Object(Illuminate\\View\\View))
#9 /Applications/MAMP/htdocs/tmracing/vendor/laravel/framework/src/Illuminate/Routing/Router.php(805): Illuminate\\Routing\\Router->prepareResponse(Object(Illuminate\\Http\\Request), Object(Illuminate\\View\\View))
#10 /Applications/MAMP/htdocs/tmracing/vendor/laravel/framework/src/Illuminate/Pipeline/Pipeline.php(144): Illuminate\\Routing\\Router->Illuminate\\Routing\\{closure}(Object(Illuminate\\Http\\Request))
#11 /Applications/MAMP/htdocs/tmracing/app/Http/Middleware/IsAdmin.php(20): Illuminate\\Pipeline\\Pipeline->Illuminate\\Pipeline\\{closure}(Object(Illuminate\\Http\\Request))
#12 /Applications/MAMP/htdocs/tmracing/vendor/laravel/framework/src/Illuminate/Pipeline/Pipeline.php(183): App\\Http\\Middleware\\IsAdmin->handle(Object(Illuminate\\Http\\Request), Object(Closure))
#13 /Applications/MAMP/htdocs/tmracing/app/Http/Middleware/CheckForMaintenanceMode.php(58): Illuminate\\Pipeline\\Pipeline->Illuminate\\Pipeline\\{closure}(Object(Illuminate\\Http\\Request))
#14 /Applications/MAMP/htdocs/tmracing/vendor/laravel/framework/src/Illuminate/Pipeline/Pipeline.php(183): App\\Http\\Middleware\\CheckForMaintenanceMode->handle(Object(Illuminate\\Http\\Request), Object(Closure))
#15 /Applications/MAMP/htdocs/tmracing/app/Http/Middleware/HttpsProtocol.php(20): Illuminate\\Pipeline\\Pipeline->Illuminate\\Pipeline\\{closure}(Object(Illuminate\\Http\\Request))
#16 /Applications/MAMP/htdocs/tmracing/vendor/laravel/framework/src/Illuminate/Pipeline/Pipeline.php(183): App\\Http\\Middleware\\HttpsProtocol->handle(Object(Illuminate\\Http\\Request), Object(Closure))
#17 /Applications/MAMP/htdocs/tmracing/app/Http/Middleware/Language.php(31): Illuminate\\Pipeline\\Pipeline->Illuminate\\Pipeline\\{closure}(Object(Illuminate\\Http\\Request))
#18 /Applications/MAMP/htdocs/tmracing/vendor/laravel/framework/src/Illuminate/Pipeline/Pipeline.php(183): App\\Http\\Middleware\\Language->handle(Object(Illuminate\\Http\\Request), Object(Closure))
#19 /Applications/MAMP/htdocs/tmracing/vendor/laravel/framework/src/Illuminate/Routing/Middleware/SubstituteBindings.php(50): Illuminate\\Pipeline\\Pipeline->Illuminate\\Pipeline\\{closure}(Object(Illuminate\\Http\\Request))
#20 /Applications/MAMP/htdocs/tmracing/vendor/laravel/framework/src/Illuminate/Pipeline/Pipeline.php(183): Illuminate\\Routing\\Middleware\\SubstituteBindings->handle(Object(Illuminate\\Http\\Request), Object(Closure))
#21 /Applications/MAMP/htdocs/tmracing/vendor/laravel/framework/src/Illuminate/Auth/Middleware/Authenticate.php(57): Illuminate\\Pipeline\\Pipeline->Illuminate\\Pipeline\\{closure}(Object(Illuminate\\Http\\Request))
#22 /Applications/MAMP/htdocs/tmracing/vendor/laravel/framework/src/Illuminate/Pipeline/Pipeline.php(183): Illuminate\\Auth\\Middleware\\Authenticate->handle(Object(Illuminate\\Http\\Request), Object(Closure))
#23 /Applications/MAMP/htdocs/tmracing/vendor/laravel/framework/src/Illuminate/Foundation/Http/Middleware/VerifyCsrfToken.php(78): Illuminate\\Pipeline\\Pipeline->Illuminate\\Pipeline\\{closure}(Object(Illuminate\\Http\\Request))
#24 /Applications/MAMP/htdocs/tmracing/vendor/laravel/framework/src/Illuminate/Pipeline/Pipeline.php(183): Illuminate\\Foundation\\Http\\Middleware\\VerifyCsrfToken->handle(Object(Illuminate\\Http\\Request), Object(Closure))
#25 /Applications/MAMP/htdocs/tmracing/vendor/laravel/framework/src/Illuminate/View/Middleware/ShareErrorsFromSession.php(49): Illuminate\\Pipeline\\Pipeline->Illuminate\\Pipeline\\{closure}(Object(Illuminate\\Http\\Request))
#26 /Applications/MAMP/htdocs/tmracing/vendor/laravel/framework/src/Illuminate/Pipeline/Pipeline.php(183): Illuminate\\View\\Middleware\\ShareErrorsFromSession->handle(Object(Illuminate\\Http\\Request), Object(Closure))
#27 /Applications/MAMP/htdocs/tmracing/vendor/laravel/framework/src/Illuminate/Session/Middleware/StartSession.php(121): Illuminate\\Pipeline\\Pipeline->Illuminate\\Pipeline\\{closure}(Object(Illuminate\\Http\\Request))
#28 /Applications/MAMP/htdocs/tmracing/vendor/laravel/framework/src/Illuminate/Session/Middleware/StartSession.php(64): Illuminate\\Session\\Middleware\\StartSession->handleStatefulRequest(Object(Illuminate\\Http\\Request), Object(Illuminate\\Session\\Store), Object(Closure))
#29 /Applications/MAMP/htdocs/tmracing/vendor/laravel/framework/src/Illuminate/Pipeline/Pipeline.php(183): Illuminate\\Session\\Middleware\\StartSession->handle(Object(Illuminate\\Http\\Request), Object(Closure))
#30 /Applications/MAMP/htdocs/tmracing/vendor/laravel/framework/src/Illuminate/Cookie/Middleware/AddQueuedCookiesToResponse.php(37): Illuminate\\Pipeline\\Pipeline->Illuminate\\Pipeline\\{closure}(Object(Illuminate\\Http\\Request))
#31 /Applications/MAMP/htdocs/tmracing/vendor/laravel/framework/src/Illuminate/Pipeline/Pipeline.php(183): Illuminate\\Cookie\\Middleware\\AddQueuedCookiesToResponse->handle(Object(Illuminate\\Http\\Request), Object(Closure))
#32 /Applications/MAMP/htdocs/tmracing/vendor/laravel/framework/src/Illuminate/Pipeline/Pipeline.php(119): Illuminate\\Pipeline\\Pipeline->Illuminate\\Pipeline\\{closure}(Object(Illuminate\\Http\\Request))
#33 /Applications/MAMP/htdocs/tmracing/vendor/laravel/framework/src/Illuminate/Routing/Router.php(805): Illuminate\\Pipeline\\Pipeline->then(Object(Closure))
#34 /Applications/MAMP/htdocs/tmracing/vendor/laravel/framework/src/Illuminate/Routing/Router.php(784): Illuminate\\Routing\\Router->runRouteWithinStack(Object(Illuminate\\Routing\\Route), Object(Illuminate\\Http\\Request))
#35 /Applications/MAMP/htdocs/tmracing/vendor/laravel/framework/src/Illuminate/Routing/Router.php(748): Illuminate\\Routing\\Router->runRoute(Object(Illuminate\\Http\\Request), Object(Illuminate\\Routing\\Route))
#36 /Applications/MAMP/htdocs/tmracing/vendor/laravel/framework/src/Illuminate/Routing/Router.php(737): Illuminate\\Routing\\Router->dispatchToRoute(Object(Illuminate\\Http\\Request))
#37 /Applications/MAMP/htdocs/tmracing/vendor/laravel/framework/src/Illuminate/Foundation/Http/Kernel.php(200): Illuminate\\Routing\\Router->dispatch(Object(Illuminate\\Http\\Request))
#38 /Applications/MAMP/htdocs/tmracing/vendor/laravel/framework/src/Illuminate/Pipeline/Pipeline.php(144): Illuminate\\Foundation\\Http\\Kernel->Illuminate\\Foundation\\Http\\{closure}(Object(Illuminate\\Http\\Request))
#39 /Applications/MAMP/htdocs/tmracing/vendor/barryvdh/laravel-debugbar/src/Middleware/InjectDebugbar.php(66): Illuminate\\Pipeline\\Pipeline->Illuminate\\Pipeline\\{closure}(Object(Illuminate\\Http\\Request))
#40 /Applications/MAMP/htdocs/tmracing/vendor/laravel/framework/src/Illuminate/Pipeline/Pipeline.php(183): Barryvdh\\Debugbar\\Middleware\\InjectDebugbar->handle(Object(Illuminate\\Http\\Request), Object(Closure))
#41 /Applications/MAMP/htdocs/tmracing/vendor/laravel/framework/src/Illuminate/Http/Middleware/TrustProxies.php(39): Illuminate\\Pipeline\\Pipeline->Illuminate\\Pipeline\\{closure}(Object(Illuminate\\Http\\Request))
#42 /Applications/MAMP/htdocs/tmracing/vendor/laravel/framework/src/Illuminate/Pipeline/Pipeline.php(183): Illuminate\\Http\\Middleware\\TrustProxies->handle(Object(Illuminate\\Http\\Request), Object(Closure))
#43 /Applications/MAMP/htdocs/tmracing/vendor/laravel/framework/src/Illuminate/Foundation/Http/Middleware/TransformsRequest.php(21): Illuminate\\Pipeline\\Pipeline->Illuminate\\Pipeline\\{closure}(Object(Illuminate\\Http\\Request))
#44 /Applications/MAMP/htdocs/tmracing/vendor/laravel/framework/src/Illuminate/Foundation/Http/Middleware/ConvertEmptyStringsToNull.php(31): Illuminate\\Foundation\\Http\\Middleware\\TransformsRequest->handle(Object(Illuminate\\Http\\Request), Object(Closure))
#45 /Applications/MAMP/htdocs/tmracing/vendor/laravel/framework/src/Illuminate/Pipeline/Pipeline.php(183): Illuminate\\Foundation\\Http\\Middleware\\ConvertEmptyStringsToNull->handle(Object(Illuminate\\Http\\Request), Object(Closure))
#46 /Applications/MAMP/htdocs/tmracing/vendor/laravel/framework/src/Illuminate/Foundation/Http/Middleware/TransformsRequest.php(21): Illuminate\\Pipeline\\Pipeline->Illuminate\\Pipeline\\{closure}(Object(Illuminate\\Http\\Request))
#47 /Applications/MAMP/htdocs/tmracing/vendor/laravel/framework/src/Illuminate/Foundation/Http/Middleware/TrimStrings.php(40): Illuminate\\Foundation\\Http\\Middleware\\TransformsRequest->handle(Object(Illuminate\\Http\\Request), Object(Closure))
#48 /Applications/MAMP/htdocs/tmracing/vendor/laravel/framework/src/Illuminate/Pipeline/Pipeline.php(183): Illuminate\\Foundation\\Http\\Middleware\\TrimStrings->handle(Object(Illuminate\\Http\\Request), Object(Closure))
#49 /Applications/MAMP/htdocs/tmracing/vendor/laravel/framework/src/Illuminate/Foundation/Http/Middleware/ValidatePostSize.php(27): Illuminate\\Pipeline\\Pipeline->Illuminate\\Pipeline\\{closure}(Object(Illuminate\\Http\\Request))
#50 /Applications/MAMP/htdocs/tmracing/vendor/laravel/framework/src/Illuminate/Pipeline/Pipeline.php(183): Illuminate\\Foundation\\Http\\Middleware\\ValidatePostSize->handle(Object(Illuminate\\Http\\Request), Object(Closure))
#51 /Applications/MAMP/htdocs/tmracing/vendor/laravel/framework/src/Illuminate/Pipeline/Pipeline.php(119): Illuminate\\Pipeline\\Pipeline->Illuminate\\Pipeline\\{closure}(Object(Illuminate\\Http\\Request))
#52 /Applications/MAMP/htdocs/tmracing/vendor/laravel/framework/src/Illuminate/Foundation/Http/Kernel.php(175): Illuminate\\Pipeline\\Pipeline->then(Object(Closure))
#53 /Applications/MAMP/htdocs/tmracing/vendor/laravel/framework/src/Illuminate/Foundation/Http/Kernel.php(144): Illuminate\\Foundation\\Http\\Kernel->sendRequestThroughRouter(Object(Illuminate\\Http\\Request))
#54 /Applications/MAMP/htdocs/tmracing/index.php(56): Illuminate\\Foundation\\Http\\Kernel->handle(Object(Illuminate\\Http\\Request))
#55 {main}

[previous exception] [object] (Symfony\\Component\\Routing\\Exception\\RouteNotFoundException(code: 0): Route [custom-pages.show_custom_page] not defined. at /Applications/MAMP/htdocs/tmracing/vendor/laravel/framework/src/Illuminate/Routing/UrlGenerator.php:477)
[stacktrace]
#0 /Applications/MAMP/htdocs/tmracing/vendor/laravel/framework/src/Illuminate/Foundation/helpers.php(811): Illuminate\\Routing\\UrlGenerator->route('custom-pages.sh...', 1, true)
#1 /Applications/MAMP/htdocs/tmracing/storage/framework/views/2d006c76b273a8c348539964f68c3ef7.php(32): route('custom-pages.sh...', 1)
#2 /Applications/MAMP/htdocs/tmracing/vendor/laravel/framework/src/Illuminate/Filesystem/Filesystem.php(123): require('/Applications/M...')
#3 /Applications/MAMP/htdocs/tmracing/vendor/laravel/framework/src/Illuminate/Filesystem/Filesystem.php(124): Illuminate\\Filesystem\\Filesystem::Illuminate\\Filesystem\\{closure}()
#4 /Applications/MAMP/htdocs/tmracing/vendor/laravel/framework/src/Illuminate/View/Engines/PhpEngine.php(58): Illuminate\\Filesystem\\Filesystem->getRequire('/Applications/M...', Array)
#5 /Applications/MAMP/htdocs/tmracing/vendor/laravel/framework/src/Illuminate/View/Engines/CompilerEngine.php(72): Illuminate\\View\\Engines\\PhpEngine->evaluatePath('/Applications/M...', Array)
#6 /Applications/MAMP/htdocs/tmracing/vendor/laravel/framework/src/Illuminate/View/View.php(207): Illuminate\\View\\Engines\\CompilerEngine->get('/Applications/M...', Array)
#7 /Applications/MAMP/htdocs/tmracing/vendor/laravel/framework/src/Illuminate/View/View.php(190): Illuminate\\View\\View->getContents()
#8 /Applications/MAMP/htdocs/tmracing/vendor/laravel/framework/src/Illuminate/View/View.php(159): Illuminate\\View\\View->renderContents()
#9 /Applications/MAMP/htdocs/tmracing/vendor/laravel/framework/src/Illuminate/Http/Response.php(69): Illuminate\\View\\View->render()
#10 /Applications/MAMP/htdocs/tmracing/vendor/laravel/framework/src/Illuminate/Http/Response.php(35): Illuminate\\Http\\Response->setContent(Object(Illuminate\\View\\View))
#11 /Applications/MAMP/htdocs/tmracing/vendor/laravel/framework/src/Illuminate/Routing/Router.php(918): Illuminate\\Http\\Response->__construct(Object(Illuminate\\View\\View), 200, Array)
#12 /Applications/MAMP/htdocs/tmracing/vendor/laravel/framework/src/Illuminate/Routing/Router.php(885): Illuminate\\Routing\\Router::toResponse(Object(Illuminate\\Http\\Request), Object(Illuminate\\View\\View))
#13 /Applications/MAMP/htdocs/tmracing/vendor/laravel/framework/src/Illuminate/Routing/Router.php(805): Illuminate\\Routing\\Router->prepareResponse(Object(Illuminate\\Http\\Request), Object(Illuminate\\View\\View))
#14 /Applications/MAMP/htdocs/tmracing/vendor/laravel/framework/src/Illuminate/Pipeline/Pipeline.php(144): Illuminate\\Routing\\Router->Illuminate\\Routing\\{closure}(Object(Illuminate\\Http\\Request))
#15 /Applications/MAMP/htdocs/tmracing/app/Http/Middleware/IsAdmin.php(20): Illuminate\\Pipeline\\Pipeline->Illuminate\\Pipeline\\{closure}(Object(Illuminate\\Http\\Request))
#16 /Applications/MAMP/htdocs/tmracing/vendor/laravel/framework/src/Illuminate/Pipeline/Pipeline.php(183): App\\Http\\Middleware\\IsAdmin->handle(Object(Illuminate\\Http\\Request), Object(Closure))
#17 /Applications/MAMP/htdocs/tmracing/app/Http/Middleware/CheckForMaintenanceMode.php(58): Illuminate\\Pipeline\\Pipeline->Illuminate\\Pipeline\\{closure}(Object(Illuminate\\Http\\Request))
#18 /Applications/MAMP/htdocs/tmracing/vendor/laravel/framework/src/Illuminate/Pipeline/Pipeline.php(183): App\\Http\\Middleware\\CheckForMaintenanceMode->handle(Object(Illuminate\\Http\\Request), Object(Closure))
#19 /Applications/MAMP/htdocs/tmracing/app/Http/Middleware/HttpsProtocol.php(20): Illuminate\\Pipeline\\Pipeline->Illuminate\\Pipeline\\{closure}(Object(Illuminate\\Http\\Request))
#20 /Applications/MAMP/htdocs/tmracing/vendor/laravel/framework/src/Illuminate/Pipeline/Pipeline.php(183): App\\Http\\Middleware\\HttpsProtocol->handle(Object(Illuminate\\Http\\Request), Object(Closure))
#21 /Applications/MAMP/htdocs/tmracing/app/Http/Middleware/Language.php(31): Illuminate\\Pipeline\\Pipeline->Illuminate\\Pipeline\\{closure}(Object(Illuminate\\Http\\Request))
#22 /Applications/MAMP/htdocs/tmracing/vendor/laravel/framework/src/Illuminate/Pipeline/Pipeline.php(183): App\\Http\\Middleware\\Language->handle(Object(Illuminate\\Http\\Request), Object(Closure))
#23 /Applications/MAMP/htdocs/tmracing/vendor/laravel/framework/src/Illuminate/Routing/Middleware/SubstituteBindings.php(50): Illuminate\\Pipeline\\Pipeline->Illuminate\\Pipeline\\{closure}(Object(Illuminate\\Http\\Request))
#24 /Applications/MAMP/htdocs/tmracing/vendor/laravel/framework/src/Illuminate/Pipeline/Pipeline.php(183): Illuminate\\Routing\\Middleware\\SubstituteBindings->handle(Object(Illuminate\\Http\\Request), Object(Closure))
#25 /Applications/MAMP/htdocs/tmracing/vendor/laravel/framework/src/Illuminate/Auth/Middleware/Authenticate.php(57): Illuminate\\Pipeline\\Pipeline->Illuminate\\Pipeline\\{closure}(Object(Illuminate\\Http\\Request))
#26 /Applications/MAMP/htdocs/tmracing/vendor/laravel/framework/src/Illuminate/Pipeline/Pipeline.php(183): Illuminate\\Auth\\Middleware\\Authenticate->handle(Object(Illuminate\\Http\\Request), Object(Closure))
#27 /Applications/MAMP/htdocs/tmracing/vendor/laravel/framework/src/Illuminate/Foundation/Http/Middleware/VerifyCsrfToken.php(78): Illuminate\\Pipeline\\Pipeline->Illuminate\\Pipeline\\{closure}(Object(Illuminate\\Http\\Request))
#28 /Applications/MAMP/htdocs/tmracing/vendor/laravel/framework/src/Illuminate/Pipeline/Pipeline.php(183): Illuminate\\Foundation\\Http\\Middleware\\VerifyCsrfToken->handle(Object(Illuminate\\Http\\Request), Object(Closure))
#29 /Applications/MAMP/htdocs/tmracing/vendor/laravel/framework/src/Illuminate/View/Middleware/ShareErrorsFromSession.php(49): Illuminate\\Pipeline\\Pipeline->Illuminate\\Pipeline\\{closure}(Object(Illuminate\\Http\\Request))
#30 /Applications/MAMP/htdocs/tmracing/vendor/laravel/framework/src/Illuminate/Pipeline/Pipeline.php(183): Illuminate\\View\\Middleware\\ShareErrorsFromSession->handle(Object(Illuminate\\Http\\Request), Object(Closure))
#31 /Applications/MAMP/htdocs/tmracing/vendor/laravel/framework/src/Illuminate/Session/Middleware/StartSession.php(121): Illuminate\\Pipeline\\Pipeline->Illuminate\\Pipeline\\{closure}(Object(Illuminate\\Http\\Request))
#32 /Applications/MAMP/htdocs/tmracing/vendor/laravel/framework/src/Illuminate/Session/Middleware/StartSession.php(64): Illuminate\\Session\\Middleware\\StartSession->handleStatefulRequest(Object(Illuminate\\Http\\Request), Object(Illuminate\\Session\\Store), Object(Closure))
#33 /Applications/MAMP/htdocs/tmracing/vendor/laravel/framework/src/Illuminate/Pipeline/Pipeline.php(183): Illuminate\\Session\\Middleware\\StartSession->handle(Object(Illuminate\\Http\\Request), Object(Closure))
#34 /Applications/MAMP/htdocs/tmracing/vendor/laravel/framework/src/Illuminate/Cookie/Middleware/AddQueuedCookiesToResponse.php(37): Illuminate\\Pipeline\\Pipeline->Illuminate\\Pipeline\\{closure}(Object(Illuminate\\Http\\Request))
#35 /Applications/MAMP/htdocs/tmracing/vendor/laravel/framework/src/Illuminate/Pipeline/Pipeline.php(183): Illuminate\\Cookie\\Middleware\\AddQueuedCookiesToResponse->handle(Object(Illuminate\\Http\\Request), Object(Closure))
#36 /Applications/MAMP/htdocs/tmracing/vendor/laravel/framework/src/Illuminate/Pipeline/Pipeline.php(119): Illuminate\\Pipeline\\Pipeline->Illuminate\\Pipeline\\{closure}(Object(Illuminate\\Http\\Request))
#37 /Applications/MAMP/htdocs/tmracing/vendor/laravel/framework/src/Illuminate/Routing/Router.php(805): Illuminate\\Pipeline\\Pipeline->then(Object(Closure))
#38 /Applications/MAMP/htdocs/tmracing/vendor/laravel/framework/src/Illuminate/Routing/Router.php(784): Illuminate\\Routing\\Router->runRouteWithinStack(Object(Illuminate\\Routing\\Route), Object(Illuminate\\Http\\Request))
#39 /Applications/MAMP/htdocs/tmracing/vendor/laravel/framework/src/Illuminate/Routing/Router.php(748): Illuminate\\Routing\\Router->runRoute(Object(Illuminate\\Http\\Request), Object(Illuminate\\Routing\\Route))
#40 /Applications/MAMP/htdocs/tmracing/vendor/laravel/framework/src/Illuminate/Routing/Router.php(737): Illuminate\\Routing\\Router->dispatchToRoute(Object(Illuminate\\Http\\Request))
#41 /Applications/MAMP/htdocs/tmracing/vendor/laravel/framework/src/Illuminate/Foundation/Http/Kernel.php(200): Illuminate\\Routing\\Router->dispatch(Object(Illuminate\\Http\\Request))
#42 /Applications/MAMP/htdocs/tmracing/vendor/laravel/framework/src/Illuminate/Pipeline/Pipeline.php(144): Illuminate\\Foundation\\Http\\Kernel->Illuminate\\Foundation\\Http\\{closure}(Object(Illuminate\\Http\\Request))
#43 /Applications/MAMP/htdocs/tmracing/vendor/barryvdh/laravel-debugbar/src/Middleware/InjectDebugbar.php(66): Illuminate\\Pipeline\\Pipeline->Illuminate\\Pipeline\\{closure}(Object(Illuminate\\Http\\Request))
#44 /Applications/MAMP/htdocs/tmracing/vendor/laravel/framework/src/Illuminate/Pipeline/Pipeline.php(183): Barryvdh\\Debugbar\\Middleware\\InjectDebugbar->handle(Object(Illuminate\\Http\\Request), Object(Closure))
#45 /Applications/MAMP/htdocs/tmracing/vendor/laravel/framework/src/Illuminate/Http/Middleware/TrustProxies.php(39): Illuminate\\Pipeline\\Pipeline->Illuminate\\Pipeline\\{closure}(Object(Illuminate\\Http\\Request))
#46 /Applications/MAMP/htdocs/tmracing/vendor/laravel/framework/src/Illuminate/Pipeline/Pipeline.php(183): Illuminate\\Http\\Middleware\\TrustProxies->handle(Object(Illuminate\\Http\\Request), Object(Closure))
#47 /Applications/MAMP/htdocs/tmracing/vendor/laravel/framework/src/Illuminate/Foundation/Http/Middleware/TransformsRequest.php(21): Illuminate\\Pipeline\\Pipeline->Illuminate\\Pipeline\\{closure}(Object(Illuminate\\Http\\Request))
#48 /Applications/MAMP/htdocs/tmracing/vendor/laravel/framework/src/Illuminate/Foundation/Http/Middleware/ConvertEmptyStringsToNull.php(31): Illuminate\\Foundation\\Http\\Middleware\\TransformsRequest->handle(Object(Illuminate\\Http\\Request), Object(Closure))
#49 /Applications/MAMP/htdocs/tmracing/vendor/laravel/framework/src/Illuminate/Pipeline/Pipeline.php(183): Illuminate\\Foundation\\Http\\Middleware\\ConvertEmptyStringsToNull->handle(Object(Illuminate\\Http\\Request), Object(Closure))
#50 /Applications/MAMP/htdocs/tmracing/vendor/laravel/framework/src/Illuminate/Foundation/Http/Middleware/TransformsRequest.php(21): Illuminate\\Pipeline\\Pipeline->Illuminate\\Pipeline\\{closure}(Object(Illuminate\\Http\\Request))
#51 /Applications/MAMP/htdocs/tmracing/vendor/laravel/framework/src/Illuminate/Foundation/Http/Middleware/TrimStrings.php(40): Illuminate\\Foundation\\Http\\Middleware\\TransformsRequest->handle(Object(Illuminate\\Http\\Request), Object(Closure))
#52 /Applications/MAMP/htdocs/tmracing/vendor/laravel/framework/src/Illuminate/Pipeline/Pipeline.php(183): Illuminate\\Foundation\\Http\\Middleware\\TrimStrings->handle(Object(Illuminate\\Http\\Request), Object(Closure))
#53 /Applications/MAMP/htdocs/tmracing/vendor/laravel/framework/src/Illuminate/Foundation/Http/Middleware/ValidatePostSize.php(27): Illuminate\\Pipeline\\Pipeline->Illuminate\\Pipeline\\{closure}(Object(Illuminate\\Http\\Request))
#54 /Applications/MAMP/htdocs/tmracing/vendor/laravel/framework/src/Illuminate/Pipeline/Pipeline.php(183): Illuminate\\Foundation\\Http\\Middleware\\ValidatePostSize->handle(Object(Illuminate\\Http\\Request), Object(Closure))
#55 /Applications/MAMP/htdocs/tmracing/vendor/laravel/framework/src/Illuminate/Pipeline/Pipeline.php(119): Illuminate\\Pipeline\\Pipeline->Illuminate\\Pipeline\\{closure}(Object(Illuminate\\Http\\Request))
#56 /Applications/MAMP/htdocs/tmracing/vendor/laravel/framework/src/Illuminate/Foundation/Http/Kernel.php(175): Illuminate\\Pipeline\\Pipeline->then(Object(Closure))
#57 /Applications/MAMP/htdocs/tmracing/vendor/laravel/framework/src/Illuminate/Foundation/Http/Kernel.php(144): Illuminate\\Foundation\\Http\\Kernel->sendRequestThroughRouter(Object(Illuminate\\Http\\Request))
#58 /Applications/MAMP/htdocs/tmracing/index.php(56): Illuminate\\Foundation\\Http\\Kernel->handle(Object(Illuminate\\Http\\Request))
#59 {main}
"} 
[2024-12-01 02:22:11] local.ERROR: Class "App\Http\Controllers\CommissionController" does not exist {"exception":"[object] (ReflectionException(code: -1): Class \"App\\Http\\Controllers\\CommissionController\" does not exist at /Applications/MAMP/htdocs/tmracing/vendor/laravel/framework/src/Illuminate/Foundation/Console/RouteListCommand.php:225)
[stacktrace]
#0 /Applications/MAMP/htdocs/tmracing/vendor/laravel/framework/src/Illuminate/Foundation/Console/RouteListCommand.php(225): ReflectionClass->__construct('App\\\\Http\\\\Contro...')
#1 /Applications/MAMP/htdocs/tmracing/vendor/laravel/framework/src/Illuminate/Foundation/Console/RouteListCommand.php(147): Illuminate\\Foundation\\Console\\RouteListCommand->isVendorRoute(Object(Illuminate\\Routing\\Route))
#2 /Applications/MAMP/htdocs/tmracing/vendor/laravel/framework/src/Illuminate/Foundation/Console/RouteListCommand.php(116): Illuminate\\Foundation\\Console\\RouteListCommand->getRouteInformation(Object(Illuminate\\Routing\\Route))
#3 [internal function]: Illuminate\\Foundation\\Console\\RouteListCommand->Illuminate\\Foundation\\Console\\{closure}(Object(Illuminate\\Routing\\Route), 183)
#4 /Applications/MAMP/htdocs/tmracing/vendor/laravel/framework/src/Illuminate/Collections/Arr.php(600): array_map(Object(Closure), Array, Array)
#5 /Applications/MAMP/htdocs/tmracing/vendor/laravel/framework/src/Illuminate/Collections/Collection.php(777): Illuminate\\Support\\Arr::map(Array, Object(Closure))
#6 /Applications/MAMP/htdocs/tmracing/vendor/laravel/framework/src/Illuminate/Foundation/Console/RouteListCommand.php(115): Illuminate\\Support\\Collection->map(Object(Closure))
#7 /Applications/MAMP/htdocs/tmracing/vendor/laravel/framework/src/Illuminate/Foundation/Console/RouteListCommand.php(101): Illuminate\\Foundation\\Console\\RouteListCommand->getRoutes()
#8 /Applications/MAMP/htdocs/tmracing/vendor/laravel/framework/src/Illuminate/Container/BoundMethod.php(36): Illuminate\\Foundation\\Console\\RouteListCommand->handle()
#9 /Applications/MAMP/htdocs/tmracing/vendor/laravel/framework/src/Illuminate/Container/Util.php(41): Illuminate\\Container\\BoundMethod::Illuminate\\Container\\{closure}()
#10 /Applications/MAMP/htdocs/tmracing/vendor/laravel/framework/src/Illuminate/Container/BoundMethod.php(93): Illuminate\\Container\\Util::unwrapIfClosure(Object(Closure))
#11 /Applications/MAMP/htdocs/tmracing/vendor/laravel/framework/src/Illuminate/Container/BoundMethod.php(35): Illuminate\\Container\\BoundMethod::callBoundMethod(Object(Illuminate\\Foundation\\Application), Array, Object(Closure))
#12 /Applications/MAMP/htdocs/tmracing/vendor/laravel/framework/src/Illuminate/Container/Container.php(662): Illuminate\\Container\\BoundMethod::call(Object(Illuminate\\Foundation\\Application), Array, Array, NULL)
#13 /Applications/MAMP/htdocs/tmracing/vendor/laravel/framework/src/Illuminate/Console/Command.php(211): Illuminate\\Container\\Container->call(Array)
#14 /Applications/MAMP/htdocs/tmracing/vendor/symfony/console/Command/Command.php(326): Illuminate\\Console\\Command->execute(Object(Symfony\\Component\\Console\\Input\\ArgvInput), Object(Illuminate\\Console\\OutputStyle))
#15 /Applications/MAMP/htdocs/tmracing/vendor/laravel/framework/src/Illuminate/Console/Command.php(180): Symfony\\Component\\Console\\Command\\Command->run(Object(Symfony\\Component\\Console\\Input\\ArgvInput), Object(Illuminate\\Console\\OutputStyle))
#16 /Applications/MAMP/htdocs/tmracing/vendor/symfony/console/Application.php(1096): Illuminate\\Console\\Command->run(Object(Symfony\\Component\\Console\\Input\\ArgvInput), Object(Symfony\\Component\\Console\\Output\\ConsoleOutput))
#17 /Applications/MAMP/htdocs/tmracing/vendor/symfony/console/Application.php(324): Symfony\\Component\\Console\\Application->doRunCommand(Object(Illuminate\\Foundation\\Console\\RouteListCommand), Object(Symfony\\Component\\Console\\Input\\ArgvInput), Object(Symfony\\Component\\Console\\Output\\ConsoleOutput))
#18 /Applications/MAMP/htdocs/tmracing/vendor/symfony/console/Application.php(175): Symfony\\Component\\Console\\Application->doRun(Object(Symfony\\Component\\Console\\Input\\ArgvInput), Object(Symfony\\Component\\Console\\Output\\ConsoleOutput))
#19 /Applications/MAMP/htdocs/tmracing/vendor/laravel/framework/src/Illuminate/Foundation/Console/Kernel.php(201): Symfony\\Component\\Console\\Application->run(Object(Symfony\\Component\\Console\\Input\\ArgvInput), Object(Symfony\\Component\\Console\\Output\\ConsoleOutput))
#20 /Applications/MAMP/htdocs/tmracing/artisan(35): Illuminate\\Foundation\\Console\\Kernel->handle(Object(Symfony\\Component\\Console\\Input\\ArgvInput), Object(Symfony\\Component\\Console\\Output\\ConsoleOutput))
#21 {main}
"} 
[2024-12-01 03:09:05] local.ERROR: Trying to access array offset on value of type null {"userId":9,"exception":"[object] (ErrorException(code: 0): Trying to access array offset on value of type null at /Applications/MAMP/htdocs/tmracing/app/Http/Controllers/FrontController.php:30)
[stacktrace]
#0 /Applications/MAMP/htdocs/tmracing/vendor/laravel/framework/src/Illuminate/Foundation/Bootstrap/HandleExceptions.php(255): Illuminate\\Foundation\\Bootstrap\\HandleExceptions->handleError(2, 'Trying to acces...', '/Applications/M...', 30)
#1 /Applications/MAMP/htdocs/tmracing/app/Http/Controllers/FrontController.php(30): Illuminate\\Foundation\\Bootstrap\\HandleExceptions->Illuminate\\Foundation\\Bootstrap\\{closure}(2, 'Trying to acces...', '/Applications/M...', 30)
#2 /Applications/MAMP/htdocs/tmracing/vendor/laravel/framework/src/Illuminate/Routing/Controller.php(54): App\\Http\\Controllers\\FrontController->home()
#3 /Applications/MAMP/htdocs/tmracing/vendor/laravel/framework/src/Illuminate/Routing/ControllerDispatcher.php(43): Illuminate\\Routing\\Controller->callAction('home', Array)
#4 /Applications/MAMP/htdocs/tmracing/vendor/laravel/framework/src/Illuminate/Routing/Route.php(259): Illuminate\\Routing\\ControllerDispatcher->dispatch(Object(Illuminate\\Routing\\Route), Object(App\\Http\\Controllers\\FrontController), 'home')
#5 /Applications/MAMP/htdocs/tmracing/vendor/laravel/framework/src/Illuminate/Routing/Route.php(205): Illuminate\\Routing\\Route->runController()
#6 /Applications/MAMP/htdocs/tmracing/vendor/laravel/framework/src/Illuminate/Routing/Router.php(806): Illuminate\\Routing\\Route->run()
#7 /Applications/MAMP/htdocs/tmracing/vendor/laravel/framework/src/Illuminate/Pipeline/Pipeline.php(144): Illuminate\\Routing\\Router->Illuminate\\Routing\\{closure}(Object(Illuminate\\Http\\Request))
#8 /Applications/MAMP/htdocs/tmracing/app/Http/Middleware/CheckForMaintenanceMode.php(58): Illuminate\\Pipeline\\Pipeline->Illuminate\\Pipeline\\{closure}(Object(Illuminate\\Http\\Request))
#9 /Applications/MAMP/htdocs/tmracing/vendor/laravel/framework/src/Illuminate/Pipeline/Pipeline.php(183): App\\Http\\Middleware\\CheckForMaintenanceMode->handle(Object(Illuminate\\Http\\Request), Object(Closure))
#10 /Applications/MAMP/htdocs/tmracing/app/Http/Middleware/HttpsProtocol.php(20): Illuminate\\Pipeline\\Pipeline->Illuminate\\Pipeline\\{closure}(Object(Illuminate\\Http\\Request))
#11 /Applications/MAMP/htdocs/tmracing/vendor/laravel/framework/src/Illuminate/Pipeline/Pipeline.php(183): App\\Http\\Middleware\\HttpsProtocol->handle(Object(Illuminate\\Http\\Request), Object(Closure))
#12 /Applications/MAMP/htdocs/tmracing/app/Http/Middleware/Language.php(31): Illuminate\\Pipeline\\Pipeline->Illuminate\\Pipeline\\{closure}(Object(Illuminate\\Http\\Request))
#13 /Applications/MAMP/htdocs/tmracing/vendor/laravel/framework/src/Illuminate/Pipeline/Pipeline.php(183): App\\Http\\Middleware\\Language->handle(Object(Illuminate\\Http\\Request), Object(Closure))
#14 /Applications/MAMP/htdocs/tmracing/vendor/laravel/framework/src/Illuminate/Routing/Middleware/SubstituteBindings.php(50): Illuminate\\Pipeline\\Pipeline->Illuminate\\Pipeline\\{closure}(Object(Illuminate\\Http\\Request))
#15 /Applications/MAMP/htdocs/tmracing/vendor/laravel/framework/src/Illuminate/Pipeline/Pipeline.php(183): Illuminate\\Routing\\Middleware\\SubstituteBindings->handle(Object(Illuminate\\Http\\Request), Object(Closure))
#16 /Applications/MAMP/htdocs/tmracing/vendor/laravel/framework/src/Illuminate/Foundation/Http/Middleware/VerifyCsrfToken.php(78): Illuminate\\Pipeline\\Pipeline->Illuminate\\Pipeline\\{closure}(Object(Illuminate\\Http\\Request))
#17 /Applications/MAMP/htdocs/tmracing/vendor/laravel/framework/src/Illuminate/Pipeline/Pipeline.php(183): Illuminate\\Foundation\\Http\\Middleware\\VerifyCsrfToken->handle(Object(Illuminate\\Http\\Request), Object(Closure))
#18 /Applications/MAMP/htdocs/tmracing/vendor/laravel/framework/src/Illuminate/View/Middleware/ShareErrorsFromSession.php(49): Illuminate\\Pipeline\\Pipeline->Illuminate\\Pipeline\\{closure}(Object(Illuminate\\Http\\Request))
#19 /Applications/MAMP/htdocs/tmracing/vendor/laravel/framework/src/Illuminate/Pipeline/Pipeline.php(183): Illuminate\\View\\Middleware\\ShareErrorsFromSession->handle(Object(Illuminate\\Http\\Request), Object(Closure))
#20 /Applications/MAMP/htdocs/tmracing/vendor/laravel/framework/src/Illuminate/Session/Middleware/StartSession.php(121): Illuminate\\Pipeline\\Pipeline->Illuminate\\Pipeline\\{closure}(Object(Illuminate\\Http\\Request))
#21 /Applications/MAMP/htdocs/tmracing/vendor/laravel/framework/src/Illuminate/Session/Middleware/StartSession.php(64): Illuminate\\Session\\Middleware\\StartSession->handleStatefulRequest(Object(Illuminate\\Http\\Request), Object(Illuminate\\Session\\Store), Object(Closure))
#22 /Applications/MAMP/htdocs/tmracing/vendor/laravel/framework/src/Illuminate/Pipeline/Pipeline.php(183): Illuminate\\Session\\Middleware\\StartSession->handle(Object(Illuminate\\Http\\Request), Object(Closure))
#23 /Applications/MAMP/htdocs/tmracing/vendor/laravel/framework/src/Illuminate/Cookie/Middleware/AddQueuedCookiesToResponse.php(37): Illuminate\\Pipeline\\Pipeline->Illuminate\\Pipeline\\{closure}(Object(Illuminate\\Http\\Request))
#24 /Applications/MAMP/htdocs/tmracing/vendor/laravel/framework/src/Illuminate/Pipeline/Pipeline.php(183): Illuminate\\Cookie\\Middleware\\AddQueuedCookiesToResponse->handle(Object(Illuminate\\Http\\Request), Object(Closure))
#25 /Applications/MAMP/htdocs/tmracing/vendor/laravel/framework/src/Illuminate/Pipeline/Pipeline.php(119): Illuminate\\Pipeline\\Pipeline->Illuminate\\Pipeline\\{closure}(Object(Illuminate\\Http\\Request))
#26 /Applications/MAMP/htdocs/tmracing/vendor/laravel/framework/src/Illuminate/Routing/Router.php(805): Illuminate\\Pipeline\\Pipeline->then(Object(Closure))
#27 /Applications/MAMP/htdocs/tmracing/vendor/laravel/framework/src/Illuminate/Routing/Router.php(784): Illuminate\\Routing\\Router->runRouteWithinStack(Object(Illuminate\\Routing\\Route), Object(Illuminate\\Http\\Request))
#28 /Applications/MAMP/htdocs/tmracing/vendor/laravel/framework/src/Illuminate/Routing/Router.php(748): Illuminate\\Routing\\Router->runRoute(Object(Illuminate\\Http\\Request), Object(Illuminate\\Routing\\Route))
#29 /Applications/MAMP/htdocs/tmracing/vendor/laravel/framework/src/Illuminate/Routing/Router.php(737): Illuminate\\Routing\\Router->dispatchToRoute(Object(Illuminate\\Http\\Request))
#30 /Applications/MAMP/htdocs/tmracing/vendor/laravel/framework/src/Illuminate/Foundation/Http/Kernel.php(200): Illuminate\\Routing\\Router->dispatch(Object(Illuminate\\Http\\Request))
#31 /Applications/MAMP/htdocs/tmracing/vendor/laravel/framework/src/Illuminate/Pipeline/Pipeline.php(144): Illuminate\\Foundation\\Http\\Kernel->Illuminate\\Foundation\\Http\\{closure}(Object(Illuminate\\Http\\Request))
#32 /Applications/MAMP/htdocs/tmracing/vendor/barryvdh/laravel-debugbar/src/Middleware/InjectDebugbar.php(66): Illuminate\\Pipeline\\Pipeline->Illuminate\\Pipeline\\{closure}(Object(Illuminate\\Http\\Request))
#33 /Applications/MAMP/htdocs/tmracing/vendor/laravel/framework/src/Illuminate/Pipeline/Pipeline.php(183): Barryvdh\\Debugbar\\Middleware\\InjectDebugbar->handle(Object(Illuminate\\Http\\Request), Object(Closure))
#34 /Applications/MAMP/htdocs/tmracing/vendor/laravel/framework/src/Illuminate/Http/Middleware/TrustProxies.php(39): Illuminate\\Pipeline\\Pipeline->Illuminate\\Pipeline\\{closure}(Object(Illuminate\\Http\\Request))
#35 /Applications/MAMP/htdocs/tmracing/vendor/laravel/framework/src/Illuminate/Pipeline/Pipeline.php(183): Illuminate\\Http\\Middleware\\TrustProxies->handle(Object(Illuminate\\Http\\Request), Object(Closure))
#36 /Applications/MAMP/htdocs/tmracing/vendor/laravel/framework/src/Illuminate/Foundation/Http/Middleware/TransformsRequest.php(21): Illuminate\\Pipeline\\Pipeline->Illuminate\\Pipeline\\{closure}(Object(Illuminate\\Http\\Request))
#37 /Applications/MAMP/htdocs/tmracing/vendor/laravel/framework/src/Illuminate/Foundation/Http/Middleware/ConvertEmptyStringsToNull.php(31): Illuminate\\Foundation\\Http\\Middleware\\TransformsRequest->handle(Object(Illuminate\\Http\\Request), Object(Closure))
#38 /Applications/MAMP/htdocs/tmracing/vendor/laravel/framework/src/Illuminate/Pipeline/Pipeline.php(183): Illuminate\\Foundation\\Http\\Middleware\\ConvertEmptyStringsToNull->handle(Object(Illuminate\\Http\\Request), Object(Closure))
#39 /Applications/MAMP/htdocs/tmracing/vendor/laravel/framework/src/Illuminate/Foundation/Http/Middleware/TransformsRequest.php(21): Illuminate\\Pipeline\\Pipeline->Illuminate\\Pipeline\\{closure}(Object(Illuminate\\Http\\Request))
#40 /Applications/MAMP/htdocs/tmracing/vendor/laravel/framework/src/Illuminate/Foundation/Http/Middleware/TrimStrings.php(40): Illuminate\\Foundation\\Http\\Middleware\\TransformsRequest->handle(Object(Illuminate\\Http\\Request), Object(Closure))
#41 /Applications/MAMP/htdocs/tmracing/vendor/laravel/framework/src/Illuminate/Pipeline/Pipeline.php(183): Illuminate\\Foundation\\Http\\Middleware\\TrimStrings->handle(Object(Illuminate\\Http\\Request), Object(Closure))
#42 /Applications/MAMP/htdocs/tmracing/vendor/laravel/framework/src/Illuminate/Foundation/Http/Middleware/ValidatePostSize.php(27): Illuminate\\Pipeline\\Pipeline->Illuminate\\Pipeline\\{closure}(Object(Illuminate\\Http\\Request))
#43 /Applications/MAMP/htdocs/tmracing/vendor/laravel/framework/src/Illuminate/Pipeline/Pipeline.php(183): Illuminate\\Foundation\\Http\\Middleware\\ValidatePostSize->handle(Object(Illuminate\\Http\\Request), Object(Closure))
#44 /Applications/MAMP/htdocs/tmracing/vendor/laravel/framework/src/Illuminate/Pipeline/Pipeline.php(119): Illuminate\\Pipeline\\Pipeline->Illuminate\\Pipeline\\{closure}(Object(Illuminate\\Http\\Request))
#45 /Applications/MAMP/htdocs/tmracing/vendor/laravel/framework/src/Illuminate/Foundation/Http/Kernel.php(175): Illuminate\\Pipeline\\Pipeline->then(Object(Closure))
#46 /Applications/MAMP/htdocs/tmracing/vendor/laravel/framework/src/Illuminate/Foundation/Http/Kernel.php(144): Illuminate\\Foundation\\Http\\Kernel->sendRequestThroughRouter(Object(Illuminate\\Http\\Request))
#47 /Applications/MAMP/htdocs/tmracing/index.php(56): Illuminate\\Foundation\\Http\\Kernel->handle(Object(Illuminate\\Http\\Request))
#48 {main}
"} 
[2024-12-01 03:09:06] local.ERROR: Trying to access array offset on value of type null {"userId":9,"exception":"[object] (ErrorException(code: 0): Trying to access array offset on value of type null at /Applications/MAMP/htdocs/tmracing/app/Http/Controllers/FrontController.php:30)
[stacktrace]
#0 /Applications/MAMP/htdocs/tmracing/vendor/laravel/framework/src/Illuminate/Foundation/Bootstrap/HandleExceptions.php(255): Illuminate\\Foundation\\Bootstrap\\HandleExceptions->handleError(2, 'Trying to acces...', '/Applications/M...', 30)
#1 /Applications/MAMP/htdocs/tmracing/app/Http/Controllers/FrontController.php(30): Illuminate\\Foundation\\Bootstrap\\HandleExceptions->Illuminate\\Foundation\\Bootstrap\\{closure}(2, 'Trying to acces...', '/Applications/M...', 30)
#2 /Applications/MAMP/htdocs/tmracing/vendor/laravel/framework/src/Illuminate/Routing/Controller.php(54): App\\Http\\Controllers\\FrontController->home()
#3 /Applications/MAMP/htdocs/tmracing/vendor/laravel/framework/src/Illuminate/Routing/ControllerDispatcher.php(43): Illuminate\\Routing\\Controller->callAction('home', Array)
#4 /Applications/MAMP/htdocs/tmracing/vendor/laravel/framework/src/Illuminate/Routing/Route.php(259): Illuminate\\Routing\\ControllerDispatcher->dispatch(Object(Illuminate\\Routing\\Route), Object(App\\Http\\Controllers\\FrontController), 'home')
#5 /Applications/MAMP/htdocs/tmracing/vendor/laravel/framework/src/Illuminate/Routing/Route.php(205): Illuminate\\Routing\\Route->runController()
#6 /Applications/MAMP/htdocs/tmracing/vendor/laravel/framework/src/Illuminate/Routing/Router.php(806): Illuminate\\Routing\\Route->run()
#7 /Applications/MAMP/htdocs/tmracing/vendor/laravel/framework/src/Illuminate/Pipeline/Pipeline.php(144): Illuminate\\Routing\\Router->Illuminate\\Routing\\{closure}(Object(Illuminate\\Http\\Request))
#8 /Applications/MAMP/htdocs/tmracing/app/Http/Middleware/CheckForMaintenanceMode.php(58): Illuminate\\Pipeline\\Pipeline->Illuminate\\Pipeline\\{closure}(Object(Illuminate\\Http\\Request))
#9 /Applications/MAMP/htdocs/tmracing/vendor/laravel/framework/src/Illuminate/Pipeline/Pipeline.php(183): App\\Http\\Middleware\\CheckForMaintenanceMode->handle(Object(Illuminate\\Http\\Request), Object(Closure))
#10 /Applications/MAMP/htdocs/tmracing/app/Http/Middleware/HttpsProtocol.php(20): Illuminate\\Pipeline\\Pipeline->Illuminate\\Pipeline\\{closure}(Object(Illuminate\\Http\\Request))
#11 /Applications/MAMP/htdocs/tmracing/vendor/laravel/framework/src/Illuminate/Pipeline/Pipeline.php(183): App\\Http\\Middleware\\HttpsProtocol->handle(Object(Illuminate\\Http\\Request), Object(Closure))
#12 /Applications/MAMP/htdocs/tmracing/app/Http/Middleware/Language.php(31): Illuminate\\Pipeline\\Pipeline->Illuminate\\Pipeline\\{closure}(Object(Illuminate\\Http\\Request))
#13 /Applications/MAMP/htdocs/tmracing/vendor/laravel/framework/src/Illuminate/Pipeline/Pipeline.php(183): App\\Http\\Middleware\\Language->handle(Object(Illuminate\\Http\\Request), Object(Closure))
#14 /Applications/MAMP/htdocs/tmracing/vendor/laravel/framework/src/Illuminate/Routing/Middleware/SubstituteBindings.php(50): Illuminate\\Pipeline\\Pipeline->Illuminate\\Pipeline\\{closure}(Object(Illuminate\\Http\\Request))
#15 /Applications/MAMP/htdocs/tmracing/vendor/laravel/framework/src/Illuminate/Pipeline/Pipeline.php(183): Illuminate\\Routing\\Middleware\\SubstituteBindings->handle(Object(Illuminate\\Http\\Request), Object(Closure))
#16 /Applications/MAMP/htdocs/tmracing/vendor/laravel/framework/src/Illuminate/Foundation/Http/Middleware/VerifyCsrfToken.php(78): Illuminate\\Pipeline\\Pipeline->Illuminate\\Pipeline\\{closure}(Object(Illuminate\\Http\\Request))
#17 /Applications/MAMP/htdocs/tmracing/vendor/laravel/framework/src/Illuminate/Pipeline/Pipeline.php(183): Illuminate\\Foundation\\Http\\Middleware\\VerifyCsrfToken->handle(Object(Illuminate\\Http\\Request), Object(Closure))
#18 /Applications/MAMP/htdocs/tmracing/vendor/laravel/framework/src/Illuminate/View/Middleware/ShareErrorsFromSession.php(49): Illuminate\\Pipeline\\Pipeline->Illuminate\\Pipeline\\{closure}(Object(Illuminate\\Http\\Request))
#19 /Applications/MAMP/htdocs/tmracing/vendor/laravel/framework/src/Illuminate/Pipeline/Pipeline.php(183): Illuminate\\View\\Middleware\\ShareErrorsFromSession->handle(Object(Illuminate\\Http\\Request), Object(Closure))
#20 /Applications/MAMP/htdocs/tmracing/vendor/laravel/framework/src/Illuminate/Session/Middleware/StartSession.php(121): Illuminate\\Pipeline\\Pipeline->Illuminate\\Pipeline\\{closure}(Object(Illuminate\\Http\\Request))
#21 /Applications/MAMP/htdocs/tmracing/vendor/laravel/framework/src/Illuminate/Session/Middleware/StartSession.php(64): Illuminate\\Session\\Middleware\\StartSession->handleStatefulRequest(Object(Illuminate\\Http\\Request), Object(Illuminate\\Session\\Store), Object(Closure))
#22 /Applications/MAMP/htdocs/tmracing/vendor/laravel/framework/src/Illuminate/Pipeline/Pipeline.php(183): Illuminate\\Session\\Middleware\\StartSession->handle(Object(Illuminate\\Http\\Request), Object(Closure))
#23 /Applications/MAMP/htdocs/tmracing/vendor/laravel/framework/src/Illuminate/Cookie/Middleware/AddQueuedCookiesToResponse.php(37): Illuminate\\Pipeline\\Pipeline->Illuminate\\Pipeline\\{closure}(Object(Illuminate\\Http\\Request))
#24 /Applications/MAMP/htdocs/tmracing/vendor/laravel/framework/src/Illuminate/Pipeline/Pipeline.php(183): Illuminate\\Cookie\\Middleware\\AddQueuedCookiesToResponse->handle(Object(Illuminate\\Http\\Request), Object(Closure))
#25 /Applications/MAMP/htdocs/tmracing/vendor/laravel/framework/src/Illuminate/Pipeline/Pipeline.php(119): Illuminate\\Pipeline\\Pipeline->Illuminate\\Pipeline\\{closure}(Object(Illuminate\\Http\\Request))
#26 /Applications/MAMP/htdocs/tmracing/vendor/laravel/framework/src/Illuminate/Routing/Router.php(805): Illuminate\\Pipeline\\Pipeline->then(Object(Closure))
#27 /Applications/MAMP/htdocs/tmracing/vendor/laravel/framework/src/Illuminate/Routing/Router.php(784): Illuminate\\Routing\\Router->runRouteWithinStack(Object(Illuminate\\Routing\\Route), Object(Illuminate\\Http\\Request))
#28 /Applications/MAMP/htdocs/tmracing/vendor/laravel/framework/src/Illuminate/Routing/Router.php(748): Illuminate\\Routing\\Router->runRoute(Object(Illuminate\\Http\\Request), Object(Illuminate\\Routing\\Route))
#29 /Applications/MAMP/htdocs/tmracing/vendor/laravel/framework/src/Illuminate/Routing/Router.php(737): Illuminate\\Routing\\Router->dispatchToRoute(Object(Illuminate\\Http\\Request))
#30 /Applications/MAMP/htdocs/tmracing/vendor/laravel/framework/src/Illuminate/Foundation/Http/Kernel.php(200): Illuminate\\Routing\\Router->dispatch(Object(Illuminate\\Http\\Request))
#31 /Applications/MAMP/htdocs/tmracing/vendor/laravel/framework/src/Illuminate/Pipeline/Pipeline.php(144): Illuminate\\Foundation\\Http\\Kernel->Illuminate\\Foundation\\Http\\{closure}(Object(Illuminate\\Http\\Request))
#32 /Applications/MAMP/htdocs/tmracing/vendor/barryvdh/laravel-debugbar/src/Middleware/InjectDebugbar.php(66): Illuminate\\Pipeline\\Pipeline->Illuminate\\Pipeline\\{closure}(Object(Illuminate\\Http\\Request))
#33 /Applications/MAMP/htdocs/tmracing/vendor/laravel/framework/src/Illuminate/Pipeline/Pipeline.php(183): Barryvdh\\Debugbar\\Middleware\\InjectDebugbar->handle(Object(Illuminate\\Http\\Request), Object(Closure))
#34 /Applications/MAMP/htdocs/tmracing/vendor/laravel/framework/src/Illuminate/Http/Middleware/TrustProxies.php(39): Illuminate\\Pipeline\\Pipeline->Illuminate\\Pipeline\\{closure}(Object(Illuminate\\Http\\Request))
#35 /Applications/MAMP/htdocs/tmracing/vendor/laravel/framework/src/Illuminate/Pipeline/Pipeline.php(183): Illuminate\\Http\\Middleware\\TrustProxies->handle(Object(Illuminate\\Http\\Request), Object(Closure))
#36 /Applications/MAMP/htdocs/tmracing/vendor/laravel/framework/src/Illuminate/Foundation/Http/Middleware/TransformsRequest.php(21): Illuminate\\Pipeline\\Pipeline->Illuminate\\Pipeline\\{closure}(Object(Illuminate\\Http\\Request))
#37 /Applications/MAMP/htdocs/tmracing/vendor/laravel/framework/src/Illuminate/Foundation/Http/Middleware/ConvertEmptyStringsToNull.php(31): Illuminate\\Foundation\\Http\\Middleware\\TransformsRequest->handle(Object(Illuminate\\Http\\Request), Object(Closure))
#38 /Applications/MAMP/htdocs/tmracing/vendor/laravel/framework/src/Illuminate/Pipeline/Pipeline.php(183): Illuminate\\Foundation\\Http\\Middleware\\ConvertEmptyStringsToNull->handle(Object(Illuminate\\Http\\Request), Object(Closure))
#39 /Applications/MAMP/htdocs/tmracing/vendor/laravel/framework/src/Illuminate/Foundation/Http/Middleware/TransformsRequest.php(21): Illuminate\\Pipeline\\Pipeline->Illuminate\\Pipeline\\{closure}(Object(Illuminate\\Http\\Request))
#40 /Applications/MAMP/htdocs/tmracing/vendor/laravel/framework/src/Illuminate/Foundation/Http/Middleware/TrimStrings.php(40): Illuminate\\Foundation\\Http\\Middleware\\TransformsRequest->handle(Object(Illuminate\\Http\\Request), Object(Closure))
#41 /Applications/MAMP/htdocs/tmracing/vendor/laravel/framework/src/Illuminate/Pipeline/Pipeline.php(183): Illuminate\\Foundation\\Http\\Middleware\\TrimStrings->handle(Object(Illuminate\\Http\\Request), Object(Closure))
#42 /Applications/MAMP/htdocs/tmracing/vendor/laravel/framework/src/Illuminate/Foundation/Http/Middleware/ValidatePostSize.php(27): Illuminate\\Pipeline\\Pipeline->Illuminate\\Pipeline\\{closure}(Object(Illuminate\\Http\\Request))
#43 /Applications/MAMP/htdocs/tmracing/vendor/laravel/framework/src/Illuminate/Pipeline/Pipeline.php(183): Illuminate\\Foundation\\Http\\Middleware\\ValidatePostSize->handle(Object(Illuminate\\Http\\Request), Object(Closure))
#44 /Applications/MAMP/htdocs/tmracing/vendor/laravel/framework/src/Illuminate/Pipeline/Pipeline.php(119): Illuminate\\Pipeline\\Pipeline->Illuminate\\Pipeline\\{closure}(Object(Illuminate\\Http\\Request))
#45 /Applications/MAMP/htdocs/tmracing/vendor/laravel/framework/src/Illuminate/Foundation/Http/Kernel.php(175): Illuminate\\Pipeline\\Pipeline->then(Object(Closure))
#46 /Applications/MAMP/htdocs/tmracing/vendor/laravel/framework/src/Illuminate/Foundation/Http/Kernel.php(144): Illuminate\\Foundation\\Http\\Kernel->sendRequestThroughRouter(Object(Illuminate\\Http\\Request))
#47 /Applications/MAMP/htdocs/tmracing/index.php(56): Illuminate\\Foundation\\Http\\Kernel->handle(Object(Illuminate\\Http\\Request))
#48 {main}
"} 
