[2025-11-26 04:20:17] laravel.EMERGENCY: Unable to create configured logger. Using emergency logger. {"exception":"[object] (Error(code: 0): Class \"Illuminate\\Support\\Collection\" not found at /Applications/XAMPP/xamppfiles/htdocs/tmracing/vendor/laravel/framework/src/Illuminate/Collections/helpers.php:18)
[stacktrace]
#0 /Applications/XAMPP/xamppfiles/htdocs/tmracing/vendor/laravel/framework/src/Illuminate/Log/LogManager.php(389): collect(Array)
#1 /Applications/XAMPP/xamppfiles/htdocs/tmracing/vendor/laravel/framework/src/Illuminate/Log/LogManager.php(222): Illuminate\\Log\\LogManager->createMonologDriver(Array)
#2 /Applications/XAMPP/xamppfiles/htdocs/tmracing/vendor/laravel/framework/src/Illuminate/Log/LogManager.php(137): Illuminate\\Log\\LogManager->resolve('deprecations', Array)
#3 /Applications/XAMPP/xamppfiles/htdocs/tmracing/vendor/laravel/framework/src/Illuminate/Log/LogManager.php(124): Illuminate\\Log\\LogManager->get('deprecations')
#4 /Applications/XAMPP/xamppfiles/htdocs/tmracing/vendor/laravel/framework/src/Illuminate/Log/LogManager.php(113): Illuminate\\Log\\LogManager->driver('deprecations')
#5 /Applications/XAMPP/xamppfiles/htdocs/tmracing/vendor/laravel/framework/src/Illuminate/Foundation/Bootstrap/HandleExceptions.php(102): Illuminate\\Log\\LogManager->channel('deprecations')
#6 /Applications/XAMPP/xamppfiles/htdocs/tmracing/vendor/laravel/framework/src/Illuminate/Foundation/Bootstrap/HandleExceptions.php(71): Illuminate\\Foundation\\Bootstrap\\HandleExceptions->handleDeprecationError('Illuminate\\\\Supp...', '/Applications/X...', 384, 8192)
#7 /Applications/XAMPP/xamppfiles/htdocs/tmracing/vendor/laravel/framework/src/Illuminate/Foundation/Bootstrap/HandleExceptions.php(255): Illuminate\\Foundation\\Bootstrap\\HandleExceptions->handleError(8192, 'Illuminate\\\\Supp...', '/Applications/X...', 384)
#8 /Applications/XAMPP/xamppfiles/htdocs/tmracing/vendor/composer/ClassLoader.php(576): Illuminate\\Foundation\\Bootstrap\\HandleExceptions->{closure:Illuminate\\Foundation\\Bootstrap\\HandleExceptions::forwardsTo():254}(8192, 'Illuminate\\\\Supp...', '/Applications/X...', 384)
#9 /Applications/XAMPP/xamppfiles/htdocs/tmracing/vendor/composer/ClassLoader.php(576): include('/Applications/X...')
#10 /Applications/XAMPP/xamppfiles/htdocs/tmracing/vendor/composer/ClassLoader.php(427): {closure:Composer\\Autoload\\ClassLoader::initializeIncludeClosure():575}('/Applications/X...')
#11 /Applications/XAMPP/xamppfiles/htdocs/tmracing/vendor/laravel/framework/src/Illuminate/Collections/helpers.php(18): Composer\\Autoload\\ClassLoader->loadClass('Illuminate\\\\Supp...')
#12 /Applications/XAMPP/xamppfiles/htdocs/tmracing/vendor/laravel/framework/src/Illuminate/Foundation/PackageManifest.php(90): collect(Array)
#13 /Applications/XAMPP/xamppfiles/htdocs/tmracing/vendor/laravel/framework/src/Illuminate/Foundation/PackageManifest.php(79): Illuminate\\Foundation\\PackageManifest->config('aliases')
#14 /Applications/XAMPP/xamppfiles/htdocs/tmracing/vendor/laravel/framework/src/Illuminate/Foundation/Bootstrap/RegisterFacades.php(26): Illuminate\\Foundation\\PackageManifest->aliases()
#15 /Applications/XAMPP/xamppfiles/htdocs/tmracing/vendor/laravel/framework/src/Illuminate/Foundation/Application.php(263): Illuminate\\Foundation\\Bootstrap\\RegisterFacades->bootstrap(Object(Illuminate\\Foundation\\Application))
#16 /Applications/XAMPP/xamppfiles/htdocs/tmracing/vendor/laravel/framework/src/Illuminate/Foundation/Console/Kernel.php(447): Illuminate\\Foundation\\Application->bootstrapWith(Array)
#17 /Applications/XAMPP/xamppfiles/htdocs/tmracing/vendor/laravel/framework/src/Illuminate/Foundation/Console/Kernel.php(199): Illuminate\\Foundation\\Console\\Kernel->bootstrap()
#18 /Applications/XAMPP/xamppfiles/htdocs/tmracing/artisan(35): Illuminate\\Foundation\\Console\\Kernel->handle(Object(Symfony\\Component\\Console\\Input\\ArgvInput), Object(Symfony\\Component\\Console\\Output\\ConsoleOutput))
#19 {main}
"} 
[2025-11-26 04:20:17] laravel.WARNING: Illuminate\Support\Collection::filter(): Implicitly marking parameter $callback as nullable is deprecated, the explicit nullable type must be used instead in /Applications/XAMPP/xamppfiles/htdocs/tmracing/vendor/laravel/framework/src/Illuminate/Collections/Collection.php on line 384  
[2025-11-26 04:20:17] laravel.EMERGENCY: Unable to create configured logger. Using emergency logger. {"exception":"[object] (Error(code: 0): Class \"Illuminate\\Support\\Collection\" not found at /Applications/XAMPP/xamppfiles/htdocs/tmracing/vendor/laravel/framework/src/Illuminate/Collections/helpers.php:18)
[stacktrace]
#0 /Applications/XAMPP/xamppfiles/htdocs/tmracing/vendor/laravel/framework/src/Illuminate/Log/LogManager.php(389): collect(Array)
#1 /Applications/XAMPP/xamppfiles/htdocs/tmracing/vendor/laravel/framework/src/Illuminate/Log/LogManager.php(222): Illuminate\\Log\\LogManager->createMonologDriver(Array)
#2 /Applications/XAMPP/xamppfiles/htdocs/tmracing/vendor/laravel/framework/src/Illuminate/Log/LogManager.php(137): Illuminate\\Log\\LogManager->resolve('deprecations', Array)
#3 /Applications/XAMPP/xamppfiles/htdocs/tmracing/vendor/laravel/framework/src/Illuminate/Log/LogManager.php(124): Illuminate\\Log\\LogManager->get('deprecations')
#4 /Applications/XAMPP/xamppfiles/htdocs/tmracing/vendor/laravel/framework/src/Illuminate/Log/LogManager.php(113): Illuminate\\Log\\LogManager->driver('deprecations')
#5 /Applications/XAMPP/xamppfiles/htdocs/tmracing/vendor/laravel/framework/src/Illuminate/Foundation/Bootstrap/HandleExceptions.php(102): Illuminate\\Log\\LogManager->channel('deprecations')
#6 /Applications/XAMPP/xamppfiles/htdocs/tmracing/vendor/laravel/framework/src/Illuminate/Foundation/Bootstrap/HandleExceptions.php(71): Illuminate\\Foundation\\Bootstrap\\HandleExceptions->handleDeprecationError('Illuminate\\\\Supp...', '/Applications/X...', 402, 8192)
#7 /Applications/XAMPP/xamppfiles/htdocs/tmracing/vendor/laravel/framework/src/Illuminate/Foundation/Bootstrap/HandleExceptions.php(255): Illuminate\\Foundation\\Bootstrap\\HandleExceptions->handleError(8192, 'Illuminate\\\\Supp...', '/Applications/X...', 402)
#8 /Applications/XAMPP/xamppfiles/htdocs/tmracing/vendor/composer/ClassLoader.php(576): Illuminate\\Foundation\\Bootstrap\\HandleExceptions->{closure:Illuminate\\Foundation\\Bootstrap\\HandleExceptions::forwardsTo():254}(8192, 'Illuminate\\\\Supp...', '/Applications/X...', 402)
#9 /Applications/XAMPP/xamppfiles/htdocs/tmracing/vendor/composer/ClassLoader.php(576): include('/Applications/X...')
#10 /Applications/XAMPP/xamppfiles/htdocs/tmracing/vendor/composer/ClassLoader.php(427): {closure:Composer\\Autoload\\ClassLoader::initializeIncludeClosure():575}('/Applications/X...')
#11 /Applications/XAMPP/xamppfiles/htdocs/tmracing/vendor/laravel/framework/src/Illuminate/Collections/helpers.php(18): Composer\\Autoload\\ClassLoader->loadClass('Illuminate\\\\Supp...')
#12 /Applications/XAMPP/xamppfiles/htdocs/tmracing/vendor/laravel/framework/src/Illuminate/Foundation/PackageManifest.php(90): collect(Array)
#13 /Applications/XAMPP/xamppfiles/htdocs/tmracing/vendor/laravel/framework/src/Illuminate/Foundation/PackageManifest.php(79): Illuminate\\Foundation\\PackageManifest->config('aliases')
#14 /Applications/XAMPP/xamppfiles/htdocs/tmracing/vendor/laravel/framework/src/Illuminate/Foundation/Bootstrap/RegisterFacades.php(26): Illuminate\\Foundation\\PackageManifest->aliases()
#15 /Applications/XAMPP/xamppfiles/htdocs/tmracing/vendor/laravel/framework/src/Illuminate/Foundation/Application.php(263): Illuminate\\Foundation\\Bootstrap\\RegisterFacades->bootstrap(Object(Illuminate\\Foundation\\Application))
#16 /Applications/XAMPP/xamppfiles/htdocs/tmracing/vendor/laravel/framework/src/Illuminate/Foundation/Console/Kernel.php(447): Illuminate\\Foundation\\Application->bootstrapWith(Array)
#17 /Applications/XAMPP/xamppfiles/htdocs/tmracing/vendor/laravel/framework/src/Illuminate/Foundation/Console/Kernel.php(199): Illuminate\\Foundation\\Console\\Kernel->bootstrap()
#18 /Applications/XAMPP/xamppfiles/htdocs/tmracing/artisan(35): Illuminate\\Foundation\\Console\\Kernel->handle(Object(Symfony\\Component\\Console\\Input\\ArgvInput), Object(Symfony\\Component\\Console\\Output\\ConsoleOutput))
#19 {main}
"} 
[2025-11-26 04:20:17] laravel.WARNING: Illuminate\Support\Collection::first(): Implicitly marking parameter $callback as nullable is deprecated, the explicit nullable type must be used instead in /Applications/XAMPP/xamppfiles/htdocs/tmracing/vendor/laravel/framework/src/Illuminate/Collections/Collection.php on line 402  
[2025-11-26 04:20:17] laravel.EMERGENCY: Unable to create configured logger. Using emergency logger. {"exception":"[object] (Error(code: 0): Class \"Illuminate\\Support\\Collection\" not found at /Applications/XAMPP/xamppfiles/htdocs/tmracing/vendor/laravel/framework/src/Illuminate/Collections/helpers.php:18)
[stacktrace]
#0 /Applications/XAMPP/xamppfiles/htdocs/tmracing/vendor/laravel/framework/src/Illuminate/Log/LogManager.php(389): collect(Array)
#1 /Applications/XAMPP/xamppfiles/htdocs/tmracing/vendor/laravel/framework/src/Illuminate/Log/LogManager.php(222): Illuminate\\Log\\LogManager->createMonologDriver(Array)
#2 /Applications/XAMPP/xamppfiles/htdocs/tmracing/vendor/laravel/framework/src/Illuminate/Log/LogManager.php(137): Illuminate\\Log\\LogManager->resolve('deprecations', Array)
#3 /Applications/XAMPP/xamppfiles/htdocs/tmracing/vendor/laravel/framework/src/Illuminate/Log/LogManager.php(124): Illuminate\\Log\\LogManager->get('deprecations')
#4 /Applications/XAMPP/xamppfiles/htdocs/tmracing/vendor/laravel/framework/src/Illuminate/Log/LogManager.php(113): Illuminate\\Log\\LogManager->driver('deprecations')
#5 /Applications/XAMPP/xamppfiles/htdocs/tmracing/vendor/laravel/framework/src/Illuminate/Foundation/Bootstrap/HandleExceptions.php(102): Illuminate\\Log\\LogManager->channel('deprecations')
#6 /Applications/XAMPP/xamppfiles/htdocs/tmracing/vendor/laravel/framework/src/Illuminate/Foundation/Bootstrap/HandleExceptions.php(71): Illuminate\\Foundation\\Bootstrap\\HandleExceptions->handleDeprecationError('Illuminate\\\\Supp...', '/Applications/X...', 750, 8192)
#7 /Applications/XAMPP/xamppfiles/htdocs/tmracing/vendor/laravel/framework/src/Illuminate/Foundation/Bootstrap/HandleExceptions.php(255): Illuminate\\Foundation\\Bootstrap\\HandleExceptions->handleError(8192, 'Illuminate\\\\Supp...', '/Applications/X...', 750)
#8 /Applications/XAMPP/xamppfiles/htdocs/tmracing/vendor/composer/ClassLoader.php(576): Illuminate\\Foundation\\Bootstrap\\HandleExceptions->{closure:Illuminate\\Foundation\\Bootstrap\\HandleExceptions::forwardsTo():254}(8192, 'Illuminate\\\\Supp...', '/Applications/X...', 750)
#9 /Applications/XAMPP/xamppfiles/htdocs/tmracing/vendor/composer/ClassLoader.php(576): include('/Applications/X...')
#10 /Applications/XAMPP/xamppfiles/htdocs/tmracing/vendor/composer/ClassLoader.php(427): {closure:Composer\\Autoload\\ClassLoader::initializeIncludeClosure():575}('/Applications/X...')
#11 /Applications/XAMPP/xamppfiles/htdocs/tmracing/vendor/laravel/framework/src/Illuminate/Collections/helpers.php(18): Composer\\Autoload\\ClassLoader->loadClass('Illuminate\\\\Supp...')
#12 /Applications/XAMPP/xamppfiles/htdocs/tmracing/vendor/laravel/framework/src/Illuminate/Foundation/PackageManifest.php(90): collect(Array)
#13 /Applications/XAMPP/xamppfiles/htdocs/tmracing/vendor/laravel/framework/src/Illuminate/Foundation/PackageManifest.php(79): Illuminate\\Foundation\\PackageManifest->config('aliases')
#14 /Applications/XAMPP/xamppfiles/htdocs/tmracing/vendor/laravel/framework/src/Illuminate/Foundation/Bootstrap/RegisterFacades.php(26): Illuminate\\Foundation\\PackageManifest->aliases()
#15 /Applications/XAMPP/xamppfiles/htdocs/tmracing/vendor/laravel/framework/src/Illuminate/Foundation/Application.php(263): Illuminate\\Foundation\\Bootstrap\\RegisterFacades->bootstrap(Object(Illuminate\\Foundation\\Application))
#16 /Applications/XAMPP/xamppfiles/htdocs/tmracing/vendor/laravel/framework/src/Illuminate/Foundation/Console/Kernel.php(447): Illuminate\\Foundation\\Application->bootstrapWith(Array)
#17 /Applications/XAMPP/xamppfiles/htdocs/tmracing/vendor/laravel/framework/src/Illuminate/Foundation/Console/Kernel.php(199): Illuminate\\Foundation\\Console\\Kernel->bootstrap()
#18 /Applications/XAMPP/xamppfiles/htdocs/tmracing/artisan(35): Illuminate\\Foundation\\Console\\Kernel->handle(Object(Symfony\\Component\\Console\\Input\\ArgvInput), Object(Symfony\\Component\\Console\\Output\\ConsoleOutput))
#19 {main}
"} 
[2025-11-26 04:20:17] laravel.WARNING: Illuminate\Support\Collection::last(): Implicitly marking parameter $callback as nullable is deprecated, the explicit nullable type must be used instead in /Applications/XAMPP/xamppfiles/htdocs/tmracing/vendor/laravel/framework/src/Illuminate/Collections/Collection.php on line 750  
[2025-11-26 04:20:17] laravel.EMERGENCY: Unable to create configured logger. Using emergency logger. {"exception":"[object] (Error(code: 0): Class \"Illuminate\\Support\\Collection\" not found at /Applications/XAMPP/xamppfiles/htdocs/tmracing/vendor/laravel/framework/src/Illuminate/Collections/helpers.php:18)
[stacktrace]
#0 /Applications/XAMPP/xamppfiles/htdocs/tmracing/vendor/laravel/framework/src/Illuminate/Log/LogManager.php(389): collect(Array)
#1 /Applications/XAMPP/xamppfiles/htdocs/tmracing/vendor/laravel/framework/src/Illuminate/Log/LogManager.php(222): Illuminate\\Log\\LogManager->createMonologDriver(Array)
#2 /Applications/XAMPP/xamppfiles/htdocs/tmracing/vendor/laravel/framework/src/Illuminate/Log/LogManager.php(137): Illuminate\\Log\\LogManager->resolve('deprecations', Array)
#3 /Applications/XAMPP/xamppfiles/htdocs/tmracing/vendor/laravel/framework/src/Illuminate/Log/LogManager.php(124): Illuminate\\Log\\LogManager->get('deprecations')
#4 /Applications/XAMPP/xamppfiles/htdocs/tmracing/vendor/laravel/framework/src/Illuminate/Log/LogManager.php(113): Illuminate\\Log\\LogManager->driver('deprecations')
#5 /Applications/XAMPP/xamppfiles/htdocs/tmracing/vendor/laravel/framework/src/Illuminate/Foundation/Bootstrap/HandleExceptions.php(102): Illuminate\\Log\\LogManager->channel('deprecations')
#6 /Applications/XAMPP/xamppfiles/htdocs/tmracing/vendor/laravel/framework/src/Illuminate/Foundation/Bootstrap/HandleExceptions.php(71): Illuminate\\Foundation\\Bootstrap\\HandleExceptions->handleDeprecationError('Illuminate\\\\Supp...', '/Applications/X...', 167, 8192)
#7 /Applications/XAMPP/xamppfiles/htdocs/tmracing/vendor/laravel/framework/src/Illuminate/Foundation/Bootstrap/HandleExceptions.php(255): Illuminate\\Foundation\\Bootstrap\\HandleExceptions->handleError(8192, 'Illuminate\\\\Supp...', '/Applications/X...', 167)
#8 /Applications/XAMPP/xamppfiles/htdocs/tmracing/vendor/composer/ClassLoader.php(576): Illuminate\\Foundation\\Bootstrap\\HandleExceptions->{closure:Illuminate\\Foundation\\Bootstrap\\HandleExceptions::forwardsTo():254}(8192, 'Illuminate\\\\Supp...', '/Applications/X...', 167)
#9 /Applications/XAMPP/xamppfiles/htdocs/tmracing/vendor/composer/ClassLoader.php(576): include('/Applications/X...')
#10 /Applications/XAMPP/xamppfiles/htdocs/tmracing/vendor/composer/ClassLoader.php(427): {closure:Composer\\Autoload\\ClassLoader::initializeIncludeClosure():575}('/Applications/X...')
#11 /Applications/XAMPP/xamppfiles/htdocs/tmracing/vendor/laravel/framework/src/Illuminate/Collections/Collection.php(21): Composer\\Autoload\\ClassLoader->loadClass('Illuminate\\\\Supp...')
#12 /Applications/XAMPP/xamppfiles/htdocs/tmracing/vendor/composer/ClassLoader.php(576): include('/Applications/X...')
#13 /Applications/XAMPP/xamppfiles/htdocs/tmracing/vendor/composer/ClassLoader.php(427): {closure:Composer\\Autoload\\ClassLoader::initializeIncludeClosure():575}('/Applications/X...')
#14 /Applications/XAMPP/xamppfiles/htdocs/tmracing/vendor/laravel/framework/src/Illuminate/Collections/helpers.php(18): Composer\\Autoload\\ClassLoader->loadClass('Illuminate\\\\Supp...')
#15 /Applications/XAMPP/xamppfiles/htdocs/tmracing/vendor/laravel/framework/src/Illuminate/Foundation/PackageManifest.php(90): collect(Array)
#16 /Applications/XAMPP/xamppfiles/htdocs/tmracing/vendor/laravel/framework/src/Illuminate/Foundation/PackageManifest.php(79): Illuminate\\Foundation\\PackageManifest->config('aliases')
#17 /Applications/XAMPP/xamppfiles/htdocs/tmracing/vendor/laravel/framework/src/Illuminate/Foundation/Bootstrap/RegisterFacades.php(26): Illuminate\\Foundation\\PackageManifest->aliases()
#18 /Applications/XAMPP/xamppfiles/htdocs/tmracing/vendor/laravel/framework/src/Illuminate/Foundation/Application.php(263): Illuminate\\Foundation\\Bootstrap\\RegisterFacades->bootstrap(Object(Illuminate\\Foundation\\Application))
#19 /Applications/XAMPP/xamppfiles/htdocs/tmracing/vendor/laravel/framework/src/Illuminate/Foundation/Console/Kernel.php(447): Illuminate\\Foundation\\Application->bootstrapWith(Array)
#20 /Applications/XAMPP/xamppfiles/htdocs/tmracing/vendor/laravel/framework/src/Illuminate/Foundation/Console/Kernel.php(199): Illuminate\\Foundation\\Console\\Kernel->bootstrap()
#21 /Applications/XAMPP/xamppfiles/htdocs/tmracing/artisan(35): Illuminate\\Foundation\\Console\\Kernel->handle(Object(Symfony\\Component\\Console\\Input\\ArgvInput), Object(Symfony\\Component\\Console\\Output\\ConsoleOutput))
#22 {main}
"} 
[2025-11-26 04:20:17] laravel.WARNING: Illuminate\Support\Traits\EnumeratesValues::times(): Implicitly marking parameter $callback as nullable is deprecated, the explicit nullable type must be used instead in /Applications/XAMPP/xamppfiles/htdocs/tmracing/vendor/laravel/framework/src/Illuminate/Collections/Traits/EnumeratesValues.php on line 167  
[2025-11-26 04:20:17] laravel.EMERGENCY: Unable to create configured logger. Using emergency logger. {"exception":"[object] (Error(code: 0): Class \"Illuminate\\Support\\Collection\" not found at /Applications/XAMPP/xamppfiles/htdocs/tmracing/vendor/laravel/framework/src/Illuminate/Collections/helpers.php:18)
[stacktrace]
#0 /Applications/XAMPP/xamppfiles/htdocs/tmracing/vendor/laravel/framework/src/Illuminate/Log/LogManager.php(389): collect(Array)
#1 /Applications/XAMPP/xamppfiles/htdocs/tmracing/vendor/laravel/framework/src/Illuminate/Log/LogManager.php(222): Illuminate\\Log\\LogManager->createMonologDriver(Array)
#2 /Applications/XAMPP/xamppfiles/htdocs/tmracing/vendor/laravel/framework/src/Illuminate/Log/LogManager.php(137): Illuminate\\Log\\LogManager->resolve('deprecations', Array)
#3 /Applications/XAMPP/xamppfiles/htdocs/tmracing/vendor/laravel/framework/src/Illuminate/Log/LogManager.php(124): Illuminate\\Log\\LogManager->get('deprecations')
#4 /Applications/XAMPP/xamppfiles/htdocs/tmracing/vendor/laravel/framework/src/Illuminate/Log/LogManager.php(113): Illuminate\\Log\\LogManager->driver('deprecations')
#5 /Applications/XAMPP/xamppfiles/htdocs/tmracing/vendor/laravel/framework/src/Illuminate/Foundation/Bootstrap/HandleExceptions.php(102): Illuminate\\Log\\LogManager->channel('deprecations')
#6 /Applications/XAMPP/xamppfiles/htdocs/tmracing/vendor/laravel/framework/src/Illuminate/Foundation/Bootstrap/HandleExceptions.php(71): Illuminate\\Foundation\\Bootstrap\\HandleExceptions->handleDeprecationError('Illuminate\\\\Supp...', '/Applications/X...', 537, 8192)
#7 /Applications/XAMPP/xamppfiles/htdocs/tmracing/vendor/laravel/framework/src/Illuminate/Foundation/Bootstrap/HandleExceptions.php(255): Illuminate\\Foundation\\Bootstrap\\HandleExceptions->handleError(8192, 'Illuminate\\\\Supp...', '/Applications/X...', 537)
#8 /Applications/XAMPP/xamppfiles/htdocs/tmracing/vendor/composer/ClassLoader.php(576): Illuminate\\Foundation\\Bootstrap\\HandleExceptions->{closure:Illuminate\\Foundation\\Bootstrap\\HandleExceptions::forwardsTo():254}(8192, 'Illuminate\\\\Supp...', '/Applications/X...', 537)
#9 /Applications/XAMPP/xamppfiles/htdocs/tmracing/vendor/composer/ClassLoader.php(576): include('/Applications/X...')
#10 /Applications/XAMPP/xamppfiles/htdocs/tmracing/vendor/composer/ClassLoader.php(427): {closure:Composer\\Autoload\\ClassLoader::initializeIncludeClosure():575}('/Applications/X...')
#11 /Applications/XAMPP/xamppfiles/htdocs/tmracing/vendor/laravel/framework/src/Illuminate/Collections/Collection.php(21): Composer\\Autoload\\ClassLoader->loadClass('Illuminate\\\\Supp...')
#12 /Applications/XAMPP/xamppfiles/htdocs/tmracing/vendor/composer/ClassLoader.php(576): include('/Applications/X...')
#13 /Applications/XAMPP/xamppfiles/htdocs/tmracing/vendor/composer/ClassLoader.php(427): {closure:Composer\\Autoload\\ClassLoader::initializeIncludeClosure():575}('/Applications/X...')
#14 /Applications/XAMPP/xamppfiles/htdocs/tmracing/vendor/laravel/framework/src/Illuminate/Collections/helpers.php(18): Composer\\Autoload\\ClassLoader->loadClass('Illuminate\\\\Supp...')
#15 /Applications/XAMPP/xamppfiles/htdocs/tmracing/vendor/laravel/framework/src/Illuminate/Foundation/PackageManifest.php(90): collect(Array)
#16 /Applications/XAMPP/xamppfiles/htdocs/tmracing/vendor/laravel/framework/src/Illuminate/Foundation/PackageManifest.php(79): Illuminate\\Foundation\\PackageManifest->config('aliases')
#17 /Applications/XAMPP/xamppfiles/htdocs/tmracing/vendor/laravel/framework/src/Illuminate/Foundation/Bootstrap/RegisterFacades.php(26): Illuminate\\Foundation\\PackageManifest->aliases()
#18 /Applications/XAMPP/xamppfiles/htdocs/tmracing/vendor/laravel/framework/src/Illuminate/Foundation/Application.php(263): Illuminate\\Foundation\\Bootstrap\\RegisterFacades->bootstrap(Object(Illuminate\\Foundation\\Application))
#19 /Applications/XAMPP/xamppfiles/htdocs/tmracing/vendor/laravel/framework/src/Illuminate/Foundation/Console/Kernel.php(447): Illuminate\\Foundation\\Application->bootstrapWith(Array)
#20 /Applications/XAMPP/xamppfiles/htdocs/tmracing/vendor/laravel/framework/src/Illuminate/Foundation/Console/Kernel.php(199): Illuminate\\Foundation\\Console\\Kernel->bootstrap()
#21 /Applications/XAMPP/xamppfiles/htdocs/tmracing/artisan(35): Illuminate\\Foundation\\Console\\Kernel->handle(Object(Symfony\\Component\\Console\\Input\\ArgvInput), Object(Symfony\\Component\\Console\\Output\\ConsoleOutput))
#22 {main}
"} 
[2025-11-26 04:20:17] laravel.WARNING: Illuminate\Support\Traits\EnumeratesValues::whenEmpty(): Implicitly marking parameter $default as nullable is deprecated, the explicit nullable type must be used instead in /Applications/XAMPP/xamppfiles/htdocs/tmracing/vendor/laravel/framework/src/Illuminate/Collections/Traits/EnumeratesValues.php on line 537  
[2025-11-26 04:20:17] laravel.EMERGENCY: Unable to create configured logger. Using emergency logger. {"exception":"[object] (Error(code: 0): Class \"Illuminate\\Support\\Collection\" not found at /Applications/XAMPP/xamppfiles/htdocs/tmracing/vendor/laravel/framework/src/Illuminate/Collections/helpers.php:18)
[stacktrace]
#0 /Applications/XAMPP/xamppfiles/htdocs/tmracing/vendor/laravel/framework/src/Illuminate/Log/LogManager.php(389): collect(Array)
#1 /Applications/XAMPP/xamppfiles/htdocs/tmracing/vendor/laravel/framework/src/Illuminate/Log/LogManager.php(222): Illuminate\\Log\\LogManager->createMonologDriver(Array)
#2 /Applications/XAMPP/xamppfiles/htdocs/tmracing/vendor/laravel/framework/src/Illuminate/Log/LogManager.php(137): Illuminate\\Log\\LogManager->resolve('deprecations', Array)
#3 /Applications/XAMPP/xamppfiles/htdocs/tmracing/vendor/laravel/framework/src/Illuminate/Log/LogManager.php(124): Illuminate\\Log\\LogManager->get('deprecations')
#4 /Applications/XAMPP/xamppfiles/htdocs/tmracing/vendor/laravel/framework/src/Illuminate/Log/LogManager.php(113): Illuminate\\Log\\LogManager->driver('deprecations')
#5 /Applications/XAMPP/xamppfiles/htdocs/tmracing/vendor/laravel/framework/src/Illuminate/Foundation/Bootstrap/HandleExceptions.php(102): Illuminate\\Log\\LogManager->channel('deprecations')
#6 /Applications/XAMPP/xamppfiles/htdocs/tmracing/vendor/laravel/framework/src/Illuminate/Foundation/Bootstrap/HandleExceptions.php(71): Illuminate\\Foundation\\Bootstrap\\HandleExceptions->handleDeprecationError('Illuminate\\\\Supp...', '/Applications/X...', 551, 8192)
#7 /Applications/XAMPP/xamppfiles/htdocs/tmracing/vendor/laravel/framework/src/Illuminate/Foundation/Bootstrap/HandleExceptions.php(255): Illuminate\\Foundation\\Bootstrap\\HandleExceptions->handleError(8192, 'Illuminate\\\\Supp...', '/Applications/X...', 551)
#8 /Applications/XAMPP/xamppfiles/htdocs/tmracing/vendor/composer/ClassLoader.php(576): Illuminate\\Foundation\\Bootstrap\\HandleExceptions->{closure:Illuminate\\Foundation\\Bootstrap\\HandleExceptions::forwardsTo():254}(8192, 'Illuminate\\\\Supp...', '/Applications/X...', 551)
#9 /Applications/XAMPP/xamppfiles/htdocs/tmracing/vendor/composer/ClassLoader.php(576): include('/Applications/X...')
#10 /Applications/XAMPP/xamppfiles/htdocs/tmracing/vendor/composer/ClassLoader.php(427): {closure:Composer\\Autoload\\ClassLoader::initializeIncludeClosure():575}('/Applications/X...')
#11 /Applications/XAMPP/xamppfiles/htdocs/tmracing/vendor/laravel/framework/src/Illuminate/Collections/Collection.php(21): Composer\\Autoload\\ClassLoader->loadClass('Illuminate\\\\Supp...')
#12 /Applications/XAMPP/xamppfiles/htdocs/tmracing/vendor/composer/ClassLoader.php(576): include('/Applications/X...')
#13 /Applications/XAMPP/xamppfiles/htdocs/tmracing/vendor/composer/ClassLoader.php(427): {closure:Composer\\Autoload\\ClassLoader::initializeIncludeClosure():575}('/Applications/X...')
#14 /Applications/XAMPP/xamppfiles/htdocs/tmracing/vendor/laravel/framework/src/Illuminate/Collections/helpers.php(18): Composer\\Autoload\\ClassLoader->loadClass('Illuminate\\\\Supp...')
#15 /Applications/XAMPP/xamppfiles/htdocs/tmracing/vendor/laravel/framework/src/Illuminate/Foundation/PackageManifest.php(90): collect(Array)
#16 /Applications/XAMPP/xamppfiles/htdocs/tmracing/vendor/laravel/framework/src/Illuminate/Foundation/PackageManifest.php(79): Illuminate\\Foundation\\PackageManifest->config('aliases')
#17 /Applications/XAMPP/xamppfiles/htdocs/tmracing/vendor/laravel/framework/src/Illuminate/Foundation/Bootstrap/RegisterFacades.php(26): Illuminate\\Foundation\\PackageManifest->aliases()
#18 /Applications/XAMPP/xamppfiles/htdocs/tmracing/vendor/laravel/framework/src/Illuminate/Foundation/Application.php(263): Illuminate\\Foundation\\Bootstrap\\RegisterFacades->bootstrap(Object(Illuminate\\Foundation\\Application))
#19 /Applications/XAMPP/xamppfiles/htdocs/tmracing/vendor/laravel/framework/src/Illuminate/Foundation/Console/Kernel.php(447): Illuminate\\Foundation\\Application->bootstrapWith(Array)
#20 /Applications/XAMPP/xamppfiles/htdocs/tmracing/vendor/laravel/framework/src/Illuminate/Foundation/Console/Kernel.php(199): Illuminate\\Foundation\\Console\\Kernel->bootstrap()
#21 /Applications/XAMPP/xamppfiles/htdocs/tmracing/artisan(35): Illuminate\\Foundation\\Console\\Kernel->handle(Object(Symfony\\Component\\Console\\Input\\ArgvInput), Object(Symfony\\Component\\Console\\Output\\ConsoleOutput))
#22 {main}
"} 
[2025-11-26 04:20:17] laravel.WARNING: Illuminate\Support\Traits\EnumeratesValues::whenNotEmpty(): Implicitly marking parameter $default as nullable is deprecated, the explicit nullable type must be used instead in /Applications/XAMPP/xamppfiles/htdocs/tmracing/vendor/laravel/framework/src/Illuminate/Collections/Traits/EnumeratesValues.php on line 551  
[2025-11-26 04:20:17] laravel.EMERGENCY: Unable to create configured logger. Using emergency logger. {"exception":"[object] (Error(code: 0): Class \"Illuminate\\Support\\Collection\" not found at /Applications/XAMPP/xamppfiles/htdocs/tmracing/vendor/laravel/framework/src/Illuminate/Collections/helpers.php:18)
[stacktrace]
#0 /Applications/XAMPP/xamppfiles/htdocs/tmracing/vendor/laravel/framework/src/Illuminate/Log/LogManager.php(389): collect(Array)
#1 /Applications/XAMPP/xamppfiles/htdocs/tmracing/vendor/laravel/framework/src/Illuminate/Log/LogManager.php(222): Illuminate\\Log\\LogManager->createMonologDriver(Array)
#2 /Applications/XAMPP/xamppfiles/htdocs/tmracing/vendor/laravel/framework/src/Illuminate/Log/LogManager.php(137): Illuminate\\Log\\LogManager->resolve('deprecations', Array)
#3 /Applications/XAMPP/xamppfiles/htdocs/tmracing/vendor/laravel/framework/src/Illuminate/Log/LogManager.php(124): Illuminate\\Log\\LogManager->get('deprecations')
#4 /Applications/XAMPP/xamppfiles/htdocs/tmracing/vendor/laravel/framework/src/Illuminate/Log/LogManager.php(113): Illuminate\\Log\\LogManager->driver('deprecations')
#5 /Applications/XAMPP/xamppfiles/htdocs/tmracing/vendor/laravel/framework/src/Illuminate/Foundation/Bootstrap/HandleExceptions.php(102): Illuminate\\Log\\LogManager->channel('deprecations')
#6 /Applications/XAMPP/xamppfiles/htdocs/tmracing/vendor/laravel/framework/src/Illuminate/Foundation/Bootstrap/HandleExceptions.php(71): Illuminate\\Foundation\\Bootstrap\\HandleExceptions->handleDeprecationError('Illuminate\\\\Supp...', '/Applications/X...', 565, 8192)
#7 /Applications/XAMPP/xamppfiles/htdocs/tmracing/vendor/laravel/framework/src/Illuminate/Foundation/Bootstrap/HandleExceptions.php(255): Illuminate\\Foundation\\Bootstrap\\HandleExceptions->handleError(8192, 'Illuminate\\\\Supp...', '/Applications/X...', 565)
#8 /Applications/XAMPP/xamppfiles/htdocs/tmracing/vendor/composer/ClassLoader.php(576): Illuminate\\Foundation\\Bootstrap\\HandleExceptions->{closure:Illuminate\\Foundation\\Bootstrap\\HandleExceptions::forwardsTo():254}(8192, 'Illuminate\\\\Supp...', '/Applications/X...', 565)
#9 /Applications/XAMPP/xamppfiles/htdocs/tmracing/vendor/composer/ClassLoader.php(576): include('/Applications/X...')
#10 /Applications/XAMPP/xamppfiles/htdocs/tmracing/vendor/composer/ClassLoader.php(427): {closure:Composer\\Autoload\\ClassLoader::initializeIncludeClosure():575}('/Applications/X...')
#11 /Applications/XAMPP/xamppfiles/htdocs/tmracing/vendor/laravel/framework/src/Illuminate/Collections/Collection.php(21): Composer\\Autoload\\ClassLoader->loadClass('Illuminate\\\\Supp...')
#12 /Applications/XAMPP/xamppfiles/htdocs/tmracing/vendor/composer/ClassLoader.php(576): include('/Applications/X...')
#13 /Applications/XAMPP/xamppfiles/htdocs/tmracing/vendor/composer/ClassLoader.php(427): {closure:Composer\\Autoload\\ClassLoader::initializeIncludeClosure():575}('/Applications/X...')
#14 /Applications/XAMPP/xamppfiles/htdocs/tmracing/vendor/laravel/framework/src/Illuminate/Collections/helpers.php(18): Composer\\Autoload\\ClassLoader->loadClass('Illuminate\\\\Supp...')
#15 /Applications/XAMPP/xamppfiles/htdocs/tmracing/vendor/laravel/framework/src/Illuminate/Foundation/PackageManifest.php(90): collect(Array)
#16 /Applications/XAMPP/xamppfiles/htdocs/tmracing/vendor/laravel/framework/src/Illuminate/Foundation/PackageManifest.php(79): Illuminate\\Foundation\\PackageManifest->config('aliases')
#17 /Applications/XAMPP/xamppfiles/htdocs/tmracing/vendor/laravel/framework/src/Illuminate/Foundation/Bootstrap/RegisterFacades.php(26): Illuminate\\Foundation\\PackageManifest->aliases()
#18 /Applications/XAMPP/xamppfiles/htdocs/tmracing/vendor/laravel/framework/src/Illuminate/Foundation/Application.php(263): Illuminate\\Foundation\\Bootstrap\\RegisterFacades->bootstrap(Object(Illuminate\\Foundation\\Application))
#19 /Applications/XAMPP/xamppfiles/htdocs/tmracing/vendor/laravel/framework/src/Illuminate/Foundation/Console/Kernel.php(447): Illuminate\\Foundation\\Application->bootstrapWith(Array)
#20 /Applications/XAMPP/xamppfiles/htdocs/tmracing/vendor/laravel/framework/src/Illuminate/Foundation/Console/Kernel.php(199): Illuminate\\Foundation\\Console\\Kernel->bootstrap()
#21 /Applications/XAMPP/xamppfiles/htdocs/tmracing/artisan(35): Illuminate\\Foundation\\Console\\Kernel->handle(Object(Symfony\\Component\\Console\\Input\\ArgvInput), Object(Symfony\\Component\\Console\\Output\\ConsoleOutput))
#22 {main}
"} 
[2025-11-26 04:20:17] laravel.WARNING: Illuminate\Support\Traits\EnumeratesValues::unlessEmpty(): Implicitly marking parameter $default as nullable is deprecated, the explicit nullable type must be used instead in /Applications/XAMPP/xamppfiles/htdocs/tmracing/vendor/laravel/framework/src/Illuminate/Collections/Traits/EnumeratesValues.php on line 565  
[2025-11-26 04:20:17] laravel.EMERGENCY: Unable to create configured logger. Using emergency logger. {"exception":"[object] (Error(code: 0): Class \"Illuminate\\Support\\Collection\" not found at /Applications/XAMPP/xamppfiles/htdocs/tmracing/vendor/laravel/framework/src/Illuminate/Collections/helpers.php:18)
[stacktrace]
#0 /Applications/XAMPP/xamppfiles/htdocs/tmracing/vendor/laravel/framework/src/Illuminate/Log/LogManager.php(389): collect(Array)
#1 /Applications/XAMPP/xamppfiles/htdocs/tmracing/vendor/laravel/framework/src/Illuminate/Log/LogManager.php(222): Illuminate\\Log\\LogManager->createMonologDriver(Array)
#2 /Applications/XAMPP/xamppfiles/htdocs/tmracing/vendor/laravel/framework/src/Illuminate/Log/LogManager.php(137): Illuminate\\Log\\LogManager->resolve('deprecations', Array)
#3 /Applications/XAMPP/xamppfiles/htdocs/tmracing/vendor/laravel/framework/src/Illuminate/Log/LogManager.php(124): Illuminate\\Log\\LogManager->get('deprecations')
#4 /Applications/XAMPP/xamppfiles/htdocs/tmracing/vendor/laravel/framework/src/Illuminate/Log/LogManager.php(113): Illuminate\\Log\\LogManager->driver('deprecations')
#5 /Applications/XAMPP/xamppfiles/htdocs/tmracing/vendor/laravel/framework/src/Illuminate/Foundation/Bootstrap/HandleExceptions.php(102): Illuminate\\Log\\LogManager->channel('deprecations')
#6 /Applications/XAMPP/xamppfiles/htdocs/tmracing/vendor/laravel/framework/src/Illuminate/Foundation/Bootstrap/HandleExceptions.php(71): Illuminate\\Foundation\\Bootstrap\\HandleExceptions->handleDeprecationError('Illuminate\\\\Supp...', '/Applications/X...', 579, 8192)
#7 /Applications/XAMPP/xamppfiles/htdocs/tmracing/vendor/laravel/framework/src/Illuminate/Foundation/Bootstrap/HandleExceptions.php(255): Illuminate\\Foundation\\Bootstrap\\HandleExceptions->handleError(8192, 'Illuminate\\\\Supp...', '/Applications/X...', 579)
#8 /Applications/XAMPP/xamppfiles/htdocs/tmracing/vendor/composer/ClassLoader.php(576): Illuminate\\Foundation\\Bootstrap\\HandleExceptions->{closure:Illuminate\\Foundation\\Bootstrap\\HandleExceptions::forwardsTo():254}(8192, 'Illuminate\\\\Supp...', '/Applications/X...', 579)
#9 /Applications/XAMPP/xamppfiles/htdocs/tmracing/vendor/composer/ClassLoader.php(576): include('/Applications/X...')
#10 /Applications/XAMPP/xamppfiles/htdocs/tmracing/vendor/composer/ClassLoader.php(427): {closure:Composer\\Autoload\\ClassLoader::initializeIncludeClosure():575}('/Applications/X...')
#11 /Applications/XAMPP/xamppfiles/htdocs/tmracing/vendor/laravel/framework/src/Illuminate/Collections/Collection.php(21): Composer\\Autoload\\ClassLoader->loadClass('Illuminate\\\\Supp...')
#12 /Applications/XAMPP/xamppfiles/htdocs/tmracing/vendor/composer/ClassLoader.php(576): include('/Applications/X...')
#13 /Applications/XAMPP/xamppfiles/htdocs/tmracing/vendor/composer/ClassLoader.php(427): {closure:Composer\\Autoload\\ClassLoader::initializeIncludeClosure():575}('/Applications/X...')
#14 /Applications/XAMPP/xamppfiles/htdocs/tmracing/vendor/laravel/framework/src/Illuminate/Collections/helpers.php(18): Composer\\Autoload\\ClassLoader->loadClass('Illuminate\\\\Supp...')
#15 /Applications/XAMPP/xamppfiles/htdocs/tmracing/vendor/laravel/framework/src/Illuminate/Foundation/PackageManifest.php(90): collect(Array)
#16 /Applications/XAMPP/xamppfiles/htdocs/tmracing/vendor/laravel/framework/src/Illuminate/Foundation/PackageManifest.php(79): Illuminate\\Foundation\\PackageManifest->config('aliases')
#17 /Applications/XAMPP/xamppfiles/htdocs/tmracing/vendor/laravel/framework/src/Illuminate/Foundation/Bootstrap/RegisterFacades.php(26): Illuminate\\Foundation\\PackageManifest->aliases()
#18 /Applications/XAMPP/xamppfiles/htdocs/tmracing/vendor/laravel/framework/src/Illuminate/Foundation/Application.php(263): Illuminate\\Foundation\\Bootstrap\\RegisterFacades->bootstrap(Object(Illuminate\\Foundation\\Application))
#19 /Applications/XAMPP/xamppfiles/htdocs/tmracing/vendor/laravel/framework/src/Illuminate/Foundation/Console/Kernel.php(447): Illuminate\\Foundation\\Application->bootstrapWith(Array)
#20 /Applications/XAMPP/xamppfiles/htdocs/tmracing/vendor/laravel/framework/src/Illuminate/Foundation/Console/Kernel.php(199): Illuminate\\Foundation\\Console\\Kernel->bootstrap()
#21 /Applications/XAMPP/xamppfiles/htdocs/tmracing/artisan(35): Illuminate\\Foundation\\Console\\Kernel->handle(Object(Symfony\\Component\\Console\\Input\\ArgvInput), Object(Symfony\\Component\\Console\\Output\\ConsoleOutput))
#22 {main}
"} 
[2025-11-26 04:20:17] laravel.WARNING: Illuminate\Support\Traits\EnumeratesValues::unlessNotEmpty(): Implicitly marking parameter $default as nullable is deprecated, the explicit nullable type must be used instead in /Applications/XAMPP/xamppfiles/htdocs/tmracing/vendor/laravel/framework/src/Illuminate/Collections/Traits/EnumeratesValues.php on line 579  
[2025-11-26 04:20:17] laravel.EMERGENCY: Unable to create configured logger. Using emergency logger. {"exception":"[object] (Error(code: 0): Class \"Illuminate\\Support\\Collection\" not found at /Applications/XAMPP/xamppfiles/htdocs/tmracing/vendor/laravel/framework/src/Illuminate/Collections/helpers.php:18)
[stacktrace]
#0 /Applications/XAMPP/xamppfiles/htdocs/tmracing/vendor/laravel/framework/src/Illuminate/Log/LogManager.php(389): collect(Array)
#1 /Applications/XAMPP/xamppfiles/htdocs/tmracing/vendor/laravel/framework/src/Illuminate/Log/LogManager.php(222): Illuminate\\Log\\LogManager->createMonologDriver(Array)
#2 /Applications/XAMPP/xamppfiles/htdocs/tmracing/vendor/laravel/framework/src/Illuminate/Log/LogManager.php(137): Illuminate\\Log\\LogManager->resolve('deprecations', Array)
#3 /Applications/XAMPP/xamppfiles/htdocs/tmracing/vendor/laravel/framework/src/Illuminate/Log/LogManager.php(124): Illuminate\\Log\\LogManager->get('deprecations')
#4 /Applications/XAMPP/xamppfiles/htdocs/tmracing/vendor/laravel/framework/src/Illuminate/Log/LogManager.php(113): Illuminate\\Log\\LogManager->driver('deprecations')
#5 /Applications/XAMPP/xamppfiles/htdocs/tmracing/vendor/laravel/framework/src/Illuminate/Foundation/Bootstrap/HandleExceptions.php(102): Illuminate\\Log\\LogManager->channel('deprecations')
#6 /Applications/XAMPP/xamppfiles/htdocs/tmracing/vendor/laravel/framework/src/Illuminate/Foundation/Bootstrap/HandleExceptions.php(71): Illuminate\\Foundation\\Bootstrap\\HandleExceptions->handleDeprecationError('Illuminate\\\\Supp...', '/Applications/X...', 41, 8192)
#7 /Applications/XAMPP/xamppfiles/htdocs/tmracing/vendor/laravel/framework/src/Illuminate/Foundation/Bootstrap/HandleExceptions.php(255): Illuminate\\Foundation\\Bootstrap\\HandleExceptions->handleError(8192, 'Illuminate\\\\Supp...', '/Applications/X...', 41)
#8 /Applications/XAMPP/xamppfiles/htdocs/tmracing/vendor/composer/ClassLoader.php(576): Illuminate\\Foundation\\Bootstrap\\HandleExceptions->{closure:Illuminate\\Foundation\\Bootstrap\\HandleExceptions::forwardsTo():254}(8192, 'Illuminate\\\\Supp...', '/Applications/X...', 41)
#9 /Applications/XAMPP/xamppfiles/htdocs/tmracing/vendor/composer/ClassLoader.php(576): include('/Applications/X...')
#10 /Applications/XAMPP/xamppfiles/htdocs/tmracing/vendor/composer/ClassLoader.php(427): {closure:Composer\\Autoload\\ClassLoader::initializeIncludeClosure():575}('/Applications/X...')
#11 /Applications/XAMPP/xamppfiles/htdocs/tmracing/vendor/laravel/framework/src/Illuminate/Collections/Collection.php(21): Composer\\Autoload\\ClassLoader->loadClass('Illuminate\\\\Supp...')
#12 /Applications/XAMPP/xamppfiles/htdocs/tmracing/vendor/composer/ClassLoader.php(576): include('/Applications/X...')
#13 /Applications/XAMPP/xamppfiles/htdocs/tmracing/vendor/composer/ClassLoader.php(427): {closure:Composer\\Autoload\\ClassLoader::initializeIncludeClosure():575}('/Applications/X...')
#14 /Applications/XAMPP/xamppfiles/htdocs/tmracing/vendor/laravel/framework/src/Illuminate/Collections/helpers.php(18): Composer\\Autoload\\ClassLoader->loadClass('Illuminate\\\\Supp...')
#15 /Applications/XAMPP/xamppfiles/htdocs/tmracing/vendor/laravel/framework/src/Illuminate/Foundation/PackageManifest.php(90): collect(Array)
#16 /Applications/XAMPP/xamppfiles/htdocs/tmracing/vendor/laravel/framework/src/Illuminate/Foundation/PackageManifest.php(79): Illuminate\\Foundation\\PackageManifest->config('aliases')
#17 /Applications/XAMPP/xamppfiles/htdocs/tmracing/vendor/laravel/framework/src/Illuminate/Foundation/Bootstrap/RegisterFacades.php(26): Illuminate\\Foundation\\PackageManifest->aliases()
#18 /Applications/XAMPP/xamppfiles/htdocs/tmracing/vendor/laravel/framework/src/Illuminate/Foundation/Application.php(263): Illuminate\\Foundation\\Bootstrap\\RegisterFacades->bootstrap(Object(Illuminate\\Foundation\\Application))
#19 /Applications/XAMPP/xamppfiles/htdocs/tmracing/vendor/laravel/framework/src/Illuminate/Foundation/Console/Kernel.php(447): Illuminate\\Foundation\\Application->bootstrapWith(Array)
#20 /Applications/XAMPP/xamppfiles/htdocs/tmracing/vendor/laravel/framework/src/Illuminate/Foundation/Console/Kernel.php(199): Illuminate\\Foundation\\Console\\Kernel->bootstrap()
#21 /Applications/XAMPP/xamppfiles/htdocs/tmracing/artisan(35): Illuminate\\Foundation\\Console\\Kernel->handle(Object(Symfony\\Component\\Console\\Input\\ArgvInput), Object(Symfony\\Component\\Console\\Output\\ConsoleOutput))
#22 {main}
"} 
[2025-11-26 04:20:17] laravel.WARNING: Illuminate\Support\Enumerable::times(): Implicitly marking parameter $callback as nullable is deprecated, the explicit nullable type must be used instead in /Applications/XAMPP/xamppfiles/htdocs/tmracing/vendor/laravel/framework/src/Illuminate/Collections/Enumerable.php on line 41  
[2025-11-26 04:20:17] laravel.EMERGENCY: Unable to create configured logger. Using emergency logger. {"exception":"[object] (Error(code: 0): Class \"Illuminate\\Support\\Collection\" not found at /Applications/XAMPP/xamppfiles/htdocs/tmracing/vendor/laravel/framework/src/Illuminate/Collections/helpers.php:18)
[stacktrace]
#0 /Applications/XAMPP/xamppfiles/htdocs/tmracing/vendor/laravel/framework/src/Illuminate/Log/LogManager.php(389): collect(Array)
#1 /Applications/XAMPP/xamppfiles/htdocs/tmracing/vendor/laravel/framework/src/Illuminate/Log/LogManager.php(222): Illuminate\\Log\\LogManager->createMonologDriver(Array)
#2 /Applications/XAMPP/xamppfiles/htdocs/tmracing/vendor/laravel/framework/src/Illuminate/Log/LogManager.php(137): Illuminate\\Log\\LogManager->resolve('deprecations', Array)
#3 /Applications/XAMPP/xamppfiles/htdocs/tmracing/vendor/laravel/framework/src/Illuminate/Log/LogManager.php(124): Illuminate\\Log\\LogManager->get('deprecations')
#4 /Applications/XAMPP/xamppfiles/htdocs/tmracing/vendor/laravel/framework/src/Illuminate/Log/LogManager.php(113): Illuminate\\Log\\LogManager->driver('deprecations')
#5 /Applications/XAMPP/xamppfiles/htdocs/tmracing/vendor/laravel/framework/src/Illuminate/Foundation/Bootstrap/HandleExceptions.php(102): Illuminate\\Log\\LogManager->channel('deprecations')
#6 /Applications/XAMPP/xamppfiles/htdocs/tmracing/vendor/laravel/framework/src/Illuminate/Foundation/Bootstrap/HandleExceptions.php(71): Illuminate\\Foundation\\Bootstrap\\HandleExceptions->handleDeprecationError('Illuminate\\\\Supp...', '/Applications/X...', 299, 8192)
#7 /Applications/XAMPP/xamppfiles/htdocs/tmracing/vendor/laravel/framework/src/Illuminate/Foundation/Bootstrap/HandleExceptions.php(255): Illuminate\\Foundation\\Bootstrap\\HandleExceptions->handleError(8192, 'Illuminate\\\\Supp...', '/Applications/X...', 299)
#8 /Applications/XAMPP/xamppfiles/htdocs/tmracing/vendor/composer/ClassLoader.php(576): Illuminate\\Foundation\\Bootstrap\\HandleExceptions->{closure:Illuminate\\Foundation\\Bootstrap\\HandleExceptions::forwardsTo():254}(8192, 'Illuminate\\\\Supp...', '/Applications/X...', 299)
#9 /Applications/XAMPP/xamppfiles/htdocs/tmracing/vendor/composer/ClassLoader.php(576): include('/Applications/X...')
#10 /Applications/XAMPP/xamppfiles/htdocs/tmracing/vendor/composer/ClassLoader.php(427): {closure:Composer\\Autoload\\ClassLoader::initializeIncludeClosure():575}('/Applications/X...')
#11 /Applications/XAMPP/xamppfiles/htdocs/tmracing/vendor/laravel/framework/src/Illuminate/Collections/Collection.php(21): Composer\\Autoload\\ClassLoader->loadClass('Illuminate\\\\Supp...')
#12 /Applications/XAMPP/xamppfiles/htdocs/tmracing/vendor/composer/ClassLoader.php(576): include('/Applications/X...')
#13 /Applications/XAMPP/xamppfiles/htdocs/tmracing/vendor/composer/ClassLoader.php(427): {closure:Composer\\Autoload\\ClassLoader::initializeIncludeClosure():575}('/Applications/X...')
#14 /Applications/XAMPP/xamppfiles/htdocs/tmracing/vendor/laravel/framework/src/Illuminate/Collections/helpers.php(18): Composer\\Autoload\\ClassLoader->loadClass('Illuminate\\\\Supp...')
#15 /Applications/XAMPP/xamppfiles/htdocs/tmracing/vendor/laravel/framework/src/Illuminate/Foundation/PackageManifest.php(90): collect(Array)
#16 /Applications/XAMPP/xamppfiles/htdocs/tmracing/vendor/laravel/framework/src/Illuminate/Foundation/PackageManifest.php(79): Illuminate\\Foundation\\PackageManifest->config('aliases')
#17 /Applications/XAMPP/xamppfiles/htdocs/tmracing/vendor/laravel/framework/src/Illuminate/Foundation/Bootstrap/RegisterFacades.php(26): Illuminate\\Foundation\\PackageManifest->aliases()
#18 /Applications/XAMPP/xamppfiles/htdocs/tmracing/vendor/laravel/framework/src/Illuminate/Foundation/Application.php(263): Illuminate\\Foundation\\Bootstrap\\RegisterFacades->bootstrap(Object(Illuminate\\Foundation\\Application))
#19 /Applications/XAMPP/xamppfiles/htdocs/tmracing/vendor/laravel/framework/src/Illuminate/Foundation/Console/Kernel.php(447): Illuminate\\Foundation\\Application->bootstrapWith(Array)
#20 /Applications/XAMPP/xamppfiles/htdocs/tmracing/vendor/laravel/framework/src/Illuminate/Foundation/Console/Kernel.php(199): Illuminate\\Foundation\\Console\\Kernel->bootstrap()
#21 /Applications/XAMPP/xamppfiles/htdocs/tmracing/artisan(35): Illuminate\\Foundation\\Console\\Kernel->handle(Object(Symfony\\Component\\Console\\Input\\ArgvInput), Object(Symfony\\Component\\Console\\Output\\ConsoleOutput))
#22 {main}
"} 
[2025-11-26 04:20:17] laravel.WARNING: Illuminate\Support\Enumerable::filter(): Implicitly marking parameter $callback as nullable is deprecated, the explicit nullable type must be used instead in /Applications/XAMPP/xamppfiles/htdocs/tmracing/vendor/laravel/framework/src/Illuminate/Collections/Enumerable.php on line 299  
[2025-11-26 04:20:17] laravel.EMERGENCY: Unable to create configured logger. Using emergency logger. {"exception":"[object] (Error(code: 0): Class \"Illuminate\\Support\\Collection\" not found at /Applications/XAMPP/xamppfiles/htdocs/tmracing/vendor/laravel/framework/src/Illuminate/Collections/helpers.php:18)
[stacktrace]
#0 /Applications/XAMPP/xamppfiles/htdocs/tmracing/vendor/laravel/framework/src/Illuminate/Log/LogManager.php(389): collect(Array)
#1 /Applications/XAMPP/xamppfiles/htdocs/tmracing/vendor/laravel/framework/src/Illuminate/Log/LogManager.php(222): Illuminate\\Log\\LogManager->createMonologDriver(Array)
#2 /Applications/XAMPP/xamppfiles/htdocs/tmracing/vendor/laravel/framework/src/Illuminate/Log/LogManager.php(137): Illuminate\\Log\\LogManager->resolve('deprecations', Array)
#3 /Applications/XAMPP/xamppfiles/htdocs/tmracing/vendor/laravel/framework/src/Illuminate/Log/LogManager.php(124): Illuminate\\Log\\LogManager->get('deprecations')
#4 /Applications/XAMPP/xamppfiles/htdocs/tmracing/vendor/laravel/framework/src/Illuminate/Log/LogManager.php(113): Illuminate\\Log\\LogManager->driver('deprecations')
#5 /Applications/XAMPP/xamppfiles/htdocs/tmracing/vendor/laravel/framework/src/Illuminate/Foundation/Bootstrap/HandleExceptions.php(102): Illuminate\\Log\\LogManager->channel('deprecations')
#6 /Applications/XAMPP/xamppfiles/htdocs/tmracing/vendor/laravel/framework/src/Illuminate/Foundation/Bootstrap/HandleExceptions.php(71): Illuminate\\Foundation\\Bootstrap\\HandleExceptions->handleDeprecationError('Illuminate\\\\Supp...', '/Applications/X...', 311, 8192)
#7 /Applications/XAMPP/xamppfiles/htdocs/tmracing/vendor/laravel/framework/src/Illuminate/Foundation/Bootstrap/HandleExceptions.php(255): Illuminate\\Foundation\\Bootstrap\\HandleExceptions->handleError(8192, 'Illuminate\\\\Supp...', '/Applications/X...', 311)
#8 /Applications/XAMPP/xamppfiles/htdocs/tmracing/vendor/composer/ClassLoader.php(576): Illuminate\\Foundation\\Bootstrap\\HandleExceptions->{closure:Illuminate\\Foundation\\Bootstrap\\HandleExceptions::forwardsTo():254}(8192, 'Illuminate\\\\Supp...', '/Applications/X...', 311)
#9 /Applications/XAMPP/xamppfiles/htdocs/tmracing/vendor/composer/ClassLoader.php(576): include('/Applications/X...')
#10 /Applications/XAMPP/xamppfiles/htdocs/tmracing/vendor/composer/ClassLoader.php(427): {closure:Composer\\Autoload\\ClassLoader::initializeIncludeClosure():575}('/Applications/X...')
#11 /Applications/XAMPP/xamppfiles/htdocs/tmracing/vendor/laravel/framework/src/Illuminate/Collections/Collection.php(21): Composer\\Autoload\\ClassLoader->loadClass('Illuminate\\\\Supp...')
#12 /Applications/XAMPP/xamppfiles/htdocs/tmracing/vendor/composer/ClassLoader.php(576): include('/Applications/X...')
#13 /Applications/XAMPP/xamppfiles/htdocs/tmracing/vendor/composer/ClassLoader.php(427): {closure:Composer\\Autoload\\ClassLoader::initializeIncludeClosure():575}('/Applications/X...')
#14 /Applications/XAMPP/xamppfiles/htdocs/tmracing/vendor/laravel/framework/src/Illuminate/Collections/helpers.php(18): Composer\\Autoload\\ClassLoader->loadClass('Illuminate\\\\Supp...')
#15 /Applications/XAMPP/xamppfiles/htdocs/tmracing/vendor/laravel/framework/src/Illuminate/Foundation/PackageManifest.php(90): collect(Array)
#16 /Applications/XAMPP/xamppfiles/htdocs/tmracing/vendor/laravel/framework/src/Illuminate/Foundation/PackageManifest.php(79): Illuminate\\Foundation\\PackageManifest->config('aliases')
#17 /Applications/XAMPP/xamppfiles/htdocs/tmracing/vendor/laravel/framework/src/Illuminate/Foundation/Bootstrap/RegisterFacades.php(26): Illuminate\\Foundation\\PackageManifest->aliases()
#18 /Applications/XAMPP/xamppfiles/htdocs/tmracing/vendor/laravel/framework/src/Illuminate/Foundation/Application.php(263): Illuminate\\Foundation\\Bootstrap\\RegisterFacades->bootstrap(Object(Illuminate\\Foundation\\Application))
#19 /Applications/XAMPP/xamppfiles/htdocs/tmracing/vendor/laravel/framework/src/Illuminate/Foundation/Console/Kernel.php(447): Illuminate\\Foundation\\Application->bootstrapWith(Array)
#20 /Applications/XAMPP/xamppfiles/htdocs/tmracing/vendor/laravel/framework/src/Illuminate/Foundation/Console/Kernel.php(199): Illuminate\\Foundation\\Console\\Kernel->bootstrap()
#21 /Applications/XAMPP/xamppfiles/htdocs/tmracing/artisan(35): Illuminate\\Foundation\\Console\\Kernel->handle(Object(Symfony\\Component\\Console\\Input\\ArgvInput), Object(Symfony\\Component\\Console\\Output\\ConsoleOutput))
#22 {main}
"} 
[2025-11-26 04:20:17] laravel.WARNING: Illuminate\Support\Enumerable::when(): Implicitly marking parameter $callback as nullable is deprecated, the explicit nullable type must be used instead in /Applications/XAMPP/xamppfiles/htdocs/tmracing/vendor/laravel/framework/src/Illuminate/Collections/Enumerable.php on line 311  
[2025-11-26 04:20:17] laravel.EMERGENCY: Unable to create configured logger. Using emergency logger. {"exception":"[object] (Error(code: 0): Class \"Illuminate\\Support\\Collection\" not found at /Applications/XAMPP/xamppfiles/htdocs/tmracing/vendor/laravel/framework/src/Illuminate/Collections/helpers.php:18)
[stacktrace]
#0 /Applications/XAMPP/xamppfiles/htdocs/tmracing/vendor/laravel/framework/src/Illuminate/Log/LogManager.php(389): collect(Array)
#1 /Applications/XAMPP/xamppfiles/htdocs/tmracing/vendor/laravel/framework/src/Illuminate/Log/LogManager.php(222): Illuminate\\Log\\LogManager->createMonologDriver(Array)
#2 /Applications/XAMPP/xamppfiles/htdocs/tmracing/vendor/laravel/framework/src/Illuminate/Log/LogManager.php(137): Illuminate\\Log\\LogManager->resolve('deprecations', Array)
#3 /Applications/XAMPP/xamppfiles/htdocs/tmracing/vendor/laravel/framework/src/Illuminate/Log/LogManager.php(124): Illuminate\\Log\\LogManager->get('deprecations')
#4 /Applications/XAMPP/xamppfiles/htdocs/tmracing/vendor/laravel/framework/src/Illuminate/Log/LogManager.php(113): Illuminate\\Log\\LogManager->driver('deprecations')
#5 /Applications/XAMPP/xamppfiles/htdocs/tmracing/vendor/laravel/framework/src/Illuminate/Foundation/Bootstrap/HandleExceptions.php(102): Illuminate\\Log\\LogManager->channel('deprecations')
#6 /Applications/XAMPP/xamppfiles/htdocs/tmracing/vendor/laravel/framework/src/Illuminate/Foundation/Bootstrap/HandleExceptions.php(71): Illuminate\\Foundation\\Bootstrap\\HandleExceptions->handleDeprecationError('Illuminate\\\\Supp...', '/Applications/X...', 311, 8192)
#7 /Applications/XAMPP/xamppfiles/htdocs/tmracing/vendor/laravel/framework/src/Illuminate/Foundation/Bootstrap/HandleExceptions.php(255): Illuminate\\Foundation\\Bootstrap\\HandleExceptions->handleError(8192, 'Illuminate\\\\Supp...', '/Applications/X...', 311)
#8 /Applications/XAMPP/xamppfiles/htdocs/tmracing/vendor/composer/ClassLoader.php(576): Illuminate\\Foundation\\Bootstrap\\HandleExceptions->{closure:Illuminate\\Foundation\\Bootstrap\\HandleExceptions::forwardsTo():254}(8192, 'Illuminate\\\\Supp...', '/Applications/X...', 311)
#9 /Applications/XAMPP/xamppfiles/htdocs/tmracing/vendor/composer/ClassLoader.php(576): include('/Applications/X...')
#10 /Applications/XAMPP/xamppfiles/htdocs/tmracing/vendor/composer/ClassLoader.php(427): {closure:Composer\\Autoload\\ClassLoader::initializeIncludeClosure():575}('/Applications/X...')
#11 /Applications/XAMPP/xamppfiles/htdocs/tmracing/vendor/laravel/framework/src/Illuminate/Collections/Collection.php(21): Composer\\Autoload\\ClassLoader->loadClass('Illuminate\\\\Supp...')
#12 /Applications/XAMPP/xamppfiles/htdocs/tmracing/vendor/composer/ClassLoader.php(576): include('/Applications/X...')
#13 /Applications/XAMPP/xamppfiles/htdocs/tmracing/vendor/composer/ClassLoader.php(427): {closure:Composer\\Autoload\\ClassLoader::initializeIncludeClosure():575}('/Applications/X...')
#14 /Applications/XAMPP/xamppfiles/htdocs/tmracing/vendor/laravel/framework/src/Illuminate/Collections/helpers.php(18): Composer\\Autoload\\ClassLoader->loadClass('Illuminate\\\\Supp...')
#15 /Applications/XAMPP/xamppfiles/htdocs/tmracing/vendor/laravel/framework/src/Illuminate/Foundation/PackageManifest.php(90): collect(Array)
#16 /Applications/XAMPP/xamppfiles/htdocs/tmracing/vendor/laravel/framework/src/Illuminate/Foundation/PackageManifest.php(79): Illuminate\\Foundation\\PackageManifest->config('aliases')
#17 /Applications/XAMPP/xamppfiles/htdocs/tmracing/vendor/laravel/framework/src/Illuminate/Foundation/Bootstrap/RegisterFacades.php(26): Illuminate\\Foundation\\PackageManifest->aliases()
#18 /Applications/XAMPP/xamppfiles/htdocs/tmracing/vendor/laravel/framework/src/Illuminate/Foundation/Application.php(263): Illuminate\\Foundation\\Bootstrap\\RegisterFacades->bootstrap(Object(Illuminate\\Foundation\\Application))
#19 /Applications/XAMPP/xamppfiles/htdocs/tmracing/vendor/laravel/framework/src/Illuminate/Foundation/Console/Kernel.php(447): Illuminate\\Foundation\\Application->bootstrapWith(Array)
#20 /Applications/XAMPP/xamppfiles/htdocs/tmracing/vendor/laravel/framework/src/Illuminate/Foundation/Console/Kernel.php(199): Illuminate\\Foundation\\Console\\Kernel->bootstrap()
#21 /Applications/XAMPP/xamppfiles/htdocs/tmracing/artisan(35): Illuminate\\Foundation\\Console\\Kernel->handle(Object(Symfony\\Component\\Console\\Input\\ArgvInput), Object(Symfony\\Component\\Console\\Output\\ConsoleOutput))
#22 {main}
"} 
[2025-11-26 04:20:17] laravel.WARNING: Illuminate\Support\Enumerable::when(): Implicitly marking parameter $default as nullable is deprecated, the explicit nullable type must be used instead in /Applications/XAMPP/xamppfiles/htdocs/tmracing/vendor/laravel/framework/src/Illuminate/Collections/Enumerable.php on line 311  
[2025-11-26 04:20:17] laravel.EMERGENCY: Unable to create configured logger. Using emergency logger. {"exception":"[object] (Error(code: 0): Class \"Illuminate\\Support\\Collection\" not found at /Applications/XAMPP/xamppfiles/htdocs/tmracing/vendor/laravel/framework/src/Illuminate/Collections/helpers.php:18)
[stacktrace]
#0 /Applications/XAMPP/xamppfiles/htdocs/tmracing/vendor/laravel/framework/src/Illuminate/Log/LogManager.php(389): collect(Array)
#1 /Applications/XAMPP/xamppfiles/htdocs/tmracing/vendor/laravel/framework/src/Illuminate/Log/LogManager.php(222): Illuminate\\Log\\LogManager->createMonologDriver(Array)
#2 /Applications/XAMPP/xamppfiles/htdocs/tmracing/vendor/laravel/framework/src/Illuminate/Log/LogManager.php(137): Illuminate\\Log\\LogManager->resolve('deprecations', Array)
#3 /Applications/XAMPP/xamppfiles/htdocs/tmracing/vendor/laravel/framework/src/Illuminate/Log/LogManager.php(124): Illuminate\\Log\\LogManager->get('deprecations')
#4 /Applications/XAMPP/xamppfiles/htdocs/tmracing/vendor/laravel/framework/src/Illuminate/Log/LogManager.php(113): Illuminate\\Log\\LogManager->driver('deprecations')
#5 /Applications/XAMPP/xamppfiles/htdocs/tmracing/vendor/laravel/framework/src/Illuminate/Foundation/Bootstrap/HandleExceptions.php(102): Illuminate\\Log\\LogManager->channel('deprecations')
#6 /Applications/XAMPP/xamppfiles/htdocs/tmracing/vendor/laravel/framework/src/Illuminate/Foundation/Bootstrap/HandleExceptions.php(71): Illuminate\\Foundation\\Bootstrap\\HandleExceptions->handleDeprecationError('Illuminate\\\\Supp...', '/Applications/X...', 322, 8192)
#7 /Applications/XAMPP/xamppfiles/htdocs/tmracing/vendor/laravel/framework/src/Illuminate/Foundation/Bootstrap/HandleExceptions.php(255): Illuminate\\Foundation\\Bootstrap\\HandleExceptions->handleError(8192, 'Illuminate\\\\Supp...', '/Applications/X...', 322)
#8 /Applications/XAMPP/xamppfiles/htdocs/tmracing/vendor/composer/ClassLoader.php(576): Illuminate\\Foundation\\Bootstrap\\HandleExceptions->{closure:Illuminate\\Foundation\\Bootstrap\\HandleExceptions::forwardsTo():254}(8192, 'Illuminate\\\\Supp...', '/Applications/X...', 322)
#9 /Applications/XAMPP/xamppfiles/htdocs/tmracing/vendor/composer/ClassLoader.php(576): include('/Applications/X...')
#10 /Applications/XAMPP/xamppfiles/htdocs/tmracing/vendor/composer/ClassLoader.php(427): {closure:Composer\\Autoload\\ClassLoader::initializeIncludeClosure():575}('/Applications/X...')
#11 /Applications/XAMPP/xamppfiles/htdocs/tmracing/vendor/laravel/framework/src/Illuminate/Collections/Collection.php(21): Composer\\Autoload\\ClassLoader->loadClass('Illuminate\\\\Supp...')
#12 /Applications/XAMPP/xamppfiles/htdocs/tmracing/vendor/composer/ClassLoader.php(576): include('/Applications/X...')
#13 /Applications/XAMPP/xamppfiles/htdocs/tmracing/vendor/composer/ClassLoader.php(427): {closure:Composer\\Autoload\\ClassLoader::initializeIncludeClosure():575}('/Applications/X...')
#14 /Applications/XAMPP/xamppfiles/htdocs/tmracing/vendor/laravel/framework/src/Illuminate/Collections/helpers.php(18): Composer\\Autoload\\ClassLoader->loadClass('Illuminate\\\\Supp...')
#15 /Applications/XAMPP/xamppfiles/htdocs/tmracing/vendor/laravel/framework/src/Illuminate/Foundation/PackageManifest.php(90): collect(Array)
#16 /Applications/XAMPP/xamppfiles/htdocs/tmracing/vendor/laravel/framework/src/Illuminate/Foundation/PackageManifest.php(79): Illuminate\\Foundation\\PackageManifest->config('aliases')
#17 /Applications/XAMPP/xamppfiles/htdocs/tmracing/vendor/laravel/framework/src/Illuminate/Foundation/Bootstrap/RegisterFacades.php(26): Illuminate\\Foundation\\PackageManifest->aliases()
#18 /Applications/XAMPP/xamppfiles/htdocs/tmracing/vendor/laravel/framework/src/Illuminate/Foundation/Application.php(263): Illuminate\\Foundation\\Bootstrap\\RegisterFacades->bootstrap(Object(Illuminate\\Foundation\\Application))
#19 /Applications/XAMPP/xamppfiles/htdocs/tmracing/vendor/laravel/framework/src/Illuminate/Foundation/Console/Kernel.php(447): Illuminate\\Foundation\\Application->bootstrapWith(Array)
#20 /Applications/XAMPP/xamppfiles/htdocs/tmracing/vendor/laravel/framework/src/Illuminate/Foundation/Console/Kernel.php(199): Illuminate\\Foundation\\Console\\Kernel->bootstrap()
#21 /Applications/XAMPP/xamppfiles/htdocs/tmracing/artisan(35): Illuminate\\Foundation\\Console\\Kernel->handle(Object(Symfony\\Component\\Console\\Input\\ArgvInput), Object(Symfony\\Component\\Console\\Output\\ConsoleOutput))
#22 {main}
"} 
[2025-11-26 04:20:17] laravel.WARNING: Illuminate\Support\Enumerable::whenEmpty(): Implicitly marking parameter $default as nullable is deprecated, the explicit nullable type must be used instead in /Applications/XAMPP/xamppfiles/htdocs/tmracing/vendor/laravel/framework/src/Illuminate/Collections/Enumerable.php on line 322  
[2025-11-26 04:20:17] laravel.EMERGENCY: Unable to create configured logger. Using emergency logger. {"exception":"[object] (Error(code: 0): Class \"Illuminate\\Support\\Collection\" not found at /Applications/XAMPP/xamppfiles/htdocs/tmracing/vendor/laravel/framework/src/Illuminate/Collections/helpers.php:18)
[stacktrace]
#0 /Applications/XAMPP/xamppfiles/htdocs/tmracing/vendor/laravel/framework/src/Illuminate/Log/LogManager.php(389): collect(Array)
#1 /Applications/XAMPP/xamppfiles/htdocs/tmracing/vendor/laravel/framework/src/Illuminate/Log/LogManager.php(222): Illuminate\\Log\\LogManager->createMonologDriver(Array)
#2 /Applications/XAMPP/xamppfiles/htdocs/tmracing/vendor/laravel/framework/src/Illuminate/Log/LogManager.php(137): Illuminate\\Log\\LogManager->resolve('deprecations', Array)
#3 /Applications/XAMPP/xamppfiles/htdocs/tmracing/vendor/laravel/framework/src/Illuminate/Log/LogManager.php(124): Illuminate\\Log\\LogManager->get('deprecations')
#4 /Applications/XAMPP/xamppfiles/htdocs/tmracing/vendor/laravel/framework/src/Illuminate/Log/LogManager.php(113): Illuminate\\Log\\LogManager->driver('deprecations')
#5 /Applications/XAMPP/xamppfiles/htdocs/tmracing/vendor/laravel/framework/src/Illuminate/Foundation/Bootstrap/HandleExceptions.php(102): Illuminate\\Log\\LogManager->channel('deprecations')
#6 /Applications/XAMPP/xamppfiles/htdocs/tmracing/vendor/laravel/framework/src/Illuminate/Foundation/Bootstrap/HandleExceptions.php(71): Illuminate\\Foundation\\Bootstrap\\HandleExceptions->handleDeprecationError('Illuminate\\\\Supp...', '/Applications/X...', 333, 8192)
#7 /Applications/XAMPP/xamppfiles/htdocs/tmracing/vendor/laravel/framework/src/Illuminate/Foundation/Bootstrap/HandleExceptions.php(255): Illuminate\\Foundation\\Bootstrap\\HandleExceptions->handleError(8192, 'Illuminate\\\\Supp...', '/Applications/X...', 333)
#8 /Applications/XAMPP/xamppfiles/htdocs/tmracing/vendor/composer/ClassLoader.php(576): Illuminate\\Foundation\\Bootstrap\\HandleExceptions->{closure:Illuminate\\Foundation\\Bootstrap\\HandleExceptions::forwardsTo():254}(8192, 'Illuminate\\\\Supp...', '/Applications/X...', 333)
#9 /Applications/XAMPP/xamppfiles/htdocs/tmracing/vendor/composer/ClassLoader.php(576): include('/Applications/X...')
#10 /Applications/XAMPP/xamppfiles/htdocs/tmracing/vendor/composer/ClassLoader.php(427): {closure:Composer\\Autoload\\ClassLoader::initializeIncludeClosure():575}('/Applications/X...')
#11 /Applications/XAMPP/xamppfiles/htdocs/tmracing/vendor/laravel/framework/src/Illuminate/Collections/Collection.php(21): Composer\\Autoload\\ClassLoader->loadClass('Illuminate\\\\Supp...')
#12 /Applications/XAMPP/xamppfiles/htdocs/tmracing/vendor/composer/ClassLoader.php(576): include('/Applications/X...')
#13 /Applications/XAMPP/xamppfiles/htdocs/tmracing/vendor/composer/ClassLoader.php(427): {closure:Composer\\Autoload\\ClassLoader::initializeIncludeClosure():575}('/Applications/X...')
#14 /Applications/XAMPP/xamppfiles/htdocs/tmracing/vendor/laravel/framework/src/Illuminate/Collections/helpers.php(18): Composer\\Autoload\\ClassLoader->loadClass('Illuminate\\\\Supp...')
#15 /Applications/XAMPP/xamppfiles/htdocs/tmracing/vendor/laravel/framework/src/Illuminate/Foundation/PackageManifest.php(90): collect(Array)
#16 /Applications/XAMPP/xamppfiles/htdocs/tmracing/vendor/laravel/framework/src/Illuminate/Foundation/PackageManifest.php(79): Illuminate\\Foundation\\PackageManifest->config('aliases')
#17 /Applications/XAMPP/xamppfiles/htdocs/tmracing/vendor/laravel/framework/src/Illuminate/Foundation/Bootstrap/RegisterFacades.php(26): Illuminate\\Foundation\\PackageManifest->aliases()
#18 /Applications/XAMPP/xamppfiles/htdocs/tmracing/vendor/laravel/framework/src/Illuminate/Foundation/Application.php(263): Illuminate\\Foundation\\Bootstrap\\RegisterFacades->bootstrap(Object(Illuminate\\Foundation\\Application))
#19 /Applications/XAMPP/xamppfiles/htdocs/tmracing/vendor/laravel/framework/src/Illuminate/Foundation/Console/Kernel.php(447): Illuminate\\Foundation\\Application->bootstrapWith(Array)
#20 /Applications/XAMPP/xamppfiles/htdocs/tmracing/vendor/laravel/framework/src/Illuminate/Foundation/Console/Kernel.php(199): Illuminate\\Foundation\\Console\\Kernel->bootstrap()
#21 /Applications/XAMPP/xamppfiles/htdocs/tmracing/artisan(35): Illuminate\\Foundation\\Console\\Kernel->handle(Object(Symfony\\Component\\Console\\Input\\ArgvInput), Object(Symfony\\Component\\Console\\Output\\ConsoleOutput))
#22 {main}
"} 
[2025-11-26 04:20:17] laravel.WARNING: Illuminate\Support\Enumerable::whenNotEmpty(): Implicitly marking parameter $default as nullable is deprecated, the explicit nullable type must be used instead in /Applications/XAMPP/xamppfiles/htdocs/tmracing/vendor/laravel/framework/src/Illuminate/Collections/Enumerable.php on line 333  
[2025-11-26 04:20:17] laravel.EMERGENCY: Unable to create configured logger. Using emergency logger. {"exception":"[object] (Error(code: 0): Class \"Illuminate\\Support\\Collection\" not found at /Applications/XAMPP/xamppfiles/htdocs/tmracing/vendor/laravel/framework/src/Illuminate/Collections/helpers.php:18)
[stacktrace]
#0 /Applications/XAMPP/xamppfiles/htdocs/tmracing/vendor/laravel/framework/src/Illuminate/Log/LogManager.php(389): collect(Array)
#1 /Applications/XAMPP/xamppfiles/htdocs/tmracing/vendor/laravel/framework/src/Illuminate/Log/LogManager.php(222): Illuminate\\Log\\LogManager->createMonologDriver(Array)
#2 /Applications/XAMPP/xamppfiles/htdocs/tmracing/vendor/laravel/framework/src/Illuminate/Log/LogManager.php(137): Illuminate\\Log\\LogManager->resolve('deprecations', Array)
#3 /Applications/XAMPP/xamppfiles/htdocs/tmracing/vendor/laravel/framework/src/Illuminate/Log/LogManager.php(124): Illuminate\\Log\\LogManager->get('deprecations')
#4 /Applications/XAMPP/xamppfiles/htdocs/tmracing/vendor/laravel/framework/src/Illuminate/Log/LogManager.php(113): Illuminate\\Log\\LogManager->driver('deprecations')
#5 /Applications/XAMPP/xamppfiles/htdocs/tmracing/vendor/laravel/framework/src/Illuminate/Foundation/Bootstrap/HandleExceptions.php(102): Illuminate\\Log\\LogManager->channel('deprecations')
#6 /Applications/XAMPP/xamppfiles/htdocs/tmracing/vendor/laravel/framework/src/Illuminate/Foundation/Bootstrap/HandleExceptions.php(71): Illuminate\\Foundation\\Bootstrap\\HandleExceptions->handleDeprecationError('Illuminate\\\\Supp...', '/Applications/X...', 345, 8192)
#7 /Applications/XAMPP/xamppfiles/htdocs/tmracing/vendor/laravel/framework/src/Illuminate/Foundation/Bootstrap/HandleExceptions.php(255): Illuminate\\Foundation\\Bootstrap\\HandleExceptions->handleError(8192, 'Illuminate\\\\Supp...', '/Applications/X...', 345)
#8 /Applications/XAMPP/xamppfiles/htdocs/tmracing/vendor/composer/ClassLoader.php(576): Illuminate\\Foundation\\Bootstrap\\HandleExceptions->{closure:Illuminate\\Foundation\\Bootstrap\\HandleExceptions::forwardsTo():254}(8192, 'Illuminate\\\\Supp...', '/Applications/X...', 345)
#9 /Applications/XAMPP/xamppfiles/htdocs/tmracing/vendor/composer/ClassLoader.php(576): include('/Applications/X...')
#10 /Applications/XAMPP/xamppfiles/htdocs/tmracing/vendor/composer/ClassLoader.php(427): {closure:Composer\\Autoload\\ClassLoader::initializeIncludeClosure():575}('/Applications/X...')
#11 /Applications/XAMPP/xamppfiles/htdocs/tmracing/vendor/laravel/framework/src/Illuminate/Collections/Collection.php(21): Composer\\Autoload\\ClassLoader->loadClass('Illuminate\\\\Supp...')
#12 /Applications/XAMPP/xamppfiles/htdocs/tmracing/vendor/composer/ClassLoader.php(576): include('/Applications/X...')
#13 /Applications/XAMPP/xamppfiles/htdocs/tmracing/vendor/composer/ClassLoader.php(427): {closure:Composer\\Autoload\\ClassLoader::initializeIncludeClosure():575}('/Applications/X...')
#14 /Applications/XAMPP/xamppfiles/htdocs/tmracing/vendor/laravel/framework/src/Illuminate/Collections/helpers.php(18): Composer\\Autoload\\ClassLoader->loadClass('Illuminate\\\\Supp...')
#15 /Applications/XAMPP/xamppfiles/htdocs/tmracing/vendor/laravel/framework/src/Illuminate/Foundation/PackageManifest.php(90): collect(Array)
#16 /Applications/XAMPP/xamppfiles/htdocs/tmracing/vendor/laravel/framework/src/Illuminate/Foundation/PackageManifest.php(79): Illuminate\\Foundation\\PackageManifest->config('aliases')
#17 /Applications/XAMPP/xamppfiles/htdocs/tmracing/vendor/laravel/framework/src/Illuminate/Foundation/Bootstrap/RegisterFacades.php(26): Illuminate\\Foundation\\PackageManifest->aliases()
#18 /Applications/XAMPP/xamppfiles/htdocs/tmracing/vendor/laravel/framework/src/Illuminate/Foundation/Application.php(263): Illuminate\\Foundation\\Bootstrap\\RegisterFacades->bootstrap(Object(Illuminate\\Foundation\\Application))
#19 /Applications/XAMPP/xamppfiles/htdocs/tmracing/vendor/laravel/framework/src/Illuminate/Foundation/Console/Kernel.php(447): Illuminate\\Foundation\\Application->bootstrapWith(Array)
#20 /Applications/XAMPP/xamppfiles/htdocs/tmracing/vendor/laravel/framework/src/Illuminate/Foundation/Console/Kernel.php(199): Illuminate\\Foundation\\Console\\Kernel->bootstrap()
#21 /Applications/XAMPP/xamppfiles/htdocs/tmracing/artisan(35): Illuminate\\Foundation\\Console\\Kernel->handle(Object(Symfony\\Component\\Console\\Input\\ArgvInput), Object(Symfony\\Component\\Console\\Output\\ConsoleOutput))
#22 {main}
"} 
[2025-11-26 04:20:17] laravel.WARNING: Illuminate\Support\Enumerable::unless(): Implicitly marking parameter $default as nullable is deprecated, the explicit nullable type must be used instead in /Applications/XAMPP/xamppfiles/htdocs/tmracing/vendor/laravel/framework/src/Illuminate/Collections/Enumerable.php on line 345  
[2025-11-26 04:20:17] laravel.EMERGENCY: Unable to create configured logger. Using emergency logger. {"exception":"[object] (Error(code: 0): Class \"Illuminate\\Support\\Collection\" not found at /Applications/XAMPP/xamppfiles/htdocs/tmracing/vendor/laravel/framework/src/Illuminate/Collections/helpers.php:18)
[stacktrace]
#0 /Applications/XAMPP/xamppfiles/htdocs/tmracing/vendor/laravel/framework/src/Illuminate/Log/LogManager.php(389): collect(Array)
#1 /Applications/XAMPP/xamppfiles/htdocs/tmracing/vendor/laravel/framework/src/Illuminate/Log/LogManager.php(222): Illuminate\\Log\\LogManager->createMonologDriver(Array)
#2 /Applications/XAMPP/xamppfiles/htdocs/tmracing/vendor/laravel/framework/src/Illuminate/Log/LogManager.php(137): Illuminate\\Log\\LogManager->resolve('deprecations', Array)
#3 /Applications/XAMPP/xamppfiles/htdocs/tmracing/vendor/laravel/framework/src/Illuminate/Log/LogManager.php(124): Illuminate\\Log\\LogManager->get('deprecations')
#4 /Applications/XAMPP/xamppfiles/htdocs/tmracing/vendor/laravel/framework/src/Illuminate/Log/LogManager.php(113): Illuminate\\Log\\LogManager->driver('deprecations')
#5 /Applications/XAMPP/xamppfiles/htdocs/tmracing/vendor/laravel/framework/src/Illuminate/Foundation/Bootstrap/HandleExceptions.php(102): Illuminate\\Log\\LogManager->channel('deprecations')
#6 /Applications/XAMPP/xamppfiles/htdocs/tmracing/vendor/laravel/framework/src/Illuminate/Foundation/Bootstrap/HandleExceptions.php(71): Illuminate\\Foundation\\Bootstrap\\HandleExceptions->handleDeprecationError('Illuminate\\\\Supp...', '/Applications/X...', 356, 8192)
#7 /Applications/XAMPP/xamppfiles/htdocs/tmracing/vendor/laravel/framework/src/Illuminate/Foundation/Bootstrap/HandleExceptions.php(255): Illuminate\\Foundation\\Bootstrap\\HandleExceptions->handleError(8192, 'Illuminate\\\\Supp...', '/Applications/X...', 356)
#8 /Applications/XAMPP/xamppfiles/htdocs/tmracing/vendor/composer/ClassLoader.php(576): Illuminate\\Foundation\\Bootstrap\\HandleExceptions->{closure:Illuminate\\Foundation\\Bootstrap\\HandleExceptions::forwardsTo():254}(8192, 'Illuminate\\\\Supp...', '/Applications/X...', 356)
#9 /Applications/XAMPP/xamppfiles/htdocs/tmracing/vendor/composer/ClassLoader.php(576): include('/Applications/X...')
#10 /Applications/XAMPP/xamppfiles/htdocs/tmracing/vendor/composer/ClassLoader.php(427): {closure:Composer\\Autoload\\ClassLoader::initializeIncludeClosure():575}('/Applications/X...')
#11 /Applications/XAMPP/xamppfiles/htdocs/tmracing/vendor/laravel/framework/src/Illuminate/Collections/Collection.php(21): Composer\\Autoload\\ClassLoader->loadClass('Illuminate\\\\Supp...')
#12 /Applications/XAMPP/xamppfiles/htdocs/tmracing/vendor/composer/ClassLoader.php(576): include('/Applications/X...')
#13 /Applications/XAMPP/xamppfiles/htdocs/tmracing/vendor/composer/ClassLoader.php(427): {closure:Composer\\Autoload\\ClassLoader::initializeIncludeClosure():575}('/Applications/X...')
#14 /Applications/XAMPP/xamppfiles/htdocs/tmracing/vendor/laravel/framework/src/Illuminate/Collections/helpers.php(18): Composer\\Autoload\\ClassLoader->loadClass('Illuminate\\\\Supp...')
#15 /Applications/XAMPP/xamppfiles/htdocs/tmracing/vendor/laravel/framework/src/Illuminate/Foundation/PackageManifest.php(90): collect(Array)
#16 /Applications/XAMPP/xamppfiles/htdocs/tmracing/vendor/laravel/framework/src/Illuminate/Foundation/PackageManifest.php(79): Illuminate\\Foundation\\PackageManifest->config('aliases')
#17 /Applications/XAMPP/xamppfiles/htdocs/tmracing/vendor/laravel/framework/src/Illuminate/Foundation/Bootstrap/RegisterFacades.php(26): Illuminate\\Foundation\\PackageManifest->aliases()
#18 /Applications/XAMPP/xamppfiles/htdocs/tmracing/vendor/laravel/framework/src/Illuminate/Foundation/Application.php(263): Illuminate\\Foundation\\Bootstrap\\RegisterFacades->bootstrap(Object(Illuminate\\Foundation\\Application))
#19 /Applications/XAMPP/xamppfiles/htdocs/tmracing/vendor/laravel/framework/src/Illuminate/Foundation/Console/Kernel.php(447): Illuminate\\Foundation\\Application->bootstrapWith(Array)
#20 /Applications/XAMPP/xamppfiles/htdocs/tmracing/vendor/laravel/framework/src/Illuminate/Foundation/Console/Kernel.php(199): Illuminate\\Foundation\\Console\\Kernel->bootstrap()
#21 /Applications/XAMPP/xamppfiles/htdocs/tmracing/artisan(35): Illuminate\\Foundation\\Console\\Kernel->handle(Object(Symfony\\Component\\Console\\Input\\ArgvInput), Object(Symfony\\Component\\Console\\Output\\ConsoleOutput))
#22 {main}
"} 
[2025-11-26 04:20:17] laravel.WARNING: Illuminate\Support\Enumerable::unlessEmpty(): Implicitly marking parameter $default as nullable is deprecated, the explicit nullable type must be used instead in /Applications/XAMPP/xamppfiles/htdocs/tmracing/vendor/laravel/framework/src/Illuminate/Collections/Enumerable.php on line 356  
[2025-11-26 04:20:17] laravel.EMERGENCY: Unable to create configured logger. Using emergency logger. {"exception":"[object] (Error(code: 0): Class \"Illuminate\\Support\\Collection\" not found at /Applications/XAMPP/xamppfiles/htdocs/tmracing/vendor/laravel/framework/src/Illuminate/Collections/helpers.php:18)
[stacktrace]
#0 /Applications/XAMPP/xamppfiles/htdocs/tmracing/vendor/laravel/framework/src/Illuminate/Log/LogManager.php(389): collect(Array)
#1 /Applications/XAMPP/xamppfiles/htdocs/tmracing/vendor/laravel/framework/src/Illuminate/Log/LogManager.php(222): Illuminate\\Log\\LogManager->createMonologDriver(Array)
#2 /Applications/XAMPP/xamppfiles/htdocs/tmracing/vendor/laravel/framework/src/Illuminate/Log/LogManager.php(137): Illuminate\\Log\\LogManager->resolve('deprecations', Array)
#3 /Applications/XAMPP/xamppfiles/htdocs/tmracing/vendor/laravel/framework/src/Illuminate/Log/LogManager.php(124): Illuminate\\Log\\LogManager->get('deprecations')
#4 /Applications/XAMPP/xamppfiles/htdocs/tmracing/vendor/laravel/framework/src/Illuminate/Log/LogManager.php(113): Illuminate\\Log\\LogManager->driver('deprecations')
#5 /Applications/XAMPP/xamppfiles/htdocs/tmracing/vendor/laravel/framework/src/Illuminate/Foundation/Bootstrap/HandleExceptions.php(102): Illuminate\\Log\\LogManager->channel('deprecations')
#6 /Applications/XAMPP/xamppfiles/htdocs/tmracing/vendor/laravel/framework/src/Illuminate/Foundation/Bootstrap/HandleExceptions.php(71): Illuminate\\Foundation\\Bootstrap\\HandleExceptions->handleDeprecationError('Illuminate\\\\Supp...', '/Applications/X...', 367, 8192)
#7 /Applications/XAMPP/xamppfiles/htdocs/tmracing/vendor/laravel/framework/src/Illuminate/Foundation/Bootstrap/HandleExceptions.php(255): Illuminate\\Foundation\\Bootstrap\\HandleExceptions->handleError(8192, 'Illuminate\\\\Supp...', '/Applications/X...', 367)
#8 /Applications/XAMPP/xamppfiles/htdocs/tmracing/vendor/composer/ClassLoader.php(576): Illuminate\\Foundation\\Bootstrap\\HandleExceptions->{closure:Illuminate\\Foundation\\Bootstrap\\HandleExceptions::forwardsTo():254}(8192, 'Illuminate\\\\Supp...', '/Applications/X...', 367)
#9 /Applications/XAMPP/xamppfiles/htdocs/tmracing/vendor/composer/ClassLoader.php(576): include('/Applications/X...')
#10 /Applications/XAMPP/xamppfiles/htdocs/tmracing/vendor/composer/ClassLoader.php(427): {closure:Composer\\Autoload\\ClassLoader::initializeIncludeClosure():575}('/Applications/X...')
#11 /Applications/XAMPP/xamppfiles/htdocs/tmracing/vendor/laravel/framework/src/Illuminate/Collections/Collection.php(21): Composer\\Autoload\\ClassLoader->loadClass('Illuminate\\\\Supp...')
#12 /Applications/XAMPP/xamppfiles/htdocs/tmracing/vendor/composer/ClassLoader.php(576): include('/Applications/X...')
#13 /Applications/XAMPP/xamppfiles/htdocs/tmracing/vendor/composer/ClassLoader.php(427): {closure:Composer\\Autoload\\ClassLoader::initializeIncludeClosure():575}('/Applications/X...')
#14 /Applications/XAMPP/xamppfiles/htdocs/tmracing/vendor/laravel/framework/src/Illuminate/Collections/helpers.php(18): Composer\\Autoload\\ClassLoader->loadClass('Illuminate\\\\Supp...')
#15 /Applications/XAMPP/xamppfiles/htdocs/tmracing/vendor/laravel/framework/src/Illuminate/Foundation/PackageManifest.php(90): collect(Array)
#16 /Applications/XAMPP/xamppfiles/htdocs/tmracing/vendor/laravel/framework/src/Illuminate/Foundation/PackageManifest.php(79): Illuminate\\Foundation\\PackageManifest->config('aliases')
#17 /Applications/XAMPP/xamppfiles/htdocs/tmracing/vendor/laravel/framework/src/Illuminate/Foundation/Bootstrap/RegisterFacades.php(26): Illuminate\\Foundation\\PackageManifest->aliases()
#18 /Applications/XAMPP/xamppfiles/htdocs/tmracing/vendor/laravel/framework/src/Illuminate/Foundation/Application.php(263): Illuminate\\Foundation\\Bootstrap\\RegisterFacades->bootstrap(Object(Illuminate\\Foundation\\Application))
#19 /Applications/XAMPP/xamppfiles/htdocs/tmracing/vendor/laravel/framework/src/Illuminate/Foundation/Console/Kernel.php(447): Illuminate\\Foundation\\Application->bootstrapWith(Array)
#20 /Applications/XAMPP/xamppfiles/htdocs/tmracing/vendor/laravel/framework/src/Illuminate/Foundation/Console/Kernel.php(199): Illuminate\\Foundation\\Console\\Kernel->bootstrap()
#21 /Applications/XAMPP/xamppfiles/htdocs/tmracing/artisan(35): Illuminate\\Foundation\\Console\\Kernel->handle(Object(Symfony\\Component\\Console\\Input\\ArgvInput), Object(Symfony\\Component\\Console\\Output\\ConsoleOutput))
#22 {main}
"} 
[2025-11-26 04:20:17] laravel.WARNING: Illuminate\Support\Enumerable::unlessNotEmpty(): Implicitly marking parameter $default as nullable is deprecated, the explicit nullable type must be used instead in /Applications/XAMPP/xamppfiles/htdocs/tmracing/vendor/laravel/framework/src/Illuminate/Collections/Enumerable.php on line 367  
[2025-11-26 04:20:17] laravel.EMERGENCY: Unable to create configured logger. Using emergency logger. {"exception":"[object] (Error(code: 0): Class \"Illuminate\\Support\\Collection\" not found at /Applications/XAMPP/xamppfiles/htdocs/tmracing/vendor/laravel/framework/src/Illuminate/Collections/helpers.php:18)
[stacktrace]
#0 /Applications/XAMPP/xamppfiles/htdocs/tmracing/vendor/laravel/framework/src/Illuminate/Log/LogManager.php(389): collect(Array)
#1 /Applications/XAMPP/xamppfiles/htdocs/tmracing/vendor/laravel/framework/src/Illuminate/Log/LogManager.php(222): Illuminate\\Log\\LogManager->createMonologDriver(Array)
#2 /Applications/XAMPP/xamppfiles/htdocs/tmracing/vendor/laravel/framework/src/Illuminate/Log/LogManager.php(137): Illuminate\\Log\\LogManager->resolve('deprecations', Array)
#3 /Applications/XAMPP/xamppfiles/htdocs/tmracing/vendor/laravel/framework/src/Illuminate/Log/LogManager.php(124): Illuminate\\Log\\LogManager->get('deprecations')
#4 /Applications/XAMPP/xamppfiles/htdocs/tmracing/vendor/laravel/framework/src/Illuminate/Log/LogManager.php(113): Illuminate\\Log\\LogManager->driver('deprecations')
#5 /Applications/XAMPP/xamppfiles/htdocs/tmracing/vendor/laravel/framework/src/Illuminate/Foundation/Bootstrap/HandleExceptions.php(102): Illuminate\\Log\\LogManager->channel('deprecations')
#6 /Applications/XAMPP/xamppfiles/htdocs/tmracing/vendor/laravel/framework/src/Illuminate/Foundation/Bootstrap/HandleExceptions.php(71): Illuminate\\Foundation\\Bootstrap\\HandleExceptions->handleDeprecationError('Illuminate\\\\Supp...', '/Applications/X...', 479, 8192)
#7 /Applications/XAMPP/xamppfiles/htdocs/tmracing/vendor/laravel/framework/src/Illuminate/Foundation/Bootstrap/HandleExceptions.php(255): Illuminate\\Foundation\\Bootstrap\\HandleExceptions->handleError(8192, 'Illuminate\\\\Supp...', '/Applications/X...', 479)
#8 /Applications/XAMPP/xamppfiles/htdocs/tmracing/vendor/composer/ClassLoader.php(576): Illuminate\\Foundation\\Bootstrap\\HandleExceptions->{closure:Illuminate\\Foundation\\Bootstrap\\HandleExceptions::forwardsTo():254}(8192, 'Illuminate\\\\Supp...', '/Applications/X...', 479)
#9 /Applications/XAMPP/xamppfiles/htdocs/tmracing/vendor/composer/ClassLoader.php(576): include('/Applications/X...')
#10 /Applications/XAMPP/xamppfiles/htdocs/tmracing/vendor/composer/ClassLoader.php(427): {closure:Composer\\Autoload\\ClassLoader::initializeIncludeClosure():575}('/Applications/X...')
#11 /Applications/XAMPP/xamppfiles/htdocs/tmracing/vendor/laravel/framework/src/Illuminate/Collections/Collection.php(21): Composer\\Autoload\\ClassLoader->loadClass('Illuminate\\\\Supp...')
#12 /Applications/XAMPP/xamppfiles/htdocs/tmracing/vendor/composer/ClassLoader.php(576): include('/Applications/X...')
#13 /Applications/XAMPP/xamppfiles/htdocs/tmracing/vendor/composer/ClassLoader.php(427): {closure:Composer\\Autoload\\ClassLoader::initializeIncludeClosure():575}('/Applications/X...')
#14 /Applications/XAMPP/xamppfiles/htdocs/tmracing/vendor/laravel/framework/src/Illuminate/Collections/helpers.php(18): Composer\\Autoload\\ClassLoader->loadClass('Illuminate\\\\Supp...')
#15 /Applications/XAMPP/xamppfiles/htdocs/tmracing/vendor/laravel/framework/src/Illuminate/Foundation/PackageManifest.php(90): collect(Array)
#16 /Applications/XAMPP/xamppfiles/htdocs/tmracing/vendor/laravel/framework/src/Illuminate/Foundation/PackageManifest.php(79): Illuminate\\Foundation\\PackageManifest->config('aliases')
#17 /Applications/XAMPP/xamppfiles/htdocs/tmracing/vendor/laravel/framework/src/Illuminate/Foundation/Bootstrap/RegisterFacades.php(26): Illuminate\\Foundation\\PackageManifest->aliases()
#18 /Applications/XAMPP/xamppfiles/htdocs/tmracing/vendor/laravel/framework/src/Illuminate/Foundation/Application.php(263): Illuminate\\Foundation\\Bootstrap\\RegisterFacades->bootstrap(Object(Illuminate\\Foundation\\Application))
#19 /Applications/XAMPP/xamppfiles/htdocs/tmracing/vendor/laravel/framework/src/Illuminate/Foundation/Console/Kernel.php(447): Illuminate\\Foundation\\Application->bootstrapWith(Array)
#20 /Applications/XAMPP/xamppfiles/htdocs/tmracing/vendor/laravel/framework/src/Illuminate/Foundation/Console/Kernel.php(199): Illuminate\\Foundation\\Console\\Kernel->bootstrap()
#21 /Applications/XAMPP/xamppfiles/htdocs/tmracing/artisan(35): Illuminate\\Foundation\\Console\\Kernel->handle(Object(Symfony\\Component\\Console\\Input\\ArgvInput), Object(Symfony\\Component\\Console\\Output\\ConsoleOutput))
#22 {main}
"} 
[2025-11-26 04:20:17] laravel.WARNING: Illuminate\Support\Enumerable::first(): Implicitly marking parameter $callback as nullable is deprecated, the explicit nullable type must be used instead in /Applications/XAMPP/xamppfiles/htdocs/tmracing/vendor/laravel/framework/src/Illuminate/Collections/Enumerable.php on line 479  
[2025-11-26 04:20:17] laravel.EMERGENCY: Unable to create configured logger. Using emergency logger. {"exception":"[object] (Error(code: 0): Class \"Illuminate\\Support\\Collection\" not found at /Applications/XAMPP/xamppfiles/htdocs/tmracing/vendor/laravel/framework/src/Illuminate/Collections/helpers.php:18)
[stacktrace]
#0 /Applications/XAMPP/xamppfiles/htdocs/tmracing/vendor/laravel/framework/src/Illuminate/Log/LogManager.php(389): collect(Array)
#1 /Applications/XAMPP/xamppfiles/htdocs/tmracing/vendor/laravel/framework/src/Illuminate/Log/LogManager.php(222): Illuminate\\Log\\LogManager->createMonologDriver(Array)
#2 /Applications/XAMPP/xamppfiles/htdocs/tmracing/vendor/laravel/framework/src/Illuminate/Log/LogManager.php(137): Illuminate\\Log\\LogManager->resolve('deprecations', Array)
#3 /Applications/XAMPP/xamppfiles/htdocs/tmracing/vendor/laravel/framework/src/Illuminate/Log/LogManager.php(124): Illuminate\\Log\\LogManager->get('deprecations')
#4 /Applications/XAMPP/xamppfiles/htdocs/tmracing/vendor/laravel/framework/src/Illuminate/Log/LogManager.php(113): Illuminate\\Log\\LogManager->driver('deprecations')
#5 /Applications/XAMPP/xamppfiles/htdocs/tmracing/vendor/laravel/framework/src/Illuminate/Foundation/Bootstrap/HandleExceptions.php(102): Illuminate\\Log\\LogManager->channel('deprecations')
#6 /Applications/XAMPP/xamppfiles/htdocs/tmracing/vendor/laravel/framework/src/Illuminate/Foundation/Bootstrap/HandleExceptions.php(71): Illuminate\\Foundation\\Bootstrap\\HandleExceptions->handleDeprecationError('Illuminate\\\\Supp...', '/Applications/X...', 621, 8192)
#7 /Applications/XAMPP/xamppfiles/htdocs/tmracing/vendor/laravel/framework/src/Illuminate/Foundation/Bootstrap/HandleExceptions.php(255): Illuminate\\Foundation\\Bootstrap\\HandleExceptions->handleError(8192, 'Illuminate\\\\Supp...', '/Applications/X...', 621)
#8 /Applications/XAMPP/xamppfiles/htdocs/tmracing/vendor/composer/ClassLoader.php(576): Illuminate\\Foundation\\Bootstrap\\HandleExceptions->{closure:Illuminate\\Foundation\\Bootstrap\\HandleExceptions::forwardsTo():254}(8192, 'Illuminate\\\\Supp...', '/Applications/X...', 621)
#9 /Applications/XAMPP/xamppfiles/htdocs/tmracing/vendor/composer/ClassLoader.php(576): include('/Applications/X...')
#10 /Applications/XAMPP/xamppfiles/htdocs/tmracing/vendor/composer/ClassLoader.php(427): {closure:Composer\\Autoload\\ClassLoader::initializeIncludeClosure():575}('/Applications/X...')
#11 /Applications/XAMPP/xamppfiles/htdocs/tmracing/vendor/laravel/framework/src/Illuminate/Collections/Collection.php(21): Composer\\Autoload\\ClassLoader->loadClass('Illuminate\\\\Supp...')
#12 /Applications/XAMPP/xamppfiles/htdocs/tmracing/vendor/composer/ClassLoader.php(576): include('/Applications/X...')
#13 /Applications/XAMPP/xamppfiles/htdocs/tmracing/vendor/composer/ClassLoader.php(427): {closure:Composer\\Autoload\\ClassLoader::initializeIncludeClosure():575}('/Applications/X...')
#14 /Applications/XAMPP/xamppfiles/htdocs/tmracing/vendor/laravel/framework/src/Illuminate/Collections/helpers.php(18): Composer\\Autoload\\ClassLoader->loadClass('Illuminate\\\\Supp...')
#15 /Applications/XAMPP/xamppfiles/htdocs/tmracing/vendor/laravel/framework/src/Illuminate/Foundation/PackageManifest.php(90): collect(Array)
#16 /Applications/XAMPP/xamppfiles/htdocs/tmracing/vendor/laravel/framework/src/Illuminate/Foundation/PackageManifest.php(79): Illuminate\\Foundation\\PackageManifest->config('aliases')
#17 /Applications/XAMPP/xamppfiles/htdocs/tmracing/vendor/laravel/framework/src/Illuminate/Foundation/Bootstrap/RegisterFacades.php(26): Illuminate\\Foundation\\PackageManifest->aliases()
#18 /Applications/XAMPP/xamppfiles/htdocs/tmracing/vendor/laravel/framework/src/Illuminate/Foundation/Application.php(263): Illuminate\\Foundation\\Bootstrap\\RegisterFacades->bootstrap(Object(Illuminate\\Foundation\\Application))
#19 /Applications/XAMPP/xamppfiles/htdocs/tmracing/vendor/laravel/framework/src/Illuminate/Foundation/Console/Kernel.php(447): Illuminate\\Foundation\\Application->bootstrapWith(Array)
#20 /Applications/XAMPP/xamppfiles/htdocs/tmracing/vendor/laravel/framework/src/Illuminate/Foundation/Console/Kernel.php(199): Illuminate\\Foundation\\Console\\Kernel->bootstrap()
#21 /Applications/XAMPP/xamppfiles/htdocs/tmracing/artisan(35): Illuminate\\Foundation\\Console\\Kernel->handle(Object(Symfony\\Component\\Console\\Input\\ArgvInput), Object(Symfony\\Component\\Console\\Output\\ConsoleOutput))
#22 {main}
"} 
[2025-11-26 04:20:17] laravel.WARNING: Illuminate\Support\Enumerable::last(): Implicitly marking parameter $callback as nullable is deprecated, the explicit nullable type must be used instead in /Applications/XAMPP/xamppfiles/htdocs/tmracing/vendor/laravel/framework/src/Illuminate/Collections/Enumerable.php on line 621  
[2025-12-12 00:17:10] laravel.EMERGENCY: Unable to create configured logger. Using emergency logger. {"exception":"[object] (Error(code: 0): Class \"Illuminate\\Support\\Collection\" not found at /Applications/XAMPP/xamppfiles/htdocs/tmracing/vendor/laravel/framework/src/Illuminate/Collections/helpers.php:18)
[stacktrace]
#0 /Applications/XAMPP/xamppfiles/htdocs/tmracing/vendor/laravel/framework/src/Illuminate/Log/LogManager.php(389): collect(Array)
#1 /Applications/XAMPP/xamppfiles/htdocs/tmracing/vendor/laravel/framework/src/Illuminate/Log/LogManager.php(222): Illuminate\\Log\\LogManager->createMonologDriver(Array)
#2 /Applications/XAMPP/xamppfiles/htdocs/tmracing/vendor/laravel/framework/src/Illuminate/Log/LogManager.php(137): Illuminate\\Log\\LogManager->resolve('deprecations', Array)
#3 /Applications/XAMPP/xamppfiles/htdocs/tmracing/vendor/laravel/framework/src/Illuminate/Log/LogManager.php(124): Illuminate\\Log\\LogManager->get('deprecations')
#4 /Applications/XAMPP/xamppfiles/htdocs/tmracing/vendor/laravel/framework/src/Illuminate/Log/LogManager.php(113): Illuminate\\Log\\LogManager->driver('deprecations')
#5 /Applications/XAMPP/xamppfiles/htdocs/tmracing/vendor/laravel/framework/src/Illuminate/Foundation/Bootstrap/HandleExceptions.php(102): Illuminate\\Log\\LogManager->channel('deprecations')
#6 /Applications/XAMPP/xamppfiles/htdocs/tmracing/vendor/laravel/framework/src/Illuminate/Foundation/Bootstrap/HandleExceptions.php(71): Illuminate\\Foundation\\Bootstrap\\HandleExceptions->handleDeprecationError('Illuminate\\\\Supp...', '/Applications/X...', 384, 8192)
#7 /Applications/XAMPP/xamppfiles/htdocs/tmracing/vendor/laravel/framework/src/Illuminate/Foundation/Bootstrap/HandleExceptions.php(255): Illuminate\\Foundation\\Bootstrap\\HandleExceptions->handleError(8192, 'Illuminate\\\\Supp...', '/Applications/X...', 384)
#8 /Applications/XAMPP/xamppfiles/htdocs/tmracing/vendor/composer/ClassLoader.php(576): Illuminate\\Foundation\\Bootstrap\\HandleExceptions->{closure:Illuminate\\Foundation\\Bootstrap\\HandleExceptions::forwardsTo():254}(8192, 'Illuminate\\\\Supp...', '/Applications/X...', 384)
#9 /Applications/XAMPP/xamppfiles/htdocs/tmracing/vendor/composer/ClassLoader.php(576): include('/Applications/X...')
#10 /Applications/XAMPP/xamppfiles/htdocs/tmracing/vendor/composer/ClassLoader.php(427): {closure:Composer\\Autoload\\ClassLoader::initializeIncludeClosure():575}('/Applications/X...')
#11 /Applications/XAMPP/xamppfiles/htdocs/tmracing/vendor/laravel/framework/src/Illuminate/Collections/helpers.php(18): Composer\\Autoload\\ClassLoader->loadClass('Illuminate\\\\Supp...')
#12 /Applications/XAMPP/xamppfiles/htdocs/tmracing/vendor/laravel/framework/src/Illuminate/Foundation/PackageManifest.php(90): collect(Array)
#13 /Applications/XAMPP/xamppfiles/htdocs/tmracing/vendor/laravel/framework/src/Illuminate/Foundation/PackageManifest.php(79): Illuminate\\Foundation\\PackageManifest->config('aliases')
#14 /Applications/XAMPP/xamppfiles/htdocs/tmracing/vendor/laravel/framework/src/Illuminate/Foundation/Bootstrap/RegisterFacades.php(26): Illuminate\\Foundation\\PackageManifest->aliases()
#15 /Applications/XAMPP/xamppfiles/htdocs/tmracing/vendor/laravel/framework/src/Illuminate/Foundation/Application.php(263): Illuminate\\Foundation\\Bootstrap\\RegisterFacades->bootstrap(Object(Illuminate\\Foundation\\Application))
#16 /Applications/XAMPP/xamppfiles/htdocs/tmracing/vendor/laravel/framework/src/Illuminate/Foundation/Console/Kernel.php(447): Illuminate\\Foundation\\Application->bootstrapWith(Array)
#17 /Applications/XAMPP/xamppfiles/htdocs/tmracing/vendor/laravel/framework/src/Illuminate/Foundation/Console/Kernel.php(199): Illuminate\\Foundation\\Console\\Kernel->bootstrap()
#18 /Applications/XAMPP/xamppfiles/htdocs/tmracing/artisan(35): Illuminate\\Foundation\\Console\\Kernel->handle(Object(Symfony\\Component\\Console\\Input\\ArgvInput), Object(Symfony\\Component\\Console\\Output\\ConsoleOutput))
#19 {main}
"} 
[2025-12-12 00:17:10] laravel.WARNING: Illuminate\Support\Collection::filter(): Implicitly marking parameter $callback as nullable is deprecated, the explicit nullable type must be used instead in /Applications/XAMPP/xamppfiles/htdocs/tmracing/vendor/laravel/framework/src/Illuminate/Collections/Collection.php on line 384  
[2025-12-12 00:17:10] laravel.EMERGENCY: Unable to create configured logger. Using emergency logger. {"exception":"[object] (Error(code: 0): Class \"Illuminate\\Support\\Collection\" not found at /Applications/XAMPP/xamppfiles/htdocs/tmracing/vendor/laravel/framework/src/Illuminate/Collections/helpers.php:18)
[stacktrace]
#0 /Applications/XAMPP/xamppfiles/htdocs/tmracing/vendor/laravel/framework/src/Illuminate/Log/LogManager.php(389): collect(Array)
#1 /Applications/XAMPP/xamppfiles/htdocs/tmracing/vendor/laravel/framework/src/Illuminate/Log/LogManager.php(222): Illuminate\\Log\\LogManager->createMonologDriver(Array)
#2 /Applications/XAMPP/xamppfiles/htdocs/tmracing/vendor/laravel/framework/src/Illuminate/Log/LogManager.php(137): Illuminate\\Log\\LogManager->resolve('deprecations', Array)
#3 /Applications/XAMPP/xamppfiles/htdocs/tmracing/vendor/laravel/framework/src/Illuminate/Log/LogManager.php(124): Illuminate\\Log\\LogManager->get('deprecations')
#4 /Applications/XAMPP/xamppfiles/htdocs/tmracing/vendor/laravel/framework/src/Illuminate/Log/LogManager.php(113): Illuminate\\Log\\LogManager->driver('deprecations')
#5 /Applications/XAMPP/xamppfiles/htdocs/tmracing/vendor/laravel/framework/src/Illuminate/Foundation/Bootstrap/HandleExceptions.php(102): Illuminate\\Log\\LogManager->channel('deprecations')
#6 /Applications/XAMPP/xamppfiles/htdocs/tmracing/vendor/laravel/framework/src/Illuminate/Foundation/Bootstrap/HandleExceptions.php(71): Illuminate\\Foundation\\Bootstrap\\HandleExceptions->handleDeprecationError('Illuminate\\\\Supp...', '/Applications/X...', 402, 8192)
#7 /Applications/XAMPP/xamppfiles/htdocs/tmracing/vendor/laravel/framework/src/Illuminate/Foundation/Bootstrap/HandleExceptions.php(255): Illuminate\\Foundation\\Bootstrap\\HandleExceptions->handleError(8192, 'Illuminate\\\\Supp...', '/Applications/X...', 402)
#8 /Applications/XAMPP/xamppfiles/htdocs/tmracing/vendor/composer/ClassLoader.php(576): Illuminate\\Foundation\\Bootstrap\\HandleExceptions->{closure:Illuminate\\Foundation\\Bootstrap\\HandleExceptions::forwardsTo():254}(8192, 'Illuminate\\\\Supp...', '/Applications/X...', 402)
#9 /Applications/XAMPP/xamppfiles/htdocs/tmracing/vendor/composer/ClassLoader.php(576): include('/Applications/X...')
#10 /Applications/XAMPP/xamppfiles/htdocs/tmracing/vendor/composer/ClassLoader.php(427): {closure:Composer\\Autoload\\ClassLoader::initializeIncludeClosure():575}('/Applications/X...')
#11 /Applications/XAMPP/xamppfiles/htdocs/tmracing/vendor/laravel/framework/src/Illuminate/Collections/helpers.php(18): Composer\\Autoload\\ClassLoader->loadClass('Illuminate\\\\Supp...')
#12 /Applications/XAMPP/xamppfiles/htdocs/tmracing/vendor/laravel/framework/src/Illuminate/Foundation/PackageManifest.php(90): collect(Array)
#13 /Applications/XAMPP/xamppfiles/htdocs/tmracing/vendor/laravel/framework/src/Illuminate/Foundation/PackageManifest.php(79): Illuminate\\Foundation\\PackageManifest->config('aliases')
#14 /Applications/XAMPP/xamppfiles/htdocs/tmracing/vendor/laravel/framework/src/Illuminate/Foundation/Bootstrap/RegisterFacades.php(26): Illuminate\\Foundation\\PackageManifest->aliases()
#15 /Applications/XAMPP/xamppfiles/htdocs/tmracing/vendor/laravel/framework/src/Illuminate/Foundation/Application.php(263): Illuminate\\Foundation\\Bootstrap\\RegisterFacades->bootstrap(Object(Illuminate\\Foundation\\Application))
#16 /Applications/XAMPP/xamppfiles/htdocs/tmracing/vendor/laravel/framework/src/Illuminate/Foundation/Console/Kernel.php(447): Illuminate\\Foundation\\Application->bootstrapWith(Array)
#17 /Applications/XAMPP/xamppfiles/htdocs/tmracing/vendor/laravel/framework/src/Illuminate/Foundation/Console/Kernel.php(199): Illuminate\\Foundation\\Console\\Kernel->bootstrap()
#18 /Applications/XAMPP/xamppfiles/htdocs/tmracing/artisan(35): Illuminate\\Foundation\\Console\\Kernel->handle(Object(Symfony\\Component\\Console\\Input\\ArgvInput), Object(Symfony\\Component\\Console\\Output\\ConsoleOutput))
#19 {main}
"} 
[2025-12-12 00:17:10] laravel.WARNING: Illuminate\Support\Collection::first(): Implicitly marking parameter $callback as nullable is deprecated, the explicit nullable type must be used instead in /Applications/XAMPP/xamppfiles/htdocs/tmracing/vendor/laravel/framework/src/Illuminate/Collections/Collection.php on line 402  
[2025-12-12 00:17:10] laravel.EMERGENCY: Unable to create configured logger. Using emergency logger. {"exception":"[object] (Error(code: 0): Class \"Illuminate\\Support\\Collection\" not found at /Applications/XAMPP/xamppfiles/htdocs/tmracing/vendor/laravel/framework/src/Illuminate/Collections/helpers.php:18)
[stacktrace]
#0 /Applications/XAMPP/xamppfiles/htdocs/tmracing/vendor/laravel/framework/src/Illuminate/Log/LogManager.php(389): collect(Array)
#1 /Applications/XAMPP/xamppfiles/htdocs/tmracing/vendor/laravel/framework/src/Illuminate/Log/LogManager.php(222): Illuminate\\Log\\LogManager->createMonologDriver(Array)
#2 /Applications/XAMPP/xamppfiles/htdocs/tmracing/vendor/laravel/framework/src/Illuminate/Log/LogManager.php(137): Illuminate\\Log\\LogManager->resolve('deprecations', Array)
#3 /Applications/XAMPP/xamppfiles/htdocs/tmracing/vendor/laravel/framework/src/Illuminate/Log/LogManager.php(124): Illuminate\\Log\\LogManager->get('deprecations')
#4 /Applications/XAMPP/xamppfiles/htdocs/tmracing/vendor/laravel/framework/src/Illuminate/Log/LogManager.php(113): Illuminate\\Log\\LogManager->driver('deprecations')
#5 /Applications/XAMPP/xamppfiles/htdocs/tmracing/vendor/laravel/framework/src/Illuminate/Foundation/Bootstrap/HandleExceptions.php(102): Illuminate\\Log\\LogManager->channel('deprecations')
#6 /Applications/XAMPP/xamppfiles/htdocs/tmracing/vendor/laravel/framework/src/Illuminate/Foundation/Bootstrap/HandleExceptions.php(71): Illuminate\\Foundation\\Bootstrap\\HandleExceptions->handleDeprecationError('Illuminate\\\\Supp...', '/Applications/X...', 750, 8192)
#7 /Applications/XAMPP/xamppfiles/htdocs/tmracing/vendor/laravel/framework/src/Illuminate/Foundation/Bootstrap/HandleExceptions.php(255): Illuminate\\Foundation\\Bootstrap\\HandleExceptions->handleError(8192, 'Illuminate\\\\Supp...', '/Applications/X...', 750)
#8 /Applications/XAMPP/xamppfiles/htdocs/tmracing/vendor/composer/ClassLoader.php(576): Illuminate\\Foundation\\Bootstrap\\HandleExceptions->{closure:Illuminate\\Foundation\\Bootstrap\\HandleExceptions::forwardsTo():254}(8192, 'Illuminate\\\\Supp...', '/Applications/X...', 750)
#9 /Applications/XAMPP/xamppfiles/htdocs/tmracing/vendor/composer/ClassLoader.php(576): include('/Applications/X...')
#10 /Applications/XAMPP/xamppfiles/htdocs/tmracing/vendor/composer/ClassLoader.php(427): {closure:Composer\\Autoload\\ClassLoader::initializeIncludeClosure():575}('/Applications/X...')
#11 /Applications/XAMPP/xamppfiles/htdocs/tmracing/vendor/laravel/framework/src/Illuminate/Collections/helpers.php(18): Composer\\Autoload\\ClassLoader->loadClass('Illuminate\\\\Supp...')
#12 /Applications/XAMPP/xamppfiles/htdocs/tmracing/vendor/laravel/framework/src/Illuminate/Foundation/PackageManifest.php(90): collect(Array)
#13 /Applications/XAMPP/xamppfiles/htdocs/tmracing/vendor/laravel/framework/src/Illuminate/Foundation/PackageManifest.php(79): Illuminate\\Foundation\\PackageManifest->config('aliases')
#14 /Applications/XAMPP/xamppfiles/htdocs/tmracing/vendor/laravel/framework/src/Illuminate/Foundation/Bootstrap/RegisterFacades.php(26): Illuminate\\Foundation\\PackageManifest->aliases()
#15 /Applications/XAMPP/xamppfiles/htdocs/tmracing/vendor/laravel/framework/src/Illuminate/Foundation/Application.php(263): Illuminate\\Foundation\\Bootstrap\\RegisterFacades->bootstrap(Object(Illuminate\\Foundation\\Application))
#16 /Applications/XAMPP/xamppfiles/htdocs/tmracing/vendor/laravel/framework/src/Illuminate/Foundation/Console/Kernel.php(447): Illuminate\\Foundation\\Application->bootstrapWith(Array)
#17 /Applications/XAMPP/xamppfiles/htdocs/tmracing/vendor/laravel/framework/src/Illuminate/Foundation/Console/Kernel.php(199): Illuminate\\Foundation\\Console\\Kernel->bootstrap()
#18 /Applications/XAMPP/xamppfiles/htdocs/tmracing/artisan(35): Illuminate\\Foundation\\Console\\Kernel->handle(Object(Symfony\\Component\\Console\\Input\\ArgvInput), Object(Symfony\\Component\\Console\\Output\\ConsoleOutput))
#19 {main}
"} 
[2025-12-12 00:17:10] laravel.WARNING: Illuminate\Support\Collection::last(): Implicitly marking parameter $callback as nullable is deprecated, the explicit nullable type must be used instead in /Applications/XAMPP/xamppfiles/htdocs/tmracing/vendor/laravel/framework/src/Illuminate/Collections/Collection.php on line 750  
[2025-12-12 00:17:10] laravel.EMERGENCY: Unable to create configured logger. Using emergency logger. {"exception":"[object] (Error(code: 0): Class \"Illuminate\\Support\\Collection\" not found at /Applications/XAMPP/xamppfiles/htdocs/tmracing/vendor/laravel/framework/src/Illuminate/Collections/helpers.php:18)
[stacktrace]
#0 /Applications/XAMPP/xamppfiles/htdocs/tmracing/vendor/laravel/framework/src/Illuminate/Log/LogManager.php(389): collect(Array)
#1 /Applications/XAMPP/xamppfiles/htdocs/tmracing/vendor/laravel/framework/src/Illuminate/Log/LogManager.php(222): Illuminate\\Log\\LogManager->createMonologDriver(Array)
#2 /Applications/XAMPP/xamppfiles/htdocs/tmracing/vendor/laravel/framework/src/Illuminate/Log/LogManager.php(137): Illuminate\\Log\\LogManager->resolve('deprecations', Array)
#3 /Applications/XAMPP/xamppfiles/htdocs/tmracing/vendor/laravel/framework/src/Illuminate/Log/LogManager.php(124): Illuminate\\Log\\LogManager->get('deprecations')
#4 /Applications/XAMPP/xamppfiles/htdocs/tmracing/vendor/laravel/framework/src/Illuminate/Log/LogManager.php(113): Illuminate\\Log\\LogManager->driver('deprecations')
#5 /Applications/XAMPP/xamppfiles/htdocs/tmracing/vendor/laravel/framework/src/Illuminate/Foundation/Bootstrap/HandleExceptions.php(102): Illuminate\\Log\\LogManager->channel('deprecations')
#6 /Applications/XAMPP/xamppfiles/htdocs/tmracing/vendor/laravel/framework/src/Illuminate/Foundation/Bootstrap/HandleExceptions.php(71): Illuminate\\Foundation\\Bootstrap\\HandleExceptions->handleDeprecationError('Illuminate\\\\Supp...', '/Applications/X...', 167, 8192)
#7 /Applications/XAMPP/xamppfiles/htdocs/tmracing/vendor/laravel/framework/src/Illuminate/Foundation/Bootstrap/HandleExceptions.php(255): Illuminate\\Foundation\\Bootstrap\\HandleExceptions->handleError(8192, 'Illuminate\\\\Supp...', '/Applications/X...', 167)
#8 /Applications/XAMPP/xamppfiles/htdocs/tmracing/vendor/composer/ClassLoader.php(576): Illuminate\\Foundation\\Bootstrap\\HandleExceptions->{closure:Illuminate\\Foundation\\Bootstrap\\HandleExceptions::forwardsTo():254}(8192, 'Illuminate\\\\Supp...', '/Applications/X...', 167)
#9 /Applications/XAMPP/xamppfiles/htdocs/tmracing/vendor/composer/ClassLoader.php(576): include('/Applications/X...')
#10 /Applications/XAMPP/xamppfiles/htdocs/tmracing/vendor/composer/ClassLoader.php(427): {closure:Composer\\Autoload\\ClassLoader::initializeIncludeClosure():575}('/Applications/X...')
#11 /Applications/XAMPP/xamppfiles/htdocs/tmracing/vendor/laravel/framework/src/Illuminate/Collections/Collection.php(21): Composer\\Autoload\\ClassLoader->loadClass('Illuminate\\\\Supp...')
#12 /Applications/XAMPP/xamppfiles/htdocs/tmracing/vendor/composer/ClassLoader.php(576): include('/Applications/X...')
#13 /Applications/XAMPP/xamppfiles/htdocs/tmracing/vendor/composer/ClassLoader.php(427): {closure:Composer\\Autoload\\ClassLoader::initializeIncludeClosure():575}('/Applications/X...')
#14 /Applications/XAMPP/xamppfiles/htdocs/tmracing/vendor/laravel/framework/src/Illuminate/Collections/helpers.php(18): Composer\\Autoload\\ClassLoader->loadClass('Illuminate\\\\Supp...')
#15 /Applications/XAMPP/xamppfiles/htdocs/tmracing/vendor/laravel/framework/src/Illuminate/Foundation/PackageManifest.php(90): collect(Array)
#16 /Applications/XAMPP/xamppfiles/htdocs/tmracing/vendor/laravel/framework/src/Illuminate/Foundation/PackageManifest.php(79): Illuminate\\Foundation\\PackageManifest->config('aliases')
#17 /Applications/XAMPP/xamppfiles/htdocs/tmracing/vendor/laravel/framework/src/Illuminate/Foundation/Bootstrap/RegisterFacades.php(26): Illuminate\\Foundation\\PackageManifest->aliases()
#18 /Applications/XAMPP/xamppfiles/htdocs/tmracing/vendor/laravel/framework/src/Illuminate/Foundation/Application.php(263): Illuminate\\Foundation\\Bootstrap\\RegisterFacades->bootstrap(Object(Illuminate\\Foundation\\Application))
#19 /Applications/XAMPP/xamppfiles/htdocs/tmracing/vendor/laravel/framework/src/Illuminate/Foundation/Console/Kernel.php(447): Illuminate\\Foundation\\Application->bootstrapWith(Array)
#20 /Applications/XAMPP/xamppfiles/htdocs/tmracing/vendor/laravel/framework/src/Illuminate/Foundation/Console/Kernel.php(199): Illuminate\\Foundation\\Console\\Kernel->bootstrap()
#21 /Applications/XAMPP/xamppfiles/htdocs/tmracing/artisan(35): Illuminate\\Foundation\\Console\\Kernel->handle(Object(Symfony\\Component\\Console\\Input\\ArgvInput), Object(Symfony\\Component\\Console\\Output\\ConsoleOutput))
#22 {main}
"} 
[2025-12-12 00:17:10] laravel.WARNING: Illuminate\Support\Traits\EnumeratesValues::times(): Implicitly marking parameter $callback as nullable is deprecated, the explicit nullable type must be used instead in /Applications/XAMPP/xamppfiles/htdocs/tmracing/vendor/laravel/framework/src/Illuminate/Collections/Traits/EnumeratesValues.php on line 167  
[2025-12-12 00:17:10] laravel.EMERGENCY: Unable to create configured logger. Using emergency logger. {"exception":"[object] (Error(code: 0): Class \"Illuminate\\Support\\Collection\" not found at /Applications/XAMPP/xamppfiles/htdocs/tmracing/vendor/laravel/framework/src/Illuminate/Collections/helpers.php:18)
[stacktrace]
#0 /Applications/XAMPP/xamppfiles/htdocs/tmracing/vendor/laravel/framework/src/Illuminate/Log/LogManager.php(389): collect(Array)
#1 /Applications/XAMPP/xamppfiles/htdocs/tmracing/vendor/laravel/framework/src/Illuminate/Log/LogManager.php(222): Illuminate\\Log\\LogManager->createMonologDriver(Array)
#2 /Applications/XAMPP/xamppfiles/htdocs/tmracing/vendor/laravel/framework/src/Illuminate/Log/LogManager.php(137): Illuminate\\Log\\LogManager->resolve('deprecations', Array)
#3 /Applications/XAMPP/xamppfiles/htdocs/tmracing/vendor/laravel/framework/src/Illuminate/Log/LogManager.php(124): Illuminate\\Log\\LogManager->get('deprecations')
#4 /Applications/XAMPP/xamppfiles/htdocs/tmracing/vendor/laravel/framework/src/Illuminate/Log/LogManager.php(113): Illuminate\\Log\\LogManager->driver('deprecations')
#5 /Applications/XAMPP/xamppfiles/htdocs/tmracing/vendor/laravel/framework/src/Illuminate/Foundation/Bootstrap/HandleExceptions.php(102): Illuminate\\Log\\LogManager->channel('deprecations')
#6 /Applications/XAMPP/xamppfiles/htdocs/tmracing/vendor/laravel/framework/src/Illuminate/Foundation/Bootstrap/HandleExceptions.php(71): Illuminate\\Foundation\\Bootstrap\\HandleExceptions->handleDeprecationError('Illuminate\\\\Supp...', '/Applications/X...', 537, 8192)
#7 /Applications/XAMPP/xamppfiles/htdocs/tmracing/vendor/laravel/framework/src/Illuminate/Foundation/Bootstrap/HandleExceptions.php(255): Illuminate\\Foundation\\Bootstrap\\HandleExceptions->handleError(8192, 'Illuminate\\\\Supp...', '/Applications/X...', 537)
#8 /Applications/XAMPP/xamppfiles/htdocs/tmracing/vendor/composer/ClassLoader.php(576): Illuminate\\Foundation\\Bootstrap\\HandleExceptions->{closure:Illuminate\\Foundation\\Bootstrap\\HandleExceptions::forwardsTo():254}(8192, 'Illuminate\\\\Supp...', '/Applications/X...', 537)
#9 /Applications/XAMPP/xamppfiles/htdocs/tmracing/vendor/composer/ClassLoader.php(576): include('/Applications/X...')
#10 /Applications/XAMPP/xamppfiles/htdocs/tmracing/vendor/composer/ClassLoader.php(427): {closure:Composer\\Autoload\\ClassLoader::initializeIncludeClosure():575}('/Applications/X...')
#11 /Applications/XAMPP/xamppfiles/htdocs/tmracing/vendor/laravel/framework/src/Illuminate/Collections/Collection.php(21): Composer\\Autoload\\ClassLoader->loadClass('Illuminate\\\\Supp...')
#12 /Applications/XAMPP/xamppfiles/htdocs/tmracing/vendor/composer/ClassLoader.php(576): include('/Applications/X...')
#13 /Applications/XAMPP/xamppfiles/htdocs/tmracing/vendor/composer/ClassLoader.php(427): {closure:Composer\\Autoload\\ClassLoader::initializeIncludeClosure():575}('/Applications/X...')
#14 /Applications/XAMPP/xamppfiles/htdocs/tmracing/vendor/laravel/framework/src/Illuminate/Collections/helpers.php(18): Composer\\Autoload\\ClassLoader->loadClass('Illuminate\\\\Supp...')
#15 /Applications/XAMPP/xamppfiles/htdocs/tmracing/vendor/laravel/framework/src/Illuminate/Foundation/PackageManifest.php(90): collect(Array)
#16 /Applications/XAMPP/xamppfiles/htdocs/tmracing/vendor/laravel/framework/src/Illuminate/Foundation/PackageManifest.php(79): Illuminate\\Foundation\\PackageManifest->config('aliases')
#17 /Applications/XAMPP/xamppfiles/htdocs/tmracing/vendor/laravel/framework/src/Illuminate/Foundation/Bootstrap/RegisterFacades.php(26): Illuminate\\Foundation\\PackageManifest->aliases()
#18 /Applications/XAMPP/xamppfiles/htdocs/tmracing/vendor/laravel/framework/src/Illuminate/Foundation/Application.php(263): Illuminate\\Foundation\\Bootstrap\\RegisterFacades->bootstrap(Object(Illuminate\\Foundation\\Application))
#19 /Applications/XAMPP/xamppfiles/htdocs/tmracing/vendor/laravel/framework/src/Illuminate/Foundation/Console/Kernel.php(447): Illuminate\\Foundation\\Application->bootstrapWith(Array)
#20 /Applications/XAMPP/xamppfiles/htdocs/tmracing/vendor/laravel/framework/src/Illuminate/Foundation/Console/Kernel.php(199): Illuminate\\Foundation\\Console\\Kernel->bootstrap()
#21 /Applications/XAMPP/xamppfiles/htdocs/tmracing/artisan(35): Illuminate\\Foundation\\Console\\Kernel->handle(Object(Symfony\\Component\\Console\\Input\\ArgvInput), Object(Symfony\\Component\\Console\\Output\\ConsoleOutput))
#22 {main}
"} 
[2025-12-12 00:17:10] laravel.WARNING: Illuminate\Support\Traits\EnumeratesValues::whenEmpty(): Implicitly marking parameter $default as nullable is deprecated, the explicit nullable type must be used instead in /Applications/XAMPP/xamppfiles/htdocs/tmracing/vendor/laravel/framework/src/Illuminate/Collections/Traits/EnumeratesValues.php on line 537  
[2025-12-12 00:17:10] laravel.EMERGENCY: Unable to create configured logger. Using emergency logger. {"exception":"[object] (Error(code: 0): Class \"Illuminate\\Support\\Collection\" not found at /Applications/XAMPP/xamppfiles/htdocs/tmracing/vendor/laravel/framework/src/Illuminate/Collections/helpers.php:18)
[stacktrace]
#0 /Applications/XAMPP/xamppfiles/htdocs/tmracing/vendor/laravel/framework/src/Illuminate/Log/LogManager.php(389): collect(Array)
#1 /Applications/XAMPP/xamppfiles/htdocs/tmracing/vendor/laravel/framework/src/Illuminate/Log/LogManager.php(222): Illuminate\\Log\\LogManager->createMonologDriver(Array)
#2 /Applications/XAMPP/xamppfiles/htdocs/tmracing/vendor/laravel/framework/src/Illuminate/Log/LogManager.php(137): Illuminate\\Log\\LogManager->resolve('deprecations', Array)
#3 /Applications/XAMPP/xamppfiles/htdocs/tmracing/vendor/laravel/framework/src/Illuminate/Log/LogManager.php(124): Illuminate\\Log\\LogManager->get('deprecations')
#4 /Applications/XAMPP/xamppfiles/htdocs/tmracing/vendor/laravel/framework/src/Illuminate/Log/LogManager.php(113): Illuminate\\Log\\LogManager->driver('deprecations')
#5 /Applications/XAMPP/xamppfiles/htdocs/tmracing/vendor/laravel/framework/src/Illuminate/Foundation/Bootstrap/HandleExceptions.php(102): Illuminate\\Log\\LogManager->channel('deprecations')
#6 /Applications/XAMPP/xamppfiles/htdocs/tmracing/vendor/laravel/framework/src/Illuminate/Foundation/Bootstrap/HandleExceptions.php(71): Illuminate\\Foundation\\Bootstrap\\HandleExceptions->handleDeprecationError('Illuminate\\\\Supp...', '/Applications/X...', 551, 8192)
#7 /Applications/XAMPP/xamppfiles/htdocs/tmracing/vendor/laravel/framework/src/Illuminate/Foundation/Bootstrap/HandleExceptions.php(255): Illuminate\\Foundation\\Bootstrap\\HandleExceptions->handleError(8192, 'Illuminate\\\\Supp...', '/Applications/X...', 551)
#8 /Applications/XAMPP/xamppfiles/htdocs/tmracing/vendor/composer/ClassLoader.php(576): Illuminate\\Foundation\\Bootstrap\\HandleExceptions->{closure:Illuminate\\Foundation\\Bootstrap\\HandleExceptions::forwardsTo():254}(8192, 'Illuminate\\\\Supp...', '/Applications/X...', 551)
#9 /Applications/XAMPP/xamppfiles/htdocs/tmracing/vendor/composer/ClassLoader.php(576): include('/Applications/X...')
#10 /Applications/XAMPP/xamppfiles/htdocs/tmracing/vendor/composer/ClassLoader.php(427): {closure:Composer\\Autoload\\ClassLoader::initializeIncludeClosure():575}('/Applications/X...')
#11 /Applications/XAMPP/xamppfiles/htdocs/tmracing/vendor/laravel/framework/src/Illuminate/Collections/Collection.php(21): Composer\\Autoload\\ClassLoader->loadClass('Illuminate\\\\Supp...')
#12 /Applications/XAMPP/xamppfiles/htdocs/tmracing/vendor/composer/ClassLoader.php(576): include('/Applications/X...')
#13 /Applications/XAMPP/xamppfiles/htdocs/tmracing/vendor/composer/ClassLoader.php(427): {closure:Composer\\Autoload\\ClassLoader::initializeIncludeClosure():575}('/Applications/X...')
#14 /Applications/XAMPP/xamppfiles/htdocs/tmracing/vendor/laravel/framework/src/Illuminate/Collections/helpers.php(18): Composer\\Autoload\\ClassLoader->loadClass('Illuminate\\\\Supp...')
#15 /Applications/XAMPP/xamppfiles/htdocs/tmracing/vendor/laravel/framework/src/Illuminate/Foundation/PackageManifest.php(90): collect(Array)
#16 /Applications/XAMPP/xamppfiles/htdocs/tmracing/vendor/laravel/framework/src/Illuminate/Foundation/PackageManifest.php(79): Illuminate\\Foundation\\PackageManifest->config('aliases')
#17 /Applications/XAMPP/xamppfiles/htdocs/tmracing/vendor/laravel/framework/src/Illuminate/Foundation/Bootstrap/RegisterFacades.php(26): Illuminate\\Foundation\\PackageManifest->aliases()
#18 /Applications/XAMPP/xamppfiles/htdocs/tmracing/vendor/laravel/framework/src/Illuminate/Foundation/Application.php(263): Illuminate\\Foundation\\Bootstrap\\RegisterFacades->bootstrap(Object(Illuminate\\Foundation\\Application))
#19 /Applications/XAMPP/xamppfiles/htdocs/tmracing/vendor/laravel/framework/src/Illuminate/Foundation/Console/Kernel.php(447): Illuminate\\Foundation\\Application->bootstrapWith(Array)
#20 /Applications/XAMPP/xamppfiles/htdocs/tmracing/vendor/laravel/framework/src/Illuminate/Foundation/Console/Kernel.php(199): Illuminate\\Foundation\\Console\\Kernel->bootstrap()
#21 /Applications/XAMPP/xamppfiles/htdocs/tmracing/artisan(35): Illuminate\\Foundation\\Console\\Kernel->handle(Object(Symfony\\Component\\Console\\Input\\ArgvInput), Object(Symfony\\Component\\Console\\Output\\ConsoleOutput))
#22 {main}
"} 
[2025-12-12 00:17:10] laravel.WARNING: Illuminate\Support\Traits\EnumeratesValues::whenNotEmpty(): Implicitly marking parameter $default as nullable is deprecated, the explicit nullable type must be used instead in /Applications/XAMPP/xamppfiles/htdocs/tmracing/vendor/laravel/framework/src/Illuminate/Collections/Traits/EnumeratesValues.php on line 551  
[2025-12-12 00:17:10] laravel.EMERGENCY: Unable to create configured logger. Using emergency logger. {"exception":"[object] (Error(code: 0): Class \"Illuminate\\Support\\Collection\" not found at /Applications/XAMPP/xamppfiles/htdocs/tmracing/vendor/laravel/framework/src/Illuminate/Collections/helpers.php:18)
[stacktrace]
#0 /Applications/XAMPP/xamppfiles/htdocs/tmracing/vendor/laravel/framework/src/Illuminate/Log/LogManager.php(389): collect(Array)
#1 /Applications/XAMPP/xamppfiles/htdocs/tmracing/vendor/laravel/framework/src/Illuminate/Log/LogManager.php(222): Illuminate\\Log\\LogManager->createMonologDriver(Array)
#2 /Applications/XAMPP/xamppfiles/htdocs/tmracing/vendor/laravel/framework/src/Illuminate/Log/LogManager.php(137): Illuminate\\Log\\LogManager->resolve('deprecations', Array)
#3 /Applications/XAMPP/xamppfiles/htdocs/tmracing/vendor/laravel/framework/src/Illuminate/Log/LogManager.php(124): Illuminate\\Log\\LogManager->get('deprecations')
#4 /Applications/XAMPP/xamppfiles/htdocs/tmracing/vendor/laravel/framework/src/Illuminate/Log/LogManager.php(113): Illuminate\\Log\\LogManager->driver('deprecations')
#5 /Applications/XAMPP/xamppfiles/htdocs/tmracing/vendor/laravel/framework/src/Illuminate/Foundation/Bootstrap/HandleExceptions.php(102): Illuminate\\Log\\LogManager->channel('deprecations')
#6 /Applications/XAMPP/xamppfiles/htdocs/tmracing/vendor/laravel/framework/src/Illuminate/Foundation/Bootstrap/HandleExceptions.php(71): Illuminate\\Foundation\\Bootstrap\\HandleExceptions->handleDeprecationError('Illuminate\\\\Supp...', '/Applications/X...', 565, 8192)
#7 /Applications/XAMPP/xamppfiles/htdocs/tmracing/vendor/laravel/framework/src/Illuminate/Foundation/Bootstrap/HandleExceptions.php(255): Illuminate\\Foundation\\Bootstrap\\HandleExceptions->handleError(8192, 'Illuminate\\\\Supp...', '/Applications/X...', 565)
#8 /Applications/XAMPP/xamppfiles/htdocs/tmracing/vendor/composer/ClassLoader.php(576): Illuminate\\Foundation\\Bootstrap\\HandleExceptions->{closure:Illuminate\\Foundation\\Bootstrap\\HandleExceptions::forwardsTo():254}(8192, 'Illuminate\\\\Supp...', '/Applications/X...', 565)
#9 /Applications/XAMPP/xamppfiles/htdocs/tmracing/vendor/composer/ClassLoader.php(576): include('/Applications/X...')
#10 /Applications/XAMPP/xamppfiles/htdocs/tmracing/vendor/composer/ClassLoader.php(427): {closure:Composer\\Autoload\\ClassLoader::initializeIncludeClosure():575}('/Applications/X...')
#11 /Applications/XAMPP/xamppfiles/htdocs/tmracing/vendor/laravel/framework/src/Illuminate/Collections/Collection.php(21): Composer\\Autoload\\ClassLoader->loadClass('Illuminate\\\\Supp...')
#12 /Applications/XAMPP/xamppfiles/htdocs/tmracing/vendor/composer/ClassLoader.php(576): include('/Applications/X...')
#13 /Applications/XAMPP/xamppfiles/htdocs/tmracing/vendor/composer/ClassLoader.php(427): {closure:Composer\\Autoload\\ClassLoader::initializeIncludeClosure():575}('/Applications/X...')
#14 /Applications/XAMPP/xamppfiles/htdocs/tmracing/vendor/laravel/framework/src/Illuminate/Collections/helpers.php(18): Composer\\Autoload\\ClassLoader->loadClass('Illuminate\\\\Supp...')
#15 /Applications/XAMPP/xamppfiles/htdocs/tmracing/vendor/laravel/framework/src/Illuminate/Foundation/PackageManifest.php(90): collect(Array)
#16 /Applications/XAMPP/xamppfiles/htdocs/tmracing/vendor/laravel/framework/src/Illuminate/Foundation/PackageManifest.php(79): Illuminate\\Foundation\\PackageManifest->config('aliases')
#17 /Applications/XAMPP/xamppfiles/htdocs/tmracing/vendor/laravel/framework/src/Illuminate/Foundation/Bootstrap/RegisterFacades.php(26): Illuminate\\Foundation\\PackageManifest->aliases()
#18 /Applications/XAMPP/xamppfiles/htdocs/tmracing/vendor/laravel/framework/src/Illuminate/Foundation/Application.php(263): Illuminate\\Foundation\\Bootstrap\\RegisterFacades->bootstrap(Object(Illuminate\\Foundation\\Application))
#19 /Applications/XAMPP/xamppfiles/htdocs/tmracing/vendor/laravel/framework/src/Illuminate/Foundation/Console/Kernel.php(447): Illuminate\\Foundation\\Application->bootstrapWith(Array)
#20 /Applications/XAMPP/xamppfiles/htdocs/tmracing/vendor/laravel/framework/src/Illuminate/Foundation/Console/Kernel.php(199): Illuminate\\Foundation\\Console\\Kernel->bootstrap()
#21 /Applications/XAMPP/xamppfiles/htdocs/tmracing/artisan(35): Illuminate\\Foundation\\Console\\Kernel->handle(Object(Symfony\\Component\\Console\\Input\\ArgvInput), Object(Symfony\\Component\\Console\\Output\\ConsoleOutput))
#22 {main}
"} 
[2025-12-12 00:17:10] laravel.WARNING: Illuminate\Support\Traits\EnumeratesValues::unlessEmpty(): Implicitly marking parameter $default as nullable is deprecated, the explicit nullable type must be used instead in /Applications/XAMPP/xamppfiles/htdocs/tmracing/vendor/laravel/framework/src/Illuminate/Collections/Traits/EnumeratesValues.php on line 565  
[2025-12-12 00:17:10] laravel.EMERGENCY: Unable to create configured logger. Using emergency logger. {"exception":"[object] (Error(code: 0): Class \"Illuminate\\Support\\Collection\" not found at /Applications/XAMPP/xamppfiles/htdocs/tmracing/vendor/laravel/framework/src/Illuminate/Collections/helpers.php:18)
[stacktrace]
#0 /Applications/XAMPP/xamppfiles/htdocs/tmracing/vendor/laravel/framework/src/Illuminate/Log/LogManager.php(389): collect(Array)
#1 /Applications/XAMPP/xamppfiles/htdocs/tmracing/vendor/laravel/framework/src/Illuminate/Log/LogManager.php(222): Illuminate\\Log\\LogManager->createMonologDriver(Array)
#2 /Applications/XAMPP/xamppfiles/htdocs/tmracing/vendor/laravel/framework/src/Illuminate/Log/LogManager.php(137): Illuminate\\Log\\LogManager->resolve('deprecations', Array)
#3 /Applications/XAMPP/xamppfiles/htdocs/tmracing/vendor/laravel/framework/src/Illuminate/Log/LogManager.php(124): Illuminate\\Log\\LogManager->get('deprecations')
#4 /Applications/XAMPP/xamppfiles/htdocs/tmracing/vendor/laravel/framework/src/Illuminate/Log/LogManager.php(113): Illuminate\\Log\\LogManager->driver('deprecations')
#5 /Applications/XAMPP/xamppfiles/htdocs/tmracing/vendor/laravel/framework/src/Illuminate/Foundation/Bootstrap/HandleExceptions.php(102): Illuminate\\Log\\LogManager->channel('deprecations')
#6 /Applications/XAMPP/xamppfiles/htdocs/tmracing/vendor/laravel/framework/src/Illuminate/Foundation/Bootstrap/HandleExceptions.php(71): Illuminate\\Foundation\\Bootstrap\\HandleExceptions->handleDeprecationError('Illuminate\\\\Supp...', '/Applications/X...', 579, 8192)
#7 /Applications/XAMPP/xamppfiles/htdocs/tmracing/vendor/laravel/framework/src/Illuminate/Foundation/Bootstrap/HandleExceptions.php(255): Illuminate\\Foundation\\Bootstrap\\HandleExceptions->handleError(8192, 'Illuminate\\\\Supp...', '/Applications/X...', 579)
#8 /Applications/XAMPP/xamppfiles/htdocs/tmracing/vendor/composer/ClassLoader.php(576): Illuminate\\Foundation\\Bootstrap\\HandleExceptions->{closure:Illuminate\\Foundation\\Bootstrap\\HandleExceptions::forwardsTo():254}(8192, 'Illuminate\\\\Supp...', '/Applications/X...', 579)
#9 /Applications/XAMPP/xamppfiles/htdocs/tmracing/vendor/composer/ClassLoader.php(576): include('/Applications/X...')
#10 /Applications/XAMPP/xamppfiles/htdocs/tmracing/vendor/composer/ClassLoader.php(427): {closure:Composer\\Autoload\\ClassLoader::initializeIncludeClosure():575}('/Applications/X...')
#11 /Applications/XAMPP/xamppfiles/htdocs/tmracing/vendor/laravel/framework/src/Illuminate/Collections/Collection.php(21): Composer\\Autoload\\ClassLoader->loadClass('Illuminate\\\\Supp...')
#12 /Applications/XAMPP/xamppfiles/htdocs/tmracing/vendor/composer/ClassLoader.php(576): include('/Applications/X...')
#13 /Applications/XAMPP/xamppfiles/htdocs/tmracing/vendor/composer/ClassLoader.php(427): {closure:Composer\\Autoload\\ClassLoader::initializeIncludeClosure():575}('/Applications/X...')
#14 /Applications/XAMPP/xamppfiles/htdocs/tmracing/vendor/laravel/framework/src/Illuminate/Collections/helpers.php(18): Composer\\Autoload\\ClassLoader->loadClass('Illuminate\\\\Supp...')
#15 /Applications/XAMPP/xamppfiles/htdocs/tmracing/vendor/laravel/framework/src/Illuminate/Foundation/PackageManifest.php(90): collect(Array)
#16 /Applications/XAMPP/xamppfiles/htdocs/tmracing/vendor/laravel/framework/src/Illuminate/Foundation/PackageManifest.php(79): Illuminate\\Foundation\\PackageManifest->config('aliases')
#17 /Applications/XAMPP/xamppfiles/htdocs/tmracing/vendor/laravel/framework/src/Illuminate/Foundation/Bootstrap/RegisterFacades.php(26): Illuminate\\Foundation\\PackageManifest->aliases()
#18 /Applications/XAMPP/xamppfiles/htdocs/tmracing/vendor/laravel/framework/src/Illuminate/Foundation/Application.php(263): Illuminate\\Foundation\\Bootstrap\\RegisterFacades->bootstrap(Object(Illuminate\\Foundation\\Application))
#19 /Applications/XAMPP/xamppfiles/htdocs/tmracing/vendor/laravel/framework/src/Illuminate/Foundation/Console/Kernel.php(447): Illuminate\\Foundation\\Application->bootstrapWith(Array)
#20 /Applications/XAMPP/xamppfiles/htdocs/tmracing/vendor/laravel/framework/src/Illuminate/Foundation/Console/Kernel.php(199): Illuminate\\Foundation\\Console\\Kernel->bootstrap()
#21 /Applications/XAMPP/xamppfiles/htdocs/tmracing/artisan(35): Illuminate\\Foundation\\Console\\Kernel->handle(Object(Symfony\\Component\\Console\\Input\\ArgvInput), Object(Symfony\\Component\\Console\\Output\\ConsoleOutput))
#22 {main}
"} 
[2025-12-12 00:17:10] laravel.WARNING: Illuminate\Support\Traits\EnumeratesValues::unlessNotEmpty(): Implicitly marking parameter $default as nullable is deprecated, the explicit nullable type must be used instead in /Applications/XAMPP/xamppfiles/htdocs/tmracing/vendor/laravel/framework/src/Illuminate/Collections/Traits/EnumeratesValues.php on line 579  
[2025-12-12 00:17:10] laravel.EMERGENCY: Unable to create configured logger. Using emergency logger. {"exception":"[object] (Error(code: 0): Class \"Illuminate\\Support\\Collection\" not found at /Applications/XAMPP/xamppfiles/htdocs/tmracing/vendor/laravel/framework/src/Illuminate/Collections/helpers.php:18)
[stacktrace]
#0 /Applications/XAMPP/xamppfiles/htdocs/tmracing/vendor/laravel/framework/src/Illuminate/Log/LogManager.php(389): collect(Array)
#1 /Applications/XAMPP/xamppfiles/htdocs/tmracing/vendor/laravel/framework/src/Illuminate/Log/LogManager.php(222): Illuminate\\Log\\LogManager->createMonologDriver(Array)
#2 /Applications/XAMPP/xamppfiles/htdocs/tmracing/vendor/laravel/framework/src/Illuminate/Log/LogManager.php(137): Illuminate\\Log\\LogManager->resolve('deprecations', Array)
#3 /Applications/XAMPP/xamppfiles/htdocs/tmracing/vendor/laravel/framework/src/Illuminate/Log/LogManager.php(124): Illuminate\\Log\\LogManager->get('deprecations')
#4 /Applications/XAMPP/xamppfiles/htdocs/tmracing/vendor/laravel/framework/src/Illuminate/Log/LogManager.php(113): Illuminate\\Log\\LogManager->driver('deprecations')
#5 /Applications/XAMPP/xamppfiles/htdocs/tmracing/vendor/laravel/framework/src/Illuminate/Foundation/Bootstrap/HandleExceptions.php(102): Illuminate\\Log\\LogManager->channel('deprecations')
#6 /Applications/XAMPP/xamppfiles/htdocs/tmracing/vendor/laravel/framework/src/Illuminate/Foundation/Bootstrap/HandleExceptions.php(71): Illuminate\\Foundation\\Bootstrap\\HandleExceptions->handleDeprecationError('Illuminate\\\\Supp...', '/Applications/X...', 41, 8192)
#7 /Applications/XAMPP/xamppfiles/htdocs/tmracing/vendor/laravel/framework/src/Illuminate/Foundation/Bootstrap/HandleExceptions.php(255): Illuminate\\Foundation\\Bootstrap\\HandleExceptions->handleError(8192, 'Illuminate\\\\Supp...', '/Applications/X...', 41)
#8 /Applications/XAMPP/xamppfiles/htdocs/tmracing/vendor/composer/ClassLoader.php(576): Illuminate\\Foundation\\Bootstrap\\HandleExceptions->{closure:Illuminate\\Foundation\\Bootstrap\\HandleExceptions::forwardsTo():254}(8192, 'Illuminate\\\\Supp...', '/Applications/X...', 41)
#9 /Applications/XAMPP/xamppfiles/htdocs/tmracing/vendor/composer/ClassLoader.php(576): include('/Applications/X...')
#10 /Applications/XAMPP/xamppfiles/htdocs/tmracing/vendor/composer/ClassLoader.php(427): {closure:Composer\\Autoload\\ClassLoader::initializeIncludeClosure():575}('/Applications/X...')
#11 /Applications/XAMPP/xamppfiles/htdocs/tmracing/vendor/laravel/framework/src/Illuminate/Collections/Collection.php(21): Composer\\Autoload\\ClassLoader->loadClass('Illuminate\\\\Supp...')
#12 /Applications/XAMPP/xamppfiles/htdocs/tmracing/vendor/composer/ClassLoader.php(576): include('/Applications/X...')
#13 /Applications/XAMPP/xamppfiles/htdocs/tmracing/vendor/composer/ClassLoader.php(427): {closure:Composer\\Autoload\\ClassLoader::initializeIncludeClosure():575}('/Applications/X...')
#14 /Applications/XAMPP/xamppfiles/htdocs/tmracing/vendor/laravel/framework/src/Illuminate/Collections/helpers.php(18): Composer\\Autoload\\ClassLoader->loadClass('Illuminate\\\\Supp...')
#15 /Applications/XAMPP/xamppfiles/htdocs/tmracing/vendor/laravel/framework/src/Illuminate/Foundation/PackageManifest.php(90): collect(Array)
#16 /Applications/XAMPP/xamppfiles/htdocs/tmracing/vendor/laravel/framework/src/Illuminate/Foundation/PackageManifest.php(79): Illuminate\\Foundation\\PackageManifest->config('aliases')
#17 /Applications/XAMPP/xamppfiles/htdocs/tmracing/vendor/laravel/framework/src/Illuminate/Foundation/Bootstrap/RegisterFacades.php(26): Illuminate\\Foundation\\PackageManifest->aliases()
#18 /Applications/XAMPP/xamppfiles/htdocs/tmracing/vendor/laravel/framework/src/Illuminate/Foundation/Application.php(263): Illuminate\\Foundation\\Bootstrap\\RegisterFacades->bootstrap(Object(Illuminate\\Foundation\\Application))
#19 /Applications/XAMPP/xamppfiles/htdocs/tmracing/vendor/laravel/framework/src/Illuminate/Foundation/Console/Kernel.php(447): Illuminate\\Foundation\\Application->bootstrapWith(Array)
#20 /Applications/XAMPP/xamppfiles/htdocs/tmracing/vendor/laravel/framework/src/Illuminate/Foundation/Console/Kernel.php(199): Illuminate\\Foundation\\Console\\Kernel->bootstrap()
#21 /Applications/XAMPP/xamppfiles/htdocs/tmracing/artisan(35): Illuminate\\Foundation\\Console\\Kernel->handle(Object(Symfony\\Component\\Console\\Input\\ArgvInput), Object(Symfony\\Component\\Console\\Output\\ConsoleOutput))
#22 {main}
"} 
[2025-12-12 00:17:10] laravel.WARNING: Illuminate\Support\Enumerable::times(): Implicitly marking parameter $callback as nullable is deprecated, the explicit nullable type must be used instead in /Applications/XAMPP/xamppfiles/htdocs/tmracing/vendor/laravel/framework/src/Illuminate/Collections/Enumerable.php on line 41  
[2025-12-12 00:17:10] laravel.EMERGENCY: Unable to create configured logger. Using emergency logger. {"exception":"[object] (Error(code: 0): Class \"Illuminate\\Support\\Collection\" not found at /Applications/XAMPP/xamppfiles/htdocs/tmracing/vendor/laravel/framework/src/Illuminate/Collections/helpers.php:18)
[stacktrace]
#0 /Applications/XAMPP/xamppfiles/htdocs/tmracing/vendor/laravel/framework/src/Illuminate/Log/LogManager.php(389): collect(Array)
#1 /Applications/XAMPP/xamppfiles/htdocs/tmracing/vendor/laravel/framework/src/Illuminate/Log/LogManager.php(222): Illuminate\\Log\\LogManager->createMonologDriver(Array)
#2 /Applications/XAMPP/xamppfiles/htdocs/tmracing/vendor/laravel/framework/src/Illuminate/Log/LogManager.php(137): Illuminate\\Log\\LogManager->resolve('deprecations', Array)
#3 /Applications/XAMPP/xamppfiles/htdocs/tmracing/vendor/laravel/framework/src/Illuminate/Log/LogManager.php(124): Illuminate\\Log\\LogManager->get('deprecations')
#4 /Applications/XAMPP/xamppfiles/htdocs/tmracing/vendor/laravel/framework/src/Illuminate/Log/LogManager.php(113): Illuminate\\Log\\LogManager->driver('deprecations')
#5 /Applications/XAMPP/xamppfiles/htdocs/tmracing/vendor/laravel/framework/src/Illuminate/Foundation/Bootstrap/HandleExceptions.php(102): Illuminate\\Log\\LogManager->channel('deprecations')
#6 /Applications/XAMPP/xamppfiles/htdocs/tmracing/vendor/laravel/framework/src/Illuminate/Foundation/Bootstrap/HandleExceptions.php(71): Illuminate\\Foundation\\Bootstrap\\HandleExceptions->handleDeprecationError('Illuminate\\\\Supp...', '/Applications/X...', 299, 8192)
#7 /Applications/XAMPP/xamppfiles/htdocs/tmracing/vendor/laravel/framework/src/Illuminate/Foundation/Bootstrap/HandleExceptions.php(255): Illuminate\\Foundation\\Bootstrap\\HandleExceptions->handleError(8192, 'Illuminate\\\\Supp...', '/Applications/X...', 299)
#8 /Applications/XAMPP/xamppfiles/htdocs/tmracing/vendor/composer/ClassLoader.php(576): Illuminate\\Foundation\\Bootstrap\\HandleExceptions->{closure:Illuminate\\Foundation\\Bootstrap\\HandleExceptions::forwardsTo():254}(8192, 'Illuminate\\\\Supp...', '/Applications/X...', 299)
#9 /Applications/XAMPP/xamppfiles/htdocs/tmracing/vendor/composer/ClassLoader.php(576): include('/Applications/X...')
#10 /Applications/XAMPP/xamppfiles/htdocs/tmracing/vendor/composer/ClassLoader.php(427): {closure:Composer\\Autoload\\ClassLoader::initializeIncludeClosure():575}('/Applications/X...')
#11 /Applications/XAMPP/xamppfiles/htdocs/tmracing/vendor/laravel/framework/src/Illuminate/Collections/Collection.php(21): Composer\\Autoload\\ClassLoader->loadClass('Illuminate\\\\Supp...')
#12 /Applications/XAMPP/xamppfiles/htdocs/tmracing/vendor/composer/ClassLoader.php(576): include('/Applications/X...')
#13 /Applications/XAMPP/xamppfiles/htdocs/tmracing/vendor/composer/ClassLoader.php(427): {closure:Composer\\Autoload\\ClassLoader::initializeIncludeClosure():575}('/Applications/X...')
#14 /Applications/XAMPP/xamppfiles/htdocs/tmracing/vendor/laravel/framework/src/Illuminate/Collections/helpers.php(18): Composer\\Autoload\\ClassLoader->loadClass('Illuminate\\\\Supp...')
#15 /Applications/XAMPP/xamppfiles/htdocs/tmracing/vendor/laravel/framework/src/Illuminate/Foundation/PackageManifest.php(90): collect(Array)
#16 /Applications/XAMPP/xamppfiles/htdocs/tmracing/vendor/laravel/framework/src/Illuminate/Foundation/PackageManifest.php(79): Illuminate\\Foundation\\PackageManifest->config('aliases')
#17 /Applications/XAMPP/xamppfiles/htdocs/tmracing/vendor/laravel/framework/src/Illuminate/Foundation/Bootstrap/RegisterFacades.php(26): Illuminate\\Foundation\\PackageManifest->aliases()
#18 /Applications/XAMPP/xamppfiles/htdocs/tmracing/vendor/laravel/framework/src/Illuminate/Foundation/Application.php(263): Illuminate\\Foundation\\Bootstrap\\RegisterFacades->bootstrap(Object(Illuminate\\Foundation\\Application))
#19 /Applications/XAMPP/xamppfiles/htdocs/tmracing/vendor/laravel/framework/src/Illuminate/Foundation/Console/Kernel.php(447): Illuminate\\Foundation\\Application->bootstrapWith(Array)
#20 /Applications/XAMPP/xamppfiles/htdocs/tmracing/vendor/laravel/framework/src/Illuminate/Foundation/Console/Kernel.php(199): Illuminate\\Foundation\\Console\\Kernel->bootstrap()
#21 /Applications/XAMPP/xamppfiles/htdocs/tmracing/artisan(35): Illuminate\\Foundation\\Console\\Kernel->handle(Object(Symfony\\Component\\Console\\Input\\ArgvInput), Object(Symfony\\Component\\Console\\Output\\ConsoleOutput))
#22 {main}
"} 
[2025-12-12 00:17:10] laravel.WARNING: Illuminate\Support\Enumerable::filter(): Implicitly marking parameter $callback as nullable is deprecated, the explicit nullable type must be used instead in /Applications/XAMPP/xamppfiles/htdocs/tmracing/vendor/laravel/framework/src/Illuminate/Collections/Enumerable.php on line 299  
[2025-12-12 00:17:10] laravel.EMERGENCY: Unable to create configured logger. Using emergency logger. {"exception":"[object] (Error(code: 0): Class \"Illuminate\\Support\\Collection\" not found at /Applications/XAMPP/xamppfiles/htdocs/tmracing/vendor/laravel/framework/src/Illuminate/Collections/helpers.php:18)
[stacktrace]
#0 /Applications/XAMPP/xamppfiles/htdocs/tmracing/vendor/laravel/framework/src/Illuminate/Log/LogManager.php(389): collect(Array)
#1 /Applications/XAMPP/xamppfiles/htdocs/tmracing/vendor/laravel/framework/src/Illuminate/Log/LogManager.php(222): Illuminate\\Log\\LogManager->createMonologDriver(Array)
#2 /Applications/XAMPP/xamppfiles/htdocs/tmracing/vendor/laravel/framework/src/Illuminate/Log/LogManager.php(137): Illuminate\\Log\\LogManager->resolve('deprecations', Array)
#3 /Applications/XAMPP/xamppfiles/htdocs/tmracing/vendor/laravel/framework/src/Illuminate/Log/LogManager.php(124): Illuminate\\Log\\LogManager->get('deprecations')
#4 /Applications/XAMPP/xamppfiles/htdocs/tmracing/vendor/laravel/framework/src/Illuminate/Log/LogManager.php(113): Illuminate\\Log\\LogManager->driver('deprecations')
#5 /Applications/XAMPP/xamppfiles/htdocs/tmracing/vendor/laravel/framework/src/Illuminate/Foundation/Bootstrap/HandleExceptions.php(102): Illuminate\\Log\\LogManager->channel('deprecations')
#6 /Applications/XAMPP/xamppfiles/htdocs/tmracing/vendor/laravel/framework/src/Illuminate/Foundation/Bootstrap/HandleExceptions.php(71): Illuminate\\Foundation\\Bootstrap\\HandleExceptions->handleDeprecationError('Illuminate\\\\Supp...', '/Applications/X...', 311, 8192)
#7 /Applications/XAMPP/xamppfiles/htdocs/tmracing/vendor/laravel/framework/src/Illuminate/Foundation/Bootstrap/HandleExceptions.php(255): Illuminate\\Foundation\\Bootstrap\\HandleExceptions->handleError(8192, 'Illuminate\\\\Supp...', '/Applications/X...', 311)
#8 /Applications/XAMPP/xamppfiles/htdocs/tmracing/vendor/composer/ClassLoader.php(576): Illuminate\\Foundation\\Bootstrap\\HandleExceptions->{closure:Illuminate\\Foundation\\Bootstrap\\HandleExceptions::forwardsTo():254}(8192, 'Illuminate\\\\Supp...', '/Applications/X...', 311)
#9 /Applications/XAMPP/xamppfiles/htdocs/tmracing/vendor/composer/ClassLoader.php(576): include('/Applications/X...')
#10 /Applications/XAMPP/xamppfiles/htdocs/tmracing/vendor/composer/ClassLoader.php(427): {closure:Composer\\Autoload\\ClassLoader::initializeIncludeClosure():575}('/Applications/X...')
#11 /Applications/XAMPP/xamppfiles/htdocs/tmracing/vendor/laravel/framework/src/Illuminate/Collections/Collection.php(21): Composer\\Autoload\\ClassLoader->loadClass('Illuminate\\\\Supp...')
#12 /Applications/XAMPP/xamppfiles/htdocs/tmracing/vendor/composer/ClassLoader.php(576): include('/Applications/X...')
#13 /Applications/XAMPP/xamppfiles/htdocs/tmracing/vendor/composer/ClassLoader.php(427): {closure:Composer\\Autoload\\ClassLoader::initializeIncludeClosure():575}('/Applications/X...')
#14 /Applications/XAMPP/xamppfiles/htdocs/tmracing/vendor/laravel/framework/src/Illuminate/Collections/helpers.php(18): Composer\\Autoload\\ClassLoader->loadClass('Illuminate\\\\Supp...')
#15 /Applications/XAMPP/xamppfiles/htdocs/tmracing/vendor/laravel/framework/src/Illuminate/Foundation/PackageManifest.php(90): collect(Array)
#16 /Applications/XAMPP/xamppfiles/htdocs/tmracing/vendor/laravel/framework/src/Illuminate/Foundation/PackageManifest.php(79): Illuminate\\Foundation\\PackageManifest->config('aliases')
#17 /Applications/XAMPP/xamppfiles/htdocs/tmracing/vendor/laravel/framework/src/Illuminate/Foundation/Bootstrap/RegisterFacades.php(26): Illuminate\\Foundation\\PackageManifest->aliases()
#18 /Applications/XAMPP/xamppfiles/htdocs/tmracing/vendor/laravel/framework/src/Illuminate/Foundation/Application.php(263): Illuminate\\Foundation\\Bootstrap\\RegisterFacades->bootstrap(Object(Illuminate\\Foundation\\Application))
#19 /Applications/XAMPP/xamppfiles/htdocs/tmracing/vendor/laravel/framework/src/Illuminate/Foundation/Console/Kernel.php(447): Illuminate\\Foundation\\Application->bootstrapWith(Array)
#20 /Applications/XAMPP/xamppfiles/htdocs/tmracing/vendor/laravel/framework/src/Illuminate/Foundation/Console/Kernel.php(199): Illuminate\\Foundation\\Console\\Kernel->bootstrap()
#21 /Applications/XAMPP/xamppfiles/htdocs/tmracing/artisan(35): Illuminate\\Foundation\\Console\\Kernel->handle(Object(Symfony\\Component\\Console\\Input\\ArgvInput), Object(Symfony\\Component\\Console\\Output\\ConsoleOutput))
#22 {main}
"} 
[2025-12-12 00:17:10] laravel.WARNING: Illuminate\Support\Enumerable::when(): Implicitly marking parameter $callback as nullable is deprecated, the explicit nullable type must be used instead in /Applications/XAMPP/xamppfiles/htdocs/tmracing/vendor/laravel/framework/src/Illuminate/Collections/Enumerable.php on line 311  
[2025-12-12 00:17:10] laravel.EMERGENCY: Unable to create configured logger. Using emergency logger. {"exception":"[object] (Error(code: 0): Class \"Illuminate\\Support\\Collection\" not found at /Applications/XAMPP/xamppfiles/htdocs/tmracing/vendor/laravel/framework/src/Illuminate/Collections/helpers.php:18)
[stacktrace]
#0 /Applications/XAMPP/xamppfiles/htdocs/tmracing/vendor/laravel/framework/src/Illuminate/Log/LogManager.php(389): collect(Array)
#1 /Applications/XAMPP/xamppfiles/htdocs/tmracing/vendor/laravel/framework/src/Illuminate/Log/LogManager.php(222): Illuminate\\Log\\LogManager->createMonologDriver(Array)
#2 /Applications/XAMPP/xamppfiles/htdocs/tmracing/vendor/laravel/framework/src/Illuminate/Log/LogManager.php(137): Illuminate\\Log\\LogManager->resolve('deprecations', Array)
#3 /Applications/XAMPP/xamppfiles/htdocs/tmracing/vendor/laravel/framework/src/Illuminate/Log/LogManager.php(124): Illuminate\\Log\\LogManager->get('deprecations')
#4 /Applications/XAMPP/xamppfiles/htdocs/tmracing/vendor/laravel/framework/src/Illuminate/Log/LogManager.php(113): Illuminate\\Log\\LogManager->driver('deprecations')
#5 /Applications/XAMPP/xamppfiles/htdocs/tmracing/vendor/laravel/framework/src/Illuminate/Foundation/Bootstrap/HandleExceptions.php(102): Illuminate\\Log\\LogManager->channel('deprecations')
#6 /Applications/XAMPP/xamppfiles/htdocs/tmracing/vendor/laravel/framework/src/Illuminate/Foundation/Bootstrap/HandleExceptions.php(71): Illuminate\\Foundation\\Bootstrap\\HandleExceptions->handleDeprecationError('Illuminate\\\\Supp...', '/Applications/X...', 311, 8192)
#7 /Applications/XAMPP/xamppfiles/htdocs/tmracing/vendor/laravel/framework/src/Illuminate/Foundation/Bootstrap/HandleExceptions.php(255): Illuminate\\Foundation\\Bootstrap\\HandleExceptions->handleError(8192, 'Illuminate\\\\Supp...', '/Applications/X...', 311)
#8 /Applications/XAMPP/xamppfiles/htdocs/tmracing/vendor/composer/ClassLoader.php(576): Illuminate\\Foundation\\Bootstrap\\HandleExceptions->{closure:Illuminate\\Foundation\\Bootstrap\\HandleExceptions::forwardsTo():254}(8192, 'Illuminate\\\\Supp...', '/Applications/X...', 311)
#9 /Applications/XAMPP/xamppfiles/htdocs/tmracing/vendor/composer/ClassLoader.php(576): include('/Applications/X...')
#10 /Applications/XAMPP/xamppfiles/htdocs/tmracing/vendor/composer/ClassLoader.php(427): {closure:Composer\\Autoload\\ClassLoader::initializeIncludeClosure():575}('/Applications/X...')
#11 /Applications/XAMPP/xamppfiles/htdocs/tmracing/vendor/laravel/framework/src/Illuminate/Collections/Collection.php(21): Composer\\Autoload\\ClassLoader->loadClass('Illuminate\\\\Supp...')
#12 /Applications/XAMPP/xamppfiles/htdocs/tmracing/vendor/composer/ClassLoader.php(576): include('/Applications/X...')
#13 /Applications/XAMPP/xamppfiles/htdocs/tmracing/vendor/composer/ClassLoader.php(427): {closure:Composer\\Autoload\\ClassLoader::initializeIncludeClosure():575}('/Applications/X...')
#14 /Applications/XAMPP/xamppfiles/htdocs/tmracing/vendor/laravel/framework/src/Illuminate/Collections/helpers.php(18): Composer\\Autoload\\ClassLoader->loadClass('Illuminate\\\\Supp...')
#15 /Applications/XAMPP/xamppfiles/htdocs/tmracing/vendor/laravel/framework/src/Illuminate/Foundation/PackageManifest.php(90): collect(Array)
#16 /Applications/XAMPP/xamppfiles/htdocs/tmracing/vendor/laravel/framework/src/Illuminate/Foundation/PackageManifest.php(79): Illuminate\\Foundation\\PackageManifest->config('aliases')
#17 /Applications/XAMPP/xamppfiles/htdocs/tmracing/vendor/laravel/framework/src/Illuminate/Foundation/Bootstrap/RegisterFacades.php(26): Illuminate\\Foundation\\PackageManifest->aliases()
#18 /Applications/XAMPP/xamppfiles/htdocs/tmracing/vendor/laravel/framework/src/Illuminate/Foundation/Application.php(263): Illuminate\\Foundation\\Bootstrap\\RegisterFacades->bootstrap(Object(Illuminate\\Foundation\\Application))
#19 /Applications/XAMPP/xamppfiles/htdocs/tmracing/vendor/laravel/framework/src/Illuminate/Foundation/Console/Kernel.php(447): Illuminate\\Foundation\\Application->bootstrapWith(Array)
#20 /Applications/XAMPP/xamppfiles/htdocs/tmracing/vendor/laravel/framework/src/Illuminate/Foundation/Console/Kernel.php(199): Illuminate\\Foundation\\Console\\Kernel->bootstrap()
#21 /Applications/XAMPP/xamppfiles/htdocs/tmracing/artisan(35): Illuminate\\Foundation\\Console\\Kernel->handle(Object(Symfony\\Component\\Console\\Input\\ArgvInput), Object(Symfony\\Component\\Console\\Output\\ConsoleOutput))
#22 {main}
"} 
[2025-12-12 00:17:10] laravel.WARNING: Illuminate\Support\Enumerable::when(): Implicitly marking parameter $default as nullable is deprecated, the explicit nullable type must be used instead in /Applications/XAMPP/xamppfiles/htdocs/tmracing/vendor/laravel/framework/src/Illuminate/Collections/Enumerable.php on line 311  
[2025-12-12 00:17:10] laravel.EMERGENCY: Unable to create configured logger. Using emergency logger. {"exception":"[object] (Error(code: 0): Class \"Illuminate\\Support\\Collection\" not found at /Applications/XAMPP/xamppfiles/htdocs/tmracing/vendor/laravel/framework/src/Illuminate/Collections/helpers.php:18)
[stacktrace]
#0 /Applications/XAMPP/xamppfiles/htdocs/tmracing/vendor/laravel/framework/src/Illuminate/Log/LogManager.php(389): collect(Array)
#1 /Applications/XAMPP/xamppfiles/htdocs/tmracing/vendor/laravel/framework/src/Illuminate/Log/LogManager.php(222): Illuminate\\Log\\LogManager->createMonologDriver(Array)
#2 /Applications/XAMPP/xamppfiles/htdocs/tmracing/vendor/laravel/framework/src/Illuminate/Log/LogManager.php(137): Illuminate\\Log\\LogManager->resolve('deprecations', Array)
#3 /Applications/XAMPP/xamppfiles/htdocs/tmracing/vendor/laravel/framework/src/Illuminate/Log/LogManager.php(124): Illuminate\\Log\\LogManager->get('deprecations')
#4 /Applications/XAMPP/xamppfiles/htdocs/tmracing/vendor/laravel/framework/src/Illuminate/Log/LogManager.php(113): Illuminate\\Log\\LogManager->driver('deprecations')
#5 /Applications/XAMPP/xamppfiles/htdocs/tmracing/vendor/laravel/framework/src/Illuminate/Foundation/Bootstrap/HandleExceptions.php(102): Illuminate\\Log\\LogManager->channel('deprecations')
#6 /Applications/XAMPP/xamppfiles/htdocs/tmracing/vendor/laravel/framework/src/Illuminate/Foundation/Bootstrap/HandleExceptions.php(71): Illuminate\\Foundation\\Bootstrap\\HandleExceptions->handleDeprecationError('Illuminate\\\\Supp...', '/Applications/X...', 322, 8192)
#7 /Applications/XAMPP/xamppfiles/htdocs/tmracing/vendor/laravel/framework/src/Illuminate/Foundation/Bootstrap/HandleExceptions.php(255): Illuminate\\Foundation\\Bootstrap\\HandleExceptions->handleError(8192, 'Illuminate\\\\Supp...', '/Applications/X...', 322)
#8 /Applications/XAMPP/xamppfiles/htdocs/tmracing/vendor/composer/ClassLoader.php(576): Illuminate\\Foundation\\Bootstrap\\HandleExceptions->{closure:Illuminate\\Foundation\\Bootstrap\\HandleExceptions::forwardsTo():254}(8192, 'Illuminate\\\\Supp...', '/Applications/X...', 322)
#9 /Applications/XAMPP/xamppfiles/htdocs/tmracing/vendor/composer/ClassLoader.php(576): include('/Applications/X...')
#10 /Applications/XAMPP/xamppfiles/htdocs/tmracing/vendor/composer/ClassLoader.php(427): {closure:Composer\\Autoload\\ClassLoader::initializeIncludeClosure():575}('/Applications/X...')
#11 /Applications/XAMPP/xamppfiles/htdocs/tmracing/vendor/laravel/framework/src/Illuminate/Collections/Collection.php(21): Composer\\Autoload\\ClassLoader->loadClass('Illuminate\\\\Supp...')
#12 /Applications/XAMPP/xamppfiles/htdocs/tmracing/vendor/composer/ClassLoader.php(576): include('/Applications/X...')
#13 /Applications/XAMPP/xamppfiles/htdocs/tmracing/vendor/composer/ClassLoader.php(427): {closure:Composer\\Autoload\\ClassLoader::initializeIncludeClosure():575}('/Applications/X...')
#14 /Applications/XAMPP/xamppfiles/htdocs/tmracing/vendor/laravel/framework/src/Illuminate/Collections/helpers.php(18): Composer\\Autoload\\ClassLoader->loadClass('Illuminate\\\\Supp...')
#15 /Applications/XAMPP/xamppfiles/htdocs/tmracing/vendor/laravel/framework/src/Illuminate/Foundation/PackageManifest.php(90): collect(Array)
#16 /Applications/XAMPP/xamppfiles/htdocs/tmracing/vendor/laravel/framework/src/Illuminate/Foundation/PackageManifest.php(79): Illuminate\\Foundation\\PackageManifest->config('aliases')
#17 /Applications/XAMPP/xamppfiles/htdocs/tmracing/vendor/laravel/framework/src/Illuminate/Foundation/Bootstrap/RegisterFacades.php(26): Illuminate\\Foundation\\PackageManifest->aliases()
#18 /Applications/XAMPP/xamppfiles/htdocs/tmracing/vendor/laravel/framework/src/Illuminate/Foundation/Application.php(263): Illuminate\\Foundation\\Bootstrap\\RegisterFacades->bootstrap(Object(Illuminate\\Foundation\\Application))
#19 /Applications/XAMPP/xamppfiles/htdocs/tmracing/vendor/laravel/framework/src/Illuminate/Foundation/Console/Kernel.php(447): Illuminate\\Foundation\\Application->bootstrapWith(Array)
#20 /Applications/XAMPP/xamppfiles/htdocs/tmracing/vendor/laravel/framework/src/Illuminate/Foundation/Console/Kernel.php(199): Illuminate\\Foundation\\Console\\Kernel->bootstrap()
#21 /Applications/XAMPP/xamppfiles/htdocs/tmracing/artisan(35): Illuminate\\Foundation\\Console\\Kernel->handle(Object(Symfony\\Component\\Console\\Input\\ArgvInput), Object(Symfony\\Component\\Console\\Output\\ConsoleOutput))
#22 {main}
"} 
[2025-12-12 00:17:10] laravel.WARNING: Illuminate\Support\Enumerable::whenEmpty(): Implicitly marking parameter $default as nullable is deprecated, the explicit nullable type must be used instead in /Applications/XAMPP/xamppfiles/htdocs/tmracing/vendor/laravel/framework/src/Illuminate/Collections/Enumerable.php on line 322  
[2025-12-12 00:17:10] laravel.EMERGENCY: Unable to create configured logger. Using emergency logger. {"exception":"[object] (Error(code: 0): Class \"Illuminate\\Support\\Collection\" not found at /Applications/XAMPP/xamppfiles/htdocs/tmracing/vendor/laravel/framework/src/Illuminate/Collections/helpers.php:18)
[stacktrace]
#0 /Applications/XAMPP/xamppfiles/htdocs/tmracing/vendor/laravel/framework/src/Illuminate/Log/LogManager.php(389): collect(Array)
#1 /Applications/XAMPP/xamppfiles/htdocs/tmracing/vendor/laravel/framework/src/Illuminate/Log/LogManager.php(222): Illuminate\\Log\\LogManager->createMonologDriver(Array)
#2 /Applications/XAMPP/xamppfiles/htdocs/tmracing/vendor/laravel/framework/src/Illuminate/Log/LogManager.php(137): Illuminate\\Log\\LogManager->resolve('deprecations', Array)
#3 /Applications/XAMPP/xamppfiles/htdocs/tmracing/vendor/laravel/framework/src/Illuminate/Log/LogManager.php(124): Illuminate\\Log\\LogManager->get('deprecations')
#4 /Applications/XAMPP/xamppfiles/htdocs/tmracing/vendor/laravel/framework/src/Illuminate/Log/LogManager.php(113): Illuminate\\Log\\LogManager->driver('deprecations')
#5 /Applications/XAMPP/xamppfiles/htdocs/tmracing/vendor/laravel/framework/src/Illuminate/Foundation/Bootstrap/HandleExceptions.php(102): Illuminate\\Log\\LogManager->channel('deprecations')
#6 /Applications/XAMPP/xamppfiles/htdocs/tmracing/vendor/laravel/framework/src/Illuminate/Foundation/Bootstrap/HandleExceptions.php(71): Illuminate\\Foundation\\Bootstrap\\HandleExceptions->handleDeprecationError('Illuminate\\\\Supp...', '/Applications/X...', 333, 8192)
#7 /Applications/XAMPP/xamppfiles/htdocs/tmracing/vendor/laravel/framework/src/Illuminate/Foundation/Bootstrap/HandleExceptions.php(255): Illuminate\\Foundation\\Bootstrap\\HandleExceptions->handleError(8192, 'Illuminate\\\\Supp...', '/Applications/X...', 333)
#8 /Applications/XAMPP/xamppfiles/htdocs/tmracing/vendor/composer/ClassLoader.php(576): Illuminate\\Foundation\\Bootstrap\\HandleExceptions->{closure:Illuminate\\Foundation\\Bootstrap\\HandleExceptions::forwardsTo():254}(8192, 'Illuminate\\\\Supp...', '/Applications/X...', 333)
#9 /Applications/XAMPP/xamppfiles/htdocs/tmracing/vendor/composer/ClassLoader.php(576): include('/Applications/X...')
#10 /Applications/XAMPP/xamppfiles/htdocs/tmracing/vendor/composer/ClassLoader.php(427): {closure:Composer\\Autoload\\ClassLoader::initializeIncludeClosure():575}('/Applications/X...')
#11 /Applications/XAMPP/xamppfiles/htdocs/tmracing/vendor/laravel/framework/src/Illuminate/Collections/Collection.php(21): Composer\\Autoload\\ClassLoader->loadClass('Illuminate\\\\Supp...')
#12 /Applications/XAMPP/xamppfiles/htdocs/tmracing/vendor/composer/ClassLoader.php(576): include('/Applications/X...')
#13 /Applications/XAMPP/xamppfiles/htdocs/tmracing/vendor/composer/ClassLoader.php(427): {closure:Composer\\Autoload\\ClassLoader::initializeIncludeClosure():575}('/Applications/X...')
#14 /Applications/XAMPP/xamppfiles/htdocs/tmracing/vendor/laravel/framework/src/Illuminate/Collections/helpers.php(18): Composer\\Autoload\\ClassLoader->loadClass('Illuminate\\\\Supp...')
#15 /Applications/XAMPP/xamppfiles/htdocs/tmracing/vendor/laravel/framework/src/Illuminate/Foundation/PackageManifest.php(90): collect(Array)
#16 /Applications/XAMPP/xamppfiles/htdocs/tmracing/vendor/laravel/framework/src/Illuminate/Foundation/PackageManifest.php(79): Illuminate\\Foundation\\PackageManifest->config('aliases')
#17 /Applications/XAMPP/xamppfiles/htdocs/tmracing/vendor/laravel/framework/src/Illuminate/Foundation/Bootstrap/RegisterFacades.php(26): Illuminate\\Foundation\\PackageManifest->aliases()
#18 /Applications/XAMPP/xamppfiles/htdocs/tmracing/vendor/laravel/framework/src/Illuminate/Foundation/Application.php(263): Illuminate\\Foundation\\Bootstrap\\RegisterFacades->bootstrap(Object(Illuminate\\Foundation\\Application))
#19 /Applications/XAMPP/xamppfiles/htdocs/tmracing/vendor/laravel/framework/src/Illuminate/Foundation/Console/Kernel.php(447): Illuminate\\Foundation\\Application->bootstrapWith(Array)
#20 /Applications/XAMPP/xamppfiles/htdocs/tmracing/vendor/laravel/framework/src/Illuminate/Foundation/Console/Kernel.php(199): Illuminate\\Foundation\\Console\\Kernel->bootstrap()
#21 /Applications/XAMPP/xamppfiles/htdocs/tmracing/artisan(35): Illuminate\\Foundation\\Console\\Kernel->handle(Object(Symfony\\Component\\Console\\Input\\ArgvInput), Object(Symfony\\Component\\Console\\Output\\ConsoleOutput))
#22 {main}
"} 
[2025-12-12 00:17:10] laravel.WARNING: Illuminate\Support\Enumerable::whenNotEmpty(): Implicitly marking parameter $default as nullable is deprecated, the explicit nullable type must be used instead in /Applications/XAMPP/xamppfiles/htdocs/tmracing/vendor/laravel/framework/src/Illuminate/Collections/Enumerable.php on line 333  
[2025-12-12 00:17:10] laravel.EMERGENCY: Unable to create configured logger. Using emergency logger. {"exception":"[object] (Error(code: 0): Class \"Illuminate\\Support\\Collection\" not found at /Applications/XAMPP/xamppfiles/htdocs/tmracing/vendor/laravel/framework/src/Illuminate/Collections/helpers.php:18)
[stacktrace]
#0 /Applications/XAMPP/xamppfiles/htdocs/tmracing/vendor/laravel/framework/src/Illuminate/Log/LogManager.php(389): collect(Array)
#1 /Applications/XAMPP/xamppfiles/htdocs/tmracing/vendor/laravel/framework/src/Illuminate/Log/LogManager.php(222): Illuminate\\Log\\LogManager->createMonologDriver(Array)
#2 /Applications/XAMPP/xamppfiles/htdocs/tmracing/vendor/laravel/framework/src/Illuminate/Log/LogManager.php(137): Illuminate\\Log\\LogManager->resolve('deprecations', Array)
#3 /Applications/XAMPP/xamppfiles/htdocs/tmracing/vendor/laravel/framework/src/Illuminate/Log/LogManager.php(124): Illuminate\\Log\\LogManager->get('deprecations')
#4 /Applications/XAMPP/xamppfiles/htdocs/tmracing/vendor/laravel/framework/src/Illuminate/Log/LogManager.php(113): Illuminate\\Log\\LogManager->driver('deprecations')
#5 /Applications/XAMPP/xamppfiles/htdocs/tmracing/vendor/laravel/framework/src/Illuminate/Foundation/Bootstrap/HandleExceptions.php(102): Illuminate\\Log\\LogManager->channel('deprecations')
#6 /Applications/XAMPP/xamppfiles/htdocs/tmracing/vendor/laravel/framework/src/Illuminate/Foundation/Bootstrap/HandleExceptions.php(71): Illuminate\\Foundation\\Bootstrap\\HandleExceptions->handleDeprecationError('Illuminate\\\\Supp...', '/Applications/X...', 345, 8192)
#7 /Applications/XAMPP/xamppfiles/htdocs/tmracing/vendor/laravel/framework/src/Illuminate/Foundation/Bootstrap/HandleExceptions.php(255): Illuminate\\Foundation\\Bootstrap\\HandleExceptions->handleError(8192, 'Illuminate\\\\Supp...', '/Applications/X...', 345)
#8 /Applications/XAMPP/xamppfiles/htdocs/tmracing/vendor/composer/ClassLoader.php(576): Illuminate\\Foundation\\Bootstrap\\HandleExceptions->{closure:Illuminate\\Foundation\\Bootstrap\\HandleExceptions::forwardsTo():254}(8192, 'Illuminate\\\\Supp...', '/Applications/X...', 345)
#9 /Applications/XAMPP/xamppfiles/htdocs/tmracing/vendor/composer/ClassLoader.php(576): include('/Applications/X...')
#10 /Applications/XAMPP/xamppfiles/htdocs/tmracing/vendor/composer/ClassLoader.php(427): {closure:Composer\\Autoload\\ClassLoader::initializeIncludeClosure():575}('/Applications/X...')
#11 /Applications/XAMPP/xamppfiles/htdocs/tmracing/vendor/laravel/framework/src/Illuminate/Collections/Collection.php(21): Composer\\Autoload\\ClassLoader->loadClass('Illuminate\\\\Supp...')
#12 /Applications/XAMPP/xamppfiles/htdocs/tmracing/vendor/composer/ClassLoader.php(576): include('/Applications/X...')
#13 /Applications/XAMPP/xamppfiles/htdocs/tmracing/vendor/composer/ClassLoader.php(427): {closure:Composer\\Autoload\\ClassLoader::initializeIncludeClosure():575}('/Applications/X...')
#14 /Applications/XAMPP/xamppfiles/htdocs/tmracing/vendor/laravel/framework/src/Illuminate/Collections/helpers.php(18): Composer\\Autoload\\ClassLoader->loadClass('Illuminate\\\\Supp...')
#15 /Applications/XAMPP/xamppfiles/htdocs/tmracing/vendor/laravel/framework/src/Illuminate/Foundation/PackageManifest.php(90): collect(Array)
#16 /Applications/XAMPP/xamppfiles/htdocs/tmracing/vendor/laravel/framework/src/Illuminate/Foundation/PackageManifest.php(79): Illuminate\\Foundation\\PackageManifest->config('aliases')
#17 /Applications/XAMPP/xamppfiles/htdocs/tmracing/vendor/laravel/framework/src/Illuminate/Foundation/Bootstrap/RegisterFacades.php(26): Illuminate\\Foundation\\PackageManifest->aliases()
#18 /Applications/XAMPP/xamppfiles/htdocs/tmracing/vendor/laravel/framework/src/Illuminate/Foundation/Application.php(263): Illuminate\\Foundation\\Bootstrap\\RegisterFacades->bootstrap(Object(Illuminate\\Foundation\\Application))
#19 /Applications/XAMPP/xamppfiles/htdocs/tmracing/vendor/laravel/framework/src/Illuminate/Foundation/Console/Kernel.php(447): Illuminate\\Foundation\\Application->bootstrapWith(Array)
#20 /Applications/XAMPP/xamppfiles/htdocs/tmracing/vendor/laravel/framework/src/Illuminate/Foundation/Console/Kernel.php(199): Illuminate\\Foundation\\Console\\Kernel->bootstrap()
#21 /Applications/XAMPP/xamppfiles/htdocs/tmracing/artisan(35): Illuminate\\Foundation\\Console\\Kernel->handle(Object(Symfony\\Component\\Console\\Input\\ArgvInput), Object(Symfony\\Component\\Console\\Output\\ConsoleOutput))
#22 {main}
"} 
[2025-12-12 00:17:10] laravel.WARNING: Illuminate\Support\Enumerable::unless(): Implicitly marking parameter $default as nullable is deprecated, the explicit nullable type must be used instead in /Applications/XAMPP/xamppfiles/htdocs/tmracing/vendor/laravel/framework/src/Illuminate/Collections/Enumerable.php on line 345  
[2025-12-12 00:17:10] laravel.EMERGENCY: Unable to create configured logger. Using emergency logger. {"exception":"[object] (Error(code: 0): Class \"Illuminate\\Support\\Collection\" not found at /Applications/XAMPP/xamppfiles/htdocs/tmracing/vendor/laravel/framework/src/Illuminate/Collections/helpers.php:18)
[stacktrace]
#0 /Applications/XAMPP/xamppfiles/htdocs/tmracing/vendor/laravel/framework/src/Illuminate/Log/LogManager.php(389): collect(Array)
#1 /Applications/XAMPP/xamppfiles/htdocs/tmracing/vendor/laravel/framework/src/Illuminate/Log/LogManager.php(222): Illuminate\\Log\\LogManager->createMonologDriver(Array)
#2 /Applications/XAMPP/xamppfiles/htdocs/tmracing/vendor/laravel/framework/src/Illuminate/Log/LogManager.php(137): Illuminate\\Log\\LogManager->resolve('deprecations', Array)
#3 /Applications/XAMPP/xamppfiles/htdocs/tmracing/vendor/laravel/framework/src/Illuminate/Log/LogManager.php(124): Illuminate\\Log\\LogManager->get('deprecations')
#4 /Applications/XAMPP/xamppfiles/htdocs/tmracing/vendor/laravel/framework/src/Illuminate/Log/LogManager.php(113): Illuminate\\Log\\LogManager->driver('deprecations')
#5 /Applications/XAMPP/xamppfiles/htdocs/tmracing/vendor/laravel/framework/src/Illuminate/Foundation/Bootstrap/HandleExceptions.php(102): Illuminate\\Log\\LogManager->channel('deprecations')
#6 /Applications/XAMPP/xamppfiles/htdocs/tmracing/vendor/laravel/framework/src/Illuminate/Foundation/Bootstrap/HandleExceptions.php(71): Illuminate\\Foundation\\Bootstrap\\HandleExceptions->handleDeprecationError('Illuminate\\\\Supp...', '/Applications/X...', 356, 8192)
#7 /Applications/XAMPP/xamppfiles/htdocs/tmracing/vendor/laravel/framework/src/Illuminate/Foundation/Bootstrap/HandleExceptions.php(255): Illuminate\\Foundation\\Bootstrap\\HandleExceptions->handleError(8192, 'Illuminate\\\\Supp...', '/Applications/X...', 356)
#8 /Applications/XAMPP/xamppfiles/htdocs/tmracing/vendor/composer/ClassLoader.php(576): Illuminate\\Foundation\\Bootstrap\\HandleExceptions->{closure:Illuminate\\Foundation\\Bootstrap\\HandleExceptions::forwardsTo():254}(8192, 'Illuminate\\\\Supp...', '/Applications/X...', 356)
#9 /Applications/XAMPP/xamppfiles/htdocs/tmracing/vendor/composer/ClassLoader.php(576): include('/Applications/X...')
#10 /Applications/XAMPP/xamppfiles/htdocs/tmracing/vendor/composer/ClassLoader.php(427): {closure:Composer\\Autoload\\ClassLoader::initializeIncludeClosure():575}('/Applications/X...')
#11 /Applications/XAMPP/xamppfiles/htdocs/tmracing/vendor/laravel/framework/src/Illuminate/Collections/Collection.php(21): Composer\\Autoload\\ClassLoader->loadClass('Illuminate\\\\Supp...')
#12 /Applications/XAMPP/xamppfiles/htdocs/tmracing/vendor/composer/ClassLoader.php(576): include('/Applications/X...')
#13 /Applications/XAMPP/xamppfiles/htdocs/tmracing/vendor/composer/ClassLoader.php(427): {closure:Composer\\Autoload\\ClassLoader::initializeIncludeClosure():575}('/Applications/X...')
#14 /Applications/XAMPP/xamppfiles/htdocs/tmracing/vendor/laravel/framework/src/Illuminate/Collections/helpers.php(18): Composer\\Autoload\\ClassLoader->loadClass('Illuminate\\\\Supp...')
#15 /Applications/XAMPP/xamppfiles/htdocs/tmracing/vendor/laravel/framework/src/Illuminate/Foundation/PackageManifest.php(90): collect(Array)
#16 /Applications/XAMPP/xamppfiles/htdocs/tmracing/vendor/laravel/framework/src/Illuminate/Foundation/PackageManifest.php(79): Illuminate\\Foundation\\PackageManifest->config('aliases')
#17 /Applications/XAMPP/xamppfiles/htdocs/tmracing/vendor/laravel/framework/src/Illuminate/Foundation/Bootstrap/RegisterFacades.php(26): Illuminate\\Foundation\\PackageManifest->aliases()
#18 /Applications/XAMPP/xamppfiles/htdocs/tmracing/vendor/laravel/framework/src/Illuminate/Foundation/Application.php(263): Illuminate\\Foundation\\Bootstrap\\RegisterFacades->bootstrap(Object(Illuminate\\Foundation\\Application))
#19 /Applications/XAMPP/xamppfiles/htdocs/tmracing/vendor/laravel/framework/src/Illuminate/Foundation/Console/Kernel.php(447): Illuminate\\Foundation\\Application->bootstrapWith(Array)
#20 /Applications/XAMPP/xamppfiles/htdocs/tmracing/vendor/laravel/framework/src/Illuminate/Foundation/Console/Kernel.php(199): Illuminate\\Foundation\\Console\\Kernel->bootstrap()
#21 /Applications/XAMPP/xamppfiles/htdocs/tmracing/artisan(35): Illuminate\\Foundation\\Console\\Kernel->handle(Object(Symfony\\Component\\Console\\Input\\ArgvInput), Object(Symfony\\Component\\Console\\Output\\ConsoleOutput))
#22 {main}
"} 
[2025-12-12 00:17:10] laravel.WARNING: Illuminate\Support\Enumerable::unlessEmpty(): Implicitly marking parameter $default as nullable is deprecated, the explicit nullable type must be used instead in /Applications/XAMPP/xamppfiles/htdocs/tmracing/vendor/laravel/framework/src/Illuminate/Collections/Enumerable.php on line 356  
[2025-12-12 00:17:10] laravel.EMERGENCY: Unable to create configured logger. Using emergency logger. {"exception":"[object] (Error(code: 0): Class \"Illuminate\\Support\\Collection\" not found at /Applications/XAMPP/xamppfiles/htdocs/tmracing/vendor/laravel/framework/src/Illuminate/Collections/helpers.php:18)
[stacktrace]
#0 /Applications/XAMPP/xamppfiles/htdocs/tmracing/vendor/laravel/framework/src/Illuminate/Log/LogManager.php(389): collect(Array)
#1 /Applications/XAMPP/xamppfiles/htdocs/tmracing/vendor/laravel/framework/src/Illuminate/Log/LogManager.php(222): Illuminate\\Log\\LogManager->createMonologDriver(Array)
#2 /Applications/XAMPP/xamppfiles/htdocs/tmracing/vendor/laravel/framework/src/Illuminate/Log/LogManager.php(137): Illuminate\\Log\\LogManager->resolve('deprecations', Array)
#3 /Applications/XAMPP/xamppfiles/htdocs/tmracing/vendor/laravel/framework/src/Illuminate/Log/LogManager.php(124): Illuminate\\Log\\LogManager->get('deprecations')
#4 /Applications/XAMPP/xamppfiles/htdocs/tmracing/vendor/laravel/framework/src/Illuminate/Log/LogManager.php(113): Illuminate\\Log\\LogManager->driver('deprecations')
#5 /Applications/XAMPP/xamppfiles/htdocs/tmracing/vendor/laravel/framework/src/Illuminate/Foundation/Bootstrap/HandleExceptions.php(102): Illuminate\\Log\\LogManager->channel('deprecations')
#6 /Applications/XAMPP/xamppfiles/htdocs/tmracing/vendor/laravel/framework/src/Illuminate/Foundation/Bootstrap/HandleExceptions.php(71): Illuminate\\Foundation\\Bootstrap\\HandleExceptions->handleDeprecationError('Illuminate\\\\Supp...', '/Applications/X...', 367, 8192)
#7 /Applications/XAMPP/xamppfiles/htdocs/tmracing/vendor/laravel/framework/src/Illuminate/Foundation/Bootstrap/HandleExceptions.php(255): Illuminate\\Foundation\\Bootstrap\\HandleExceptions->handleError(8192, 'Illuminate\\\\Supp...', '/Applications/X...', 367)
#8 /Applications/XAMPP/xamppfiles/htdocs/tmracing/vendor/composer/ClassLoader.php(576): Illuminate\\Foundation\\Bootstrap\\HandleExceptions->{closure:Illuminate\\Foundation\\Bootstrap\\HandleExceptions::forwardsTo():254}(8192, 'Illuminate\\\\Supp...', '/Applications/X...', 367)
#9 /Applications/XAMPP/xamppfiles/htdocs/tmracing/vendor/composer/ClassLoader.php(576): include('/Applications/X...')
#10 /Applications/XAMPP/xamppfiles/htdocs/tmracing/vendor/composer/ClassLoader.php(427): {closure:Composer\\Autoload\\ClassLoader::initializeIncludeClosure():575}('/Applications/X...')
#11 /Applications/XAMPP/xamppfiles/htdocs/tmracing/vendor/laravel/framework/src/Illuminate/Collections/Collection.php(21): Composer\\Autoload\\ClassLoader->loadClass('Illuminate\\\\Supp...')
#12 /Applications/XAMPP/xamppfiles/htdocs/tmracing/vendor/composer/ClassLoader.php(576): include('/Applications/X...')
#13 /Applications/XAMPP/xamppfiles/htdocs/tmracing/vendor/composer/ClassLoader.php(427): {closure:Composer\\Autoload\\ClassLoader::initializeIncludeClosure():575}('/Applications/X...')
#14 /Applications/XAMPP/xamppfiles/htdocs/tmracing/vendor/laravel/framework/src/Illuminate/Collections/helpers.php(18): Composer\\Autoload\\ClassLoader->loadClass('Illuminate\\\\Supp...')
#15 /Applications/XAMPP/xamppfiles/htdocs/tmracing/vendor/laravel/framework/src/Illuminate/Foundation/PackageManifest.php(90): collect(Array)
#16 /Applications/XAMPP/xamppfiles/htdocs/tmracing/vendor/laravel/framework/src/Illuminate/Foundation/PackageManifest.php(79): Illuminate\\Foundation\\PackageManifest->config('aliases')
#17 /Applications/XAMPP/xamppfiles/htdocs/tmracing/vendor/laravel/framework/src/Illuminate/Foundation/Bootstrap/RegisterFacades.php(26): Illuminate\\Foundation\\PackageManifest->aliases()
#18 /Applications/XAMPP/xamppfiles/htdocs/tmracing/vendor/laravel/framework/src/Illuminate/Foundation/Application.php(263): Illuminate\\Foundation\\Bootstrap\\RegisterFacades->bootstrap(Object(Illuminate\\Foundation\\Application))
#19 /Applications/XAMPP/xamppfiles/htdocs/tmracing/vendor/laravel/framework/src/Illuminate/Foundation/Console/Kernel.php(447): Illuminate\\Foundation\\Application->bootstrapWith(Array)
#20 /Applications/XAMPP/xamppfiles/htdocs/tmracing/vendor/laravel/framework/src/Illuminate/Foundation/Console/Kernel.php(199): Illuminate\\Foundation\\Console\\Kernel->bootstrap()
#21 /Applications/XAMPP/xamppfiles/htdocs/tmracing/artisan(35): Illuminate\\Foundation\\Console\\Kernel->handle(Object(Symfony\\Component\\Console\\Input\\ArgvInput), Object(Symfony\\Component\\Console\\Output\\ConsoleOutput))
#22 {main}
"} 
[2025-12-12 00:17:10] laravel.WARNING: Illuminate\Support\Enumerable::unlessNotEmpty(): Implicitly marking parameter $default as nullable is deprecated, the explicit nullable type must be used instead in /Applications/XAMPP/xamppfiles/htdocs/tmracing/vendor/laravel/framework/src/Illuminate/Collections/Enumerable.php on line 367  
[2025-12-12 00:17:10] laravel.EMERGENCY: Unable to create configured logger. Using emergency logger. {"exception":"[object] (Error(code: 0): Class \"Illuminate\\Support\\Collection\" not found at /Applications/XAMPP/xamppfiles/htdocs/tmracing/vendor/laravel/framework/src/Illuminate/Collections/helpers.php:18)
[stacktrace]
#0 /Applications/XAMPP/xamppfiles/htdocs/tmracing/vendor/laravel/framework/src/Illuminate/Log/LogManager.php(389): collect(Array)
#1 /Applications/XAMPP/xamppfiles/htdocs/tmracing/vendor/laravel/framework/src/Illuminate/Log/LogManager.php(222): Illuminate\\Log\\LogManager->createMonologDriver(Array)
#2 /Applications/XAMPP/xamppfiles/htdocs/tmracing/vendor/laravel/framework/src/Illuminate/Log/LogManager.php(137): Illuminate\\Log\\LogManager->resolve('deprecations', Array)
#3 /Applications/XAMPP/xamppfiles/htdocs/tmracing/vendor/laravel/framework/src/Illuminate/Log/LogManager.php(124): Illuminate\\Log\\LogManager->get('deprecations')
#4 /Applications/XAMPP/xamppfiles/htdocs/tmracing/vendor/laravel/framework/src/Illuminate/Log/LogManager.php(113): Illuminate\\Log\\LogManager->driver('deprecations')
#5 /Applications/XAMPP/xamppfiles/htdocs/tmracing/vendor/laravel/framework/src/Illuminate/Foundation/Bootstrap/HandleExceptions.php(102): Illuminate\\Log\\LogManager->channel('deprecations')
#6 /Applications/XAMPP/xamppfiles/htdocs/tmracing/vendor/laravel/framework/src/Illuminate/Foundation/Bootstrap/HandleExceptions.php(71): Illuminate\\Foundation\\Bootstrap\\HandleExceptions->handleDeprecationError('Illuminate\\\\Supp...', '/Applications/X...', 479, 8192)
#7 /Applications/XAMPP/xamppfiles/htdocs/tmracing/vendor/laravel/framework/src/Illuminate/Foundation/Bootstrap/HandleExceptions.php(255): Illuminate\\Foundation\\Bootstrap\\HandleExceptions->handleError(8192, 'Illuminate\\\\Supp...', '/Applications/X...', 479)
#8 /Applications/XAMPP/xamppfiles/htdocs/tmracing/vendor/composer/ClassLoader.php(576): Illuminate\\Foundation\\Bootstrap\\HandleExceptions->{closure:Illuminate\\Foundation\\Bootstrap\\HandleExceptions::forwardsTo():254}(8192, 'Illuminate\\\\Supp...', '/Applications/X...', 479)
#9 /Applications/XAMPP/xamppfiles/htdocs/tmracing/vendor/composer/ClassLoader.php(576): include('/Applications/X...')
#10 /Applications/XAMPP/xamppfiles/htdocs/tmracing/vendor/composer/ClassLoader.php(427): {closure:Composer\\Autoload\\ClassLoader::initializeIncludeClosure():575}('/Applications/X...')
#11 /Applications/XAMPP/xamppfiles/htdocs/tmracing/vendor/laravel/framework/src/Illuminate/Collections/Collection.php(21): Composer\\Autoload\\ClassLoader->loadClass('Illuminate\\\\Supp...')
#12 /Applications/XAMPP/xamppfiles/htdocs/tmracing/vendor/composer/ClassLoader.php(576): include('/Applications/X...')
#13 /Applications/XAMPP/xamppfiles/htdocs/tmracing/vendor/composer/ClassLoader.php(427): {closure:Composer\\Autoload\\ClassLoader::initializeIncludeClosure():575}('/Applications/X...')
#14 /Applications/XAMPP/xamppfiles/htdocs/tmracing/vendor/laravel/framework/src/Illuminate/Collections/helpers.php(18): Composer\\Autoload\\ClassLoader->loadClass('Illuminate\\\\Supp...')
#15 /Applications/XAMPP/xamppfiles/htdocs/tmracing/vendor/laravel/framework/src/Illuminate/Foundation/PackageManifest.php(90): collect(Array)
#16 /Applications/XAMPP/xamppfiles/htdocs/tmracing/vendor/laravel/framework/src/Illuminate/Foundation/PackageManifest.php(79): Illuminate\\Foundation\\PackageManifest->config('aliases')
#17 /Applications/XAMPP/xamppfiles/htdocs/tmracing/vendor/laravel/framework/src/Illuminate/Foundation/Bootstrap/RegisterFacades.php(26): Illuminate\\Foundation\\PackageManifest->aliases()
#18 /Applications/XAMPP/xamppfiles/htdocs/tmracing/vendor/laravel/framework/src/Illuminate/Foundation/Application.php(263): Illuminate\\Foundation\\Bootstrap\\RegisterFacades->bootstrap(Object(Illuminate\\Foundation\\Application))
#19 /Applications/XAMPP/xamppfiles/htdocs/tmracing/vendor/laravel/framework/src/Illuminate/Foundation/Console/Kernel.php(447): Illuminate\\Foundation\\Application->bootstrapWith(Array)
#20 /Applications/XAMPP/xamppfiles/htdocs/tmracing/vendor/laravel/framework/src/Illuminate/Foundation/Console/Kernel.php(199): Illuminate\\Foundation\\Console\\Kernel->bootstrap()
#21 /Applications/XAMPP/xamppfiles/htdocs/tmracing/artisan(35): Illuminate\\Foundation\\Console\\Kernel->handle(Object(Symfony\\Component\\Console\\Input\\ArgvInput), Object(Symfony\\Component\\Console\\Output\\ConsoleOutput))
#22 {main}
"} 
[2025-12-12 00:17:10] laravel.WARNING: Illuminate\Support\Enumerable::first(): Implicitly marking parameter $callback as nullable is deprecated, the explicit nullable type must be used instead in /Applications/XAMPP/xamppfiles/htdocs/tmracing/vendor/laravel/framework/src/Illuminate/Collections/Enumerable.php on line 479  
[2025-12-12 00:17:10] laravel.EMERGENCY: Unable to create configured logger. Using emergency logger. {"exception":"[object] (Error(code: 0): Class \"Illuminate\\Support\\Collection\" not found at /Applications/XAMPP/xamppfiles/htdocs/tmracing/vendor/laravel/framework/src/Illuminate/Collections/helpers.php:18)
[stacktrace]
#0 /Applications/XAMPP/xamppfiles/htdocs/tmracing/vendor/laravel/framework/src/Illuminate/Log/LogManager.php(389): collect(Array)
#1 /Applications/XAMPP/xamppfiles/htdocs/tmracing/vendor/laravel/framework/src/Illuminate/Log/LogManager.php(222): Illuminate\\Log\\LogManager->createMonologDriver(Array)
#2 /Applications/XAMPP/xamppfiles/htdocs/tmracing/vendor/laravel/framework/src/Illuminate/Log/LogManager.php(137): Illuminate\\Log\\LogManager->resolve('deprecations', Array)
#3 /Applications/XAMPP/xamppfiles/htdocs/tmracing/vendor/laravel/framework/src/Illuminate/Log/LogManager.php(124): Illuminate\\Log\\LogManager->get('deprecations')
#4 /Applications/XAMPP/xamppfiles/htdocs/tmracing/vendor/laravel/framework/src/Illuminate/Log/LogManager.php(113): Illuminate\\Log\\LogManager->driver('deprecations')
#5 /Applications/XAMPP/xamppfiles/htdocs/tmracing/vendor/laravel/framework/src/Illuminate/Foundation/Bootstrap/HandleExceptions.php(102): Illuminate\\Log\\LogManager->channel('deprecations')
#6 /Applications/XAMPP/xamppfiles/htdocs/tmracing/vendor/laravel/framework/src/Illuminate/Foundation/Bootstrap/HandleExceptions.php(71): Illuminate\\Foundation\\Bootstrap\\HandleExceptions->handleDeprecationError('Illuminate\\\\Supp...', '/Applications/X...', 621, 8192)
#7 /Applications/XAMPP/xamppfiles/htdocs/tmracing/vendor/laravel/framework/src/Illuminate/Foundation/Bootstrap/HandleExceptions.php(255): Illuminate\\Foundation\\Bootstrap\\HandleExceptions->handleError(8192, 'Illuminate\\\\Supp...', '/Applications/X...', 621)
#8 /Applications/XAMPP/xamppfiles/htdocs/tmracing/vendor/composer/ClassLoader.php(576): Illuminate\\Foundation\\Bootstrap\\HandleExceptions->{closure:Illuminate\\Foundation\\Bootstrap\\HandleExceptions::forwardsTo():254}(8192, 'Illuminate\\\\Supp...', '/Applications/X...', 621)
#9 /Applications/XAMPP/xamppfiles/htdocs/tmracing/vendor/composer/ClassLoader.php(576): include('/Applications/X...')
#10 /Applications/XAMPP/xamppfiles/htdocs/tmracing/vendor/composer/ClassLoader.php(427): {closure:Composer\\Autoload\\ClassLoader::initializeIncludeClosure():575}('/Applications/X...')
#11 /Applications/XAMPP/xamppfiles/htdocs/tmracing/vendor/laravel/framework/src/Illuminate/Collections/Collection.php(21): Composer\\Autoload\\ClassLoader->loadClass('Illuminate\\\\Supp...')
#12 /Applications/XAMPP/xamppfiles/htdocs/tmracing/vendor/composer/ClassLoader.php(576): include('/Applications/X...')
#13 /Applications/XAMPP/xamppfiles/htdocs/tmracing/vendor/composer/ClassLoader.php(427): {closure:Composer\\Autoload\\ClassLoader::initializeIncludeClosure():575}('/Applications/X...')
#14 /Applications/XAMPP/xamppfiles/htdocs/tmracing/vendor/laravel/framework/src/Illuminate/Collections/helpers.php(18): Composer\\Autoload\\ClassLoader->loadClass('Illuminate\\\\Supp...')
#15 /Applications/XAMPP/xamppfiles/htdocs/tmracing/vendor/laravel/framework/src/Illuminate/Foundation/PackageManifest.php(90): collect(Array)
#16 /Applications/XAMPP/xamppfiles/htdocs/tmracing/vendor/laravel/framework/src/Illuminate/Foundation/PackageManifest.php(79): Illuminate\\Foundation\\PackageManifest->config('aliases')
#17 /Applications/XAMPP/xamppfiles/htdocs/tmracing/vendor/laravel/framework/src/Illuminate/Foundation/Bootstrap/RegisterFacades.php(26): Illuminate\\Foundation\\PackageManifest->aliases()
#18 /Applications/XAMPP/xamppfiles/htdocs/tmracing/vendor/laravel/framework/src/Illuminate/Foundation/Application.php(263): Illuminate\\Foundation\\Bootstrap\\RegisterFacades->bootstrap(Object(Illuminate\\Foundation\\Application))
#19 /Applications/XAMPP/xamppfiles/htdocs/tmracing/vendor/laravel/framework/src/Illuminate/Foundation/Console/Kernel.php(447): Illuminate\\Foundation\\Application->bootstrapWith(Array)
#20 /Applications/XAMPP/xamppfiles/htdocs/tmracing/vendor/laravel/framework/src/Illuminate/Foundation/Console/Kernel.php(199): Illuminate\\Foundation\\Console\\Kernel->bootstrap()
#21 /Applications/XAMPP/xamppfiles/htdocs/tmracing/artisan(35): Illuminate\\Foundation\\Console\\Kernel->handle(Object(Symfony\\Component\\Console\\Input\\ArgvInput), Object(Symfony\\Component\\Console\\Output\\ConsoleOutput))
#22 {main}
"} 
[2025-12-12 00:17:10] laravel.WARNING: Illuminate\Support\Enumerable::last(): Implicitly marking parameter $callback as nullable is deprecated, the explicit nullable type must be used instead in /Applications/XAMPP/xamppfiles/htdocs/tmracing/vendor/laravel/framework/src/Illuminate/Collections/Enumerable.php on line 621  
[2025-12-12 01:25:20] laravel.EMERGENCY: Unable to create configured logger. Using emergency logger. {"exception":"[object] (Error(code: 0): Class \"Illuminate\\Support\\Collection\" not found at /Applications/XAMPP/xamppfiles/htdocs/tmracing/vendor/laravel/framework/src/Illuminate/Collections/helpers.php:18)
[stacktrace]
#0 /Applications/XAMPP/xamppfiles/htdocs/tmracing/vendor/laravel/framework/src/Illuminate/Log/LogManager.php(389): collect(Array)
#1 /Applications/XAMPP/xamppfiles/htdocs/tmracing/vendor/laravel/framework/src/Illuminate/Log/LogManager.php(222): Illuminate\\Log\\LogManager->createMonologDriver(Array)
#2 /Applications/XAMPP/xamppfiles/htdocs/tmracing/vendor/laravel/framework/src/Illuminate/Log/LogManager.php(137): Illuminate\\Log\\LogManager->resolve('deprecations', Array)
#3 /Applications/XAMPP/xamppfiles/htdocs/tmracing/vendor/laravel/framework/src/Illuminate/Log/LogManager.php(124): Illuminate\\Log\\LogManager->get('deprecations')
#4 /Applications/XAMPP/xamppfiles/htdocs/tmracing/vendor/laravel/framework/src/Illuminate/Log/LogManager.php(113): Illuminate\\Log\\LogManager->driver('deprecations')
#5 /Applications/XAMPP/xamppfiles/htdocs/tmracing/vendor/laravel/framework/src/Illuminate/Foundation/Bootstrap/HandleExceptions.php(102): Illuminate\\Log\\LogManager->channel('deprecations')
#6 /Applications/XAMPP/xamppfiles/htdocs/tmracing/vendor/laravel/framework/src/Illuminate/Foundation/Bootstrap/HandleExceptions.php(71): Illuminate\\Foundation\\Bootstrap\\HandleExceptions->handleDeprecationError('Illuminate\\\\Supp...', '/Applications/X...', 384, 8192)
#7 /Applications/XAMPP/xamppfiles/htdocs/tmracing/vendor/laravel/framework/src/Illuminate/Foundation/Bootstrap/HandleExceptions.php(255): Illuminate\\Foundation\\Bootstrap\\HandleExceptions->handleError(8192, 'Illuminate\\\\Supp...', '/Applications/X...', 384)
#8 /Applications/XAMPP/xamppfiles/htdocs/tmracing/vendor/composer/ClassLoader.php(576): Illuminate\\Foundation\\Bootstrap\\HandleExceptions->{closure:Illuminate\\Foundation\\Bootstrap\\HandleExceptions::forwardsTo():254}(8192, 'Illuminate\\\\Supp...', '/Applications/X...', 384)
#9 /Applications/XAMPP/xamppfiles/htdocs/tmracing/vendor/composer/ClassLoader.php(576): include('/Applications/X...')
#10 /Applications/XAMPP/xamppfiles/htdocs/tmracing/vendor/composer/ClassLoader.php(427): {closure:Composer\\Autoload\\ClassLoader::initializeIncludeClosure():575}('/Applications/X...')
#11 /Applications/XAMPP/xamppfiles/htdocs/tmracing/vendor/laravel/framework/src/Illuminate/Collections/helpers.php(18): Composer\\Autoload\\ClassLoader->loadClass('Illuminate\\\\Supp...')
#12 /Applications/XAMPP/xamppfiles/htdocs/tmracing/vendor/laravel/framework/src/Illuminate/Foundation/PackageManifest.php(90): collect(Array)
#13 /Applications/XAMPP/xamppfiles/htdocs/tmracing/vendor/laravel/framework/src/Illuminate/Foundation/PackageManifest.php(79): Illuminate\\Foundation\\PackageManifest->config('aliases')
#14 /Applications/XAMPP/xamppfiles/htdocs/tmracing/vendor/laravel/framework/src/Illuminate/Foundation/Bootstrap/RegisterFacades.php(26): Illuminate\\Foundation\\PackageManifest->aliases()
#15 /Applications/XAMPP/xamppfiles/htdocs/tmracing/vendor/laravel/framework/src/Illuminate/Foundation/Application.php(263): Illuminate\\Foundation\\Bootstrap\\RegisterFacades->bootstrap(Object(Illuminate\\Foundation\\Application))
#16 /Applications/XAMPP/xamppfiles/htdocs/tmracing/vendor/laravel/framework/src/Illuminate/Foundation/Console/Kernel.php(447): Illuminate\\Foundation\\Application->bootstrapWith(Array)
#17 /Applications/XAMPP/xamppfiles/htdocs/tmracing/vendor/laravel/framework/src/Illuminate/Foundation/Console/Kernel.php(199): Illuminate\\Foundation\\Console\\Kernel->bootstrap()
#18 /Applications/XAMPP/xamppfiles/htdocs/tmracing/artisan(35): Illuminate\\Foundation\\Console\\Kernel->handle(Object(Symfony\\Component\\Console\\Input\\ArgvInput), Object(Symfony\\Component\\Console\\Output\\ConsoleOutput))
#19 {main}
"} 
[2025-12-12 01:25:20] laravel.WARNING: Illuminate\Support\Collection::filter(): Implicitly marking parameter $callback as nullable is deprecated, the explicit nullable type must be used instead in /Applications/XAMPP/xamppfiles/htdocs/tmracing/vendor/laravel/framework/src/Illuminate/Collections/Collection.php on line 384  
[2025-12-12 01:25:20] laravel.EMERGENCY: Unable to create configured logger. Using emergency logger. {"exception":"[object] (Error(code: 0): Class \"Illuminate\\Support\\Collection\" not found at /Applications/XAMPP/xamppfiles/htdocs/tmracing/vendor/laravel/framework/src/Illuminate/Collections/helpers.php:18)
[stacktrace]
#0 /Applications/XAMPP/xamppfiles/htdocs/tmracing/vendor/laravel/framework/src/Illuminate/Log/LogManager.php(389): collect(Array)
#1 /Applications/XAMPP/xamppfiles/htdocs/tmracing/vendor/laravel/framework/src/Illuminate/Log/LogManager.php(222): Illuminate\\Log\\LogManager->createMonologDriver(Array)
#2 /Applications/XAMPP/xamppfiles/htdocs/tmracing/vendor/laravel/framework/src/Illuminate/Log/LogManager.php(137): Illuminate\\Log\\LogManager->resolve('deprecations', Array)
#3 /Applications/XAMPP/xamppfiles/htdocs/tmracing/vendor/laravel/framework/src/Illuminate/Log/LogManager.php(124): Illuminate\\Log\\LogManager->get('deprecations')
#4 /Applications/XAMPP/xamppfiles/htdocs/tmracing/vendor/laravel/framework/src/Illuminate/Log/LogManager.php(113): Illuminate\\Log\\LogManager->driver('deprecations')
#5 /Applications/XAMPP/xamppfiles/htdocs/tmracing/vendor/laravel/framework/src/Illuminate/Foundation/Bootstrap/HandleExceptions.php(102): Illuminate\\Log\\LogManager->channel('deprecations')
#6 /Applications/XAMPP/xamppfiles/htdocs/tmracing/vendor/laravel/framework/src/Illuminate/Foundation/Bootstrap/HandleExceptions.php(71): Illuminate\\Foundation\\Bootstrap\\HandleExceptions->handleDeprecationError('Illuminate\\\\Supp...', '/Applications/X...', 402, 8192)
#7 /Applications/XAMPP/xamppfiles/htdocs/tmracing/vendor/laravel/framework/src/Illuminate/Foundation/Bootstrap/HandleExceptions.php(255): Illuminate\\Foundation\\Bootstrap\\HandleExceptions->handleError(8192, 'Illuminate\\\\Supp...', '/Applications/X...', 402)
#8 /Applications/XAMPP/xamppfiles/htdocs/tmracing/vendor/composer/ClassLoader.php(576): Illuminate\\Foundation\\Bootstrap\\HandleExceptions->{closure:Illuminate\\Foundation\\Bootstrap\\HandleExceptions::forwardsTo():254}(8192, 'Illuminate\\\\Supp...', '/Applications/X...', 402)
#9 /Applications/XAMPP/xamppfiles/htdocs/tmracing/vendor/composer/ClassLoader.php(576): include('/Applications/X...')
#10 /Applications/XAMPP/xamppfiles/htdocs/tmracing/vendor/composer/ClassLoader.php(427): {closure:Composer\\Autoload\\ClassLoader::initializeIncludeClosure():575}('/Applications/X...')
#11 /Applications/XAMPP/xamppfiles/htdocs/tmracing/vendor/laravel/framework/src/Illuminate/Collections/helpers.php(18): Composer\\Autoload\\ClassLoader->loadClass('Illuminate\\\\Supp...')
#12 /Applications/XAMPP/xamppfiles/htdocs/tmracing/vendor/laravel/framework/src/Illuminate/Foundation/PackageManifest.php(90): collect(Array)
#13 /Applications/XAMPP/xamppfiles/htdocs/tmracing/vendor/laravel/framework/src/Illuminate/Foundation/PackageManifest.php(79): Illuminate\\Foundation\\PackageManifest->config('aliases')
#14 /Applications/XAMPP/xamppfiles/htdocs/tmracing/vendor/laravel/framework/src/Illuminate/Foundation/Bootstrap/RegisterFacades.php(26): Illuminate\\Foundation\\PackageManifest->aliases()
#15 /Applications/XAMPP/xamppfiles/htdocs/tmracing/vendor/laravel/framework/src/Illuminate/Foundation/Application.php(263): Illuminate\\Foundation\\Bootstrap\\RegisterFacades->bootstrap(Object(Illuminate\\Foundation\\Application))
#16 /Applications/XAMPP/xamppfiles/htdocs/tmracing/vendor/laravel/framework/src/Illuminate/Foundation/Console/Kernel.php(447): Illuminate\\Foundation\\Application->bootstrapWith(Array)
#17 /Applications/XAMPP/xamppfiles/htdocs/tmracing/vendor/laravel/framework/src/Illuminate/Foundation/Console/Kernel.php(199): Illuminate\\Foundation\\Console\\Kernel->bootstrap()
#18 /Applications/XAMPP/xamppfiles/htdocs/tmracing/artisan(35): Illuminate\\Foundation\\Console\\Kernel->handle(Object(Symfony\\Component\\Console\\Input\\ArgvInput), Object(Symfony\\Component\\Console\\Output\\ConsoleOutput))
#19 {main}
"} 
[2025-12-12 01:25:20] laravel.WARNING: Illuminate\Support\Collection::first(): Implicitly marking parameter $callback as nullable is deprecated, the explicit nullable type must be used instead in /Applications/XAMPP/xamppfiles/htdocs/tmracing/vendor/laravel/framework/src/Illuminate/Collections/Collection.php on line 402  
[2025-12-12 01:25:20] laravel.EMERGENCY: Unable to create configured logger. Using emergency logger. {"exception":"[object] (Error(code: 0): Class \"Illuminate\\Support\\Collection\" not found at /Applications/XAMPP/xamppfiles/htdocs/tmracing/vendor/laravel/framework/src/Illuminate/Collections/helpers.php:18)
[stacktrace]
#0 /Applications/XAMPP/xamppfiles/htdocs/tmracing/vendor/laravel/framework/src/Illuminate/Log/LogManager.php(389): collect(Array)
#1 /Applications/XAMPP/xamppfiles/htdocs/tmracing/vendor/laravel/framework/src/Illuminate/Log/LogManager.php(222): Illuminate\\Log\\LogManager->createMonologDriver(Array)
#2 /Applications/XAMPP/xamppfiles/htdocs/tmracing/vendor/laravel/framework/src/Illuminate/Log/LogManager.php(137): Illuminate\\Log\\LogManager->resolve('deprecations', Array)
#3 /Applications/XAMPP/xamppfiles/htdocs/tmracing/vendor/laravel/framework/src/Illuminate/Log/LogManager.php(124): Illuminate\\Log\\LogManager->get('deprecations')
#4 /Applications/XAMPP/xamppfiles/htdocs/tmracing/vendor/laravel/framework/src/Illuminate/Log/LogManager.php(113): Illuminate\\Log\\LogManager->driver('deprecations')
#5 /Applications/XAMPP/xamppfiles/htdocs/tmracing/vendor/laravel/framework/src/Illuminate/Foundation/Bootstrap/HandleExceptions.php(102): Illuminate\\Log\\LogManager->channel('deprecations')
#6 /Applications/XAMPP/xamppfiles/htdocs/tmracing/vendor/laravel/framework/src/Illuminate/Foundation/Bootstrap/HandleExceptions.php(71): Illuminate\\Foundation\\Bootstrap\\HandleExceptions->handleDeprecationError('Illuminate\\\\Supp...', '/Applications/X...', 750, 8192)
#7 /Applications/XAMPP/xamppfiles/htdocs/tmracing/vendor/laravel/framework/src/Illuminate/Foundation/Bootstrap/HandleExceptions.php(255): Illuminate\\Foundation\\Bootstrap\\HandleExceptions->handleError(8192, 'Illuminate\\\\Supp...', '/Applications/X...', 750)
#8 /Applications/XAMPP/xamppfiles/htdocs/tmracing/vendor/composer/ClassLoader.php(576): Illuminate\\Foundation\\Bootstrap\\HandleExceptions->{closure:Illuminate\\Foundation\\Bootstrap\\HandleExceptions::forwardsTo():254}(8192, 'Illuminate\\\\Supp...', '/Applications/X...', 750)
#9 /Applications/XAMPP/xamppfiles/htdocs/tmracing/vendor/composer/ClassLoader.php(576): include('/Applications/X...')
#10 /Applications/XAMPP/xamppfiles/htdocs/tmracing/vendor/composer/ClassLoader.php(427): {closure:Composer\\Autoload\\ClassLoader::initializeIncludeClosure():575}('/Applications/X...')
#11 /Applications/XAMPP/xamppfiles/htdocs/tmracing/vendor/laravel/framework/src/Illuminate/Collections/helpers.php(18): Composer\\Autoload\\ClassLoader->loadClass('Illuminate\\\\Supp...')
#12 /Applications/XAMPP/xamppfiles/htdocs/tmracing/vendor/laravel/framework/src/Illuminate/Foundation/PackageManifest.php(90): collect(Array)
#13 /Applications/XAMPP/xamppfiles/htdocs/tmracing/vendor/laravel/framework/src/Illuminate/Foundation/PackageManifest.php(79): Illuminate\\Foundation\\PackageManifest->config('aliases')
#14 /Applications/XAMPP/xamppfiles/htdocs/tmracing/vendor/laravel/framework/src/Illuminate/Foundation/Bootstrap/RegisterFacades.php(26): Illuminate\\Foundation\\PackageManifest->aliases()
#15 /Applications/XAMPP/xamppfiles/htdocs/tmracing/vendor/laravel/framework/src/Illuminate/Foundation/Application.php(263): Illuminate\\Foundation\\Bootstrap\\RegisterFacades->bootstrap(Object(Illuminate\\Foundation\\Application))
#16 /Applications/XAMPP/xamppfiles/htdocs/tmracing/vendor/laravel/framework/src/Illuminate/Foundation/Console/Kernel.php(447): Illuminate\\Foundation\\Application->bootstrapWith(Array)
#17 /Applications/XAMPP/xamppfiles/htdocs/tmracing/vendor/laravel/framework/src/Illuminate/Foundation/Console/Kernel.php(199): Illuminate\\Foundation\\Console\\Kernel->bootstrap()
#18 /Applications/XAMPP/xamppfiles/htdocs/tmracing/artisan(35): Illuminate\\Foundation\\Console\\Kernel->handle(Object(Symfony\\Component\\Console\\Input\\ArgvInput), Object(Symfony\\Component\\Console\\Output\\ConsoleOutput))
#19 {main}
"} 
[2025-12-12 01:25:20] laravel.WARNING: Illuminate\Support\Collection::last(): Implicitly marking parameter $callback as nullable is deprecated, the explicit nullable type must be used instead in /Applications/XAMPP/xamppfiles/htdocs/tmracing/vendor/laravel/framework/src/Illuminate/Collections/Collection.php on line 750  
[2025-12-12 01:25:20] laravel.EMERGENCY: Unable to create configured logger. Using emergency logger. {"exception":"[object] (Error(code: 0): Class \"Illuminate\\Support\\Collection\" not found at /Applications/XAMPP/xamppfiles/htdocs/tmracing/vendor/laravel/framework/src/Illuminate/Collections/helpers.php:18)
[stacktrace]
#0 /Applications/XAMPP/xamppfiles/htdocs/tmracing/vendor/laravel/framework/src/Illuminate/Log/LogManager.php(389): collect(Array)
#1 /Applications/XAMPP/xamppfiles/htdocs/tmracing/vendor/laravel/framework/src/Illuminate/Log/LogManager.php(222): Illuminate\\Log\\LogManager->createMonologDriver(Array)
#2 /Applications/XAMPP/xamppfiles/htdocs/tmracing/vendor/laravel/framework/src/Illuminate/Log/LogManager.php(137): Illuminate\\Log\\LogManager->resolve('deprecations', Array)
#3 /Applications/XAMPP/xamppfiles/htdocs/tmracing/vendor/laravel/framework/src/Illuminate/Log/LogManager.php(124): Illuminate\\Log\\LogManager->get('deprecations')
#4 /Applications/XAMPP/xamppfiles/htdocs/tmracing/vendor/laravel/framework/src/Illuminate/Log/LogManager.php(113): Illuminate\\Log\\LogManager->driver('deprecations')
#5 /Applications/XAMPP/xamppfiles/htdocs/tmracing/vendor/laravel/framework/src/Illuminate/Foundation/Bootstrap/HandleExceptions.php(102): Illuminate\\Log\\LogManager->channel('deprecations')
#6 /Applications/XAMPP/xamppfiles/htdocs/tmracing/vendor/laravel/framework/src/Illuminate/Foundation/Bootstrap/HandleExceptions.php(71): Illuminate\\Foundation\\Bootstrap\\HandleExceptions->handleDeprecationError('Illuminate\\\\Supp...', '/Applications/X...', 167, 8192)
#7 /Applications/XAMPP/xamppfiles/htdocs/tmracing/vendor/laravel/framework/src/Illuminate/Foundation/Bootstrap/HandleExceptions.php(255): Illuminate\\Foundation\\Bootstrap\\HandleExceptions->handleError(8192, 'Illuminate\\\\Supp...', '/Applications/X...', 167)
#8 /Applications/XAMPP/xamppfiles/htdocs/tmracing/vendor/composer/ClassLoader.php(576): Illuminate\\Foundation\\Bootstrap\\HandleExceptions->{closure:Illuminate\\Foundation\\Bootstrap\\HandleExceptions::forwardsTo():254}(8192, 'Illuminate\\\\Supp...', '/Applications/X...', 167)
#9 /Applications/XAMPP/xamppfiles/htdocs/tmracing/vendor/composer/ClassLoader.php(576): include('/Applications/X...')
#10 /Applications/XAMPP/xamppfiles/htdocs/tmracing/vendor/composer/ClassLoader.php(427): {closure:Composer\\Autoload\\ClassLoader::initializeIncludeClosure():575}('/Applications/X...')
#11 /Applications/XAMPP/xamppfiles/htdocs/tmracing/vendor/laravel/framework/src/Illuminate/Collections/Collection.php(21): Composer\\Autoload\\ClassLoader->loadClass('Illuminate\\\\Supp...')
#12 /Applications/XAMPP/xamppfiles/htdocs/tmracing/vendor/composer/ClassLoader.php(576): include('/Applications/X...')
#13 /Applications/XAMPP/xamppfiles/htdocs/tmracing/vendor/composer/ClassLoader.php(427): {closure:Composer\\Autoload\\ClassLoader::initializeIncludeClosure():575}('/Applications/X...')
#14 /Applications/XAMPP/xamppfiles/htdocs/tmracing/vendor/laravel/framework/src/Illuminate/Collections/helpers.php(18): Composer\\Autoload\\ClassLoader->loadClass('Illuminate\\\\Supp...')
#15 /Applications/XAMPP/xamppfiles/htdocs/tmracing/vendor/laravel/framework/src/Illuminate/Foundation/PackageManifest.php(90): collect(Array)
#16 /Applications/XAMPP/xamppfiles/htdocs/tmracing/vendor/laravel/framework/src/Illuminate/Foundation/PackageManifest.php(79): Illuminate\\Foundation\\PackageManifest->config('aliases')
#17 /Applications/XAMPP/xamppfiles/htdocs/tmracing/vendor/laravel/framework/src/Illuminate/Foundation/Bootstrap/RegisterFacades.php(26): Illuminate\\Foundation\\PackageManifest->aliases()
#18 /Applications/XAMPP/xamppfiles/htdocs/tmracing/vendor/laravel/framework/src/Illuminate/Foundation/Application.php(263): Illuminate\\Foundation\\Bootstrap\\RegisterFacades->bootstrap(Object(Illuminate\\Foundation\\Application))
#19 /Applications/XAMPP/xamppfiles/htdocs/tmracing/vendor/laravel/framework/src/Illuminate/Foundation/Console/Kernel.php(447): Illuminate\\Foundation\\Application->bootstrapWith(Array)
#20 /Applications/XAMPP/xamppfiles/htdocs/tmracing/vendor/laravel/framework/src/Illuminate/Foundation/Console/Kernel.php(199): Illuminate\\Foundation\\Console\\Kernel->bootstrap()
#21 /Applications/XAMPP/xamppfiles/htdocs/tmracing/artisan(35): Illuminate\\Foundation\\Console\\Kernel->handle(Object(Symfony\\Component\\Console\\Input\\ArgvInput), Object(Symfony\\Component\\Console\\Output\\ConsoleOutput))
#22 {main}
"} 
[2025-12-12 01:25:20] laravel.WARNING: Illuminate\Support\Traits\EnumeratesValues::times(): Implicitly marking parameter $callback as nullable is deprecated, the explicit nullable type must be used instead in /Applications/XAMPP/xamppfiles/htdocs/tmracing/vendor/laravel/framework/src/Illuminate/Collections/Traits/EnumeratesValues.php on line 167  
[2025-12-12 01:25:20] laravel.EMERGENCY: Unable to create configured logger. Using emergency logger. {"exception":"[object] (Error(code: 0): Class \"Illuminate\\Support\\Collection\" not found at /Applications/XAMPP/xamppfiles/htdocs/tmracing/vendor/laravel/framework/src/Illuminate/Collections/helpers.php:18)
[stacktrace]
#0 /Applications/XAMPP/xamppfiles/htdocs/tmracing/vendor/laravel/framework/src/Illuminate/Log/LogManager.php(389): collect(Array)
#1 /Applications/XAMPP/xamppfiles/htdocs/tmracing/vendor/laravel/framework/src/Illuminate/Log/LogManager.php(222): Illuminate\\Log\\LogManager->createMonologDriver(Array)
#2 /Applications/XAMPP/xamppfiles/htdocs/tmracing/vendor/laravel/framework/src/Illuminate/Log/LogManager.php(137): Illuminate\\Log\\LogManager->resolve('deprecations', Array)
#3 /Applications/XAMPP/xamppfiles/htdocs/tmracing/vendor/laravel/framework/src/Illuminate/Log/LogManager.php(124): Illuminate\\Log\\LogManager->get('deprecations')
#4 /Applications/XAMPP/xamppfiles/htdocs/tmracing/vendor/laravel/framework/src/Illuminate/Log/LogManager.php(113): Illuminate\\Log\\LogManager->driver('deprecations')
#5 /Applications/XAMPP/xamppfiles/htdocs/tmracing/vendor/laravel/framework/src/Illuminate/Foundation/Bootstrap/HandleExceptions.php(102): Illuminate\\Log\\LogManager->channel('deprecations')
#6 /Applications/XAMPP/xamppfiles/htdocs/tmracing/vendor/laravel/framework/src/Illuminate/Foundation/Bootstrap/HandleExceptions.php(71): Illuminate\\Foundation\\Bootstrap\\HandleExceptions->handleDeprecationError('Illuminate\\\\Supp...', '/Applications/X...', 537, 8192)
#7 /Applications/XAMPP/xamppfiles/htdocs/tmracing/vendor/laravel/framework/src/Illuminate/Foundation/Bootstrap/HandleExceptions.php(255): Illuminate\\Foundation\\Bootstrap\\HandleExceptions->handleError(8192, 'Illuminate\\\\Supp...', '/Applications/X...', 537)
#8 /Applications/XAMPP/xamppfiles/htdocs/tmracing/vendor/composer/ClassLoader.php(576): Illuminate\\Foundation\\Bootstrap\\HandleExceptions->{closure:Illuminate\\Foundation\\Bootstrap\\HandleExceptions::forwardsTo():254}(8192, 'Illuminate\\\\Supp...', '/Applications/X...', 537)
#9 /Applications/XAMPP/xamppfiles/htdocs/tmracing/vendor/composer/ClassLoader.php(576): include('/Applications/X...')
#10 /Applications/XAMPP/xamppfiles/htdocs/tmracing/vendor/composer/ClassLoader.php(427): {closure:Composer\\Autoload\\ClassLoader::initializeIncludeClosure():575}('/Applications/X...')
#11 /Applications/XAMPP/xamppfiles/htdocs/tmracing/vendor/laravel/framework/src/Illuminate/Collections/Collection.php(21): Composer\\Autoload\\ClassLoader->loadClass('Illuminate\\\\Supp...')
#12 /Applications/XAMPP/xamppfiles/htdocs/tmracing/vendor/composer/ClassLoader.php(576): include('/Applications/X...')
#13 /Applications/XAMPP/xamppfiles/htdocs/tmracing/vendor/composer/ClassLoader.php(427): {closure:Composer\\Autoload\\ClassLoader::initializeIncludeClosure():575}('/Applications/X...')
#14 /Applications/XAMPP/xamppfiles/htdocs/tmracing/vendor/laravel/framework/src/Illuminate/Collections/helpers.php(18): Composer\\Autoload\\ClassLoader->loadClass('Illuminate\\\\Supp...')
#15 /Applications/XAMPP/xamppfiles/htdocs/tmracing/vendor/laravel/framework/src/Illuminate/Foundation/PackageManifest.php(90): collect(Array)
#16 /Applications/XAMPP/xamppfiles/htdocs/tmracing/vendor/laravel/framework/src/Illuminate/Foundation/PackageManifest.php(79): Illuminate\\Foundation\\PackageManifest->config('aliases')
#17 /Applications/XAMPP/xamppfiles/htdocs/tmracing/vendor/laravel/framework/src/Illuminate/Foundation/Bootstrap/RegisterFacades.php(26): Illuminate\\Foundation\\PackageManifest->aliases()
#18 /Applications/XAMPP/xamppfiles/htdocs/tmracing/vendor/laravel/framework/src/Illuminate/Foundation/Application.php(263): Illuminate\\Foundation\\Bootstrap\\RegisterFacades->bootstrap(Object(Illuminate\\Foundation\\Application))
#19 /Applications/XAMPP/xamppfiles/htdocs/tmracing/vendor/laravel/framework/src/Illuminate/Foundation/Console/Kernel.php(447): Illuminate\\Foundation\\Application->bootstrapWith(Array)
#20 /Applications/XAMPP/xamppfiles/htdocs/tmracing/vendor/laravel/framework/src/Illuminate/Foundation/Console/Kernel.php(199): Illuminate\\Foundation\\Console\\Kernel->bootstrap()
#21 /Applications/XAMPP/xamppfiles/htdocs/tmracing/artisan(35): Illuminate\\Foundation\\Console\\Kernel->handle(Object(Symfony\\Component\\Console\\Input\\ArgvInput), Object(Symfony\\Component\\Console\\Output\\ConsoleOutput))
#22 {main}
"} 
[2025-12-12 01:25:20] laravel.WARNING: Illuminate\Support\Traits\EnumeratesValues::whenEmpty(): Implicitly marking parameter $default as nullable is deprecated, the explicit nullable type must be used instead in /Applications/XAMPP/xamppfiles/htdocs/tmracing/vendor/laravel/framework/src/Illuminate/Collections/Traits/EnumeratesValues.php on line 537  
[2025-12-12 01:25:20] laravel.EMERGENCY: Unable to create configured logger. Using emergency logger. {"exception":"[object] (Error(code: 0): Class \"Illuminate\\Support\\Collection\" not found at /Applications/XAMPP/xamppfiles/htdocs/tmracing/vendor/laravel/framework/src/Illuminate/Collections/helpers.php:18)
[stacktrace]
#0 /Applications/XAMPP/xamppfiles/htdocs/tmracing/vendor/laravel/framework/src/Illuminate/Log/LogManager.php(389): collect(Array)
#1 /Applications/XAMPP/xamppfiles/htdocs/tmracing/vendor/laravel/framework/src/Illuminate/Log/LogManager.php(222): Illuminate\\Log\\LogManager->createMonologDriver(Array)
#2 /Applications/XAMPP/xamppfiles/htdocs/tmracing/vendor/laravel/framework/src/Illuminate/Log/LogManager.php(137): Illuminate\\Log\\LogManager->resolve('deprecations', Array)
#3 /Applications/XAMPP/xamppfiles/htdocs/tmracing/vendor/laravel/framework/src/Illuminate/Log/LogManager.php(124): Illuminate\\Log\\LogManager->get('deprecations')
#4 /Applications/XAMPP/xamppfiles/htdocs/tmracing/vendor/laravel/framework/src/Illuminate/Log/LogManager.php(113): Illuminate\\Log\\LogManager->driver('deprecations')
#5 /Applications/XAMPP/xamppfiles/htdocs/tmracing/vendor/laravel/framework/src/Illuminate/Foundation/Bootstrap/HandleExceptions.php(102): Illuminate\\Log\\LogManager->channel('deprecations')
#6 /Applications/XAMPP/xamppfiles/htdocs/tmracing/vendor/laravel/framework/src/Illuminate/Foundation/Bootstrap/HandleExceptions.php(71): Illuminate\\Foundation\\Bootstrap\\HandleExceptions->handleDeprecationError('Illuminate\\\\Supp...', '/Applications/X...', 551, 8192)
#7 /Applications/XAMPP/xamppfiles/htdocs/tmracing/vendor/laravel/framework/src/Illuminate/Foundation/Bootstrap/HandleExceptions.php(255): Illuminate\\Foundation\\Bootstrap\\HandleExceptions->handleError(8192, 'Illuminate\\\\Supp...', '/Applications/X...', 551)
#8 /Applications/XAMPP/xamppfiles/htdocs/tmracing/vendor/composer/ClassLoader.php(576): Illuminate\\Foundation\\Bootstrap\\HandleExceptions->{closure:Illuminate\\Foundation\\Bootstrap\\HandleExceptions::forwardsTo():254}(8192, 'Illuminate\\\\Supp...', '/Applications/X...', 551)
#9 /Applications/XAMPP/xamppfiles/htdocs/tmracing/vendor/composer/ClassLoader.php(576): include('/Applications/X...')
#10 /Applications/XAMPP/xamppfiles/htdocs/tmracing/vendor/composer/ClassLoader.php(427): {closure:Composer\\Autoload\\ClassLoader::initializeIncludeClosure():575}('/Applications/X...')
#11 /Applications/XAMPP/xamppfiles/htdocs/tmracing/vendor/laravel/framework/src/Illuminate/Collections/Collection.php(21): Composer\\Autoload\\ClassLoader->loadClass('Illuminate\\\\Supp...')
#12 /Applications/XAMPP/xamppfiles/htdocs/tmracing/vendor/composer/ClassLoader.php(576): include('/Applications/X...')
#13 /Applications/XAMPP/xamppfiles/htdocs/tmracing/vendor/composer/ClassLoader.php(427): {closure:Composer\\Autoload\\ClassLoader::initializeIncludeClosure():575}('/Applications/X...')
#14 /Applications/XAMPP/xamppfiles/htdocs/tmracing/vendor/laravel/framework/src/Illuminate/Collections/helpers.php(18): Composer\\Autoload\\ClassLoader->loadClass('Illuminate\\\\Supp...')
#15 /Applications/XAMPP/xamppfiles/htdocs/tmracing/vendor/laravel/framework/src/Illuminate/Foundation/PackageManifest.php(90): collect(Array)
#16 /Applications/XAMPP/xamppfiles/htdocs/tmracing/vendor/laravel/framework/src/Illuminate/Foundation/PackageManifest.php(79): Illuminate\\Foundation\\PackageManifest->config('aliases')
#17 /Applications/XAMPP/xamppfiles/htdocs/tmracing/vendor/laravel/framework/src/Illuminate/Foundation/Bootstrap/RegisterFacades.php(26): Illuminate\\Foundation\\PackageManifest->aliases()
#18 /Applications/XAMPP/xamppfiles/htdocs/tmracing/vendor/laravel/framework/src/Illuminate/Foundation/Application.php(263): Illuminate\\Foundation\\Bootstrap\\RegisterFacades->bootstrap(Object(Illuminate\\Foundation\\Application))
#19 /Applications/XAMPP/xamppfiles/htdocs/tmracing/vendor/laravel/framework/src/Illuminate/Foundation/Console/Kernel.php(447): Illuminate\\Foundation\\Application->bootstrapWith(Array)
#20 /Applications/XAMPP/xamppfiles/htdocs/tmracing/vendor/laravel/framework/src/Illuminate/Foundation/Console/Kernel.php(199): Illuminate\\Foundation\\Console\\Kernel->bootstrap()
#21 /Applications/XAMPP/xamppfiles/htdocs/tmracing/artisan(35): Illuminate\\Foundation\\Console\\Kernel->handle(Object(Symfony\\Component\\Console\\Input\\ArgvInput), Object(Symfony\\Component\\Console\\Output\\ConsoleOutput))
#22 {main}
"} 
[2025-12-12 01:25:20] laravel.WARNING: Illuminate\Support\Traits\EnumeratesValues::whenNotEmpty(): Implicitly marking parameter $default as nullable is deprecated, the explicit nullable type must be used instead in /Applications/XAMPP/xamppfiles/htdocs/tmracing/vendor/laravel/framework/src/Illuminate/Collections/Traits/EnumeratesValues.php on line 551  
[2025-12-12 01:25:20] laravel.EMERGENCY: Unable to create configured logger. Using emergency logger. {"exception":"[object] (Error(code: 0): Class \"Illuminate\\Support\\Collection\" not found at /Applications/XAMPP/xamppfiles/htdocs/tmracing/vendor/laravel/framework/src/Illuminate/Collections/helpers.php:18)
[stacktrace]
#0 /Applications/XAMPP/xamppfiles/htdocs/tmracing/vendor/laravel/framework/src/Illuminate/Log/LogManager.php(389): collect(Array)
#1 /Applications/XAMPP/xamppfiles/htdocs/tmracing/vendor/laravel/framework/src/Illuminate/Log/LogManager.php(222): Illuminate\\Log\\LogManager->createMonologDriver(Array)
#2 /Applications/XAMPP/xamppfiles/htdocs/tmracing/vendor/laravel/framework/src/Illuminate/Log/LogManager.php(137): Illuminate\\Log\\LogManager->resolve('deprecations', Array)
#3 /Applications/XAMPP/xamppfiles/htdocs/tmracing/vendor/laravel/framework/src/Illuminate/Log/LogManager.php(124): Illuminate\\Log\\LogManager->get('deprecations')
#4 /Applications/XAMPP/xamppfiles/htdocs/tmracing/vendor/laravel/framework/src/Illuminate/Log/LogManager.php(113): Illuminate\\Log\\LogManager->driver('deprecations')
#5 /Applications/XAMPP/xamppfiles/htdocs/tmracing/vendor/laravel/framework/src/Illuminate/Foundation/Bootstrap/HandleExceptions.php(102): Illuminate\\Log\\LogManager->channel('deprecations')
#6 /Applications/XAMPP/xamppfiles/htdocs/tmracing/vendor/laravel/framework/src/Illuminate/Foundation/Bootstrap/HandleExceptions.php(71): Illuminate\\Foundation\\Bootstrap\\HandleExceptions->handleDeprecationError('Illuminate\\\\Supp...', '/Applications/X...', 565, 8192)
#7 /Applications/XAMPP/xamppfiles/htdocs/tmracing/vendor/laravel/framework/src/Illuminate/Foundation/Bootstrap/HandleExceptions.php(255): Illuminate\\Foundation\\Bootstrap\\HandleExceptions->handleError(8192, 'Illuminate\\\\Supp...', '/Applications/X...', 565)
#8 /Applications/XAMPP/xamppfiles/htdocs/tmracing/vendor/composer/ClassLoader.php(576): Illuminate\\Foundation\\Bootstrap\\HandleExceptions->{closure:Illuminate\\Foundation\\Bootstrap\\HandleExceptions::forwardsTo():254}(8192, 'Illuminate\\\\Supp...', '/Applications/X...', 565)
#9 /Applications/XAMPP/xamppfiles/htdocs/tmracing/vendor/composer/ClassLoader.php(576): include('/Applications/X...')
#10 /Applications/XAMPP/xamppfiles/htdocs/tmracing/vendor/composer/ClassLoader.php(427): {closure:Composer\\Autoload\\ClassLoader::initializeIncludeClosure():575}('/Applications/X...')
#11 /Applications/XAMPP/xamppfiles/htdocs/tmracing/vendor/laravel/framework/src/Illuminate/Collections/Collection.php(21): Composer\\Autoload\\ClassLoader->loadClass('Illuminate\\\\Supp...')
#12 /Applications/XAMPP/xamppfiles/htdocs/tmracing/vendor/composer/ClassLoader.php(576): include('/Applications/X...')
#13 /Applications/XAMPP/xamppfiles/htdocs/tmracing/vendor/composer/ClassLoader.php(427): {closure:Composer\\Autoload\\ClassLoader::initializeIncludeClosure():575}('/Applications/X...')
#14 /Applications/XAMPP/xamppfiles/htdocs/tmracing/vendor/laravel/framework/src/Illuminate/Collections/helpers.php(18): Composer\\Autoload\\ClassLoader->loadClass('Illuminate\\\\Supp...')
#15 /Applications/XAMPP/xamppfiles/htdocs/tmracing/vendor/laravel/framework/src/Illuminate/Foundation/PackageManifest.php(90): collect(Array)
#16 /Applications/XAMPP/xamppfiles/htdocs/tmracing/vendor/laravel/framework/src/Illuminate/Foundation/PackageManifest.php(79): Illuminate\\Foundation\\PackageManifest->config('aliases')
#17 /Applications/XAMPP/xamppfiles/htdocs/tmracing/vendor/laravel/framework/src/Illuminate/Foundation/Bootstrap/RegisterFacades.php(26): Illuminate\\Foundation\\PackageManifest->aliases()
#18 /Applications/XAMPP/xamppfiles/htdocs/tmracing/vendor/laravel/framework/src/Illuminate/Foundation/Application.php(263): Illuminate\\Foundation\\Bootstrap\\RegisterFacades->bootstrap(Object(Illuminate\\Foundation\\Application))
#19 /Applications/XAMPP/xamppfiles/htdocs/tmracing/vendor/laravel/framework/src/Illuminate/Foundation/Console/Kernel.php(447): Illuminate\\Foundation\\Application->bootstrapWith(Array)
#20 /Applications/XAMPP/xamppfiles/htdocs/tmracing/vendor/laravel/framework/src/Illuminate/Foundation/Console/Kernel.php(199): Illuminate\\Foundation\\Console\\Kernel->bootstrap()
#21 /Applications/XAMPP/xamppfiles/htdocs/tmracing/artisan(35): Illuminate\\Foundation\\Console\\Kernel->handle(Object(Symfony\\Component\\Console\\Input\\ArgvInput), Object(Symfony\\Component\\Console\\Output\\ConsoleOutput))
#22 {main}
"} 
[2025-12-12 01:25:20] laravel.WARNING: Illuminate\Support\Traits\EnumeratesValues::unlessEmpty(): Implicitly marking parameter $default as nullable is deprecated, the explicit nullable type must be used instead in /Applications/XAMPP/xamppfiles/htdocs/tmracing/vendor/laravel/framework/src/Illuminate/Collections/Traits/EnumeratesValues.php on line 565  
[2025-12-12 01:25:20] laravel.EMERGENCY: Unable to create configured logger. Using emergency logger. {"exception":"[object] (Error(code: 0): Class \"Illuminate\\Support\\Collection\" not found at /Applications/XAMPP/xamppfiles/htdocs/tmracing/vendor/laravel/framework/src/Illuminate/Collections/helpers.php:18)
[stacktrace]
#0 /Applications/XAMPP/xamppfiles/htdocs/tmracing/vendor/laravel/framework/src/Illuminate/Log/LogManager.php(389): collect(Array)
#1 /Applications/XAMPP/xamppfiles/htdocs/tmracing/vendor/laravel/framework/src/Illuminate/Log/LogManager.php(222): Illuminate\\Log\\LogManager->createMonologDriver(Array)
#2 /Applications/XAMPP/xamppfiles/htdocs/tmracing/vendor/laravel/framework/src/Illuminate/Log/LogManager.php(137): Illuminate\\Log\\LogManager->resolve('deprecations', Array)
#3 /Applications/XAMPP/xamppfiles/htdocs/tmracing/vendor/laravel/framework/src/Illuminate/Log/LogManager.php(124): Illuminate\\Log\\LogManager->get('deprecations')
#4 /Applications/XAMPP/xamppfiles/htdocs/tmracing/vendor/laravel/framework/src/Illuminate/Log/LogManager.php(113): Illuminate\\Log\\LogManager->driver('deprecations')
#5 /Applications/XAMPP/xamppfiles/htdocs/tmracing/vendor/laravel/framework/src/Illuminate/Foundation/Bootstrap/HandleExceptions.php(102): Illuminate\\Log\\LogManager->channel('deprecations')
#6 /Applications/XAMPP/xamppfiles/htdocs/tmracing/vendor/laravel/framework/src/Illuminate/Foundation/Bootstrap/HandleExceptions.php(71): Illuminate\\Foundation\\Bootstrap\\HandleExceptions->handleDeprecationError('Illuminate\\\\Supp...', '/Applications/X...', 579, 8192)
#7 /Applications/XAMPP/xamppfiles/htdocs/tmracing/vendor/laravel/framework/src/Illuminate/Foundation/Bootstrap/HandleExceptions.php(255): Illuminate\\Foundation\\Bootstrap\\HandleExceptions->handleError(8192, 'Illuminate\\\\Supp...', '/Applications/X...', 579)
#8 /Applications/XAMPP/xamppfiles/htdocs/tmracing/vendor/composer/ClassLoader.php(576): Illuminate\\Foundation\\Bootstrap\\HandleExceptions->{closure:Illuminate\\Foundation\\Bootstrap\\HandleExceptions::forwardsTo():254}(8192, 'Illuminate\\\\Supp...', '/Applications/X...', 579)
#9 /Applications/XAMPP/xamppfiles/htdocs/tmracing/vendor/composer/ClassLoader.php(576): include('/Applications/X...')
#10 /Applications/XAMPP/xamppfiles/htdocs/tmracing/vendor/composer/ClassLoader.php(427): {closure:Composer\\Autoload\\ClassLoader::initializeIncludeClosure():575}('/Applications/X...')
#11 /Applications/XAMPP/xamppfiles/htdocs/tmracing/vendor/laravel/framework/src/Illuminate/Collections/Collection.php(21): Composer\\Autoload\\ClassLoader->loadClass('Illuminate\\\\Supp...')
#12 /Applications/XAMPP/xamppfiles/htdocs/tmracing/vendor/composer/ClassLoader.php(576): include('/Applications/X...')
#13 /Applications/XAMPP/xamppfiles/htdocs/tmracing/vendor/composer/ClassLoader.php(427): {closure:Composer\\Autoload\\ClassLoader::initializeIncludeClosure():575}('/Applications/X...')
#14 /Applications/XAMPP/xamppfiles/htdocs/tmracing/vendor/laravel/framework/src/Illuminate/Collections/helpers.php(18): Composer\\Autoload\\ClassLoader->loadClass('Illuminate\\\\Supp...')
#15 /Applications/XAMPP/xamppfiles/htdocs/tmracing/vendor/laravel/framework/src/Illuminate/Foundation/PackageManifest.php(90): collect(Array)
#16 /Applications/XAMPP/xamppfiles/htdocs/tmracing/vendor/laravel/framework/src/Illuminate/Foundation/PackageManifest.php(79): Illuminate\\Foundation\\PackageManifest->config('aliases')
#17 /Applications/XAMPP/xamppfiles/htdocs/tmracing/vendor/laravel/framework/src/Illuminate/Foundation/Bootstrap/RegisterFacades.php(26): Illuminate\\Foundation\\PackageManifest->aliases()
#18 /Applications/XAMPP/xamppfiles/htdocs/tmracing/vendor/laravel/framework/src/Illuminate/Foundation/Application.php(263): Illuminate\\Foundation\\Bootstrap\\RegisterFacades->bootstrap(Object(Illuminate\\Foundation\\Application))
#19 /Applications/XAMPP/xamppfiles/htdocs/tmracing/vendor/laravel/framework/src/Illuminate/Foundation/Console/Kernel.php(447): Illuminate\\Foundation\\Application->bootstrapWith(Array)
#20 /Applications/XAMPP/xamppfiles/htdocs/tmracing/vendor/laravel/framework/src/Illuminate/Foundation/Console/Kernel.php(199): Illuminate\\Foundation\\Console\\Kernel->bootstrap()
#21 /Applications/XAMPP/xamppfiles/htdocs/tmracing/artisan(35): Illuminate\\Foundation\\Console\\Kernel->handle(Object(Symfony\\Component\\Console\\Input\\ArgvInput), Object(Symfony\\Component\\Console\\Output\\ConsoleOutput))
#22 {main}
"} 
[2025-12-12 01:25:20] laravel.WARNING: Illuminate\Support\Traits\EnumeratesValues::unlessNotEmpty(): Implicitly marking parameter $default as nullable is deprecated, the explicit nullable type must be used instead in /Applications/XAMPP/xamppfiles/htdocs/tmracing/vendor/laravel/framework/src/Illuminate/Collections/Traits/EnumeratesValues.php on line 579  
[2025-12-12 01:25:20] laravel.EMERGENCY: Unable to create configured logger. Using emergency logger. {"exception":"[object] (Error(code: 0): Class \"Illuminate\\Support\\Collection\" not found at /Applications/XAMPP/xamppfiles/htdocs/tmracing/vendor/laravel/framework/src/Illuminate/Collections/helpers.php:18)
[stacktrace]
#0 /Applications/XAMPP/xamppfiles/htdocs/tmracing/vendor/laravel/framework/src/Illuminate/Log/LogManager.php(389): collect(Array)
#1 /Applications/XAMPP/xamppfiles/htdocs/tmracing/vendor/laravel/framework/src/Illuminate/Log/LogManager.php(222): Illuminate\\Log\\LogManager->createMonologDriver(Array)
#2 /Applications/XAMPP/xamppfiles/htdocs/tmracing/vendor/laravel/framework/src/Illuminate/Log/LogManager.php(137): Illuminate\\Log\\LogManager->resolve('deprecations', Array)
#3 /Applications/XAMPP/xamppfiles/htdocs/tmracing/vendor/laravel/framework/src/Illuminate/Log/LogManager.php(124): Illuminate\\Log\\LogManager->get('deprecations')
#4 /Applications/XAMPP/xamppfiles/htdocs/tmracing/vendor/laravel/framework/src/Illuminate/Log/LogManager.php(113): Illuminate\\Log\\LogManager->driver('deprecations')
#5 /Applications/XAMPP/xamppfiles/htdocs/tmracing/vendor/laravel/framework/src/Illuminate/Foundation/Bootstrap/HandleExceptions.php(102): Illuminate\\Log\\LogManager->channel('deprecations')
#6 /Applications/XAMPP/xamppfiles/htdocs/tmracing/vendor/laravel/framework/src/Illuminate/Foundation/Bootstrap/HandleExceptions.php(71): Illuminate\\Foundation\\Bootstrap\\HandleExceptions->handleDeprecationError('Illuminate\\\\Supp...', '/Applications/X...', 41, 8192)
#7 /Applications/XAMPP/xamppfiles/htdocs/tmracing/vendor/laravel/framework/src/Illuminate/Foundation/Bootstrap/HandleExceptions.php(255): Illuminate\\Foundation\\Bootstrap\\HandleExceptions->handleError(8192, 'Illuminate\\\\Supp...', '/Applications/X...', 41)
#8 /Applications/XAMPP/xamppfiles/htdocs/tmracing/vendor/composer/ClassLoader.php(576): Illuminate\\Foundation\\Bootstrap\\HandleExceptions->{closure:Illuminate\\Foundation\\Bootstrap\\HandleExceptions::forwardsTo():254}(8192, 'Illuminate\\\\Supp...', '/Applications/X...', 41)
#9 /Applications/XAMPP/xamppfiles/htdocs/tmracing/vendor/composer/ClassLoader.php(576): include('/Applications/X...')
#10 /Applications/XAMPP/xamppfiles/htdocs/tmracing/vendor/composer/ClassLoader.php(427): {closure:Composer\\Autoload\\ClassLoader::initializeIncludeClosure():575}('/Applications/X...')
#11 /Applications/XAMPP/xamppfiles/htdocs/tmracing/vendor/laravel/framework/src/Illuminate/Collections/Collection.php(21): Composer\\Autoload\\ClassLoader->loadClass('Illuminate\\\\Supp...')
#12 /Applications/XAMPP/xamppfiles/htdocs/tmracing/vendor/composer/ClassLoader.php(576): include('/Applications/X...')
#13 /Applications/XAMPP/xamppfiles/htdocs/tmracing/vendor/composer/ClassLoader.php(427): {closure:Composer\\Autoload\\ClassLoader::initializeIncludeClosure():575}('/Applications/X...')
#14 /Applications/XAMPP/xamppfiles/htdocs/tmracing/vendor/laravel/framework/src/Illuminate/Collections/helpers.php(18): Composer\\Autoload\\ClassLoader->loadClass('Illuminate\\\\Supp...')
#15 /Applications/XAMPP/xamppfiles/htdocs/tmracing/vendor/laravel/framework/src/Illuminate/Foundation/PackageManifest.php(90): collect(Array)
#16 /Applications/XAMPP/xamppfiles/htdocs/tmracing/vendor/laravel/framework/src/Illuminate/Foundation/PackageManifest.php(79): Illuminate\\Foundation\\PackageManifest->config('aliases')
#17 /Applications/XAMPP/xamppfiles/htdocs/tmracing/vendor/laravel/framework/src/Illuminate/Foundation/Bootstrap/RegisterFacades.php(26): Illuminate\\Foundation\\PackageManifest->aliases()
#18 /Applications/XAMPP/xamppfiles/htdocs/tmracing/vendor/laravel/framework/src/Illuminate/Foundation/Application.php(263): Illuminate\\Foundation\\Bootstrap\\RegisterFacades->bootstrap(Object(Illuminate\\Foundation\\Application))
#19 /Applications/XAMPP/xamppfiles/htdocs/tmracing/vendor/laravel/framework/src/Illuminate/Foundation/Console/Kernel.php(447): Illuminate\\Foundation\\Application->bootstrapWith(Array)
#20 /Applications/XAMPP/xamppfiles/htdocs/tmracing/vendor/laravel/framework/src/Illuminate/Foundation/Console/Kernel.php(199): Illuminate\\Foundation\\Console\\Kernel->bootstrap()
#21 /Applications/XAMPP/xamppfiles/htdocs/tmracing/artisan(35): Illuminate\\Foundation\\Console\\Kernel->handle(Object(Symfony\\Component\\Console\\Input\\ArgvInput), Object(Symfony\\Component\\Console\\Output\\ConsoleOutput))
#22 {main}
"} 
[2025-12-12 01:25:20] laravel.WARNING: Illuminate\Support\Enumerable::times(): Implicitly marking parameter $callback as nullable is deprecated, the explicit nullable type must be used instead in /Applications/XAMPP/xamppfiles/htdocs/tmracing/vendor/laravel/framework/src/Illuminate/Collections/Enumerable.php on line 41  
[2025-12-12 01:25:20] laravel.EMERGENCY: Unable to create configured logger. Using emergency logger. {"exception":"[object] (Error(code: 0): Class \"Illuminate\\Support\\Collection\" not found at /Applications/XAMPP/xamppfiles/htdocs/tmracing/vendor/laravel/framework/src/Illuminate/Collections/helpers.php:18)
[stacktrace]
#0 /Applications/XAMPP/xamppfiles/htdocs/tmracing/vendor/laravel/framework/src/Illuminate/Log/LogManager.php(389): collect(Array)
#1 /Applications/XAMPP/xamppfiles/htdocs/tmracing/vendor/laravel/framework/src/Illuminate/Log/LogManager.php(222): Illuminate\\Log\\LogManager->createMonologDriver(Array)
#2 /Applications/XAMPP/xamppfiles/htdocs/tmracing/vendor/laravel/framework/src/Illuminate/Log/LogManager.php(137): Illuminate\\Log\\LogManager->resolve('deprecations', Array)
#3 /Applications/XAMPP/xamppfiles/htdocs/tmracing/vendor/laravel/framework/src/Illuminate/Log/LogManager.php(124): Illuminate\\Log\\LogManager->get('deprecations')
#4 /Applications/XAMPP/xamppfiles/htdocs/tmracing/vendor/laravel/framework/src/Illuminate/Log/LogManager.php(113): Illuminate\\Log\\LogManager->driver('deprecations')
#5 /Applications/XAMPP/xamppfiles/htdocs/tmracing/vendor/laravel/framework/src/Illuminate/Foundation/Bootstrap/HandleExceptions.php(102): Illuminate\\Log\\LogManager->channel('deprecations')
#6 /Applications/XAMPP/xamppfiles/htdocs/tmracing/vendor/laravel/framework/src/Illuminate/Foundation/Bootstrap/HandleExceptions.php(71): Illuminate\\Foundation\\Bootstrap\\HandleExceptions->handleDeprecationError('Illuminate\\\\Supp...', '/Applications/X...', 299, 8192)
#7 /Applications/XAMPP/xamppfiles/htdocs/tmracing/vendor/laravel/framework/src/Illuminate/Foundation/Bootstrap/HandleExceptions.php(255): Illuminate\\Foundation\\Bootstrap\\HandleExceptions->handleError(8192, 'Illuminate\\\\Supp...', '/Applications/X...', 299)
#8 /Applications/XAMPP/xamppfiles/htdocs/tmracing/vendor/composer/ClassLoader.php(576): Illuminate\\Foundation\\Bootstrap\\HandleExceptions->{closure:Illuminate\\Foundation\\Bootstrap\\HandleExceptions::forwardsTo():254}(8192, 'Illuminate\\\\Supp...', '/Applications/X...', 299)
#9 /Applications/XAMPP/xamppfiles/htdocs/tmracing/vendor/composer/ClassLoader.php(576): include('/Applications/X...')
#10 /Applications/XAMPP/xamppfiles/htdocs/tmracing/vendor/composer/ClassLoader.php(427): {closure:Composer\\Autoload\\ClassLoader::initializeIncludeClosure():575}('/Applications/X...')
#11 /Applications/XAMPP/xamppfiles/htdocs/tmracing/vendor/laravel/framework/src/Illuminate/Collections/Collection.php(21): Composer\\Autoload\\ClassLoader->loadClass('Illuminate\\\\Supp...')
#12 /Applications/XAMPP/xamppfiles/htdocs/tmracing/vendor/composer/ClassLoader.php(576): include('/Applications/X...')
#13 /Applications/XAMPP/xamppfiles/htdocs/tmracing/vendor/composer/ClassLoader.php(427): {closure:Composer\\Autoload\\ClassLoader::initializeIncludeClosure():575}('/Applications/X...')
#14 /Applications/XAMPP/xamppfiles/htdocs/tmracing/vendor/laravel/framework/src/Illuminate/Collections/helpers.php(18): Composer\\Autoload\\ClassLoader->loadClass('Illuminate\\\\Supp...')
#15 /Applications/XAMPP/xamppfiles/htdocs/tmracing/vendor/laravel/framework/src/Illuminate/Foundation/PackageManifest.php(90): collect(Array)
#16 /Applications/XAMPP/xamppfiles/htdocs/tmracing/vendor/laravel/framework/src/Illuminate/Foundation/PackageManifest.php(79): Illuminate\\Foundation\\PackageManifest->config('aliases')
#17 /Applications/XAMPP/xamppfiles/htdocs/tmracing/vendor/laravel/framework/src/Illuminate/Foundation/Bootstrap/RegisterFacades.php(26): Illuminate\\Foundation\\PackageManifest->aliases()
#18 /Applications/XAMPP/xamppfiles/htdocs/tmracing/vendor/laravel/framework/src/Illuminate/Foundation/Application.php(263): Illuminate\\Foundation\\Bootstrap\\RegisterFacades->bootstrap(Object(Illuminate\\Foundation\\Application))
#19 /Applications/XAMPP/xamppfiles/htdocs/tmracing/vendor/laravel/framework/src/Illuminate/Foundation/Console/Kernel.php(447): Illuminate\\Foundation\\Application->bootstrapWith(Array)
#20 /Applications/XAMPP/xamppfiles/htdocs/tmracing/vendor/laravel/framework/src/Illuminate/Foundation/Console/Kernel.php(199): Illuminate\\Foundation\\Console\\Kernel->bootstrap()
#21 /Applications/XAMPP/xamppfiles/htdocs/tmracing/artisan(35): Illuminate\\Foundation\\Console\\Kernel->handle(Object(Symfony\\Component\\Console\\Input\\ArgvInput), Object(Symfony\\Component\\Console\\Output\\ConsoleOutput))
#22 {main}
"} 
[2025-12-12 01:25:20] laravel.WARNING: Illuminate\Support\Enumerable::filter(): Implicitly marking parameter $callback as nullable is deprecated, the explicit nullable type must be used instead in /Applications/XAMPP/xamppfiles/htdocs/tmracing/vendor/laravel/framework/src/Illuminate/Collections/Enumerable.php on line 299  
[2025-12-12 01:25:20] laravel.EMERGENCY: Unable to create configured logger. Using emergency logger. {"exception":"[object] (Error(code: 0): Class \"Illuminate\\Support\\Collection\" not found at /Applications/XAMPP/xamppfiles/htdocs/tmracing/vendor/laravel/framework/src/Illuminate/Collections/helpers.php:18)
[stacktrace]
#0 /Applications/XAMPP/xamppfiles/htdocs/tmracing/vendor/laravel/framework/src/Illuminate/Log/LogManager.php(389): collect(Array)
#1 /Applications/XAMPP/xamppfiles/htdocs/tmracing/vendor/laravel/framework/src/Illuminate/Log/LogManager.php(222): Illuminate\\Log\\LogManager->createMonologDriver(Array)
#2 /Applications/XAMPP/xamppfiles/htdocs/tmracing/vendor/laravel/framework/src/Illuminate/Log/LogManager.php(137): Illuminate\\Log\\LogManager->resolve('deprecations', Array)
#3 /Applications/XAMPP/xamppfiles/htdocs/tmracing/vendor/laravel/framework/src/Illuminate/Log/LogManager.php(124): Illuminate\\Log\\LogManager->get('deprecations')
#4 /Applications/XAMPP/xamppfiles/htdocs/tmracing/vendor/laravel/framework/src/Illuminate/Log/LogManager.php(113): Illuminate\\Log\\LogManager->driver('deprecations')
#5 /Applications/XAMPP/xamppfiles/htdocs/tmracing/vendor/laravel/framework/src/Illuminate/Foundation/Bootstrap/HandleExceptions.php(102): Illuminate\\Log\\LogManager->channel('deprecations')
#6 /Applications/XAMPP/xamppfiles/htdocs/tmracing/vendor/laravel/framework/src/Illuminate/Foundation/Bootstrap/HandleExceptions.php(71): Illuminate\\Foundation\\Bootstrap\\HandleExceptions->handleDeprecationError('Illuminate\\\\Supp...', '/Applications/X...', 311, 8192)
#7 /Applications/XAMPP/xamppfiles/htdocs/tmracing/vendor/laravel/framework/src/Illuminate/Foundation/Bootstrap/HandleExceptions.php(255): Illuminate\\Foundation\\Bootstrap\\HandleExceptions->handleError(8192, 'Illuminate\\\\Supp...', '/Applications/X...', 311)
#8 /Applications/XAMPP/xamppfiles/htdocs/tmracing/vendor/composer/ClassLoader.php(576): Illuminate\\Foundation\\Bootstrap\\HandleExceptions->{closure:Illuminate\\Foundation\\Bootstrap\\HandleExceptions::forwardsTo():254}(8192, 'Illuminate\\\\Supp...', '/Applications/X...', 311)
#9 /Applications/XAMPP/xamppfiles/htdocs/tmracing/vendor/composer/ClassLoader.php(576): include('/Applications/X...')
#10 /Applications/XAMPP/xamppfiles/htdocs/tmracing/vendor/composer/ClassLoader.php(427): {closure:Composer\\Autoload\\ClassLoader::initializeIncludeClosure():575}('/Applications/X...')
#11 /Applications/XAMPP/xamppfiles/htdocs/tmracing/vendor/laravel/framework/src/Illuminate/Collections/Collection.php(21): Composer\\Autoload\\ClassLoader->loadClass('Illuminate\\\\Supp...')
#12 /Applications/XAMPP/xamppfiles/htdocs/tmracing/vendor/composer/ClassLoader.php(576): include('/Applications/X...')
#13 /Applications/XAMPP/xamppfiles/htdocs/tmracing/vendor/composer/ClassLoader.php(427): {closure:Composer\\Autoload\\ClassLoader::initializeIncludeClosure():575}('/Applications/X...')
#14 /Applications/XAMPP/xamppfiles/htdocs/tmracing/vendor/laravel/framework/src/Illuminate/Collections/helpers.php(18): Composer\\Autoload\\ClassLoader->loadClass('Illuminate\\\\Supp...')
#15 /Applications/XAMPP/xamppfiles/htdocs/tmracing/vendor/laravel/framework/src/Illuminate/Foundation/PackageManifest.php(90): collect(Array)
#16 /Applications/XAMPP/xamppfiles/htdocs/tmracing/vendor/laravel/framework/src/Illuminate/Foundation/PackageManifest.php(79): Illuminate\\Foundation\\PackageManifest->config('aliases')
#17 /Applications/XAMPP/xamppfiles/htdocs/tmracing/vendor/laravel/framework/src/Illuminate/Foundation/Bootstrap/RegisterFacades.php(26): Illuminate\\Foundation\\PackageManifest->aliases()
#18 /Applications/XAMPP/xamppfiles/htdocs/tmracing/vendor/laravel/framework/src/Illuminate/Foundation/Application.php(263): Illuminate\\Foundation\\Bootstrap\\RegisterFacades->bootstrap(Object(Illuminate\\Foundation\\Application))
#19 /Applications/XAMPP/xamppfiles/htdocs/tmracing/vendor/laravel/framework/src/Illuminate/Foundation/Console/Kernel.php(447): Illuminate\\Foundation\\Application->bootstrapWith(Array)
#20 /Applications/XAMPP/xamppfiles/htdocs/tmracing/vendor/laravel/framework/src/Illuminate/Foundation/Console/Kernel.php(199): Illuminate\\Foundation\\Console\\Kernel->bootstrap()
#21 /Applications/XAMPP/xamppfiles/htdocs/tmracing/artisan(35): Illuminate\\Foundation\\Console\\Kernel->handle(Object(Symfony\\Component\\Console\\Input\\ArgvInput), Object(Symfony\\Component\\Console\\Output\\ConsoleOutput))
#22 {main}
"} 
[2025-12-12 01:25:20] laravel.WARNING: Illuminate\Support\Enumerable::when(): Implicitly marking parameter $callback as nullable is deprecated, the explicit nullable type must be used instead in /Applications/XAMPP/xamppfiles/htdocs/tmracing/vendor/laravel/framework/src/Illuminate/Collections/Enumerable.php on line 311  
[2025-12-12 01:25:20] laravel.EMERGENCY: Unable to create configured logger. Using emergency logger. {"exception":"[object] (Error(code: 0): Class \"Illuminate\\Support\\Collection\" not found at /Applications/XAMPP/xamppfiles/htdocs/tmracing/vendor/laravel/framework/src/Illuminate/Collections/helpers.php:18)
[stacktrace]
#0 /Applications/XAMPP/xamppfiles/htdocs/tmracing/vendor/laravel/framework/src/Illuminate/Log/LogManager.php(389): collect(Array)
#1 /Applications/XAMPP/xamppfiles/htdocs/tmracing/vendor/laravel/framework/src/Illuminate/Log/LogManager.php(222): Illuminate\\Log\\LogManager->createMonologDriver(Array)
#2 /Applications/XAMPP/xamppfiles/htdocs/tmracing/vendor/laravel/framework/src/Illuminate/Log/LogManager.php(137): Illuminate\\Log\\LogManager->resolve('deprecations', Array)
#3 /Applications/XAMPP/xamppfiles/htdocs/tmracing/vendor/laravel/framework/src/Illuminate/Log/LogManager.php(124): Illuminate\\Log\\LogManager->get('deprecations')
#4 /Applications/XAMPP/xamppfiles/htdocs/tmracing/vendor/laravel/framework/src/Illuminate/Log/LogManager.php(113): Illuminate\\Log\\LogManager->driver('deprecations')
#5 /Applications/XAMPP/xamppfiles/htdocs/tmracing/vendor/laravel/framework/src/Illuminate/Foundation/Bootstrap/HandleExceptions.php(102): Illuminate\\Log\\LogManager->channel('deprecations')
#6 /Applications/XAMPP/xamppfiles/htdocs/tmracing/vendor/laravel/framework/src/Illuminate/Foundation/Bootstrap/HandleExceptions.php(71): Illuminate\\Foundation\\Bootstrap\\HandleExceptions->handleDeprecationError('Illuminate\\\\Supp...', '/Applications/X...', 311, 8192)
#7 /Applications/XAMPP/xamppfiles/htdocs/tmracing/vendor/laravel/framework/src/Illuminate/Foundation/Bootstrap/HandleExceptions.php(255): Illuminate\\Foundation\\Bootstrap\\HandleExceptions->handleError(8192, 'Illuminate\\\\Supp...', '/Applications/X...', 311)
#8 /Applications/XAMPP/xamppfiles/htdocs/tmracing/vendor/composer/ClassLoader.php(576): Illuminate\\Foundation\\Bootstrap\\HandleExceptions->{closure:Illuminate\\Foundation\\Bootstrap\\HandleExceptions::forwardsTo():254}(8192, 'Illuminate\\\\Supp...', '/Applications/X...', 311)
#9 /Applications/XAMPP/xamppfiles/htdocs/tmracing/vendor/composer/ClassLoader.php(576): include('/Applications/X...')
#10 /Applications/XAMPP/xamppfiles/htdocs/tmracing/vendor/composer/ClassLoader.php(427): {closure:Composer\\Autoload\\ClassLoader::initializeIncludeClosure():575}('/Applications/X...')
#11 /Applications/XAMPP/xamppfiles/htdocs/tmracing/vendor/laravel/framework/src/Illuminate/Collections/Collection.php(21): Composer\\Autoload\\ClassLoader->loadClass('Illuminate\\\\Supp...')
#12 /Applications/XAMPP/xamppfiles/htdocs/tmracing/vendor/composer/ClassLoader.php(576): include('/Applications/X...')
#13 /Applications/XAMPP/xamppfiles/htdocs/tmracing/vendor/composer/ClassLoader.php(427): {closure:Composer\\Autoload\\ClassLoader::initializeIncludeClosure():575}('/Applications/X...')
#14 /Applications/XAMPP/xamppfiles/htdocs/tmracing/vendor/laravel/framework/src/Illuminate/Collections/helpers.php(18): Composer\\Autoload\\ClassLoader->loadClass('Illuminate\\\\Supp...')
#15 /Applications/XAMPP/xamppfiles/htdocs/tmracing/vendor/laravel/framework/src/Illuminate/Foundation/PackageManifest.php(90): collect(Array)
#16 /Applications/XAMPP/xamppfiles/htdocs/tmracing/vendor/laravel/framework/src/Illuminate/Foundation/PackageManifest.php(79): Illuminate\\Foundation\\PackageManifest->config('aliases')
#17 /Applications/XAMPP/xamppfiles/htdocs/tmracing/vendor/laravel/framework/src/Illuminate/Foundation/Bootstrap/RegisterFacades.php(26): Illuminate\\Foundation\\PackageManifest->aliases()
#18 /Applications/XAMPP/xamppfiles/htdocs/tmracing/vendor/laravel/framework/src/Illuminate/Foundation/Application.php(263): Illuminate\\Foundation\\Bootstrap\\RegisterFacades->bootstrap(Object(Illuminate\\Foundation\\Application))
#19 /Applications/XAMPP/xamppfiles/htdocs/tmracing/vendor/laravel/framework/src/Illuminate/Foundation/Console/Kernel.php(447): Illuminate\\Foundation\\Application->bootstrapWith(Array)
#20 /Applications/XAMPP/xamppfiles/htdocs/tmracing/vendor/laravel/framework/src/Illuminate/Foundation/Console/Kernel.php(199): Illuminate\\Foundation\\Console\\Kernel->bootstrap()
#21 /Applications/XAMPP/xamppfiles/htdocs/tmracing/artisan(35): Illuminate\\Foundation\\Console\\Kernel->handle(Object(Symfony\\Component\\Console\\Input\\ArgvInput), Object(Symfony\\Component\\Console\\Output\\ConsoleOutput))
#22 {main}
"} 
[2025-12-12 01:25:20] laravel.WARNING: Illuminate\Support\Enumerable::when(): Implicitly marking parameter $default as nullable is deprecated, the explicit nullable type must be used instead in /Applications/XAMPP/xamppfiles/htdocs/tmracing/vendor/laravel/framework/src/Illuminate/Collections/Enumerable.php on line 311  
[2025-12-12 01:25:20] laravel.EMERGENCY: Unable to create configured logger. Using emergency logger. {"exception":"[object] (Error(code: 0): Class \"Illuminate\\Support\\Collection\" not found at /Applications/XAMPP/xamppfiles/htdocs/tmracing/vendor/laravel/framework/src/Illuminate/Collections/helpers.php:18)
[stacktrace]
#0 /Applications/XAMPP/xamppfiles/htdocs/tmracing/vendor/laravel/framework/src/Illuminate/Log/LogManager.php(389): collect(Array)
#1 /Applications/XAMPP/xamppfiles/htdocs/tmracing/vendor/laravel/framework/src/Illuminate/Log/LogManager.php(222): Illuminate\\Log\\LogManager->createMonologDriver(Array)
#2 /Applications/XAMPP/xamppfiles/htdocs/tmracing/vendor/laravel/framework/src/Illuminate/Log/LogManager.php(137): Illuminate\\Log\\LogManager->resolve('deprecations', Array)
#3 /Applications/XAMPP/xamppfiles/htdocs/tmracing/vendor/laravel/framework/src/Illuminate/Log/LogManager.php(124): Illuminate\\Log\\LogManager->get('deprecations')
#4 /Applications/XAMPP/xamppfiles/htdocs/tmracing/vendor/laravel/framework/src/Illuminate/Log/LogManager.php(113): Illuminate\\Log\\LogManager->driver('deprecations')
#5 /Applications/XAMPP/xamppfiles/htdocs/tmracing/vendor/laravel/framework/src/Illuminate/Foundation/Bootstrap/HandleExceptions.php(102): Illuminate\\Log\\LogManager->channel('deprecations')
#6 /Applications/XAMPP/xamppfiles/htdocs/tmracing/vendor/laravel/framework/src/Illuminate/Foundation/Bootstrap/HandleExceptions.php(71): Illuminate\\Foundation\\Bootstrap\\HandleExceptions->handleDeprecationError('Illuminate\\\\Supp...', '/Applications/X...', 322, 8192)
#7 /Applications/XAMPP/xamppfiles/htdocs/tmracing/vendor/laravel/framework/src/Illuminate/Foundation/Bootstrap/HandleExceptions.php(255): Illuminate\\Foundation\\Bootstrap\\HandleExceptions->handleError(8192, 'Illuminate\\\\Supp...', '/Applications/X...', 322)
#8 /Applications/XAMPP/xamppfiles/htdocs/tmracing/vendor/composer/ClassLoader.php(576): Illuminate\\Foundation\\Bootstrap\\HandleExceptions->{closure:Illuminate\\Foundation\\Bootstrap\\HandleExceptions::forwardsTo():254}(8192, 'Illuminate\\\\Supp...', '/Applications/X...', 322)
#9 /Applications/XAMPP/xamppfiles/htdocs/tmracing/vendor/composer/ClassLoader.php(576): include('/Applications/X...')
#10 /Applications/XAMPP/xamppfiles/htdocs/tmracing/vendor/composer/ClassLoader.php(427): {closure:Composer\\Autoload\\ClassLoader::initializeIncludeClosure():575}('/Applications/X...')
#11 /Applications/XAMPP/xamppfiles/htdocs/tmracing/vendor/laravel/framework/src/Illuminate/Collections/Collection.php(21): Composer\\Autoload\\ClassLoader->loadClass('Illuminate\\\\Supp...')
#12 /Applications/XAMPP/xamppfiles/htdocs/tmracing/vendor/composer/ClassLoader.php(576): include('/Applications/X...')
#13 /Applications/XAMPP/xamppfiles/htdocs/tmracing/vendor/composer/ClassLoader.php(427): {closure:Composer\\Autoload\\ClassLoader::initializeIncludeClosure():575}('/Applications/X...')
#14 /Applications/XAMPP/xamppfiles/htdocs/tmracing/vendor/laravel/framework/src/Illuminate/Collections/helpers.php(18): Composer\\Autoload\\ClassLoader->loadClass('Illuminate\\\\Supp...')
#15 /Applications/XAMPP/xamppfiles/htdocs/tmracing/vendor/laravel/framework/src/Illuminate/Foundation/PackageManifest.php(90): collect(Array)
#16 /Applications/XAMPP/xamppfiles/htdocs/tmracing/vendor/laravel/framework/src/Illuminate/Foundation/PackageManifest.php(79): Illuminate\\Foundation\\PackageManifest->config('aliases')
#17 /Applications/XAMPP/xamppfiles/htdocs/tmracing/vendor/laravel/framework/src/Illuminate/Foundation/Bootstrap/RegisterFacades.php(26): Illuminate\\Foundation\\PackageManifest->aliases()
#18 /Applications/XAMPP/xamppfiles/htdocs/tmracing/vendor/laravel/framework/src/Illuminate/Foundation/Application.php(263): Illuminate\\Foundation\\Bootstrap\\RegisterFacades->bootstrap(Object(Illuminate\\Foundation\\Application))
#19 /Applications/XAMPP/xamppfiles/htdocs/tmracing/vendor/laravel/framework/src/Illuminate/Foundation/Console/Kernel.php(447): Illuminate\\Foundation\\Application->bootstrapWith(Array)
#20 /Applications/XAMPP/xamppfiles/htdocs/tmracing/vendor/laravel/framework/src/Illuminate/Foundation/Console/Kernel.php(199): Illuminate\\Foundation\\Console\\Kernel->bootstrap()
#21 /Applications/XAMPP/xamppfiles/htdocs/tmracing/artisan(35): Illuminate\\Foundation\\Console\\Kernel->handle(Object(Symfony\\Component\\Console\\Input\\ArgvInput), Object(Symfony\\Component\\Console\\Output\\ConsoleOutput))
#22 {main}
"} 
[2025-12-12 01:25:20] laravel.WARNING: Illuminate\Support\Enumerable::whenEmpty(): Implicitly marking parameter $default as nullable is deprecated, the explicit nullable type must be used instead in /Applications/XAMPP/xamppfiles/htdocs/tmracing/vendor/laravel/framework/src/Illuminate/Collections/Enumerable.php on line 322  
[2025-12-12 01:25:20] laravel.EMERGENCY: Unable to create configured logger. Using emergency logger. {"exception":"[object] (Error(code: 0): Class \"Illuminate\\Support\\Collection\" not found at /Applications/XAMPP/xamppfiles/htdocs/tmracing/vendor/laravel/framework/src/Illuminate/Collections/helpers.php:18)
[stacktrace]
#0 /Applications/XAMPP/xamppfiles/htdocs/tmracing/vendor/laravel/framework/src/Illuminate/Log/LogManager.php(389): collect(Array)
#1 /Applications/XAMPP/xamppfiles/htdocs/tmracing/vendor/laravel/framework/src/Illuminate/Log/LogManager.php(222): Illuminate\\Log\\LogManager->createMonologDriver(Array)
#2 /Applications/XAMPP/xamppfiles/htdocs/tmracing/vendor/laravel/framework/src/Illuminate/Log/LogManager.php(137): Illuminate\\Log\\LogManager->resolve('deprecations', Array)
#3 /Applications/XAMPP/xamppfiles/htdocs/tmracing/vendor/laravel/framework/src/Illuminate/Log/LogManager.php(124): Illuminate\\Log\\LogManager->get('deprecations')
#4 /Applications/XAMPP/xamppfiles/htdocs/tmracing/vendor/laravel/framework/src/Illuminate/Log/LogManager.php(113): Illuminate\\Log\\LogManager->driver('deprecations')
#5 /Applications/XAMPP/xamppfiles/htdocs/tmracing/vendor/laravel/framework/src/Illuminate/Foundation/Bootstrap/HandleExceptions.php(102): Illuminate\\Log\\LogManager->channel('deprecations')
#6 /Applications/XAMPP/xamppfiles/htdocs/tmracing/vendor/laravel/framework/src/Illuminate/Foundation/Bootstrap/HandleExceptions.php(71): Illuminate\\Foundation\\Bootstrap\\HandleExceptions->handleDeprecationError('Illuminate\\\\Supp...', '/Applications/X...', 333, 8192)
#7 /Applications/XAMPP/xamppfiles/htdocs/tmracing/vendor/laravel/framework/src/Illuminate/Foundation/Bootstrap/HandleExceptions.php(255): Illuminate\\Foundation\\Bootstrap\\HandleExceptions->handleError(8192, 'Illuminate\\\\Supp...', '/Applications/X...', 333)
#8 /Applications/XAMPP/xamppfiles/htdocs/tmracing/vendor/composer/ClassLoader.php(576): Illuminate\\Foundation\\Bootstrap\\HandleExceptions->{closure:Illuminate\\Foundation\\Bootstrap\\HandleExceptions::forwardsTo():254}(8192, 'Illuminate\\\\Supp...', '/Applications/X...', 333)
#9 /Applications/XAMPP/xamppfiles/htdocs/tmracing/vendor/composer/ClassLoader.php(576): include('/Applications/X...')
#10 /Applications/XAMPP/xamppfiles/htdocs/tmracing/vendor/composer/ClassLoader.php(427): {closure:Composer\\Autoload\\ClassLoader::initializeIncludeClosure():575}('/Applications/X...')
#11 /Applications/XAMPP/xamppfiles/htdocs/tmracing/vendor/laravel/framework/src/Illuminate/Collections/Collection.php(21): Composer\\Autoload\\ClassLoader->loadClass('Illuminate\\\\Supp...')
#12 /Applications/XAMPP/xamppfiles/htdocs/tmracing/vendor/composer/ClassLoader.php(576): include('/Applications/X...')
#13 /Applications/XAMPP/xamppfiles/htdocs/tmracing/vendor/composer/ClassLoader.php(427): {closure:Composer\\Autoload\\ClassLoader::initializeIncludeClosure():575}('/Applications/X...')
#14 /Applications/XAMPP/xamppfiles/htdocs/tmracing/vendor/laravel/framework/src/Illuminate/Collections/helpers.php(18): Composer\\Autoload\\ClassLoader->loadClass('Illuminate\\\\Supp...')
#15 /Applications/XAMPP/xamppfiles/htdocs/tmracing/vendor/laravel/framework/src/Illuminate/Foundation/PackageManifest.php(90): collect(Array)
#16 /Applications/XAMPP/xamppfiles/htdocs/tmracing/vendor/laravel/framework/src/Illuminate/Foundation/PackageManifest.php(79): Illuminate\\Foundation\\PackageManifest->config('aliases')
#17 /Applications/XAMPP/xamppfiles/htdocs/tmracing/vendor/laravel/framework/src/Illuminate/Foundation/Bootstrap/RegisterFacades.php(26): Illuminate\\Foundation\\PackageManifest->aliases()
#18 /Applications/XAMPP/xamppfiles/htdocs/tmracing/vendor/laravel/framework/src/Illuminate/Foundation/Application.php(263): Illuminate\\Foundation\\Bootstrap\\RegisterFacades->bootstrap(Object(Illuminate\\Foundation\\Application))
#19 /Applications/XAMPP/xamppfiles/htdocs/tmracing/vendor/laravel/framework/src/Illuminate/Foundation/Console/Kernel.php(447): Illuminate\\Foundation\\Application->bootstrapWith(Array)
#20 /Applications/XAMPP/xamppfiles/htdocs/tmracing/vendor/laravel/framework/src/Illuminate/Foundation/Console/Kernel.php(199): Illuminate\\Foundation\\Console\\Kernel->bootstrap()
#21 /Applications/XAMPP/xamppfiles/htdocs/tmracing/artisan(35): Illuminate\\Foundation\\Console\\Kernel->handle(Object(Symfony\\Component\\Console\\Input\\ArgvInput), Object(Symfony\\Component\\Console\\Output\\ConsoleOutput))
#22 {main}
"} 
[2025-12-12 01:25:20] laravel.WARNING: Illuminate\Support\Enumerable::whenNotEmpty(): Implicitly marking parameter $default as nullable is deprecated, the explicit nullable type must be used instead in /Applications/XAMPP/xamppfiles/htdocs/tmracing/vendor/laravel/framework/src/Illuminate/Collections/Enumerable.php on line 333  
[2025-12-12 01:25:20] laravel.EMERGENCY: Unable to create configured logger. Using emergency logger. {"exception":"[object] (Error(code: 0): Class \"Illuminate\\Support\\Collection\" not found at /Applications/XAMPP/xamppfiles/htdocs/tmracing/vendor/laravel/framework/src/Illuminate/Collections/helpers.php:18)
[stacktrace]
#0 /Applications/XAMPP/xamppfiles/htdocs/tmracing/vendor/laravel/framework/src/Illuminate/Log/LogManager.php(389): collect(Array)
#1 /Applications/XAMPP/xamppfiles/htdocs/tmracing/vendor/laravel/framework/src/Illuminate/Log/LogManager.php(222): Illuminate\\Log\\LogManager->createMonologDriver(Array)
#2 /Applications/XAMPP/xamppfiles/htdocs/tmracing/vendor/laravel/framework/src/Illuminate/Log/LogManager.php(137): Illuminate\\Log\\LogManager->resolve('deprecations', Array)
#3 /Applications/XAMPP/xamppfiles/htdocs/tmracing/vendor/laravel/framework/src/Illuminate/Log/LogManager.php(124): Illuminate\\Log\\LogManager->get('deprecations')
#4 /Applications/XAMPP/xamppfiles/htdocs/tmracing/vendor/laravel/framework/src/Illuminate/Log/LogManager.php(113): Illuminate\\Log\\LogManager->driver('deprecations')
#5 /Applications/XAMPP/xamppfiles/htdocs/tmracing/vendor/laravel/framework/src/Illuminate/Foundation/Bootstrap/HandleExceptions.php(102): Illuminate\\Log\\LogManager->channel('deprecations')
#6 /Applications/XAMPP/xamppfiles/htdocs/tmracing/vendor/laravel/framework/src/Illuminate/Foundation/Bootstrap/HandleExceptions.php(71): Illuminate\\Foundation\\Bootstrap\\HandleExceptions->handleDeprecationError('Illuminate\\\\Supp...', '/Applications/X...', 345, 8192)
#7 /Applications/XAMPP/xamppfiles/htdocs/tmracing/vendor/laravel/framework/src/Illuminate/Foundation/Bootstrap/HandleExceptions.php(255): Illuminate\\Foundation\\Bootstrap\\HandleExceptions->handleError(8192, 'Illuminate\\\\Supp...', '/Applications/X...', 345)
#8 /Applications/XAMPP/xamppfiles/htdocs/tmracing/vendor/composer/ClassLoader.php(576): Illuminate\\Foundation\\Bootstrap\\HandleExceptions->{closure:Illuminate\\Foundation\\Bootstrap\\HandleExceptions::forwardsTo():254}(8192, 'Illuminate\\\\Supp...', '/Applications/X...', 345)
#9 /Applications/XAMPP/xamppfiles/htdocs/tmracing/vendor/composer/ClassLoader.php(576): include('/Applications/X...')
#10 /Applications/XAMPP/xamppfiles/htdocs/tmracing/vendor/composer/ClassLoader.php(427): {closure:Composer\\Autoload\\ClassLoader::initializeIncludeClosure():575}('/Applications/X...')
#11 /Applications/XAMPP/xamppfiles/htdocs/tmracing/vendor/laravel/framework/src/Illuminate/Collections/Collection.php(21): Composer\\Autoload\\ClassLoader->loadClass('Illuminate\\\\Supp...')
#12 /Applications/XAMPP/xamppfiles/htdocs/tmracing/vendor/composer/ClassLoader.php(576): include('/Applications/X...')
#13 /Applications/XAMPP/xamppfiles/htdocs/tmracing/vendor/composer/ClassLoader.php(427): {closure:Composer\\Autoload\\ClassLoader::initializeIncludeClosure():575}('/Applications/X...')
#14 /Applications/XAMPP/xamppfiles/htdocs/tmracing/vendor/laravel/framework/src/Illuminate/Collections/helpers.php(18): Composer\\Autoload\\ClassLoader->loadClass('Illuminate\\\\Supp...')
#15 /Applications/XAMPP/xamppfiles/htdocs/tmracing/vendor/laravel/framework/src/Illuminate/Foundation/PackageManifest.php(90): collect(Array)
#16 /Applications/XAMPP/xamppfiles/htdocs/tmracing/vendor/laravel/framework/src/Illuminate/Foundation/PackageManifest.php(79): Illuminate\\Foundation\\PackageManifest->config('aliases')
#17 /Applications/XAMPP/xamppfiles/htdocs/tmracing/vendor/laravel/framework/src/Illuminate/Foundation/Bootstrap/RegisterFacades.php(26): Illuminate\\Foundation\\PackageManifest->aliases()
#18 /Applications/XAMPP/xamppfiles/htdocs/tmracing/vendor/laravel/framework/src/Illuminate/Foundation/Application.php(263): Illuminate\\Foundation\\Bootstrap\\RegisterFacades->bootstrap(Object(Illuminate\\Foundation\\Application))
#19 /Applications/XAMPP/xamppfiles/htdocs/tmracing/vendor/laravel/framework/src/Illuminate/Foundation/Console/Kernel.php(447): Illuminate\\Foundation\\Application->bootstrapWith(Array)
#20 /Applications/XAMPP/xamppfiles/htdocs/tmracing/vendor/laravel/framework/src/Illuminate/Foundation/Console/Kernel.php(199): Illuminate\\Foundation\\Console\\Kernel->bootstrap()
#21 /Applications/XAMPP/xamppfiles/htdocs/tmracing/artisan(35): Illuminate\\Foundation\\Console\\Kernel->handle(Object(Symfony\\Component\\Console\\Input\\ArgvInput), Object(Symfony\\Component\\Console\\Output\\ConsoleOutput))
#22 {main}
"} 
[2025-12-12 01:25:20] laravel.WARNING: Illuminate\Support\Enumerable::unless(): Implicitly marking parameter $default as nullable is deprecated, the explicit nullable type must be used instead in /Applications/XAMPP/xamppfiles/htdocs/tmracing/vendor/laravel/framework/src/Illuminate/Collections/Enumerable.php on line 345  
[2025-12-12 01:25:20] laravel.EMERGENCY: Unable to create configured logger. Using emergency logger. {"exception":"[object] (Error(code: 0): Class \"Illuminate\\Support\\Collection\" not found at /Applications/XAMPP/xamppfiles/htdocs/tmracing/vendor/laravel/framework/src/Illuminate/Collections/helpers.php:18)
[stacktrace]
#0 /Applications/XAMPP/xamppfiles/htdocs/tmracing/vendor/laravel/framework/src/Illuminate/Log/LogManager.php(389): collect(Array)
#1 /Applications/XAMPP/xamppfiles/htdocs/tmracing/vendor/laravel/framework/src/Illuminate/Log/LogManager.php(222): Illuminate\\Log\\LogManager->createMonologDriver(Array)
#2 /Applications/XAMPP/xamppfiles/htdocs/tmracing/vendor/laravel/framework/src/Illuminate/Log/LogManager.php(137): Illuminate\\Log\\LogManager->resolve('deprecations', Array)
#3 /Applications/XAMPP/xamppfiles/htdocs/tmracing/vendor/laravel/framework/src/Illuminate/Log/LogManager.php(124): Illuminate\\Log\\LogManager->get('deprecations')
#4 /Applications/XAMPP/xamppfiles/htdocs/tmracing/vendor/laravel/framework/src/Illuminate/Log/LogManager.php(113): Illuminate\\Log\\LogManager->driver('deprecations')
#5 /Applications/XAMPP/xamppfiles/htdocs/tmracing/vendor/laravel/framework/src/Illuminate/Foundation/Bootstrap/HandleExceptions.php(102): Illuminate\\Log\\LogManager->channel('deprecations')
#6 /Applications/XAMPP/xamppfiles/htdocs/tmracing/vendor/laravel/framework/src/Illuminate/Foundation/Bootstrap/HandleExceptions.php(71): Illuminate\\Foundation\\Bootstrap\\HandleExceptions->handleDeprecationError('Illuminate\\\\Supp...', '/Applications/X...', 356, 8192)
#7 /Applications/XAMPP/xamppfiles/htdocs/tmracing/vendor/laravel/framework/src/Illuminate/Foundation/Bootstrap/HandleExceptions.php(255): Illuminate\\Foundation\\Bootstrap\\HandleExceptions->handleError(8192, 'Illuminate\\\\Supp...', '/Applications/X...', 356)
#8 /Applications/XAMPP/xamppfiles/htdocs/tmracing/vendor/composer/ClassLoader.php(576): Illuminate\\Foundation\\Bootstrap\\HandleExceptions->{closure:Illuminate\\Foundation\\Bootstrap\\HandleExceptions::forwardsTo():254}(8192, 'Illuminate\\\\Supp...', '/Applications/X...', 356)
#9 /Applications/XAMPP/xamppfiles/htdocs/tmracing/vendor/composer/ClassLoader.php(576): include('/Applications/X...')
#10 /Applications/XAMPP/xamppfiles/htdocs/tmracing/vendor/composer/ClassLoader.php(427): {closure:Composer\\Autoload\\ClassLoader::initializeIncludeClosure():575}('/Applications/X...')
#11 /Applications/XAMPP/xamppfiles/htdocs/tmracing/vendor/laravel/framework/src/Illuminate/Collections/Collection.php(21): Composer\\Autoload\\ClassLoader->loadClass('Illuminate\\\\Supp...')
#12 /Applications/XAMPP/xamppfiles/htdocs/tmracing/vendor/composer/ClassLoader.php(576): include('/Applications/X...')
#13 /Applications/XAMPP/xamppfiles/htdocs/tmracing/vendor/composer/ClassLoader.php(427): {closure:Composer\\Autoload\\ClassLoader::initializeIncludeClosure():575}('/Applications/X...')
#14 /Applications/XAMPP/xamppfiles/htdocs/tmracing/vendor/laravel/framework/src/Illuminate/Collections/helpers.php(18): Composer\\Autoload\\ClassLoader->loadClass('Illuminate\\\\Supp...')
#15 /Applications/XAMPP/xamppfiles/htdocs/tmracing/vendor/laravel/framework/src/Illuminate/Foundation/PackageManifest.php(90): collect(Array)
#16 /Applications/XAMPP/xamppfiles/htdocs/tmracing/vendor/laravel/framework/src/Illuminate/Foundation/PackageManifest.php(79): Illuminate\\Foundation\\PackageManifest->config('aliases')
#17 /Applications/XAMPP/xamppfiles/htdocs/tmracing/vendor/laravel/framework/src/Illuminate/Foundation/Bootstrap/RegisterFacades.php(26): Illuminate\\Foundation\\PackageManifest->aliases()
#18 /Applications/XAMPP/xamppfiles/htdocs/tmracing/vendor/laravel/framework/src/Illuminate/Foundation/Application.php(263): Illuminate\\Foundation\\Bootstrap\\RegisterFacades->bootstrap(Object(Illuminate\\Foundation\\Application))
#19 /Applications/XAMPP/xamppfiles/htdocs/tmracing/vendor/laravel/framework/src/Illuminate/Foundation/Console/Kernel.php(447): Illuminate\\Foundation\\Application->bootstrapWith(Array)
#20 /Applications/XAMPP/xamppfiles/htdocs/tmracing/vendor/laravel/framework/src/Illuminate/Foundation/Console/Kernel.php(199): Illuminate\\Foundation\\Console\\Kernel->bootstrap()
#21 /Applications/XAMPP/xamppfiles/htdocs/tmracing/artisan(35): Illuminate\\Foundation\\Console\\Kernel->handle(Object(Symfony\\Component\\Console\\Input\\ArgvInput), Object(Symfony\\Component\\Console\\Output\\ConsoleOutput))
#22 {main}
"} 
[2025-12-12 01:25:20] laravel.WARNING: Illuminate\Support\Enumerable::unlessEmpty(): Implicitly marking parameter $default as nullable is deprecated, the explicit nullable type must be used instead in /Applications/XAMPP/xamppfiles/htdocs/tmracing/vendor/laravel/framework/src/Illuminate/Collections/Enumerable.php on line 356  
[2025-12-12 01:25:20] laravel.EMERGENCY: Unable to create configured logger. Using emergency logger. {"exception":"[object] (Error(code: 0): Class \"Illuminate\\Support\\Collection\" not found at /Applications/XAMPP/xamppfiles/htdocs/tmracing/vendor/laravel/framework/src/Illuminate/Collections/helpers.php:18)
[stacktrace]
#0 /Applications/XAMPP/xamppfiles/htdocs/tmracing/vendor/laravel/framework/src/Illuminate/Log/LogManager.php(389): collect(Array)
#1 /Applications/XAMPP/xamppfiles/htdocs/tmracing/vendor/laravel/framework/src/Illuminate/Log/LogManager.php(222): Illuminate\\Log\\LogManager->createMonologDriver(Array)
#2 /Applications/XAMPP/xamppfiles/htdocs/tmracing/vendor/laravel/framework/src/Illuminate/Log/LogManager.php(137): Illuminate\\Log\\LogManager->resolve('deprecations', Array)
#3 /Applications/XAMPP/xamppfiles/htdocs/tmracing/vendor/laravel/framework/src/Illuminate/Log/LogManager.php(124): Illuminate\\Log\\LogManager->get('deprecations')
#4 /Applications/XAMPP/xamppfiles/htdocs/tmracing/vendor/laravel/framework/src/Illuminate/Log/LogManager.php(113): Illuminate\\Log\\LogManager->driver('deprecations')
#5 /Applications/XAMPP/xamppfiles/htdocs/tmracing/vendor/laravel/framework/src/Illuminate/Foundation/Bootstrap/HandleExceptions.php(102): Illuminate\\Log\\LogManager->channel('deprecations')
#6 /Applications/XAMPP/xamppfiles/htdocs/tmracing/vendor/laravel/framework/src/Illuminate/Foundation/Bootstrap/HandleExceptions.php(71): Illuminate\\Foundation\\Bootstrap\\HandleExceptions->handleDeprecationError('Illuminate\\\\Supp...', '/Applications/X...', 367, 8192)
#7 /Applications/XAMPP/xamppfiles/htdocs/tmracing/vendor/laravel/framework/src/Illuminate/Foundation/Bootstrap/HandleExceptions.php(255): Illuminate\\Foundation\\Bootstrap\\HandleExceptions->handleError(8192, 'Illuminate\\\\Supp...', '/Applications/X...', 367)
#8 /Applications/XAMPP/xamppfiles/htdocs/tmracing/vendor/composer/ClassLoader.php(576): Illuminate\\Foundation\\Bootstrap\\HandleExceptions->{closure:Illuminate\\Foundation\\Bootstrap\\HandleExceptions::forwardsTo():254}(8192, 'Illuminate\\\\Supp...', '/Applications/X...', 367)
#9 /Applications/XAMPP/xamppfiles/htdocs/tmracing/vendor/composer/ClassLoader.php(576): include('/Applications/X...')
#10 /Applications/XAMPP/xamppfiles/htdocs/tmracing/vendor/composer/ClassLoader.php(427): {closure:Composer\\Autoload\\ClassLoader::initializeIncludeClosure():575}('/Applications/X...')
#11 /Applications/XAMPP/xamppfiles/htdocs/tmracing/vendor/laravel/framework/src/Illuminate/Collections/Collection.php(21): Composer\\Autoload\\ClassLoader->loadClass('Illuminate\\\\Supp...')
#12 /Applications/XAMPP/xamppfiles/htdocs/tmracing/vendor/composer/ClassLoader.php(576): include('/Applications/X...')
#13 /Applications/XAMPP/xamppfiles/htdocs/tmracing/vendor/composer/ClassLoader.php(427): {closure:Composer\\Autoload\\ClassLoader::initializeIncludeClosure():575}('/Applications/X...')
#14 /Applications/XAMPP/xamppfiles/htdocs/tmracing/vendor/laravel/framework/src/Illuminate/Collections/helpers.php(18): Composer\\Autoload\\ClassLoader->loadClass('Illuminate\\\\Supp...')
#15 /Applications/XAMPP/xamppfiles/htdocs/tmracing/vendor/laravel/framework/src/Illuminate/Foundation/PackageManifest.php(90): collect(Array)
#16 /Applications/XAMPP/xamppfiles/htdocs/tmracing/vendor/laravel/framework/src/Illuminate/Foundation/PackageManifest.php(79): Illuminate\\Foundation\\PackageManifest->config('aliases')
#17 /Applications/XAMPP/xamppfiles/htdocs/tmracing/vendor/laravel/framework/src/Illuminate/Foundation/Bootstrap/RegisterFacades.php(26): Illuminate\\Foundation\\PackageManifest->aliases()
#18 /Applications/XAMPP/xamppfiles/htdocs/tmracing/vendor/laravel/framework/src/Illuminate/Foundation/Application.php(263): Illuminate\\Foundation\\Bootstrap\\RegisterFacades->bootstrap(Object(Illuminate\\Foundation\\Application))
#19 /Applications/XAMPP/xamppfiles/htdocs/tmracing/vendor/laravel/framework/src/Illuminate/Foundation/Console/Kernel.php(447): Illuminate\\Foundation\\Application->bootstrapWith(Array)
#20 /Applications/XAMPP/xamppfiles/htdocs/tmracing/vendor/laravel/framework/src/Illuminate/Foundation/Console/Kernel.php(199): Illuminate\\Foundation\\Console\\Kernel->bootstrap()
#21 /Applications/XAMPP/xamppfiles/htdocs/tmracing/artisan(35): Illuminate\\Foundation\\Console\\Kernel->handle(Object(Symfony\\Component\\Console\\Input\\ArgvInput), Object(Symfony\\Component\\Console\\Output\\ConsoleOutput))
#22 {main}
"} 
[2025-12-12 01:25:20] laravel.WARNING: Illuminate\Support\Enumerable::unlessNotEmpty(): Implicitly marking parameter $default as nullable is deprecated, the explicit nullable type must be used instead in /Applications/XAMPP/xamppfiles/htdocs/tmracing/vendor/laravel/framework/src/Illuminate/Collections/Enumerable.php on line 367  
[2025-12-12 01:25:20] laravel.EMERGENCY: Unable to create configured logger. Using emergency logger. {"exception":"[object] (Error(code: 0): Class \"Illuminate\\Support\\Collection\" not found at /Applications/XAMPP/xamppfiles/htdocs/tmracing/vendor/laravel/framework/src/Illuminate/Collections/helpers.php:18)
[stacktrace]
#0 /Applications/XAMPP/xamppfiles/htdocs/tmracing/vendor/laravel/framework/src/Illuminate/Log/LogManager.php(389): collect(Array)
#1 /Applications/XAMPP/xamppfiles/htdocs/tmracing/vendor/laravel/framework/src/Illuminate/Log/LogManager.php(222): Illuminate\\Log\\LogManager->createMonologDriver(Array)
#2 /Applications/XAMPP/xamppfiles/htdocs/tmracing/vendor/laravel/framework/src/Illuminate/Log/LogManager.php(137): Illuminate\\Log\\LogManager->resolve('deprecations', Array)
#3 /Applications/XAMPP/xamppfiles/htdocs/tmracing/vendor/laravel/framework/src/Illuminate/Log/LogManager.php(124): Illuminate\\Log\\LogManager->get('deprecations')
#4 /Applications/XAMPP/xamppfiles/htdocs/tmracing/vendor/laravel/framework/src/Illuminate/Log/LogManager.php(113): Illuminate\\Log\\LogManager->driver('deprecations')
#5 /Applications/XAMPP/xamppfiles/htdocs/tmracing/vendor/laravel/framework/src/Illuminate/Foundation/Bootstrap/HandleExceptions.php(102): Illuminate\\Log\\LogManager->channel('deprecations')
#6 /Applications/XAMPP/xamppfiles/htdocs/tmracing/vendor/laravel/framework/src/Illuminate/Foundation/Bootstrap/HandleExceptions.php(71): Illuminate\\Foundation\\Bootstrap\\HandleExceptions->handleDeprecationError('Illuminate\\\\Supp...', '/Applications/X...', 479, 8192)
#7 /Applications/XAMPP/xamppfiles/htdocs/tmracing/vendor/laravel/framework/src/Illuminate/Foundation/Bootstrap/HandleExceptions.php(255): Illuminate\\Foundation\\Bootstrap\\HandleExceptions->handleError(8192, 'Illuminate\\\\Supp...', '/Applications/X...', 479)
#8 /Applications/XAMPP/xamppfiles/htdocs/tmracing/vendor/composer/ClassLoader.php(576): Illuminate\\Foundation\\Bootstrap\\HandleExceptions->{closure:Illuminate\\Foundation\\Bootstrap\\HandleExceptions::forwardsTo():254}(8192, 'Illuminate\\\\Supp...', '/Applications/X...', 479)
#9 /Applications/XAMPP/xamppfiles/htdocs/tmracing/vendor/composer/ClassLoader.php(576): include('/Applications/X...')
#10 /Applications/XAMPP/xamppfiles/htdocs/tmracing/vendor/composer/ClassLoader.php(427): {closure:Composer\\Autoload\\ClassLoader::initializeIncludeClosure():575}('/Applications/X...')
#11 /Applications/XAMPP/xamppfiles/htdocs/tmracing/vendor/laravel/framework/src/Illuminate/Collections/Collection.php(21): Composer\\Autoload\\ClassLoader->loadClass('Illuminate\\\\Supp...')
#12 /Applications/XAMPP/xamppfiles/htdocs/tmracing/vendor/composer/ClassLoader.php(576): include('/Applications/X...')
#13 /Applications/XAMPP/xamppfiles/htdocs/tmracing/vendor/composer/ClassLoader.php(427): {closure:Composer\\Autoload\\ClassLoader::initializeIncludeClosure():575}('/Applications/X...')
#14 /Applications/XAMPP/xamppfiles/htdocs/tmracing/vendor/laravel/framework/src/Illuminate/Collections/helpers.php(18): Composer\\Autoload\\ClassLoader->loadClass('Illuminate\\\\Supp...')
#15 /Applications/XAMPP/xamppfiles/htdocs/tmracing/vendor/laravel/framework/src/Illuminate/Foundation/PackageManifest.php(90): collect(Array)
#16 /Applications/XAMPP/xamppfiles/htdocs/tmracing/vendor/laravel/framework/src/Illuminate/Foundation/PackageManifest.php(79): Illuminate\\Foundation\\PackageManifest->config('aliases')
#17 /Applications/XAMPP/xamppfiles/htdocs/tmracing/vendor/laravel/framework/src/Illuminate/Foundation/Bootstrap/RegisterFacades.php(26): Illuminate\\Foundation\\PackageManifest->aliases()
#18 /Applications/XAMPP/xamppfiles/htdocs/tmracing/vendor/laravel/framework/src/Illuminate/Foundation/Application.php(263): Illuminate\\Foundation\\Bootstrap\\RegisterFacades->bootstrap(Object(Illuminate\\Foundation\\Application))
#19 /Applications/XAMPP/xamppfiles/htdocs/tmracing/vendor/laravel/framework/src/Illuminate/Foundation/Console/Kernel.php(447): Illuminate\\Foundation\\Application->bootstrapWith(Array)
#20 /Applications/XAMPP/xamppfiles/htdocs/tmracing/vendor/laravel/framework/src/Illuminate/Foundation/Console/Kernel.php(199): Illuminate\\Foundation\\Console\\Kernel->bootstrap()
#21 /Applications/XAMPP/xamppfiles/htdocs/tmracing/artisan(35): Illuminate\\Foundation\\Console\\Kernel->handle(Object(Symfony\\Component\\Console\\Input\\ArgvInput), Object(Symfony\\Component\\Console\\Output\\ConsoleOutput))
#22 {main}
"} 
[2025-12-12 01:25:20] laravel.WARNING: Illuminate\Support\Enumerable::first(): Implicitly marking parameter $callback as nullable is deprecated, the explicit nullable type must be used instead in /Applications/XAMPP/xamppfiles/htdocs/tmracing/vendor/laravel/framework/src/Illuminate/Collections/Enumerable.php on line 479  
[2025-12-12 01:25:20] laravel.EMERGENCY: Unable to create configured logger. Using emergency logger. {"exception":"[object] (Error(code: 0): Class \"Illuminate\\Support\\Collection\" not found at /Applications/XAMPP/xamppfiles/htdocs/tmracing/vendor/laravel/framework/src/Illuminate/Collections/helpers.php:18)
[stacktrace]
#0 /Applications/XAMPP/xamppfiles/htdocs/tmracing/vendor/laravel/framework/src/Illuminate/Log/LogManager.php(389): collect(Array)
#1 /Applications/XAMPP/xamppfiles/htdocs/tmracing/vendor/laravel/framework/src/Illuminate/Log/LogManager.php(222): Illuminate\\Log\\LogManager->createMonologDriver(Array)
#2 /Applications/XAMPP/xamppfiles/htdocs/tmracing/vendor/laravel/framework/src/Illuminate/Log/LogManager.php(137): Illuminate\\Log\\LogManager->resolve('deprecations', Array)
#3 /Applications/XAMPP/xamppfiles/htdocs/tmracing/vendor/laravel/framework/src/Illuminate/Log/LogManager.php(124): Illuminate\\Log\\LogManager->get('deprecations')
#4 /Applications/XAMPP/xamppfiles/htdocs/tmracing/vendor/laravel/framework/src/Illuminate/Log/LogManager.php(113): Illuminate\\Log\\LogManager->driver('deprecations')
#5 /Applications/XAMPP/xamppfiles/htdocs/tmracing/vendor/laravel/framework/src/Illuminate/Foundation/Bootstrap/HandleExceptions.php(102): Illuminate\\Log\\LogManager->channel('deprecations')
#6 /Applications/XAMPP/xamppfiles/htdocs/tmracing/vendor/laravel/framework/src/Illuminate/Foundation/Bootstrap/HandleExceptions.php(71): Illuminate\\Foundation\\Bootstrap\\HandleExceptions->handleDeprecationError('Illuminate\\\\Supp...', '/Applications/X...', 621, 8192)
#7 /Applications/XAMPP/xamppfiles/htdocs/tmracing/vendor/laravel/framework/src/Illuminate/Foundation/Bootstrap/HandleExceptions.php(255): Illuminate\\Foundation\\Bootstrap\\HandleExceptions->handleError(8192, 'Illuminate\\\\Supp...', '/Applications/X...', 621)
#8 /Applications/XAMPP/xamppfiles/htdocs/tmracing/vendor/composer/ClassLoader.php(576): Illuminate\\Foundation\\Bootstrap\\HandleExceptions->{closure:Illuminate\\Foundation\\Bootstrap\\HandleExceptions::forwardsTo():254}(8192, 'Illuminate\\\\Supp...', '/Applications/X...', 621)
#9 /Applications/XAMPP/xamppfiles/htdocs/tmracing/vendor/composer/ClassLoader.php(576): include('/Applications/X...')
#10 /Applications/XAMPP/xamppfiles/htdocs/tmracing/vendor/composer/ClassLoader.php(427): {closure:Composer\\Autoload\\ClassLoader::initializeIncludeClosure():575}('/Applications/X...')
#11 /Applications/XAMPP/xamppfiles/htdocs/tmracing/vendor/laravel/framework/src/Illuminate/Collections/Collection.php(21): Composer\\Autoload\\ClassLoader->loadClass('Illuminate\\\\Supp...')
#12 /Applications/XAMPP/xamppfiles/htdocs/tmracing/vendor/composer/ClassLoader.php(576): include('/Applications/X...')
#13 /Applications/XAMPP/xamppfiles/htdocs/tmracing/vendor/composer/ClassLoader.php(427): {closure:Composer\\Autoload\\ClassLoader::initializeIncludeClosure():575}('/Applications/X...')
#14 /Applications/XAMPP/xamppfiles/htdocs/tmracing/vendor/laravel/framework/src/Illuminate/Collections/helpers.php(18): Composer\\Autoload\\ClassLoader->loadClass('Illuminate\\\\Supp...')
#15 /Applications/XAMPP/xamppfiles/htdocs/tmracing/vendor/laravel/framework/src/Illuminate/Foundation/PackageManifest.php(90): collect(Array)
#16 /Applications/XAMPP/xamppfiles/htdocs/tmracing/vendor/laravel/framework/src/Illuminate/Foundation/PackageManifest.php(79): Illuminate\\Foundation\\PackageManifest->config('aliases')
#17 /Applications/XAMPP/xamppfiles/htdocs/tmracing/vendor/laravel/framework/src/Illuminate/Foundation/Bootstrap/RegisterFacades.php(26): Illuminate\\Foundation\\PackageManifest->aliases()
#18 /Applications/XAMPP/xamppfiles/htdocs/tmracing/vendor/laravel/framework/src/Illuminate/Foundation/Application.php(263): Illuminate\\Foundation\\Bootstrap\\RegisterFacades->bootstrap(Object(Illuminate\\Foundation\\Application))
#19 /Applications/XAMPP/xamppfiles/htdocs/tmracing/vendor/laravel/framework/src/Illuminate/Foundation/Console/Kernel.php(447): Illuminate\\Foundation\\Application->bootstrapWith(Array)
#20 /Applications/XAMPP/xamppfiles/htdocs/tmracing/vendor/laravel/framework/src/Illuminate/Foundation/Console/Kernel.php(199): Illuminate\\Foundation\\Console\\Kernel->bootstrap()
#21 /Applications/XAMPP/xamppfiles/htdocs/tmracing/artisan(35): Illuminate\\Foundation\\Console\\Kernel->handle(Object(Symfony\\Component\\Console\\Input\\ArgvInput), Object(Symfony\\Component\\Console\\Output\\ConsoleOutput))
#22 {main}
"} 
[2025-12-12 01:25:20] laravel.WARNING: Illuminate\Support\Enumerable::last(): Implicitly marking parameter $callback as nullable is deprecated, the explicit nullable type must be used instead in /Applications/XAMPP/xamppfiles/htdocs/tmracing/vendor/laravel/framework/src/Illuminate/Collections/Enumerable.php on line 621  
[2025-12-12 01:25:30] laravel.EMERGENCY: Unable to create configured logger. Using emergency logger. {"exception":"[object] (Error(code: 0): Class \"Illuminate\\Support\\Collection\" not found at /Applications/XAMPP/xamppfiles/htdocs/tmracing/vendor/laravel/framework/src/Illuminate/Collections/helpers.php:18)
[stacktrace]
#0 /Applications/XAMPP/xamppfiles/htdocs/tmracing/vendor/laravel/framework/src/Illuminate/Log/LogManager.php(389): collect(Array)
#1 /Applications/XAMPP/xamppfiles/htdocs/tmracing/vendor/laravel/framework/src/Illuminate/Log/LogManager.php(222): Illuminate\\Log\\LogManager->createMonologDriver(Array)
#2 /Applications/XAMPP/xamppfiles/htdocs/tmracing/vendor/laravel/framework/src/Illuminate/Log/LogManager.php(137): Illuminate\\Log\\LogManager->resolve('deprecations', Array)
#3 /Applications/XAMPP/xamppfiles/htdocs/tmracing/vendor/laravel/framework/src/Illuminate/Log/LogManager.php(124): Illuminate\\Log\\LogManager->get('deprecations')
#4 /Applications/XAMPP/xamppfiles/htdocs/tmracing/vendor/laravel/framework/src/Illuminate/Log/LogManager.php(113): Illuminate\\Log\\LogManager->driver('deprecations')
#5 /Applications/XAMPP/xamppfiles/htdocs/tmracing/vendor/laravel/framework/src/Illuminate/Foundation/Bootstrap/HandleExceptions.php(102): Illuminate\\Log\\LogManager->channel('deprecations')
#6 /Applications/XAMPP/xamppfiles/htdocs/tmracing/vendor/laravel/framework/src/Illuminate/Foundation/Bootstrap/HandleExceptions.php(71): Illuminate\\Foundation\\Bootstrap\\HandleExceptions->handleDeprecationError('Illuminate\\\\Supp...', '/Applications/X...', 384, 8192)
#7 /Applications/XAMPP/xamppfiles/htdocs/tmracing/vendor/laravel/framework/src/Illuminate/Foundation/Bootstrap/HandleExceptions.php(255): Illuminate\\Foundation\\Bootstrap\\HandleExceptions->handleError(8192, 'Illuminate\\\\Supp...', '/Applications/X...', 384)
#8 /Applications/XAMPP/xamppfiles/htdocs/tmracing/vendor/composer/ClassLoader.php(576): Illuminate\\Foundation\\Bootstrap\\HandleExceptions->{closure:Illuminate\\Foundation\\Bootstrap\\HandleExceptions::forwardsTo():254}(8192, 'Illuminate\\\\Supp...', '/Applications/X...', 384)
#9 /Applications/XAMPP/xamppfiles/htdocs/tmracing/vendor/composer/ClassLoader.php(576): include('/Applications/X...')
#10 /Applications/XAMPP/xamppfiles/htdocs/tmracing/vendor/composer/ClassLoader.php(427): {closure:Composer\\Autoload\\ClassLoader::initializeIncludeClosure():575}('/Applications/X...')
#11 /Applications/XAMPP/xamppfiles/htdocs/tmracing/vendor/laravel/framework/src/Illuminate/Collections/helpers.php(18): Composer\\Autoload\\ClassLoader->loadClass('Illuminate\\\\Supp...')
#12 /Applications/XAMPP/xamppfiles/htdocs/tmracing/vendor/laravel/framework/src/Illuminate/Foundation/PackageManifest.php(90): collect(Array)
#13 /Applications/XAMPP/xamppfiles/htdocs/tmracing/vendor/laravel/framework/src/Illuminate/Foundation/PackageManifest.php(79): Illuminate\\Foundation\\PackageManifest->config('aliases')
#14 /Applications/XAMPP/xamppfiles/htdocs/tmracing/vendor/laravel/framework/src/Illuminate/Foundation/Bootstrap/RegisterFacades.php(26): Illuminate\\Foundation\\PackageManifest->aliases()
#15 /Applications/XAMPP/xamppfiles/htdocs/tmracing/vendor/laravel/framework/src/Illuminate/Foundation/Application.php(263): Illuminate\\Foundation\\Bootstrap\\RegisterFacades->bootstrap(Object(Illuminate\\Foundation\\Application))
#16 /Applications/XAMPP/xamppfiles/htdocs/tmracing/vendor/laravel/framework/src/Illuminate/Foundation/Console/Kernel.php(447): Illuminate\\Foundation\\Application->bootstrapWith(Array)
#17 /Applications/XAMPP/xamppfiles/htdocs/tmracing/vendor/laravel/framework/src/Illuminate/Foundation/Console/Kernel.php(199): Illuminate\\Foundation\\Console\\Kernel->bootstrap()
#18 /Applications/XAMPP/xamppfiles/htdocs/tmracing/artisan(35): Illuminate\\Foundation\\Console\\Kernel->handle(Object(Symfony\\Component\\Console\\Input\\ArgvInput), Object(Symfony\\Component\\Console\\Output\\ConsoleOutput))
#19 {main}
"} 
[2025-12-12 01:25:30] laravel.WARNING: Illuminate\Support\Collection::filter(): Implicitly marking parameter $callback as nullable is deprecated, the explicit nullable type must be used instead in /Applications/XAMPP/xamppfiles/htdocs/tmracing/vendor/laravel/framework/src/Illuminate/Collections/Collection.php on line 384  
[2025-12-12 01:25:30] laravel.EMERGENCY: Unable to create configured logger. Using emergency logger. {"exception":"[object] (Error(code: 0): Class \"Illuminate\\Support\\Collection\" not found at /Applications/XAMPP/xamppfiles/htdocs/tmracing/vendor/laravel/framework/src/Illuminate/Collections/helpers.php:18)
[stacktrace]
#0 /Applications/XAMPP/xamppfiles/htdocs/tmracing/vendor/laravel/framework/src/Illuminate/Log/LogManager.php(389): collect(Array)
#1 /Applications/XAMPP/xamppfiles/htdocs/tmracing/vendor/laravel/framework/src/Illuminate/Log/LogManager.php(222): Illuminate\\Log\\LogManager->createMonologDriver(Array)
#2 /Applications/XAMPP/xamppfiles/htdocs/tmracing/vendor/laravel/framework/src/Illuminate/Log/LogManager.php(137): Illuminate\\Log\\LogManager->resolve('deprecations', Array)
#3 /Applications/XAMPP/xamppfiles/htdocs/tmracing/vendor/laravel/framework/src/Illuminate/Log/LogManager.php(124): Illuminate\\Log\\LogManager->get('deprecations')
#4 /Applications/XAMPP/xamppfiles/htdocs/tmracing/vendor/laravel/framework/src/Illuminate/Log/LogManager.php(113): Illuminate\\Log\\LogManager->driver('deprecations')
#5 /Applications/XAMPP/xamppfiles/htdocs/tmracing/vendor/laravel/framework/src/Illuminate/Foundation/Bootstrap/HandleExceptions.php(102): Illuminate\\Log\\LogManager->channel('deprecations')
#6 /Applications/XAMPP/xamppfiles/htdocs/tmracing/vendor/laravel/framework/src/Illuminate/Foundation/Bootstrap/HandleExceptions.php(71): Illuminate\\Foundation\\Bootstrap\\HandleExceptions->handleDeprecationError('Illuminate\\\\Supp...', '/Applications/X...', 402, 8192)
#7 /Applications/XAMPP/xamppfiles/htdocs/tmracing/vendor/laravel/framework/src/Illuminate/Foundation/Bootstrap/HandleExceptions.php(255): Illuminate\\Foundation\\Bootstrap\\HandleExceptions->handleError(8192, 'Illuminate\\\\Supp...', '/Applications/X...', 402)
#8 /Applications/XAMPP/xamppfiles/htdocs/tmracing/vendor/composer/ClassLoader.php(576): Illuminate\\Foundation\\Bootstrap\\HandleExceptions->{closure:Illuminate\\Foundation\\Bootstrap\\HandleExceptions::forwardsTo():254}(8192, 'Illuminate\\\\Supp...', '/Applications/X...', 402)
#9 /Applications/XAMPP/xamppfiles/htdocs/tmracing/vendor/composer/ClassLoader.php(576): include('/Applications/X...')
#10 /Applications/XAMPP/xamppfiles/htdocs/tmracing/vendor/composer/ClassLoader.php(427): {closure:Composer\\Autoload\\ClassLoader::initializeIncludeClosure():575}('/Applications/X...')
#11 /Applications/XAMPP/xamppfiles/htdocs/tmracing/vendor/laravel/framework/src/Illuminate/Collections/helpers.php(18): Composer\\Autoload\\ClassLoader->loadClass('Illuminate\\\\Supp...')
#12 /Applications/XAMPP/xamppfiles/htdocs/tmracing/vendor/laravel/framework/src/Illuminate/Foundation/PackageManifest.php(90): collect(Array)
#13 /Applications/XAMPP/xamppfiles/htdocs/tmracing/vendor/laravel/framework/src/Illuminate/Foundation/PackageManifest.php(79): Illuminate\\Foundation\\PackageManifest->config('aliases')
#14 /Applications/XAMPP/xamppfiles/htdocs/tmracing/vendor/laravel/framework/src/Illuminate/Foundation/Bootstrap/RegisterFacades.php(26): Illuminate\\Foundation\\PackageManifest->aliases()
#15 /Applications/XAMPP/xamppfiles/htdocs/tmracing/vendor/laravel/framework/src/Illuminate/Foundation/Application.php(263): Illuminate\\Foundation\\Bootstrap\\RegisterFacades->bootstrap(Object(Illuminate\\Foundation\\Application))
#16 /Applications/XAMPP/xamppfiles/htdocs/tmracing/vendor/laravel/framework/src/Illuminate/Foundation/Console/Kernel.php(447): Illuminate\\Foundation\\Application->bootstrapWith(Array)
#17 /Applications/XAMPP/xamppfiles/htdocs/tmracing/vendor/laravel/framework/src/Illuminate/Foundation/Console/Kernel.php(199): Illuminate\\Foundation\\Console\\Kernel->bootstrap()
#18 /Applications/XAMPP/xamppfiles/htdocs/tmracing/artisan(35): Illuminate\\Foundation\\Console\\Kernel->handle(Object(Symfony\\Component\\Console\\Input\\ArgvInput), Object(Symfony\\Component\\Console\\Output\\ConsoleOutput))
#19 {main}
"} 
[2025-12-12 01:25:30] laravel.WARNING: Illuminate\Support\Collection::first(): Implicitly marking parameter $callback as nullable is deprecated, the explicit nullable type must be used instead in /Applications/XAMPP/xamppfiles/htdocs/tmracing/vendor/laravel/framework/src/Illuminate/Collections/Collection.php on line 402  
[2025-12-12 01:25:30] laravel.EMERGENCY: Unable to create configured logger. Using emergency logger. {"exception":"[object] (Error(code: 0): Class \"Illuminate\\Support\\Collection\" not found at /Applications/XAMPP/xamppfiles/htdocs/tmracing/vendor/laravel/framework/src/Illuminate/Collections/helpers.php:18)
[stacktrace]
#0 /Applications/XAMPP/xamppfiles/htdocs/tmracing/vendor/laravel/framework/src/Illuminate/Log/LogManager.php(389): collect(Array)
#1 /Applications/XAMPP/xamppfiles/htdocs/tmracing/vendor/laravel/framework/src/Illuminate/Log/LogManager.php(222): Illuminate\\Log\\LogManager->createMonologDriver(Array)
#2 /Applications/XAMPP/xamppfiles/htdocs/tmracing/vendor/laravel/framework/src/Illuminate/Log/LogManager.php(137): Illuminate\\Log\\LogManager->resolve('deprecations', Array)
#3 /Applications/XAMPP/xamppfiles/htdocs/tmracing/vendor/laravel/framework/src/Illuminate/Log/LogManager.php(124): Illuminate\\Log\\LogManager->get('deprecations')
#4 /Applications/XAMPP/xamppfiles/htdocs/tmracing/vendor/laravel/framework/src/Illuminate/Log/LogManager.php(113): Illuminate\\Log\\LogManager->driver('deprecations')
#5 /Applications/XAMPP/xamppfiles/htdocs/tmracing/vendor/laravel/framework/src/Illuminate/Foundation/Bootstrap/HandleExceptions.php(102): Illuminate\\Log\\LogManager->channel('deprecations')
#6 /Applications/XAMPP/xamppfiles/htdocs/tmracing/vendor/laravel/framework/src/Illuminate/Foundation/Bootstrap/HandleExceptions.php(71): Illuminate\\Foundation\\Bootstrap\\HandleExceptions->handleDeprecationError('Illuminate\\\\Supp...', '/Applications/X...', 750, 8192)
#7 /Applications/XAMPP/xamppfiles/htdocs/tmracing/vendor/laravel/framework/src/Illuminate/Foundation/Bootstrap/HandleExceptions.php(255): Illuminate\\Foundation\\Bootstrap\\HandleExceptions->handleError(8192, 'Illuminate\\\\Supp...', '/Applications/X...', 750)
#8 /Applications/XAMPP/xamppfiles/htdocs/tmracing/vendor/composer/ClassLoader.php(576): Illuminate\\Foundation\\Bootstrap\\HandleExceptions->{closure:Illuminate\\Foundation\\Bootstrap\\HandleExceptions::forwardsTo():254}(8192, 'Illuminate\\\\Supp...', '/Applications/X...', 750)
#9 /Applications/XAMPP/xamppfiles/htdocs/tmracing/vendor/composer/ClassLoader.php(576): include('/Applications/X...')
#10 /Applications/XAMPP/xamppfiles/htdocs/tmracing/vendor/composer/ClassLoader.php(427): {closure:Composer\\Autoload\\ClassLoader::initializeIncludeClosure():575}('/Applications/X...')
#11 /Applications/XAMPP/xamppfiles/htdocs/tmracing/vendor/laravel/framework/src/Illuminate/Collections/helpers.php(18): Composer\\Autoload\\ClassLoader->loadClass('Illuminate\\\\Supp...')
#12 /Applications/XAMPP/xamppfiles/htdocs/tmracing/vendor/laravel/framework/src/Illuminate/Foundation/PackageManifest.php(90): collect(Array)
#13 /Applications/XAMPP/xamppfiles/htdocs/tmracing/vendor/laravel/framework/src/Illuminate/Foundation/PackageManifest.php(79): Illuminate\\Foundation\\PackageManifest->config('aliases')
#14 /Applications/XAMPP/xamppfiles/htdocs/tmracing/vendor/laravel/framework/src/Illuminate/Foundation/Bootstrap/RegisterFacades.php(26): Illuminate\\Foundation\\PackageManifest->aliases()
#15 /Applications/XAMPP/xamppfiles/htdocs/tmracing/vendor/laravel/framework/src/Illuminate/Foundation/Application.php(263): Illuminate\\Foundation\\Bootstrap\\RegisterFacades->bootstrap(Object(Illuminate\\Foundation\\Application))
#16 /Applications/XAMPP/xamppfiles/htdocs/tmracing/vendor/laravel/framework/src/Illuminate/Foundation/Console/Kernel.php(447): Illuminate\\Foundation\\Application->bootstrapWith(Array)
#17 /Applications/XAMPP/xamppfiles/htdocs/tmracing/vendor/laravel/framework/src/Illuminate/Foundation/Console/Kernel.php(199): Illuminate\\Foundation\\Console\\Kernel->bootstrap()
#18 /Applications/XAMPP/xamppfiles/htdocs/tmracing/artisan(35): Illuminate\\Foundation\\Console\\Kernel->handle(Object(Symfony\\Component\\Console\\Input\\ArgvInput), Object(Symfony\\Component\\Console\\Output\\ConsoleOutput))
#19 {main}
"} 
[2025-12-12 01:25:30] laravel.WARNING: Illuminate\Support\Collection::last(): Implicitly marking parameter $callback as nullable is deprecated, the explicit nullable type must be used instead in /Applications/XAMPP/xamppfiles/htdocs/tmracing/vendor/laravel/framework/src/Illuminate/Collections/Collection.php on line 750  
[2025-12-12 01:25:30] laravel.EMERGENCY: Unable to create configured logger. Using emergency logger. {"exception":"[object] (Error(code: 0): Class \"Illuminate\\Support\\Collection\" not found at /Applications/XAMPP/xamppfiles/htdocs/tmracing/vendor/laravel/framework/src/Illuminate/Collections/helpers.php:18)
[stacktrace]
#0 /Applications/XAMPP/xamppfiles/htdocs/tmracing/vendor/laravel/framework/src/Illuminate/Log/LogManager.php(389): collect(Array)
#1 /Applications/XAMPP/xamppfiles/htdocs/tmracing/vendor/laravel/framework/src/Illuminate/Log/LogManager.php(222): Illuminate\\Log\\LogManager->createMonologDriver(Array)
#2 /Applications/XAMPP/xamppfiles/htdocs/tmracing/vendor/laravel/framework/src/Illuminate/Log/LogManager.php(137): Illuminate\\Log\\LogManager->resolve('deprecations', Array)
#3 /Applications/XAMPP/xamppfiles/htdocs/tmracing/vendor/laravel/framework/src/Illuminate/Log/LogManager.php(124): Illuminate\\Log\\LogManager->get('deprecations')
#4 /Applications/XAMPP/xamppfiles/htdocs/tmracing/vendor/laravel/framework/src/Illuminate/Log/LogManager.php(113): Illuminate\\Log\\LogManager->driver('deprecations')
#5 /Applications/XAMPP/xamppfiles/htdocs/tmracing/vendor/laravel/framework/src/Illuminate/Foundation/Bootstrap/HandleExceptions.php(102): Illuminate\\Log\\LogManager->channel('deprecations')
#6 /Applications/XAMPP/xamppfiles/htdocs/tmracing/vendor/laravel/framework/src/Illuminate/Foundation/Bootstrap/HandleExceptions.php(71): Illuminate\\Foundation\\Bootstrap\\HandleExceptions->handleDeprecationError('Illuminate\\\\Supp...', '/Applications/X...', 167, 8192)
#7 /Applications/XAMPP/xamppfiles/htdocs/tmracing/vendor/laravel/framework/src/Illuminate/Foundation/Bootstrap/HandleExceptions.php(255): Illuminate\\Foundation\\Bootstrap\\HandleExceptions->handleError(8192, 'Illuminate\\\\Supp...', '/Applications/X...', 167)
#8 /Applications/XAMPP/xamppfiles/htdocs/tmracing/vendor/composer/ClassLoader.php(576): Illuminate\\Foundation\\Bootstrap\\HandleExceptions->{closure:Illuminate\\Foundation\\Bootstrap\\HandleExceptions::forwardsTo():254}(8192, 'Illuminate\\\\Supp...', '/Applications/X...', 167)
#9 /Applications/XAMPP/xamppfiles/htdocs/tmracing/vendor/composer/ClassLoader.php(576): include('/Applications/X...')
#10 /Applications/XAMPP/xamppfiles/htdocs/tmracing/vendor/composer/ClassLoader.php(427): {closure:Composer\\Autoload\\ClassLoader::initializeIncludeClosure():575}('/Applications/X...')
#11 /Applications/XAMPP/xamppfiles/htdocs/tmracing/vendor/laravel/framework/src/Illuminate/Collections/Collection.php(21): Composer\\Autoload\\ClassLoader->loadClass('Illuminate\\\\Supp...')
#12 /Applications/XAMPP/xamppfiles/htdocs/tmracing/vendor/composer/ClassLoader.php(576): include('/Applications/X...')
#13 /Applications/XAMPP/xamppfiles/htdocs/tmracing/vendor/composer/ClassLoader.php(427): {closure:Composer\\Autoload\\ClassLoader::initializeIncludeClosure():575}('/Applications/X...')
#14 /Applications/XAMPP/xamppfiles/htdocs/tmracing/vendor/laravel/framework/src/Illuminate/Collections/helpers.php(18): Composer\\Autoload\\ClassLoader->loadClass('Illuminate\\\\Supp...')
#15 /Applications/XAMPP/xamppfiles/htdocs/tmracing/vendor/laravel/framework/src/Illuminate/Foundation/PackageManifest.php(90): collect(Array)
#16 /Applications/XAMPP/xamppfiles/htdocs/tmracing/vendor/laravel/framework/src/Illuminate/Foundation/PackageManifest.php(79): Illuminate\\Foundation\\PackageManifest->config('aliases')
#17 /Applications/XAMPP/xamppfiles/htdocs/tmracing/vendor/laravel/framework/src/Illuminate/Foundation/Bootstrap/RegisterFacades.php(26): Illuminate\\Foundation\\PackageManifest->aliases()
#18 /Applications/XAMPP/xamppfiles/htdocs/tmracing/vendor/laravel/framework/src/Illuminate/Foundation/Application.php(263): Illuminate\\Foundation\\Bootstrap\\RegisterFacades->bootstrap(Object(Illuminate\\Foundation\\Application))
#19 /Applications/XAMPP/xamppfiles/htdocs/tmracing/vendor/laravel/framework/src/Illuminate/Foundation/Console/Kernel.php(447): Illuminate\\Foundation\\Application->bootstrapWith(Array)
#20 /Applications/XAMPP/xamppfiles/htdocs/tmracing/vendor/laravel/framework/src/Illuminate/Foundation/Console/Kernel.php(199): Illuminate\\Foundation\\Console\\Kernel->bootstrap()
#21 /Applications/XAMPP/xamppfiles/htdocs/tmracing/artisan(35): Illuminate\\Foundation\\Console\\Kernel->handle(Object(Symfony\\Component\\Console\\Input\\ArgvInput), Object(Symfony\\Component\\Console\\Output\\ConsoleOutput))
#22 {main}
"} 
[2025-12-12 01:25:30] laravel.WARNING: Illuminate\Support\Traits\EnumeratesValues::times(): Implicitly marking parameter $callback as nullable is deprecated, the explicit nullable type must be used instead in /Applications/XAMPP/xamppfiles/htdocs/tmracing/vendor/laravel/framework/src/Illuminate/Collections/Traits/EnumeratesValues.php on line 167  
[2025-12-12 01:25:30] laravel.EMERGENCY: Unable to create configured logger. Using emergency logger. {"exception":"[object] (Error(code: 0): Class \"Illuminate\\Support\\Collection\" not found at /Applications/XAMPP/xamppfiles/htdocs/tmracing/vendor/laravel/framework/src/Illuminate/Collections/helpers.php:18)
[stacktrace]
#0 /Applications/XAMPP/xamppfiles/htdocs/tmracing/vendor/laravel/framework/src/Illuminate/Log/LogManager.php(389): collect(Array)
#1 /Applications/XAMPP/xamppfiles/htdocs/tmracing/vendor/laravel/framework/src/Illuminate/Log/LogManager.php(222): Illuminate\\Log\\LogManager->createMonologDriver(Array)
#2 /Applications/XAMPP/xamppfiles/htdocs/tmracing/vendor/laravel/framework/src/Illuminate/Log/LogManager.php(137): Illuminate\\Log\\LogManager->resolve('deprecations', Array)
#3 /Applications/XAMPP/xamppfiles/htdocs/tmracing/vendor/laravel/framework/src/Illuminate/Log/LogManager.php(124): Illuminate\\Log\\LogManager->get('deprecations')
#4 /Applications/XAMPP/xamppfiles/htdocs/tmracing/vendor/laravel/framework/src/Illuminate/Log/LogManager.php(113): Illuminate\\Log\\LogManager->driver('deprecations')
#5 /Applications/XAMPP/xamppfiles/htdocs/tmracing/vendor/laravel/framework/src/Illuminate/Foundation/Bootstrap/HandleExceptions.php(102): Illuminate\\Log\\LogManager->channel('deprecations')
#6 /Applications/XAMPP/xamppfiles/htdocs/tmracing/vendor/laravel/framework/src/Illuminate/Foundation/Bootstrap/HandleExceptions.php(71): Illuminate\\Foundation\\Bootstrap\\HandleExceptions->handleDeprecationError('Illuminate\\\\Supp...', '/Applications/X...', 537, 8192)
#7 /Applications/XAMPP/xamppfiles/htdocs/tmracing/vendor/laravel/framework/src/Illuminate/Foundation/Bootstrap/HandleExceptions.php(255): Illuminate\\Foundation\\Bootstrap\\HandleExceptions->handleError(8192, 'Illuminate\\\\Supp...', '/Applications/X...', 537)
#8 /Applications/XAMPP/xamppfiles/htdocs/tmracing/vendor/composer/ClassLoader.php(576): Illuminate\\Foundation\\Bootstrap\\HandleExceptions->{closure:Illuminate\\Foundation\\Bootstrap\\HandleExceptions::forwardsTo():254}(8192, 'Illuminate\\\\Supp...', '/Applications/X...', 537)
#9 /Applications/XAMPP/xamppfiles/htdocs/tmracing/vendor/composer/ClassLoader.php(576): include('/Applications/X...')
#10 /Applications/XAMPP/xamppfiles/htdocs/tmracing/vendor/composer/ClassLoader.php(427): {closure:Composer\\Autoload\\ClassLoader::initializeIncludeClosure():575}('/Applications/X...')
#11 /Applications/XAMPP/xamppfiles/htdocs/tmracing/vendor/laravel/framework/src/Illuminate/Collections/Collection.php(21): Composer\\Autoload\\ClassLoader->loadClass('Illuminate\\\\Supp...')
#12 /Applications/XAMPP/xamppfiles/htdocs/tmracing/vendor/composer/ClassLoader.php(576): include('/Applications/X...')
#13 /Applications/XAMPP/xamppfiles/htdocs/tmracing/vendor/composer/ClassLoader.php(427): {closure:Composer\\Autoload\\ClassLoader::initializeIncludeClosure():575}('/Applications/X...')
#14 /Applications/XAMPP/xamppfiles/htdocs/tmracing/vendor/laravel/framework/src/Illuminate/Collections/helpers.php(18): Composer\\Autoload\\ClassLoader->loadClass('Illuminate\\\\Supp...')
#15 /Applications/XAMPP/xamppfiles/htdocs/tmracing/vendor/laravel/framework/src/Illuminate/Foundation/PackageManifest.php(90): collect(Array)
#16 /Applications/XAMPP/xamppfiles/htdocs/tmracing/vendor/laravel/framework/src/Illuminate/Foundation/PackageManifest.php(79): Illuminate\\Foundation\\PackageManifest->config('aliases')
#17 /Applications/XAMPP/xamppfiles/htdocs/tmracing/vendor/laravel/framework/src/Illuminate/Foundation/Bootstrap/RegisterFacades.php(26): Illuminate\\Foundation\\PackageManifest->aliases()
#18 /Applications/XAMPP/xamppfiles/htdocs/tmracing/vendor/laravel/framework/src/Illuminate/Foundation/Application.php(263): Illuminate\\Foundation\\Bootstrap\\RegisterFacades->bootstrap(Object(Illuminate\\Foundation\\Application))
#19 /Applications/XAMPP/xamppfiles/htdocs/tmracing/vendor/laravel/framework/src/Illuminate/Foundation/Console/Kernel.php(447): Illuminate\\Foundation\\Application->bootstrapWith(Array)
#20 /Applications/XAMPP/xamppfiles/htdocs/tmracing/vendor/laravel/framework/src/Illuminate/Foundation/Console/Kernel.php(199): Illuminate\\Foundation\\Console\\Kernel->bootstrap()
#21 /Applications/XAMPP/xamppfiles/htdocs/tmracing/artisan(35): Illuminate\\Foundation\\Console\\Kernel->handle(Object(Symfony\\Component\\Console\\Input\\ArgvInput), Object(Symfony\\Component\\Console\\Output\\ConsoleOutput))
#22 {main}
"} 
[2025-12-12 01:25:30] laravel.WARNING: Illuminate\Support\Traits\EnumeratesValues::whenEmpty(): Implicitly marking parameter $default as nullable is deprecated, the explicit nullable type must be used instead in /Applications/XAMPP/xamppfiles/htdocs/tmracing/vendor/laravel/framework/src/Illuminate/Collections/Traits/EnumeratesValues.php on line 537  
[2025-12-12 01:25:30] laravel.EMERGENCY: Unable to create configured logger. Using emergency logger. {"exception":"[object] (Error(code: 0): Class \"Illuminate\\Support\\Collection\" not found at /Applications/XAMPP/xamppfiles/htdocs/tmracing/vendor/laravel/framework/src/Illuminate/Collections/helpers.php:18)
[stacktrace]
#0 /Applications/XAMPP/xamppfiles/htdocs/tmracing/vendor/laravel/framework/src/Illuminate/Log/LogManager.php(389): collect(Array)
#1 /Applications/XAMPP/xamppfiles/htdocs/tmracing/vendor/laravel/framework/src/Illuminate/Log/LogManager.php(222): Illuminate\\Log\\LogManager->createMonologDriver(Array)
#2 /Applications/XAMPP/xamppfiles/htdocs/tmracing/vendor/laravel/framework/src/Illuminate/Log/LogManager.php(137): Illuminate\\Log\\LogManager->resolve('deprecations', Array)
#3 /Applications/XAMPP/xamppfiles/htdocs/tmracing/vendor/laravel/framework/src/Illuminate/Log/LogManager.php(124): Illuminate\\Log\\LogManager->get('deprecations')
#4 /Applications/XAMPP/xamppfiles/htdocs/tmracing/vendor/laravel/framework/src/Illuminate/Log/LogManager.php(113): Illuminate\\Log\\LogManager->driver('deprecations')
#5 /Applications/XAMPP/xamppfiles/htdocs/tmracing/vendor/laravel/framework/src/Illuminate/Foundation/Bootstrap/HandleExceptions.php(102): Illuminate\\Log\\LogManager->channel('deprecations')
#6 /Applications/XAMPP/xamppfiles/htdocs/tmracing/vendor/laravel/framework/src/Illuminate/Foundation/Bootstrap/HandleExceptions.php(71): Illuminate\\Foundation\\Bootstrap\\HandleExceptions->handleDeprecationError('Illuminate\\\\Supp...', '/Applications/X...', 551, 8192)
#7 /Applications/XAMPP/xamppfiles/htdocs/tmracing/vendor/laravel/framework/src/Illuminate/Foundation/Bootstrap/HandleExceptions.php(255): Illuminate\\Foundation\\Bootstrap\\HandleExceptions->handleError(8192, 'Illuminate\\\\Supp...', '/Applications/X...', 551)
#8 /Applications/XAMPP/xamppfiles/htdocs/tmracing/vendor/composer/ClassLoader.php(576): Illuminate\\Foundation\\Bootstrap\\HandleExceptions->{closure:Illuminate\\Foundation\\Bootstrap\\HandleExceptions::forwardsTo():254}(8192, 'Illuminate\\\\Supp...', '/Applications/X...', 551)
#9 /Applications/XAMPP/xamppfiles/htdocs/tmracing/vendor/composer/ClassLoader.php(576): include('/Applications/X...')
#10 /Applications/XAMPP/xamppfiles/htdocs/tmracing/vendor/composer/ClassLoader.php(427): {closure:Composer\\Autoload\\ClassLoader::initializeIncludeClosure():575}('/Applications/X...')
#11 /Applications/XAMPP/xamppfiles/htdocs/tmracing/vendor/laravel/framework/src/Illuminate/Collections/Collection.php(21): Composer\\Autoload\\ClassLoader->loadClass('Illuminate\\\\Supp...')
#12 /Applications/XAMPP/xamppfiles/htdocs/tmracing/vendor/composer/ClassLoader.php(576): include('/Applications/X...')
#13 /Applications/XAMPP/xamppfiles/htdocs/tmracing/vendor/composer/ClassLoader.php(427): {closure:Composer\\Autoload\\ClassLoader::initializeIncludeClosure():575}('/Applications/X...')
#14 /Applications/XAMPP/xamppfiles/htdocs/tmracing/vendor/laravel/framework/src/Illuminate/Collections/helpers.php(18): Composer\\Autoload\\ClassLoader->loadClass('Illuminate\\\\Supp...')
#15 /Applications/XAMPP/xamppfiles/htdocs/tmracing/vendor/laravel/framework/src/Illuminate/Foundation/PackageManifest.php(90): collect(Array)
#16 /Applications/XAMPP/xamppfiles/htdocs/tmracing/vendor/laravel/framework/src/Illuminate/Foundation/PackageManifest.php(79): Illuminate\\Foundation\\PackageManifest->config('aliases')
#17 /Applications/XAMPP/xamppfiles/htdocs/tmracing/vendor/laravel/framework/src/Illuminate/Foundation/Bootstrap/RegisterFacades.php(26): Illuminate\\Foundation\\PackageManifest->aliases()
#18 /Applications/XAMPP/xamppfiles/htdocs/tmracing/vendor/laravel/framework/src/Illuminate/Foundation/Application.php(263): Illuminate\\Foundation\\Bootstrap\\RegisterFacades->bootstrap(Object(Illuminate\\Foundation\\Application))
#19 /Applications/XAMPP/xamppfiles/htdocs/tmracing/vendor/laravel/framework/src/Illuminate/Foundation/Console/Kernel.php(447): Illuminate\\Foundation\\Application->bootstrapWith(Array)
#20 /Applications/XAMPP/xamppfiles/htdocs/tmracing/vendor/laravel/framework/src/Illuminate/Foundation/Console/Kernel.php(199): Illuminate\\Foundation\\Console\\Kernel->bootstrap()
#21 /Applications/XAMPP/xamppfiles/htdocs/tmracing/artisan(35): Illuminate\\Foundation\\Console\\Kernel->handle(Object(Symfony\\Component\\Console\\Input\\ArgvInput), Object(Symfony\\Component\\Console\\Output\\ConsoleOutput))
#22 {main}
"} 
[2025-12-12 01:25:30] laravel.WARNING: Illuminate\Support\Traits\EnumeratesValues::whenNotEmpty(): Implicitly marking parameter $default as nullable is deprecated, the explicit nullable type must be used instead in /Applications/XAMPP/xamppfiles/htdocs/tmracing/vendor/laravel/framework/src/Illuminate/Collections/Traits/EnumeratesValues.php on line 551  
[2025-12-12 01:25:30] laravel.EMERGENCY: Unable to create configured logger. Using emergency logger. {"exception":"[object] (Error(code: 0): Class \"Illuminate\\Support\\Collection\" not found at /Applications/XAMPP/xamppfiles/htdocs/tmracing/vendor/laravel/framework/src/Illuminate/Collections/helpers.php:18)
[stacktrace]
#0 /Applications/XAMPP/xamppfiles/htdocs/tmracing/vendor/laravel/framework/src/Illuminate/Log/LogManager.php(389): collect(Array)
#1 /Applications/XAMPP/xamppfiles/htdocs/tmracing/vendor/laravel/framework/src/Illuminate/Log/LogManager.php(222): Illuminate\\Log\\LogManager->createMonologDriver(Array)
#2 /Applications/XAMPP/xamppfiles/htdocs/tmracing/vendor/laravel/framework/src/Illuminate/Log/LogManager.php(137): Illuminate\\Log\\LogManager->resolve('deprecations', Array)
#3 /Applications/XAMPP/xamppfiles/htdocs/tmracing/vendor/laravel/framework/src/Illuminate/Log/LogManager.php(124): Illuminate\\Log\\LogManager->get('deprecations')
#4 /Applications/XAMPP/xamppfiles/htdocs/tmracing/vendor/laravel/framework/src/Illuminate/Log/LogManager.php(113): Illuminate\\Log\\LogManager->driver('deprecations')
#5 /Applications/XAMPP/xamppfiles/htdocs/tmracing/vendor/laravel/framework/src/Illuminate/Foundation/Bootstrap/HandleExceptions.php(102): Illuminate\\Log\\LogManager->channel('deprecations')
#6 /Applications/XAMPP/xamppfiles/htdocs/tmracing/vendor/laravel/framework/src/Illuminate/Foundation/Bootstrap/HandleExceptions.php(71): Illuminate\\Foundation\\Bootstrap\\HandleExceptions->handleDeprecationError('Illuminate\\\\Supp...', '/Applications/X...', 565, 8192)
#7 /Applications/XAMPP/xamppfiles/htdocs/tmracing/vendor/laravel/framework/src/Illuminate/Foundation/Bootstrap/HandleExceptions.php(255): Illuminate\\Foundation\\Bootstrap\\HandleExceptions->handleError(8192, 'Illuminate\\\\Supp...', '/Applications/X...', 565)
#8 /Applications/XAMPP/xamppfiles/htdocs/tmracing/vendor/composer/ClassLoader.php(576): Illuminate\\Foundation\\Bootstrap\\HandleExceptions->{closure:Illuminate\\Foundation\\Bootstrap\\HandleExceptions::forwardsTo():254}(8192, 'Illuminate\\\\Supp...', '/Applications/X...', 565)
#9 /Applications/XAMPP/xamppfiles/htdocs/tmracing/vendor/composer/ClassLoader.php(576): include('/Applications/X...')
#10 /Applications/XAMPP/xamppfiles/htdocs/tmracing/vendor/composer/ClassLoader.php(427): {closure:Composer\\Autoload\\ClassLoader::initializeIncludeClosure():575}('/Applications/X...')
#11 /Applications/XAMPP/xamppfiles/htdocs/tmracing/vendor/laravel/framework/src/Illuminate/Collections/Collection.php(21): Composer\\Autoload\\ClassLoader->loadClass('Illuminate\\\\Supp...')
#12 /Applications/XAMPP/xamppfiles/htdocs/tmracing/vendor/composer/ClassLoader.php(576): include('/Applications/X...')
#13 /Applications/XAMPP/xamppfiles/htdocs/tmracing/vendor/composer/ClassLoader.php(427): {closure:Composer\\Autoload\\ClassLoader::initializeIncludeClosure():575}('/Applications/X...')
#14 /Applications/XAMPP/xamppfiles/htdocs/tmracing/vendor/laravel/framework/src/Illuminate/Collections/helpers.php(18): Composer\\Autoload\\ClassLoader->loadClass('Illuminate\\\\Supp...')
#15 /Applications/XAMPP/xamppfiles/htdocs/tmracing/vendor/laravel/framework/src/Illuminate/Foundation/PackageManifest.php(90): collect(Array)
#16 /Applications/XAMPP/xamppfiles/htdocs/tmracing/vendor/laravel/framework/src/Illuminate/Foundation/PackageManifest.php(79): Illuminate\\Foundation\\PackageManifest->config('aliases')
#17 /Applications/XAMPP/xamppfiles/htdocs/tmracing/vendor/laravel/framework/src/Illuminate/Foundation/Bootstrap/RegisterFacades.php(26): Illuminate\\Foundation\\PackageManifest->aliases()
#18 /Applications/XAMPP/xamppfiles/htdocs/tmracing/vendor/laravel/framework/src/Illuminate/Foundation/Application.php(263): Illuminate\\Foundation\\Bootstrap\\RegisterFacades->bootstrap(Object(Illuminate\\Foundation\\Application))
#19 /Applications/XAMPP/xamppfiles/htdocs/tmracing/vendor/laravel/framework/src/Illuminate/Foundation/Console/Kernel.php(447): Illuminate\\Foundation\\Application->bootstrapWith(Array)
#20 /Applications/XAMPP/xamppfiles/htdocs/tmracing/vendor/laravel/framework/src/Illuminate/Foundation/Console/Kernel.php(199): Illuminate\\Foundation\\Console\\Kernel->bootstrap()
#21 /Applications/XAMPP/xamppfiles/htdocs/tmracing/artisan(35): Illuminate\\Foundation\\Console\\Kernel->handle(Object(Symfony\\Component\\Console\\Input\\ArgvInput), Object(Symfony\\Component\\Console\\Output\\ConsoleOutput))
#22 {main}
"} 
[2025-12-12 01:25:30] laravel.WARNING: Illuminate\Support\Traits\EnumeratesValues::unlessEmpty(): Implicitly marking parameter $default as nullable is deprecated, the explicit nullable type must be used instead in /Applications/XAMPP/xamppfiles/htdocs/tmracing/vendor/laravel/framework/src/Illuminate/Collections/Traits/EnumeratesValues.php on line 565  
[2025-12-12 01:25:30] laravel.EMERGENCY: Unable to create configured logger. Using emergency logger. {"exception":"[object] (Error(code: 0): Class \"Illuminate\\Support\\Collection\" not found at /Applications/XAMPP/xamppfiles/htdocs/tmracing/vendor/laravel/framework/src/Illuminate/Collections/helpers.php:18)
[stacktrace]
#0 /Applications/XAMPP/xamppfiles/htdocs/tmracing/vendor/laravel/framework/src/Illuminate/Log/LogManager.php(389): collect(Array)
#1 /Applications/XAMPP/xamppfiles/htdocs/tmracing/vendor/laravel/framework/src/Illuminate/Log/LogManager.php(222): Illuminate\\Log\\LogManager->createMonologDriver(Array)
#2 /Applications/XAMPP/xamppfiles/htdocs/tmracing/vendor/laravel/framework/src/Illuminate/Log/LogManager.php(137): Illuminate\\Log\\LogManager->resolve('deprecations', Array)
#3 /Applications/XAMPP/xamppfiles/htdocs/tmracing/vendor/laravel/framework/src/Illuminate/Log/LogManager.php(124): Illuminate\\Log\\LogManager->get('deprecations')
#4 /Applications/XAMPP/xamppfiles/htdocs/tmracing/vendor/laravel/framework/src/Illuminate/Log/LogManager.php(113): Illuminate\\Log\\LogManager->driver('deprecations')
#5 /Applications/XAMPP/xamppfiles/htdocs/tmracing/vendor/laravel/framework/src/Illuminate/Foundation/Bootstrap/HandleExceptions.php(102): Illuminate\\Log\\LogManager->channel('deprecations')
#6 /Applications/XAMPP/xamppfiles/htdocs/tmracing/vendor/laravel/framework/src/Illuminate/Foundation/Bootstrap/HandleExceptions.php(71): Illuminate\\Foundation\\Bootstrap\\HandleExceptions->handleDeprecationError('Illuminate\\\\Supp...', '/Applications/X...', 579, 8192)
#7 /Applications/XAMPP/xamppfiles/htdocs/tmracing/vendor/laravel/framework/src/Illuminate/Foundation/Bootstrap/HandleExceptions.php(255): Illuminate\\Foundation\\Bootstrap\\HandleExceptions->handleError(8192, 'Illuminate\\\\Supp...', '/Applications/X...', 579)
#8 /Applications/XAMPP/xamppfiles/htdocs/tmracing/vendor/composer/ClassLoader.php(576): Illuminate\\Foundation\\Bootstrap\\HandleExceptions->{closure:Illuminate\\Foundation\\Bootstrap\\HandleExceptions::forwardsTo():254}(8192, 'Illuminate\\\\Supp...', '/Applications/X...', 579)
#9 /Applications/XAMPP/xamppfiles/htdocs/tmracing/vendor/composer/ClassLoader.php(576): include('/Applications/X...')
#10 /Applications/XAMPP/xamppfiles/htdocs/tmracing/vendor/composer/ClassLoader.php(427): {closure:Composer\\Autoload\\ClassLoader::initializeIncludeClosure():575}('/Applications/X...')
#11 /Applications/XAMPP/xamppfiles/htdocs/tmracing/vendor/laravel/framework/src/Illuminate/Collections/Collection.php(21): Composer\\Autoload\\ClassLoader->loadClass('Illuminate\\\\Supp...')
#12 /Applications/XAMPP/xamppfiles/htdocs/tmracing/vendor/composer/ClassLoader.php(576): include('/Applications/X...')
#13 /Applications/XAMPP/xamppfiles/htdocs/tmracing/vendor/composer/ClassLoader.php(427): {closure:Composer\\Autoload\\ClassLoader::initializeIncludeClosure():575}('/Applications/X...')
#14 /Applications/XAMPP/xamppfiles/htdocs/tmracing/vendor/laravel/framework/src/Illuminate/Collections/helpers.php(18): Composer\\Autoload\\ClassLoader->loadClass('Illuminate\\\\Supp...')
#15 /Applications/XAMPP/xamppfiles/htdocs/tmracing/vendor/laravel/framework/src/Illuminate/Foundation/PackageManifest.php(90): collect(Array)
#16 /Applications/XAMPP/xamppfiles/htdocs/tmracing/vendor/laravel/framework/src/Illuminate/Foundation/PackageManifest.php(79): Illuminate\\Foundation\\PackageManifest->config('aliases')
#17 /Applications/XAMPP/xamppfiles/htdocs/tmracing/vendor/laravel/framework/src/Illuminate/Foundation/Bootstrap/RegisterFacades.php(26): Illuminate\\Foundation\\PackageManifest->aliases()
#18 /Applications/XAMPP/xamppfiles/htdocs/tmracing/vendor/laravel/framework/src/Illuminate/Foundation/Application.php(263): Illuminate\\Foundation\\Bootstrap\\RegisterFacades->bootstrap(Object(Illuminate\\Foundation\\Application))
#19 /Applications/XAMPP/xamppfiles/htdocs/tmracing/vendor/laravel/framework/src/Illuminate/Foundation/Console/Kernel.php(447): Illuminate\\Foundation\\Application->bootstrapWith(Array)
#20 /Applications/XAMPP/xamppfiles/htdocs/tmracing/vendor/laravel/framework/src/Illuminate/Foundation/Console/Kernel.php(199): Illuminate\\Foundation\\Console\\Kernel->bootstrap()
#21 /Applications/XAMPP/xamppfiles/htdocs/tmracing/artisan(35): Illuminate\\Foundation\\Console\\Kernel->handle(Object(Symfony\\Component\\Console\\Input\\ArgvInput), Object(Symfony\\Component\\Console\\Output\\ConsoleOutput))
#22 {main}
"} 
[2025-12-12 01:25:30] laravel.WARNING: Illuminate\Support\Traits\EnumeratesValues::unlessNotEmpty(): Implicitly marking parameter $default as nullable is deprecated, the explicit nullable type must be used instead in /Applications/XAMPP/xamppfiles/htdocs/tmracing/vendor/laravel/framework/src/Illuminate/Collections/Traits/EnumeratesValues.php on line 579  
[2025-12-12 01:25:30] laravel.EMERGENCY: Unable to create configured logger. Using emergency logger. {"exception":"[object] (Error(code: 0): Class \"Illuminate\\Support\\Collection\" not found at /Applications/XAMPP/xamppfiles/htdocs/tmracing/vendor/laravel/framework/src/Illuminate/Collections/helpers.php:18)
[stacktrace]
#0 /Applications/XAMPP/xamppfiles/htdocs/tmracing/vendor/laravel/framework/src/Illuminate/Log/LogManager.php(389): collect(Array)
#1 /Applications/XAMPP/xamppfiles/htdocs/tmracing/vendor/laravel/framework/src/Illuminate/Log/LogManager.php(222): Illuminate\\Log\\LogManager->createMonologDriver(Array)
#2 /Applications/XAMPP/xamppfiles/htdocs/tmracing/vendor/laravel/framework/src/Illuminate/Log/LogManager.php(137): Illuminate\\Log\\LogManager->resolve('deprecations', Array)
#3 /Applications/XAMPP/xamppfiles/htdocs/tmracing/vendor/laravel/framework/src/Illuminate/Log/LogManager.php(124): Illuminate\\Log\\LogManager->get('deprecations')
#4 /Applications/XAMPP/xamppfiles/htdocs/tmracing/vendor/laravel/framework/src/Illuminate/Log/LogManager.php(113): Illuminate\\Log\\LogManager->driver('deprecations')
#5 /Applications/XAMPP/xamppfiles/htdocs/tmracing/vendor/laravel/framework/src/Illuminate/Foundation/Bootstrap/HandleExceptions.php(102): Illuminate\\Log\\LogManager->channel('deprecations')
#6 /Applications/XAMPP/xamppfiles/htdocs/tmracing/vendor/laravel/framework/src/Illuminate/Foundation/Bootstrap/HandleExceptions.php(71): Illuminate\\Foundation\\Bootstrap\\HandleExceptions->handleDeprecationError('Illuminate\\\\Supp...', '/Applications/X...', 41, 8192)
#7 /Applications/XAMPP/xamppfiles/htdocs/tmracing/vendor/laravel/framework/src/Illuminate/Foundation/Bootstrap/HandleExceptions.php(255): Illuminate\\Foundation\\Bootstrap\\HandleExceptions->handleError(8192, 'Illuminate\\\\Supp...', '/Applications/X...', 41)
#8 /Applications/XAMPP/xamppfiles/htdocs/tmracing/vendor/composer/ClassLoader.php(576): Illuminate\\Foundation\\Bootstrap\\HandleExceptions->{closure:Illuminate\\Foundation\\Bootstrap\\HandleExceptions::forwardsTo():254}(8192, 'Illuminate\\\\Supp...', '/Applications/X...', 41)
#9 /Applications/XAMPP/xamppfiles/htdocs/tmracing/vendor/composer/ClassLoader.php(576): include('/Applications/X...')
#10 /Applications/XAMPP/xamppfiles/htdocs/tmracing/vendor/composer/ClassLoader.php(427): {closure:Composer\\Autoload\\ClassLoader::initializeIncludeClosure():575}('/Applications/X...')
#11 /Applications/XAMPP/xamppfiles/htdocs/tmracing/vendor/laravel/framework/src/Illuminate/Collections/Collection.php(21): Composer\\Autoload\\ClassLoader->loadClass('Illuminate\\\\Supp...')
#12 /Applications/XAMPP/xamppfiles/htdocs/tmracing/vendor/composer/ClassLoader.php(576): include('/Applications/X...')
#13 /Applications/XAMPP/xamppfiles/htdocs/tmracing/vendor/composer/ClassLoader.php(427): {closure:Composer\\Autoload\\ClassLoader::initializeIncludeClosure():575}('/Applications/X...')
#14 /Applications/XAMPP/xamppfiles/htdocs/tmracing/vendor/laravel/framework/src/Illuminate/Collections/helpers.php(18): Composer\\Autoload\\ClassLoader->loadClass('Illuminate\\\\Supp...')
#15 /Applications/XAMPP/xamppfiles/htdocs/tmracing/vendor/laravel/framework/src/Illuminate/Foundation/PackageManifest.php(90): collect(Array)
#16 /Applications/XAMPP/xamppfiles/htdocs/tmracing/vendor/laravel/framework/src/Illuminate/Foundation/PackageManifest.php(79): Illuminate\\Foundation\\PackageManifest->config('aliases')
#17 /Applications/XAMPP/xamppfiles/htdocs/tmracing/vendor/laravel/framework/src/Illuminate/Foundation/Bootstrap/RegisterFacades.php(26): Illuminate\\Foundation\\PackageManifest->aliases()
#18 /Applications/XAMPP/xamppfiles/htdocs/tmracing/vendor/laravel/framework/src/Illuminate/Foundation/Application.php(263): Illuminate\\Foundation\\Bootstrap\\RegisterFacades->bootstrap(Object(Illuminate\\Foundation\\Application))
#19 /Applications/XAMPP/xamppfiles/htdocs/tmracing/vendor/laravel/framework/src/Illuminate/Foundation/Console/Kernel.php(447): Illuminate\\Foundation\\Application->bootstrapWith(Array)
#20 /Applications/XAMPP/xamppfiles/htdocs/tmracing/vendor/laravel/framework/src/Illuminate/Foundation/Console/Kernel.php(199): Illuminate\\Foundation\\Console\\Kernel->bootstrap()
#21 /Applications/XAMPP/xamppfiles/htdocs/tmracing/artisan(35): Illuminate\\Foundation\\Console\\Kernel->handle(Object(Symfony\\Component\\Console\\Input\\ArgvInput), Object(Symfony\\Component\\Console\\Output\\ConsoleOutput))
#22 {main}
"} 
[2025-12-12 01:25:30] laravel.WARNING: Illuminate\Support\Enumerable::times(): Implicitly marking parameter $callback as nullable is deprecated, the explicit nullable type must be used instead in /Applications/XAMPP/xamppfiles/htdocs/tmracing/vendor/laravel/framework/src/Illuminate/Collections/Enumerable.php on line 41  
[2025-12-12 01:25:30] laravel.EMERGENCY: Unable to create configured logger. Using emergency logger. {"exception":"[object] (Error(code: 0): Class \"Illuminate\\Support\\Collection\" not found at /Applications/XAMPP/xamppfiles/htdocs/tmracing/vendor/laravel/framework/src/Illuminate/Collections/helpers.php:18)
[stacktrace]
#0 /Applications/XAMPP/xamppfiles/htdocs/tmracing/vendor/laravel/framework/src/Illuminate/Log/LogManager.php(389): collect(Array)
#1 /Applications/XAMPP/xamppfiles/htdocs/tmracing/vendor/laravel/framework/src/Illuminate/Log/LogManager.php(222): Illuminate\\Log\\LogManager->createMonologDriver(Array)
#2 /Applications/XAMPP/xamppfiles/htdocs/tmracing/vendor/laravel/framework/src/Illuminate/Log/LogManager.php(137): Illuminate\\Log\\LogManager->resolve('deprecations', Array)
#3 /Applications/XAMPP/xamppfiles/htdocs/tmracing/vendor/laravel/framework/src/Illuminate/Log/LogManager.php(124): Illuminate\\Log\\LogManager->get('deprecations')
#4 /Applications/XAMPP/xamppfiles/htdocs/tmracing/vendor/laravel/framework/src/Illuminate/Log/LogManager.php(113): Illuminate\\Log\\LogManager->driver('deprecations')
#5 /Applications/XAMPP/xamppfiles/htdocs/tmracing/vendor/laravel/framework/src/Illuminate/Foundation/Bootstrap/HandleExceptions.php(102): Illuminate\\Log\\LogManager->channel('deprecations')
#6 /Applications/XAMPP/xamppfiles/htdocs/tmracing/vendor/laravel/framework/src/Illuminate/Foundation/Bootstrap/HandleExceptions.php(71): Illuminate\\Foundation\\Bootstrap\\HandleExceptions->handleDeprecationError('Illuminate\\\\Supp...', '/Applications/X...', 299, 8192)
#7 /Applications/XAMPP/xamppfiles/htdocs/tmracing/vendor/laravel/framework/src/Illuminate/Foundation/Bootstrap/HandleExceptions.php(255): Illuminate\\Foundation\\Bootstrap\\HandleExceptions->handleError(8192, 'Illuminate\\\\Supp...', '/Applications/X...', 299)
#8 /Applications/XAMPP/xamppfiles/htdocs/tmracing/vendor/composer/ClassLoader.php(576): Illuminate\\Foundation\\Bootstrap\\HandleExceptions->{closure:Illuminate\\Foundation\\Bootstrap\\HandleExceptions::forwardsTo():254}(8192, 'Illuminate\\\\Supp...', '/Applications/X...', 299)
#9 /Applications/XAMPP/xamppfiles/htdocs/tmracing/vendor/composer/ClassLoader.php(576): include('/Applications/X...')
#10 /Applications/XAMPP/xamppfiles/htdocs/tmracing/vendor/composer/ClassLoader.php(427): {closure:Composer\\Autoload\\ClassLoader::initializeIncludeClosure():575}('/Applications/X...')
#11 /Applications/XAMPP/xamppfiles/htdocs/tmracing/vendor/laravel/framework/src/Illuminate/Collections/Collection.php(21): Composer\\Autoload\\ClassLoader->loadClass('Illuminate\\\\Supp...')
#12 /Applications/XAMPP/xamppfiles/htdocs/tmracing/vendor/composer/ClassLoader.php(576): include('/Applications/X...')
#13 /Applications/XAMPP/xamppfiles/htdocs/tmracing/vendor/composer/ClassLoader.php(427): {closure:Composer\\Autoload\\ClassLoader::initializeIncludeClosure():575}('/Applications/X...')
#14 /Applications/XAMPP/xamppfiles/htdocs/tmracing/vendor/laravel/framework/src/Illuminate/Collections/helpers.php(18): Composer\\Autoload\\ClassLoader->loadClass('Illuminate\\\\Supp...')
#15 /Applications/XAMPP/xamppfiles/htdocs/tmracing/vendor/laravel/framework/src/Illuminate/Foundation/PackageManifest.php(90): collect(Array)
#16 /Applications/XAMPP/xamppfiles/htdocs/tmracing/vendor/laravel/framework/src/Illuminate/Foundation/PackageManifest.php(79): Illuminate\\Foundation\\PackageManifest->config('aliases')
#17 /Applications/XAMPP/xamppfiles/htdocs/tmracing/vendor/laravel/framework/src/Illuminate/Foundation/Bootstrap/RegisterFacades.php(26): Illuminate\\Foundation\\PackageManifest->aliases()
#18 /Applications/XAMPP/xamppfiles/htdocs/tmracing/vendor/laravel/framework/src/Illuminate/Foundation/Application.php(263): Illuminate\\Foundation\\Bootstrap\\RegisterFacades->bootstrap(Object(Illuminate\\Foundation\\Application))
#19 /Applications/XAMPP/xamppfiles/htdocs/tmracing/vendor/laravel/framework/src/Illuminate/Foundation/Console/Kernel.php(447): Illuminate\\Foundation\\Application->bootstrapWith(Array)
#20 /Applications/XAMPP/xamppfiles/htdocs/tmracing/vendor/laravel/framework/src/Illuminate/Foundation/Console/Kernel.php(199): Illuminate\\Foundation\\Console\\Kernel->bootstrap()
#21 /Applications/XAMPP/xamppfiles/htdocs/tmracing/artisan(35): Illuminate\\Foundation\\Console\\Kernel->handle(Object(Symfony\\Component\\Console\\Input\\ArgvInput), Object(Symfony\\Component\\Console\\Output\\ConsoleOutput))
#22 {main}
"} 
[2025-12-12 01:25:30] laravel.WARNING: Illuminate\Support\Enumerable::filter(): Implicitly marking parameter $callback as nullable is deprecated, the explicit nullable type must be used instead in /Applications/XAMPP/xamppfiles/htdocs/tmracing/vendor/laravel/framework/src/Illuminate/Collections/Enumerable.php on line 299  
[2025-12-12 01:25:30] laravel.EMERGENCY: Unable to create configured logger. Using emergency logger. {"exception":"[object] (Error(code: 0): Class \"Illuminate\\Support\\Collection\" not found at /Applications/XAMPP/xamppfiles/htdocs/tmracing/vendor/laravel/framework/src/Illuminate/Collections/helpers.php:18)
[stacktrace]
#0 /Applications/XAMPP/xamppfiles/htdocs/tmracing/vendor/laravel/framework/src/Illuminate/Log/LogManager.php(389): collect(Array)
#1 /Applications/XAMPP/xamppfiles/htdocs/tmracing/vendor/laravel/framework/src/Illuminate/Log/LogManager.php(222): Illuminate\\Log\\LogManager->createMonologDriver(Array)
#2 /Applications/XAMPP/xamppfiles/htdocs/tmracing/vendor/laravel/framework/src/Illuminate/Log/LogManager.php(137): Illuminate\\Log\\LogManager->resolve('deprecations', Array)
#3 /Applications/XAMPP/xamppfiles/htdocs/tmracing/vendor/laravel/framework/src/Illuminate/Log/LogManager.php(124): Illuminate\\Log\\LogManager->get('deprecations')
#4 /Applications/XAMPP/xamppfiles/htdocs/tmracing/vendor/laravel/framework/src/Illuminate/Log/LogManager.php(113): Illuminate\\Log\\LogManager->driver('deprecations')
#5 /Applications/XAMPP/xamppfiles/htdocs/tmracing/vendor/laravel/framework/src/Illuminate/Foundation/Bootstrap/HandleExceptions.php(102): Illuminate\\Log\\LogManager->channel('deprecations')
#6 /Applications/XAMPP/xamppfiles/htdocs/tmracing/vendor/laravel/framework/src/Illuminate/Foundation/Bootstrap/HandleExceptions.php(71): Illuminate\\Foundation\\Bootstrap\\HandleExceptions->handleDeprecationError('Illuminate\\\\Supp...', '/Applications/X...', 311, 8192)
#7 /Applications/XAMPP/xamppfiles/htdocs/tmracing/vendor/laravel/framework/src/Illuminate/Foundation/Bootstrap/HandleExceptions.php(255): Illuminate\\Foundation\\Bootstrap\\HandleExceptions->handleError(8192, 'Illuminate\\\\Supp...', '/Applications/X...', 311)
#8 /Applications/XAMPP/xamppfiles/htdocs/tmracing/vendor/composer/ClassLoader.php(576): Illuminate\\Foundation\\Bootstrap\\HandleExceptions->{closure:Illuminate\\Foundation\\Bootstrap\\HandleExceptions::forwardsTo():254}(8192, 'Illuminate\\\\Supp...', '/Applications/X...', 311)
#9 /Applications/XAMPP/xamppfiles/htdocs/tmracing/vendor/composer/ClassLoader.php(576): include('/Applications/X...')
#10 /Applications/XAMPP/xamppfiles/htdocs/tmracing/vendor/composer/ClassLoader.php(427): {closure:Composer\\Autoload\\ClassLoader::initializeIncludeClosure():575}('/Applications/X...')
#11 /Applications/XAMPP/xamppfiles/htdocs/tmracing/vendor/laravel/framework/src/Illuminate/Collections/Collection.php(21): Composer\\Autoload\\ClassLoader->loadClass('Illuminate\\\\Supp...')
#12 /Applications/XAMPP/xamppfiles/htdocs/tmracing/vendor/composer/ClassLoader.php(576): include('/Applications/X...')
#13 /Applications/XAMPP/xamppfiles/htdocs/tmracing/vendor/composer/ClassLoader.php(427): {closure:Composer\\Autoload\\ClassLoader::initializeIncludeClosure():575}('/Applications/X...')
#14 /Applications/XAMPP/xamppfiles/htdocs/tmracing/vendor/laravel/framework/src/Illuminate/Collections/helpers.php(18): Composer\\Autoload\\ClassLoader->loadClass('Illuminate\\\\Supp...')
#15 /Applications/XAMPP/xamppfiles/htdocs/tmracing/vendor/laravel/framework/src/Illuminate/Foundation/PackageManifest.php(90): collect(Array)
#16 /Applications/XAMPP/xamppfiles/htdocs/tmracing/vendor/laravel/framework/src/Illuminate/Foundation/PackageManifest.php(79): Illuminate\\Foundation\\PackageManifest->config('aliases')
#17 /Applications/XAMPP/xamppfiles/htdocs/tmracing/vendor/laravel/framework/src/Illuminate/Foundation/Bootstrap/RegisterFacades.php(26): Illuminate\\Foundation\\PackageManifest->aliases()
#18 /Applications/XAMPP/xamppfiles/htdocs/tmracing/vendor/laravel/framework/src/Illuminate/Foundation/Application.php(263): Illuminate\\Foundation\\Bootstrap\\RegisterFacades->bootstrap(Object(Illuminate\\Foundation\\Application))
#19 /Applications/XAMPP/xamppfiles/htdocs/tmracing/vendor/laravel/framework/src/Illuminate/Foundation/Console/Kernel.php(447): Illuminate\\Foundation\\Application->bootstrapWith(Array)
#20 /Applications/XAMPP/xamppfiles/htdocs/tmracing/vendor/laravel/framework/src/Illuminate/Foundation/Console/Kernel.php(199): Illuminate\\Foundation\\Console\\Kernel->bootstrap()
#21 /Applications/XAMPP/xamppfiles/htdocs/tmracing/artisan(35): Illuminate\\Foundation\\Console\\Kernel->handle(Object(Symfony\\Component\\Console\\Input\\ArgvInput), Object(Symfony\\Component\\Console\\Output\\ConsoleOutput))
#22 {main}
"} 
[2025-12-12 01:25:30] laravel.WARNING: Illuminate\Support\Enumerable::when(): Implicitly marking parameter $callback as nullable is deprecated, the explicit nullable type must be used instead in /Applications/XAMPP/xamppfiles/htdocs/tmracing/vendor/laravel/framework/src/Illuminate/Collections/Enumerable.php on line 311  
[2025-12-12 01:25:30] laravel.EMERGENCY: Unable to create configured logger. Using emergency logger. {"exception":"[object] (Error(code: 0): Class \"Illuminate\\Support\\Collection\" not found at /Applications/XAMPP/xamppfiles/htdocs/tmracing/vendor/laravel/framework/src/Illuminate/Collections/helpers.php:18)
[stacktrace]
#0 /Applications/XAMPP/xamppfiles/htdocs/tmracing/vendor/laravel/framework/src/Illuminate/Log/LogManager.php(389): collect(Array)
#1 /Applications/XAMPP/xamppfiles/htdocs/tmracing/vendor/laravel/framework/src/Illuminate/Log/LogManager.php(222): Illuminate\\Log\\LogManager->createMonologDriver(Array)
#2 /Applications/XAMPP/xamppfiles/htdocs/tmracing/vendor/laravel/framework/src/Illuminate/Log/LogManager.php(137): Illuminate\\Log\\LogManager->resolve('deprecations', Array)
#3 /Applications/XAMPP/xamppfiles/htdocs/tmracing/vendor/laravel/framework/src/Illuminate/Log/LogManager.php(124): Illuminate\\Log\\LogManager->get('deprecations')
#4 /Applications/XAMPP/xamppfiles/htdocs/tmracing/vendor/laravel/framework/src/Illuminate/Log/LogManager.php(113): Illuminate\\Log\\LogManager->driver('deprecations')
#5 /Applications/XAMPP/xamppfiles/htdocs/tmracing/vendor/laravel/framework/src/Illuminate/Foundation/Bootstrap/HandleExceptions.php(102): Illuminate\\Log\\LogManager->channel('deprecations')
#6 /Applications/XAMPP/xamppfiles/htdocs/tmracing/vendor/laravel/framework/src/Illuminate/Foundation/Bootstrap/HandleExceptions.php(71): Illuminate\\Foundation\\Bootstrap\\HandleExceptions->handleDeprecationError('Illuminate\\\\Supp...', '/Applications/X...', 311, 8192)
#7 /Applications/XAMPP/xamppfiles/htdocs/tmracing/vendor/laravel/framework/src/Illuminate/Foundation/Bootstrap/HandleExceptions.php(255): Illuminate\\Foundation\\Bootstrap\\HandleExceptions->handleError(8192, 'Illuminate\\\\Supp...', '/Applications/X...', 311)
#8 /Applications/XAMPP/xamppfiles/htdocs/tmracing/vendor/composer/ClassLoader.php(576): Illuminate\\Foundation\\Bootstrap\\HandleExceptions->{closure:Illuminate\\Foundation\\Bootstrap\\HandleExceptions::forwardsTo():254}(8192, 'Illuminate\\\\Supp...', '/Applications/X...', 311)
#9 /Applications/XAMPP/xamppfiles/htdocs/tmracing/vendor/composer/ClassLoader.php(576): include('/Applications/X...')
#10 /Applications/XAMPP/xamppfiles/htdocs/tmracing/vendor/composer/ClassLoader.php(427): {closure:Composer\\Autoload\\ClassLoader::initializeIncludeClosure():575}('/Applications/X...')
#11 /Applications/XAMPP/xamppfiles/htdocs/tmracing/vendor/laravel/framework/src/Illuminate/Collections/Collection.php(21): Composer\\Autoload\\ClassLoader->loadClass('Illuminate\\\\Supp...')
#12 /Applications/XAMPP/xamppfiles/htdocs/tmracing/vendor/composer/ClassLoader.php(576): include('/Applications/X...')
#13 /Applications/XAMPP/xamppfiles/htdocs/tmracing/vendor/composer/ClassLoader.php(427): {closure:Composer\\Autoload\\ClassLoader::initializeIncludeClosure():575}('/Applications/X...')
#14 /Applications/XAMPP/xamppfiles/htdocs/tmracing/vendor/laravel/framework/src/Illuminate/Collections/helpers.php(18): Composer\\Autoload\\ClassLoader->loadClass('Illuminate\\\\Supp...')
#15 /Applications/XAMPP/xamppfiles/htdocs/tmracing/vendor/laravel/framework/src/Illuminate/Foundation/PackageManifest.php(90): collect(Array)
#16 /Applications/XAMPP/xamppfiles/htdocs/tmracing/vendor/laravel/framework/src/Illuminate/Foundation/PackageManifest.php(79): Illuminate\\Foundation\\PackageManifest->config('aliases')
#17 /Applications/XAMPP/xamppfiles/htdocs/tmracing/vendor/laravel/framework/src/Illuminate/Foundation/Bootstrap/RegisterFacades.php(26): Illuminate\\Foundation\\PackageManifest->aliases()
#18 /Applications/XAMPP/xamppfiles/htdocs/tmracing/vendor/laravel/framework/src/Illuminate/Foundation/Application.php(263): Illuminate\\Foundation\\Bootstrap\\RegisterFacades->bootstrap(Object(Illuminate\\Foundation\\Application))
#19 /Applications/XAMPP/xamppfiles/htdocs/tmracing/vendor/laravel/framework/src/Illuminate/Foundation/Console/Kernel.php(447): Illuminate\\Foundation\\Application->bootstrapWith(Array)
#20 /Applications/XAMPP/xamppfiles/htdocs/tmracing/vendor/laravel/framework/src/Illuminate/Foundation/Console/Kernel.php(199): Illuminate\\Foundation\\Console\\Kernel->bootstrap()
#21 /Applications/XAMPP/xamppfiles/htdocs/tmracing/artisan(35): Illuminate\\Foundation\\Console\\Kernel->handle(Object(Symfony\\Component\\Console\\Input\\ArgvInput), Object(Symfony\\Component\\Console\\Output\\ConsoleOutput))
#22 {main}
"} 
[2025-12-12 01:25:30] laravel.WARNING: Illuminate\Support\Enumerable::when(): Implicitly marking parameter $default as nullable is deprecated, the explicit nullable type must be used instead in /Applications/XAMPP/xamppfiles/htdocs/tmracing/vendor/laravel/framework/src/Illuminate/Collections/Enumerable.php on line 311  
[2025-12-12 01:25:30] laravel.EMERGENCY: Unable to create configured logger. Using emergency logger. {"exception":"[object] (Error(code: 0): Class \"Illuminate\\Support\\Collection\" not found at /Applications/XAMPP/xamppfiles/htdocs/tmracing/vendor/laravel/framework/src/Illuminate/Collections/helpers.php:18)
[stacktrace]
#0 /Applications/XAMPP/xamppfiles/htdocs/tmracing/vendor/laravel/framework/src/Illuminate/Log/LogManager.php(389): collect(Array)
#1 /Applications/XAMPP/xamppfiles/htdocs/tmracing/vendor/laravel/framework/src/Illuminate/Log/LogManager.php(222): Illuminate\\Log\\LogManager->createMonologDriver(Array)
#2 /Applications/XAMPP/xamppfiles/htdocs/tmracing/vendor/laravel/framework/src/Illuminate/Log/LogManager.php(137): Illuminate\\Log\\LogManager->resolve('deprecations', Array)
#3 /Applications/XAMPP/xamppfiles/htdocs/tmracing/vendor/laravel/framework/src/Illuminate/Log/LogManager.php(124): Illuminate\\Log\\LogManager->get('deprecations')
#4 /Applications/XAMPP/xamppfiles/htdocs/tmracing/vendor/laravel/framework/src/Illuminate/Log/LogManager.php(113): Illuminate\\Log\\LogManager->driver('deprecations')
#5 /Applications/XAMPP/xamppfiles/htdocs/tmracing/vendor/laravel/framework/src/Illuminate/Foundation/Bootstrap/HandleExceptions.php(102): Illuminate\\Log\\LogManager->channel('deprecations')
#6 /Applications/XAMPP/xamppfiles/htdocs/tmracing/vendor/laravel/framework/src/Illuminate/Foundation/Bootstrap/HandleExceptions.php(71): Illuminate\\Foundation\\Bootstrap\\HandleExceptions->handleDeprecationError('Illuminate\\\\Supp...', '/Applications/X...', 322, 8192)
#7 /Applications/XAMPP/xamppfiles/htdocs/tmracing/vendor/laravel/framework/src/Illuminate/Foundation/Bootstrap/HandleExceptions.php(255): Illuminate\\Foundation\\Bootstrap\\HandleExceptions->handleError(8192, 'Illuminate\\\\Supp...', '/Applications/X...', 322)
#8 /Applications/XAMPP/xamppfiles/htdocs/tmracing/vendor/composer/ClassLoader.php(576): Illuminate\\Foundation\\Bootstrap\\HandleExceptions->{closure:Illuminate\\Foundation\\Bootstrap\\HandleExceptions::forwardsTo():254}(8192, 'Illuminate\\\\Supp...', '/Applications/X...', 322)
#9 /Applications/XAMPP/xamppfiles/htdocs/tmracing/vendor/composer/ClassLoader.php(576): include('/Applications/X...')
#10 /Applications/XAMPP/xamppfiles/htdocs/tmracing/vendor/composer/ClassLoader.php(427): {closure:Composer\\Autoload\\ClassLoader::initializeIncludeClosure():575}('/Applications/X...')
#11 /Applications/XAMPP/xamppfiles/htdocs/tmracing/vendor/laravel/framework/src/Illuminate/Collections/Collection.php(21): Composer\\Autoload\\ClassLoader->loadClass('Illuminate\\\\Supp...')
#12 /Applications/XAMPP/xamppfiles/htdocs/tmracing/vendor/composer/ClassLoader.php(576): include('/Applications/X...')
#13 /Applications/XAMPP/xamppfiles/htdocs/tmracing/vendor/composer/ClassLoader.php(427): {closure:Composer\\Autoload\\ClassLoader::initializeIncludeClosure():575}('/Applications/X...')
#14 /Applications/XAMPP/xamppfiles/htdocs/tmracing/vendor/laravel/framework/src/Illuminate/Collections/helpers.php(18): Composer\\Autoload\\ClassLoader->loadClass('Illuminate\\\\Supp...')
#15 /Applications/XAMPP/xamppfiles/htdocs/tmracing/vendor/laravel/framework/src/Illuminate/Foundation/PackageManifest.php(90): collect(Array)
#16 /Applications/XAMPP/xamppfiles/htdocs/tmracing/vendor/laravel/framework/src/Illuminate/Foundation/PackageManifest.php(79): Illuminate\\Foundation\\PackageManifest->config('aliases')
#17 /Applications/XAMPP/xamppfiles/htdocs/tmracing/vendor/laravel/framework/src/Illuminate/Foundation/Bootstrap/RegisterFacades.php(26): Illuminate\\Foundation\\PackageManifest->aliases()
#18 /Applications/XAMPP/xamppfiles/htdocs/tmracing/vendor/laravel/framework/src/Illuminate/Foundation/Application.php(263): Illuminate\\Foundation\\Bootstrap\\RegisterFacades->bootstrap(Object(Illuminate\\Foundation\\Application))
#19 /Applications/XAMPP/xamppfiles/htdocs/tmracing/vendor/laravel/framework/src/Illuminate/Foundation/Console/Kernel.php(447): Illuminate\\Foundation\\Application->bootstrapWith(Array)
#20 /Applications/XAMPP/xamppfiles/htdocs/tmracing/vendor/laravel/framework/src/Illuminate/Foundation/Console/Kernel.php(199): Illuminate\\Foundation\\Console\\Kernel->bootstrap()
#21 /Applications/XAMPP/xamppfiles/htdocs/tmracing/artisan(35): Illuminate\\Foundation\\Console\\Kernel->handle(Object(Symfony\\Component\\Console\\Input\\ArgvInput), Object(Symfony\\Component\\Console\\Output\\ConsoleOutput))
#22 {main}
"} 
[2025-12-12 01:25:30] laravel.WARNING: Illuminate\Support\Enumerable::whenEmpty(): Implicitly marking parameter $default as nullable is deprecated, the explicit nullable type must be used instead in /Applications/XAMPP/xamppfiles/htdocs/tmracing/vendor/laravel/framework/src/Illuminate/Collections/Enumerable.php on line 322  
[2025-12-12 01:25:30] laravel.EMERGENCY: Unable to create configured logger. Using emergency logger. {"exception":"[object] (Error(code: 0): Class \"Illuminate\\Support\\Collection\" not found at /Applications/XAMPP/xamppfiles/htdocs/tmracing/vendor/laravel/framework/src/Illuminate/Collections/helpers.php:18)
[stacktrace]
#0 /Applications/XAMPP/xamppfiles/htdocs/tmracing/vendor/laravel/framework/src/Illuminate/Log/LogManager.php(389): collect(Array)
#1 /Applications/XAMPP/xamppfiles/htdocs/tmracing/vendor/laravel/framework/src/Illuminate/Log/LogManager.php(222): Illuminate\\Log\\LogManager->createMonologDriver(Array)
#2 /Applications/XAMPP/xamppfiles/htdocs/tmracing/vendor/laravel/framework/src/Illuminate/Log/LogManager.php(137): Illuminate\\Log\\LogManager->resolve('deprecations', Array)
#3 /Applications/XAMPP/xamppfiles/htdocs/tmracing/vendor/laravel/framework/src/Illuminate/Log/LogManager.php(124): Illuminate\\Log\\LogManager->get('deprecations')
#4 /Applications/XAMPP/xamppfiles/htdocs/tmracing/vendor/laravel/framework/src/Illuminate/Log/LogManager.php(113): Illuminate\\Log\\LogManager->driver('deprecations')
#5 /Applications/XAMPP/xamppfiles/htdocs/tmracing/vendor/laravel/framework/src/Illuminate/Foundation/Bootstrap/HandleExceptions.php(102): Illuminate\\Log\\LogManager->channel('deprecations')
#6 /Applications/XAMPP/xamppfiles/htdocs/tmracing/vendor/laravel/framework/src/Illuminate/Foundation/Bootstrap/HandleExceptions.php(71): Illuminate\\Foundation\\Bootstrap\\HandleExceptions->handleDeprecationError('Illuminate\\\\Supp...', '/Applications/X...', 333, 8192)
#7 /Applications/XAMPP/xamppfiles/htdocs/tmracing/vendor/laravel/framework/src/Illuminate/Foundation/Bootstrap/HandleExceptions.php(255): Illuminate\\Foundation\\Bootstrap\\HandleExceptions->handleError(8192, 'Illuminate\\\\Supp...', '/Applications/X...', 333)
#8 /Applications/XAMPP/xamppfiles/htdocs/tmracing/vendor/composer/ClassLoader.php(576): Illuminate\\Foundation\\Bootstrap\\HandleExceptions->{closure:Illuminate\\Foundation\\Bootstrap\\HandleExceptions::forwardsTo():254}(8192, 'Illuminate\\\\Supp...', '/Applications/X...', 333)
#9 /Applications/XAMPP/xamppfiles/htdocs/tmracing/vendor/composer/ClassLoader.php(576): include('/Applications/X...')
#10 /Applications/XAMPP/xamppfiles/htdocs/tmracing/vendor/composer/ClassLoader.php(427): {closure:Composer\\Autoload\\ClassLoader::initializeIncludeClosure():575}('/Applications/X...')
#11 /Applications/XAMPP/xamppfiles/htdocs/tmracing/vendor/laravel/framework/src/Illuminate/Collections/Collection.php(21): Composer\\Autoload\\ClassLoader->loadClass('Illuminate\\\\Supp...')
#12 /Applications/XAMPP/xamppfiles/htdocs/tmracing/vendor/composer/ClassLoader.php(576): include('/Applications/X...')
#13 /Applications/XAMPP/xamppfiles/htdocs/tmracing/vendor/composer/ClassLoader.php(427): {closure:Composer\\Autoload\\ClassLoader::initializeIncludeClosure():575}('/Applications/X...')
#14 /Applications/XAMPP/xamppfiles/htdocs/tmracing/vendor/laravel/framework/src/Illuminate/Collections/helpers.php(18): Composer\\Autoload\\ClassLoader->loadClass('Illuminate\\\\Supp...')
#15 /Applications/XAMPP/xamppfiles/htdocs/tmracing/vendor/laravel/framework/src/Illuminate/Foundation/PackageManifest.php(90): collect(Array)
#16 /Applications/XAMPP/xamppfiles/htdocs/tmracing/vendor/laravel/framework/src/Illuminate/Foundation/PackageManifest.php(79): Illuminate\\Foundation\\PackageManifest->config('aliases')
#17 /Applications/XAMPP/xamppfiles/htdocs/tmracing/vendor/laravel/framework/src/Illuminate/Foundation/Bootstrap/RegisterFacades.php(26): Illuminate\\Foundation\\PackageManifest->aliases()
#18 /Applications/XAMPP/xamppfiles/htdocs/tmracing/vendor/laravel/framework/src/Illuminate/Foundation/Application.php(263): Illuminate\\Foundation\\Bootstrap\\RegisterFacades->bootstrap(Object(Illuminate\\Foundation\\Application))
#19 /Applications/XAMPP/xamppfiles/htdocs/tmracing/vendor/laravel/framework/src/Illuminate/Foundation/Console/Kernel.php(447): Illuminate\\Foundation\\Application->bootstrapWith(Array)
#20 /Applications/XAMPP/xamppfiles/htdocs/tmracing/vendor/laravel/framework/src/Illuminate/Foundation/Console/Kernel.php(199): Illuminate\\Foundation\\Console\\Kernel->bootstrap()
#21 /Applications/XAMPP/xamppfiles/htdocs/tmracing/artisan(35): Illuminate\\Foundation\\Console\\Kernel->handle(Object(Symfony\\Component\\Console\\Input\\ArgvInput), Object(Symfony\\Component\\Console\\Output\\ConsoleOutput))
#22 {main}
"} 
[2025-12-12 01:25:30] laravel.WARNING: Illuminate\Support\Enumerable::whenNotEmpty(): Implicitly marking parameter $default as nullable is deprecated, the explicit nullable type must be used instead in /Applications/XAMPP/xamppfiles/htdocs/tmracing/vendor/laravel/framework/src/Illuminate/Collections/Enumerable.php on line 333  
[2025-12-12 01:25:30] laravel.EMERGENCY: Unable to create configured logger. Using emergency logger. {"exception":"[object] (Error(code: 0): Class \"Illuminate\\Support\\Collection\" not found at /Applications/XAMPP/xamppfiles/htdocs/tmracing/vendor/laravel/framework/src/Illuminate/Collections/helpers.php:18)
[stacktrace]
#0 /Applications/XAMPP/xamppfiles/htdocs/tmracing/vendor/laravel/framework/src/Illuminate/Log/LogManager.php(389): collect(Array)
#1 /Applications/XAMPP/xamppfiles/htdocs/tmracing/vendor/laravel/framework/src/Illuminate/Log/LogManager.php(222): Illuminate\\Log\\LogManager->createMonologDriver(Array)
#2 /Applications/XAMPP/xamppfiles/htdocs/tmracing/vendor/laravel/framework/src/Illuminate/Log/LogManager.php(137): Illuminate\\Log\\LogManager->resolve('deprecations', Array)
#3 /Applications/XAMPP/xamppfiles/htdocs/tmracing/vendor/laravel/framework/src/Illuminate/Log/LogManager.php(124): Illuminate\\Log\\LogManager->get('deprecations')
#4 /Applications/XAMPP/xamppfiles/htdocs/tmracing/vendor/laravel/framework/src/Illuminate/Log/LogManager.php(113): Illuminate\\Log\\LogManager->driver('deprecations')
#5 /Applications/XAMPP/xamppfiles/htdocs/tmracing/vendor/laravel/framework/src/Illuminate/Foundation/Bootstrap/HandleExceptions.php(102): Illuminate\\Log\\LogManager->channel('deprecations')
#6 /Applications/XAMPP/xamppfiles/htdocs/tmracing/vendor/laravel/framework/src/Illuminate/Foundation/Bootstrap/HandleExceptions.php(71): Illuminate\\Foundation\\Bootstrap\\HandleExceptions->handleDeprecationError('Illuminate\\\\Supp...', '/Applications/X...', 345, 8192)
#7 /Applications/XAMPP/xamppfiles/htdocs/tmracing/vendor/laravel/framework/src/Illuminate/Foundation/Bootstrap/HandleExceptions.php(255): Illuminate\\Foundation\\Bootstrap\\HandleExceptions->handleError(8192, 'Illuminate\\\\Supp...', '/Applications/X...', 345)
#8 /Applications/XAMPP/xamppfiles/htdocs/tmracing/vendor/composer/ClassLoader.php(576): Illuminate\\Foundation\\Bootstrap\\HandleExceptions->{closure:Illuminate\\Foundation\\Bootstrap\\HandleExceptions::forwardsTo():254}(8192, 'Illuminate\\\\Supp...', '/Applications/X...', 345)
#9 /Applications/XAMPP/xamppfiles/htdocs/tmracing/vendor/composer/ClassLoader.php(576): include('/Applications/X...')
#10 /Applications/XAMPP/xamppfiles/htdocs/tmracing/vendor/composer/ClassLoader.php(427): {closure:Composer\\Autoload\\ClassLoader::initializeIncludeClosure():575}('/Applications/X...')
#11 /Applications/XAMPP/xamppfiles/htdocs/tmracing/vendor/laravel/framework/src/Illuminate/Collections/Collection.php(21): Composer\\Autoload\\ClassLoader->loadClass('Illuminate\\\\Supp...')
#12 /Applications/XAMPP/xamppfiles/htdocs/tmracing/vendor/composer/ClassLoader.php(576): include('/Applications/X...')
#13 /Applications/XAMPP/xamppfiles/htdocs/tmracing/vendor/composer/ClassLoader.php(427): {closure:Composer\\Autoload\\ClassLoader::initializeIncludeClosure():575}('/Applications/X...')
#14 /Applications/XAMPP/xamppfiles/htdocs/tmracing/vendor/laravel/framework/src/Illuminate/Collections/helpers.php(18): Composer\\Autoload\\ClassLoader->loadClass('Illuminate\\\\Supp...')
#15 /Applications/XAMPP/xamppfiles/htdocs/tmracing/vendor/laravel/framework/src/Illuminate/Foundation/PackageManifest.php(90): collect(Array)
#16 /Applications/XAMPP/xamppfiles/htdocs/tmracing/vendor/laravel/framework/src/Illuminate/Foundation/PackageManifest.php(79): Illuminate\\Foundation\\PackageManifest->config('aliases')
#17 /Applications/XAMPP/xamppfiles/htdocs/tmracing/vendor/laravel/framework/src/Illuminate/Foundation/Bootstrap/RegisterFacades.php(26): Illuminate\\Foundation\\PackageManifest->aliases()
#18 /Applications/XAMPP/xamppfiles/htdocs/tmracing/vendor/laravel/framework/src/Illuminate/Foundation/Application.php(263): Illuminate\\Foundation\\Bootstrap\\RegisterFacades->bootstrap(Object(Illuminate\\Foundation\\Application))
#19 /Applications/XAMPP/xamppfiles/htdocs/tmracing/vendor/laravel/framework/src/Illuminate/Foundation/Console/Kernel.php(447): Illuminate\\Foundation\\Application->bootstrapWith(Array)
#20 /Applications/XAMPP/xamppfiles/htdocs/tmracing/vendor/laravel/framework/src/Illuminate/Foundation/Console/Kernel.php(199): Illuminate\\Foundation\\Console\\Kernel->bootstrap()
#21 /Applications/XAMPP/xamppfiles/htdocs/tmracing/artisan(35): Illuminate\\Foundation\\Console\\Kernel->handle(Object(Symfony\\Component\\Console\\Input\\ArgvInput), Object(Symfony\\Component\\Console\\Output\\ConsoleOutput))
#22 {main}
"} 
[2025-12-12 01:25:30] laravel.WARNING: Illuminate\Support\Enumerable::unless(): Implicitly marking parameter $default as nullable is deprecated, the explicit nullable type must be used instead in /Applications/XAMPP/xamppfiles/htdocs/tmracing/vendor/laravel/framework/src/Illuminate/Collections/Enumerable.php on line 345  
[2025-12-12 01:25:30] laravel.EMERGENCY: Unable to create configured logger. Using emergency logger. {"exception":"[object] (Error(code: 0): Class \"Illuminate\\Support\\Collection\" not found at /Applications/XAMPP/xamppfiles/htdocs/tmracing/vendor/laravel/framework/src/Illuminate/Collections/helpers.php:18)
[stacktrace]
#0 /Applications/XAMPP/xamppfiles/htdocs/tmracing/vendor/laravel/framework/src/Illuminate/Log/LogManager.php(389): collect(Array)
#1 /Applications/XAMPP/xamppfiles/htdocs/tmracing/vendor/laravel/framework/src/Illuminate/Log/LogManager.php(222): Illuminate\\Log\\LogManager->createMonologDriver(Array)
#2 /Applications/XAMPP/xamppfiles/htdocs/tmracing/vendor/laravel/framework/src/Illuminate/Log/LogManager.php(137): Illuminate\\Log\\LogManager->resolve('deprecations', Array)
#3 /Applications/XAMPP/xamppfiles/htdocs/tmracing/vendor/laravel/framework/src/Illuminate/Log/LogManager.php(124): Illuminate\\Log\\LogManager->get('deprecations')
#4 /Applications/XAMPP/xamppfiles/htdocs/tmracing/vendor/laravel/framework/src/Illuminate/Log/LogManager.php(113): Illuminate\\Log\\LogManager->driver('deprecations')
#5 /Applications/XAMPP/xamppfiles/htdocs/tmracing/vendor/laravel/framework/src/Illuminate/Foundation/Bootstrap/HandleExceptions.php(102): Illuminate\\Log\\LogManager->channel('deprecations')
#6 /Applications/XAMPP/xamppfiles/htdocs/tmracing/vendor/laravel/framework/src/Illuminate/Foundation/Bootstrap/HandleExceptions.php(71): Illuminate\\Foundation\\Bootstrap\\HandleExceptions->handleDeprecationError('Illuminate\\\\Supp...', '/Applications/X...', 356, 8192)
#7 /Applications/XAMPP/xamppfiles/htdocs/tmracing/vendor/laravel/framework/src/Illuminate/Foundation/Bootstrap/HandleExceptions.php(255): Illuminate\\Foundation\\Bootstrap\\HandleExceptions->handleError(8192, 'Illuminate\\\\Supp...', '/Applications/X...', 356)
#8 /Applications/XAMPP/xamppfiles/htdocs/tmracing/vendor/composer/ClassLoader.php(576): Illuminate\\Foundation\\Bootstrap\\HandleExceptions->{closure:Illuminate\\Foundation\\Bootstrap\\HandleExceptions::forwardsTo():254}(8192, 'Illuminate\\\\Supp...', '/Applications/X...', 356)
#9 /Applications/XAMPP/xamppfiles/htdocs/tmracing/vendor/composer/ClassLoader.php(576): include('/Applications/X...')
#10 /Applications/XAMPP/xamppfiles/htdocs/tmracing/vendor/composer/ClassLoader.php(427): {closure:Composer\\Autoload\\ClassLoader::initializeIncludeClosure():575}('/Applications/X...')
#11 /Applications/XAMPP/xamppfiles/htdocs/tmracing/vendor/laravel/framework/src/Illuminate/Collections/Collection.php(21): Composer\\Autoload\\ClassLoader->loadClass('Illuminate\\\\Supp...')
#12 /Applications/XAMPP/xamppfiles/htdocs/tmracing/vendor/composer/ClassLoader.php(576): include('/Applications/X...')
#13 /Applications/XAMPP/xamppfiles/htdocs/tmracing/vendor/composer/ClassLoader.php(427): {closure:Composer\\Autoload\\ClassLoader::initializeIncludeClosure():575}('/Applications/X...')
#14 /Applications/XAMPP/xamppfiles/htdocs/tmracing/vendor/laravel/framework/src/Illuminate/Collections/helpers.php(18): Composer\\Autoload\\ClassLoader->loadClass('Illuminate\\\\Supp...')
#15 /Applications/XAMPP/xamppfiles/htdocs/tmracing/vendor/laravel/framework/src/Illuminate/Foundation/PackageManifest.php(90): collect(Array)
#16 /Applications/XAMPP/xamppfiles/htdocs/tmracing/vendor/laravel/framework/src/Illuminate/Foundation/PackageManifest.php(79): Illuminate\\Foundation\\PackageManifest->config('aliases')
#17 /Applications/XAMPP/xamppfiles/htdocs/tmracing/vendor/laravel/framework/src/Illuminate/Foundation/Bootstrap/RegisterFacades.php(26): Illuminate\\Foundation\\PackageManifest->aliases()
#18 /Applications/XAMPP/xamppfiles/htdocs/tmracing/vendor/laravel/framework/src/Illuminate/Foundation/Application.php(263): Illuminate\\Foundation\\Bootstrap\\RegisterFacades->bootstrap(Object(Illuminate\\Foundation\\Application))
#19 /Applications/XAMPP/xamppfiles/htdocs/tmracing/vendor/laravel/framework/src/Illuminate/Foundation/Console/Kernel.php(447): Illuminate\\Foundation\\Application->bootstrapWith(Array)
#20 /Applications/XAMPP/xamppfiles/htdocs/tmracing/vendor/laravel/framework/src/Illuminate/Foundation/Console/Kernel.php(199): Illuminate\\Foundation\\Console\\Kernel->bootstrap()
#21 /Applications/XAMPP/xamppfiles/htdocs/tmracing/artisan(35): Illuminate\\Foundation\\Console\\Kernel->handle(Object(Symfony\\Component\\Console\\Input\\ArgvInput), Object(Symfony\\Component\\Console\\Output\\ConsoleOutput))
#22 {main}
"} 
[2025-12-12 01:25:30] laravel.WARNING: Illuminate\Support\Enumerable::unlessEmpty(): Implicitly marking parameter $default as nullable is deprecated, the explicit nullable type must be used instead in /Applications/XAMPP/xamppfiles/htdocs/tmracing/vendor/laravel/framework/src/Illuminate/Collections/Enumerable.php on line 356  
[2025-12-12 01:25:30] laravel.EMERGENCY: Unable to create configured logger. Using emergency logger. {"exception":"[object] (Error(code: 0): Class \"Illuminate\\Support\\Collection\" not found at /Applications/XAMPP/xamppfiles/htdocs/tmracing/vendor/laravel/framework/src/Illuminate/Collections/helpers.php:18)
[stacktrace]
#0 /Applications/XAMPP/xamppfiles/htdocs/tmracing/vendor/laravel/framework/src/Illuminate/Log/LogManager.php(389): collect(Array)
#1 /Applications/XAMPP/xamppfiles/htdocs/tmracing/vendor/laravel/framework/src/Illuminate/Log/LogManager.php(222): Illuminate\\Log\\LogManager->createMonologDriver(Array)
#2 /Applications/XAMPP/xamppfiles/htdocs/tmracing/vendor/laravel/framework/src/Illuminate/Log/LogManager.php(137): Illuminate\\Log\\LogManager->resolve('deprecations', Array)
#3 /Applications/XAMPP/xamppfiles/htdocs/tmracing/vendor/laravel/framework/src/Illuminate/Log/LogManager.php(124): Illuminate\\Log\\LogManager->get('deprecations')
#4 /Applications/XAMPP/xamppfiles/htdocs/tmracing/vendor/laravel/framework/src/Illuminate/Log/LogManager.php(113): Illuminate\\Log\\LogManager->driver('deprecations')
#5 /Applications/XAMPP/xamppfiles/htdocs/tmracing/vendor/laravel/framework/src/Illuminate/Foundation/Bootstrap/HandleExceptions.php(102): Illuminate\\Log\\LogManager->channel('deprecations')
#6 /Applications/XAMPP/xamppfiles/htdocs/tmracing/vendor/laravel/framework/src/Illuminate/Foundation/Bootstrap/HandleExceptions.php(71): Illuminate\\Foundation\\Bootstrap\\HandleExceptions->handleDeprecationError('Illuminate\\\\Supp...', '/Applications/X...', 367, 8192)
#7 /Applications/XAMPP/xamppfiles/htdocs/tmracing/vendor/laravel/framework/src/Illuminate/Foundation/Bootstrap/HandleExceptions.php(255): Illuminate\\Foundation\\Bootstrap\\HandleExceptions->handleError(8192, 'Illuminate\\\\Supp...', '/Applications/X...', 367)
#8 /Applications/XAMPP/xamppfiles/htdocs/tmracing/vendor/composer/ClassLoader.php(576): Illuminate\\Foundation\\Bootstrap\\HandleExceptions->{closure:Illuminate\\Foundation\\Bootstrap\\HandleExceptions::forwardsTo():254}(8192, 'Illuminate\\\\Supp...', '/Applications/X...', 367)
#9 /Applications/XAMPP/xamppfiles/htdocs/tmracing/vendor/composer/ClassLoader.php(576): include('/Applications/X...')
#10 /Applications/XAMPP/xamppfiles/htdocs/tmracing/vendor/composer/ClassLoader.php(427): {closure:Composer\\Autoload\\ClassLoader::initializeIncludeClosure():575}('/Applications/X...')
#11 /Applications/XAMPP/xamppfiles/htdocs/tmracing/vendor/laravel/framework/src/Illuminate/Collections/Collection.php(21): Composer\\Autoload\\ClassLoader->loadClass('Illuminate\\\\Supp...')
#12 /Applications/XAMPP/xamppfiles/htdocs/tmracing/vendor/composer/ClassLoader.php(576): include('/Applications/X...')
#13 /Applications/XAMPP/xamppfiles/htdocs/tmracing/vendor/composer/ClassLoader.php(427): {closure:Composer\\Autoload\\ClassLoader::initializeIncludeClosure():575}('/Applications/X...')
#14 /Applications/XAMPP/xamppfiles/htdocs/tmracing/vendor/laravel/framework/src/Illuminate/Collections/helpers.php(18): Composer\\Autoload\\ClassLoader->loadClass('Illuminate\\\\Supp...')
#15 /Applications/XAMPP/xamppfiles/htdocs/tmracing/vendor/laravel/framework/src/Illuminate/Foundation/PackageManifest.php(90): collect(Array)
#16 /Applications/XAMPP/xamppfiles/htdocs/tmracing/vendor/laravel/framework/src/Illuminate/Foundation/PackageManifest.php(79): Illuminate\\Foundation\\PackageManifest->config('aliases')
#17 /Applications/XAMPP/xamppfiles/htdocs/tmracing/vendor/laravel/framework/src/Illuminate/Foundation/Bootstrap/RegisterFacades.php(26): Illuminate\\Foundation\\PackageManifest->aliases()
#18 /Applications/XAMPP/xamppfiles/htdocs/tmracing/vendor/laravel/framework/src/Illuminate/Foundation/Application.php(263): Illuminate\\Foundation\\Bootstrap\\RegisterFacades->bootstrap(Object(Illuminate\\Foundation\\Application))
#19 /Applications/XAMPP/xamppfiles/htdocs/tmracing/vendor/laravel/framework/src/Illuminate/Foundation/Console/Kernel.php(447): Illuminate\\Foundation\\Application->bootstrapWith(Array)
#20 /Applications/XAMPP/xamppfiles/htdocs/tmracing/vendor/laravel/framework/src/Illuminate/Foundation/Console/Kernel.php(199): Illuminate\\Foundation\\Console\\Kernel->bootstrap()
#21 /Applications/XAMPP/xamppfiles/htdocs/tmracing/artisan(35): Illuminate\\Foundation\\Console\\Kernel->handle(Object(Symfony\\Component\\Console\\Input\\ArgvInput), Object(Symfony\\Component\\Console\\Output\\ConsoleOutput))
#22 {main}
"} 
[2025-12-12 01:25:30] laravel.WARNING: Illuminate\Support\Enumerable::unlessNotEmpty(): Implicitly marking parameter $default as nullable is deprecated, the explicit nullable type must be used instead in /Applications/XAMPP/xamppfiles/htdocs/tmracing/vendor/laravel/framework/src/Illuminate/Collections/Enumerable.php on line 367  
[2025-12-12 01:25:30] laravel.EMERGENCY: Unable to create configured logger. Using emergency logger. {"exception":"[object] (Error(code: 0): Class \"Illuminate\\Support\\Collection\" not found at /Applications/XAMPP/xamppfiles/htdocs/tmracing/vendor/laravel/framework/src/Illuminate/Collections/helpers.php:18)
[stacktrace]
#0 /Applications/XAMPP/xamppfiles/htdocs/tmracing/vendor/laravel/framework/src/Illuminate/Log/LogManager.php(389): collect(Array)
#1 /Applications/XAMPP/xamppfiles/htdocs/tmracing/vendor/laravel/framework/src/Illuminate/Log/LogManager.php(222): Illuminate\\Log\\LogManager->createMonologDriver(Array)
#2 /Applications/XAMPP/xamppfiles/htdocs/tmracing/vendor/laravel/framework/src/Illuminate/Log/LogManager.php(137): Illuminate\\Log\\LogManager->resolve('deprecations', Array)
#3 /Applications/XAMPP/xamppfiles/htdocs/tmracing/vendor/laravel/framework/src/Illuminate/Log/LogManager.php(124): Illuminate\\Log\\LogManager->get('deprecations')
#4 /Applications/XAMPP/xamppfiles/htdocs/tmracing/vendor/laravel/framework/src/Illuminate/Log/LogManager.php(113): Illuminate\\Log\\LogManager->driver('deprecations')
#5 /Applications/XAMPP/xamppfiles/htdocs/tmracing/vendor/laravel/framework/src/Illuminate/Foundation/Bootstrap/HandleExceptions.php(102): Illuminate\\Log\\LogManager->channel('deprecations')
#6 /Applications/XAMPP/xamppfiles/htdocs/tmracing/vendor/laravel/framework/src/Illuminate/Foundation/Bootstrap/HandleExceptions.php(71): Illuminate\\Foundation\\Bootstrap\\HandleExceptions->handleDeprecationError('Illuminate\\\\Supp...', '/Applications/X...', 479, 8192)
#7 /Applications/XAMPP/xamppfiles/htdocs/tmracing/vendor/laravel/framework/src/Illuminate/Foundation/Bootstrap/HandleExceptions.php(255): Illuminate\\Foundation\\Bootstrap\\HandleExceptions->handleError(8192, 'Illuminate\\\\Supp...', '/Applications/X...', 479)
#8 /Applications/XAMPP/xamppfiles/htdocs/tmracing/vendor/composer/ClassLoader.php(576): Illuminate\\Foundation\\Bootstrap\\HandleExceptions->{closure:Illuminate\\Foundation\\Bootstrap\\HandleExceptions::forwardsTo():254}(8192, 'Illuminate\\\\Supp...', '/Applications/X...', 479)
#9 /Applications/XAMPP/xamppfiles/htdocs/tmracing/vendor/composer/ClassLoader.php(576): include('/Applications/X...')
#10 /Applications/XAMPP/xamppfiles/htdocs/tmracing/vendor/composer/ClassLoader.php(427): {closure:Composer\\Autoload\\ClassLoader::initializeIncludeClosure():575}('/Applications/X...')
#11 /Applications/XAMPP/xamppfiles/htdocs/tmracing/vendor/laravel/framework/src/Illuminate/Collections/Collection.php(21): Composer\\Autoload\\ClassLoader->loadClass('Illuminate\\\\Supp...')
#12 /Applications/XAMPP/xamppfiles/htdocs/tmracing/vendor/composer/ClassLoader.php(576): include('/Applications/X...')
#13 /Applications/XAMPP/xamppfiles/htdocs/tmracing/vendor/composer/ClassLoader.php(427): {closure:Composer\\Autoload\\ClassLoader::initializeIncludeClosure():575}('/Applications/X...')
#14 /Applications/XAMPP/xamppfiles/htdocs/tmracing/vendor/laravel/framework/src/Illuminate/Collections/helpers.php(18): Composer\\Autoload\\ClassLoader->loadClass('Illuminate\\\\Supp...')
#15 /Applications/XAMPP/xamppfiles/htdocs/tmracing/vendor/laravel/framework/src/Illuminate/Foundation/PackageManifest.php(90): collect(Array)
#16 /Applications/XAMPP/xamppfiles/htdocs/tmracing/vendor/laravel/framework/src/Illuminate/Foundation/PackageManifest.php(79): Illuminate\\Foundation\\PackageManifest->config('aliases')
#17 /Applications/XAMPP/xamppfiles/htdocs/tmracing/vendor/laravel/framework/src/Illuminate/Foundation/Bootstrap/RegisterFacades.php(26): Illuminate\\Foundation\\PackageManifest->aliases()
#18 /Applications/XAMPP/xamppfiles/htdocs/tmracing/vendor/laravel/framework/src/Illuminate/Foundation/Application.php(263): Illuminate\\Foundation\\Bootstrap\\RegisterFacades->bootstrap(Object(Illuminate\\Foundation\\Application))
#19 /Applications/XAMPP/xamppfiles/htdocs/tmracing/vendor/laravel/framework/src/Illuminate/Foundation/Console/Kernel.php(447): Illuminate\\Foundation\\Application->bootstrapWith(Array)
#20 /Applications/XAMPP/xamppfiles/htdocs/tmracing/vendor/laravel/framework/src/Illuminate/Foundation/Console/Kernel.php(199): Illuminate\\Foundation\\Console\\Kernel->bootstrap()
#21 /Applications/XAMPP/xamppfiles/htdocs/tmracing/artisan(35): Illuminate\\Foundation\\Console\\Kernel->handle(Object(Symfony\\Component\\Console\\Input\\ArgvInput), Object(Symfony\\Component\\Console\\Output\\ConsoleOutput))
#22 {main}
"} 
[2025-12-12 01:25:30] laravel.WARNING: Illuminate\Support\Enumerable::first(): Implicitly marking parameter $callback as nullable is deprecated, the explicit nullable type must be used instead in /Applications/XAMPP/xamppfiles/htdocs/tmracing/vendor/laravel/framework/src/Illuminate/Collections/Enumerable.php on line 479  
[2025-12-12 01:25:30] laravel.EMERGENCY: Unable to create configured logger. Using emergency logger. {"exception":"[object] (Error(code: 0): Class \"Illuminate\\Support\\Collection\" not found at /Applications/XAMPP/xamppfiles/htdocs/tmracing/vendor/laravel/framework/src/Illuminate/Collections/helpers.php:18)
[stacktrace]
#0 /Applications/XAMPP/xamppfiles/htdocs/tmracing/vendor/laravel/framework/src/Illuminate/Log/LogManager.php(389): collect(Array)
#1 /Applications/XAMPP/xamppfiles/htdocs/tmracing/vendor/laravel/framework/src/Illuminate/Log/LogManager.php(222): Illuminate\\Log\\LogManager->createMonologDriver(Array)
#2 /Applications/XAMPP/xamppfiles/htdocs/tmracing/vendor/laravel/framework/src/Illuminate/Log/LogManager.php(137): Illuminate\\Log\\LogManager->resolve('deprecations', Array)
#3 /Applications/XAMPP/xamppfiles/htdocs/tmracing/vendor/laravel/framework/src/Illuminate/Log/LogManager.php(124): Illuminate\\Log\\LogManager->get('deprecations')
#4 /Applications/XAMPP/xamppfiles/htdocs/tmracing/vendor/laravel/framework/src/Illuminate/Log/LogManager.php(113): Illuminate\\Log\\LogManager->driver('deprecations')
#5 /Applications/XAMPP/xamppfiles/htdocs/tmracing/vendor/laravel/framework/src/Illuminate/Foundation/Bootstrap/HandleExceptions.php(102): Illuminate\\Log\\LogManager->channel('deprecations')
#6 /Applications/XAMPP/xamppfiles/htdocs/tmracing/vendor/laravel/framework/src/Illuminate/Foundation/Bootstrap/HandleExceptions.php(71): Illuminate\\Foundation\\Bootstrap\\HandleExceptions->handleDeprecationError('Illuminate\\\\Supp...', '/Applications/X...', 621, 8192)
#7 /Applications/XAMPP/xamppfiles/htdocs/tmracing/vendor/laravel/framework/src/Illuminate/Foundation/Bootstrap/HandleExceptions.php(255): Illuminate\\Foundation\\Bootstrap\\HandleExceptions->handleError(8192, 'Illuminate\\\\Supp...', '/Applications/X...', 621)
#8 /Applications/XAMPP/xamppfiles/htdocs/tmracing/vendor/composer/ClassLoader.php(576): Illuminate\\Foundation\\Bootstrap\\HandleExceptions->{closure:Illuminate\\Foundation\\Bootstrap\\HandleExceptions::forwardsTo():254}(8192, 'Illuminate\\\\Supp...', '/Applications/X...', 621)
#9 /Applications/XAMPP/xamppfiles/htdocs/tmracing/vendor/composer/ClassLoader.php(576): include('/Applications/X...')
#10 /Applications/XAMPP/xamppfiles/htdocs/tmracing/vendor/composer/ClassLoader.php(427): {closure:Composer\\Autoload\\ClassLoader::initializeIncludeClosure():575}('/Applications/X...')
#11 /Applications/XAMPP/xamppfiles/htdocs/tmracing/vendor/laravel/framework/src/Illuminate/Collections/Collection.php(21): Composer\\Autoload\\ClassLoader->loadClass('Illuminate\\\\Supp...')
#12 /Applications/XAMPP/xamppfiles/htdocs/tmracing/vendor/composer/ClassLoader.php(576): include('/Applications/X...')
#13 /Applications/XAMPP/xamppfiles/htdocs/tmracing/vendor/composer/ClassLoader.php(427): {closure:Composer\\Autoload\\ClassLoader::initializeIncludeClosure():575}('/Applications/X...')
#14 /Applications/XAMPP/xamppfiles/htdocs/tmracing/vendor/laravel/framework/src/Illuminate/Collections/helpers.php(18): Composer\\Autoload\\ClassLoader->loadClass('Illuminate\\\\Supp...')
#15 /Applications/XAMPP/xamppfiles/htdocs/tmracing/vendor/laravel/framework/src/Illuminate/Foundation/PackageManifest.php(90): collect(Array)
#16 /Applications/XAMPP/xamppfiles/htdocs/tmracing/vendor/laravel/framework/src/Illuminate/Foundation/PackageManifest.php(79): Illuminate\\Foundation\\PackageManifest->config('aliases')
#17 /Applications/XAMPP/xamppfiles/htdocs/tmracing/vendor/laravel/framework/src/Illuminate/Foundation/Bootstrap/RegisterFacades.php(26): Illuminate\\Foundation\\PackageManifest->aliases()
#18 /Applications/XAMPP/xamppfiles/htdocs/tmracing/vendor/laravel/framework/src/Illuminate/Foundation/Application.php(263): Illuminate\\Foundation\\Bootstrap\\RegisterFacades->bootstrap(Object(Illuminate\\Foundation\\Application))
#19 /Applications/XAMPP/xamppfiles/htdocs/tmracing/vendor/laravel/framework/src/Illuminate/Foundation/Console/Kernel.php(447): Illuminate\\Foundation\\Application->bootstrapWith(Array)
#20 /Applications/XAMPP/xamppfiles/htdocs/tmracing/vendor/laravel/framework/src/Illuminate/Foundation/Console/Kernel.php(199): Illuminate\\Foundation\\Console\\Kernel->bootstrap()
#21 /Applications/XAMPP/xamppfiles/htdocs/tmracing/artisan(35): Illuminate\\Foundation\\Console\\Kernel->handle(Object(Symfony\\Component\\Console\\Input\\ArgvInput), Object(Symfony\\Component\\Console\\Output\\ConsoleOutput))
#22 {main}
"} 
[2025-12-12 01:25:30] laravel.WARNING: Illuminate\Support\Enumerable::last(): Implicitly marking parameter $callback as nullable is deprecated, the explicit nullable type must be used instead in /Applications/XAMPP/xamppfiles/htdocs/tmracing/vendor/laravel/framework/src/Illuminate/Collections/Enumerable.php on line 621  
[2025-12-12 01:42:23] laravel.EMERGENCY: Unable to create configured logger. Using emergency logger. {"exception":"[object] (Error(code: 0): Class \"Illuminate\\Support\\Collection\" not found at /Applications/XAMPP/xamppfiles/htdocs/tmracing/vendor/laravel/framework/src/Illuminate/Collections/helpers.php:18)
[stacktrace]
#0 /Applications/XAMPP/xamppfiles/htdocs/tmracing/vendor/laravel/framework/src/Illuminate/Log/LogManager.php(389): collect(Array)
#1 /Applications/XAMPP/xamppfiles/htdocs/tmracing/vendor/laravel/framework/src/Illuminate/Log/LogManager.php(222): Illuminate\\Log\\LogManager->createMonologDriver(Array)
#2 /Applications/XAMPP/xamppfiles/htdocs/tmracing/vendor/laravel/framework/src/Illuminate/Log/LogManager.php(137): Illuminate\\Log\\LogManager->resolve('deprecations', Array)
#3 /Applications/XAMPP/xamppfiles/htdocs/tmracing/vendor/laravel/framework/src/Illuminate/Log/LogManager.php(124): Illuminate\\Log\\LogManager->get('deprecations')
#4 /Applications/XAMPP/xamppfiles/htdocs/tmracing/vendor/laravel/framework/src/Illuminate/Log/LogManager.php(113): Illuminate\\Log\\LogManager->driver('deprecations')
#5 /Applications/XAMPP/xamppfiles/htdocs/tmracing/vendor/laravel/framework/src/Illuminate/Foundation/Bootstrap/HandleExceptions.php(102): Illuminate\\Log\\LogManager->channel('deprecations')
#6 /Applications/XAMPP/xamppfiles/htdocs/tmracing/vendor/laravel/framework/src/Illuminate/Foundation/Bootstrap/HandleExceptions.php(71): Illuminate\\Foundation\\Bootstrap\\HandleExceptions->handleDeprecationError('Illuminate\\\\Supp...', '/Applications/X...', 384, 8192)
#7 /Applications/XAMPP/xamppfiles/htdocs/tmracing/vendor/laravel/framework/src/Illuminate/Foundation/Bootstrap/HandleExceptions.php(255): Illuminate\\Foundation\\Bootstrap\\HandleExceptions->handleError(8192, 'Illuminate\\\\Supp...', '/Applications/X...', 384)
#8 /Applications/XAMPP/xamppfiles/htdocs/tmracing/vendor/composer/ClassLoader.php(576): Illuminate\\Foundation\\Bootstrap\\HandleExceptions->{closure:Illuminate\\Foundation\\Bootstrap\\HandleExceptions::forwardsTo():254}(8192, 'Illuminate\\\\Supp...', '/Applications/X...', 384)
#9 /Applications/XAMPP/xamppfiles/htdocs/tmracing/vendor/composer/ClassLoader.php(576): include('/Applications/X...')
#10 /Applications/XAMPP/xamppfiles/htdocs/tmracing/vendor/composer/ClassLoader.php(427): {closure:Composer\\Autoload\\ClassLoader::initializeIncludeClosure():575}('/Applications/X...')
#11 /Applications/XAMPP/xamppfiles/htdocs/tmracing/vendor/laravel/framework/src/Illuminate/Collections/helpers.php(18): Composer\\Autoload\\ClassLoader->loadClass('Illuminate\\\\Supp...')
#12 /Applications/XAMPP/xamppfiles/htdocs/tmracing/vendor/laravel/framework/src/Illuminate/Foundation/PackageManifest.php(90): collect(Array)
#13 /Applications/XAMPP/xamppfiles/htdocs/tmracing/vendor/laravel/framework/src/Illuminate/Foundation/PackageManifest.php(79): Illuminate\\Foundation\\PackageManifest->config('aliases')
#14 /Applications/XAMPP/xamppfiles/htdocs/tmracing/vendor/laravel/framework/src/Illuminate/Foundation/Bootstrap/RegisterFacades.php(26): Illuminate\\Foundation\\PackageManifest->aliases()
#15 /Applications/XAMPP/xamppfiles/htdocs/tmracing/vendor/laravel/framework/src/Illuminate/Foundation/Application.php(263): Illuminate\\Foundation\\Bootstrap\\RegisterFacades->bootstrap(Object(Illuminate\\Foundation\\Application))
#16 /Applications/XAMPP/xamppfiles/htdocs/tmracing/vendor/laravel/framework/src/Illuminate/Foundation/Console/Kernel.php(447): Illuminate\\Foundation\\Application->bootstrapWith(Array)
#17 /Applications/XAMPP/xamppfiles/htdocs/tmracing/vendor/laravel/framework/src/Illuminate/Foundation/Console/Kernel.php(199): Illuminate\\Foundation\\Console\\Kernel->bootstrap()
#18 /Applications/XAMPP/xamppfiles/htdocs/tmracing/artisan(35): Illuminate\\Foundation\\Console\\Kernel->handle(Object(Symfony\\Component\\Console\\Input\\ArgvInput), Object(Symfony\\Component\\Console\\Output\\ConsoleOutput))
#19 {main}
"} 
[2025-12-12 01:42:23] laravel.WARNING: Illuminate\Support\Collection::filter(): Implicitly marking parameter $callback as nullable is deprecated, the explicit nullable type must be used instead in /Applications/XAMPP/xamppfiles/htdocs/tmracing/vendor/laravel/framework/src/Illuminate/Collections/Collection.php on line 384  
[2025-12-12 01:42:23] laravel.EMERGENCY: Unable to create configured logger. Using emergency logger. {"exception":"[object] (Error(code: 0): Class \"Illuminate\\Support\\Collection\" not found at /Applications/XAMPP/xamppfiles/htdocs/tmracing/vendor/laravel/framework/src/Illuminate/Collections/helpers.php:18)
[stacktrace]
#0 /Applications/XAMPP/xamppfiles/htdocs/tmracing/vendor/laravel/framework/src/Illuminate/Log/LogManager.php(389): collect(Array)
#1 /Applications/XAMPP/xamppfiles/htdocs/tmracing/vendor/laravel/framework/src/Illuminate/Log/LogManager.php(222): Illuminate\\Log\\LogManager->createMonologDriver(Array)
#2 /Applications/XAMPP/xamppfiles/htdocs/tmracing/vendor/laravel/framework/src/Illuminate/Log/LogManager.php(137): Illuminate\\Log\\LogManager->resolve('deprecations', Array)
#3 /Applications/XAMPP/xamppfiles/htdocs/tmracing/vendor/laravel/framework/src/Illuminate/Log/LogManager.php(124): Illuminate\\Log\\LogManager->get('deprecations')
#4 /Applications/XAMPP/xamppfiles/htdocs/tmracing/vendor/laravel/framework/src/Illuminate/Log/LogManager.php(113): Illuminate\\Log\\LogManager->driver('deprecations')
#5 /Applications/XAMPP/xamppfiles/htdocs/tmracing/vendor/laravel/framework/src/Illuminate/Foundation/Bootstrap/HandleExceptions.php(102): Illuminate\\Log\\LogManager->channel('deprecations')
#6 /Applications/XAMPP/xamppfiles/htdocs/tmracing/vendor/laravel/framework/src/Illuminate/Foundation/Bootstrap/HandleExceptions.php(71): Illuminate\\Foundation\\Bootstrap\\HandleExceptions->handleDeprecationError('Illuminate\\\\Supp...', '/Applications/X...', 402, 8192)
#7 /Applications/XAMPP/xamppfiles/htdocs/tmracing/vendor/laravel/framework/src/Illuminate/Foundation/Bootstrap/HandleExceptions.php(255): Illuminate\\Foundation\\Bootstrap\\HandleExceptions->handleError(8192, 'Illuminate\\\\Supp...', '/Applications/X...', 402)
#8 /Applications/XAMPP/xamppfiles/htdocs/tmracing/vendor/composer/ClassLoader.php(576): Illuminate\\Foundation\\Bootstrap\\HandleExceptions->{closure:Illuminate\\Foundation\\Bootstrap\\HandleExceptions::forwardsTo():254}(8192, 'Illuminate\\\\Supp...', '/Applications/X...', 402)
#9 /Applications/XAMPP/xamppfiles/htdocs/tmracing/vendor/composer/ClassLoader.php(576): include('/Applications/X...')
#10 /Applications/XAMPP/xamppfiles/htdocs/tmracing/vendor/composer/ClassLoader.php(427): {closure:Composer\\Autoload\\ClassLoader::initializeIncludeClosure():575}('/Applications/X...')
#11 /Applications/XAMPP/xamppfiles/htdocs/tmracing/vendor/laravel/framework/src/Illuminate/Collections/helpers.php(18): Composer\\Autoload\\ClassLoader->loadClass('Illuminate\\\\Supp...')
#12 /Applications/XAMPP/xamppfiles/htdocs/tmracing/vendor/laravel/framework/src/Illuminate/Foundation/PackageManifest.php(90): collect(Array)
#13 /Applications/XAMPP/xamppfiles/htdocs/tmracing/vendor/laravel/framework/src/Illuminate/Foundation/PackageManifest.php(79): Illuminate\\Foundation\\PackageManifest->config('aliases')
#14 /Applications/XAMPP/xamppfiles/htdocs/tmracing/vendor/laravel/framework/src/Illuminate/Foundation/Bootstrap/RegisterFacades.php(26): Illuminate\\Foundation\\PackageManifest->aliases()
#15 /Applications/XAMPP/xamppfiles/htdocs/tmracing/vendor/laravel/framework/src/Illuminate/Foundation/Application.php(263): Illuminate\\Foundation\\Bootstrap\\RegisterFacades->bootstrap(Object(Illuminate\\Foundation\\Application))
#16 /Applications/XAMPP/xamppfiles/htdocs/tmracing/vendor/laravel/framework/src/Illuminate/Foundation/Console/Kernel.php(447): Illuminate\\Foundation\\Application->bootstrapWith(Array)
#17 /Applications/XAMPP/xamppfiles/htdocs/tmracing/vendor/laravel/framework/src/Illuminate/Foundation/Console/Kernel.php(199): Illuminate\\Foundation\\Console\\Kernel->bootstrap()
#18 /Applications/XAMPP/xamppfiles/htdocs/tmracing/artisan(35): Illuminate\\Foundation\\Console\\Kernel->handle(Object(Symfony\\Component\\Console\\Input\\ArgvInput), Object(Symfony\\Component\\Console\\Output\\ConsoleOutput))
#19 {main}
"} 
[2025-12-12 01:42:23] laravel.WARNING: Illuminate\Support\Collection::first(): Implicitly marking parameter $callback as nullable is deprecated, the explicit nullable type must be used instead in /Applications/XAMPP/xamppfiles/htdocs/tmracing/vendor/laravel/framework/src/Illuminate/Collections/Collection.php on line 402  
[2025-12-12 01:42:23] laravel.EMERGENCY: Unable to create configured logger. Using emergency logger. {"exception":"[object] (Error(code: 0): Class \"Illuminate\\Support\\Collection\" not found at /Applications/XAMPP/xamppfiles/htdocs/tmracing/vendor/laravel/framework/src/Illuminate/Collections/helpers.php:18)
[stacktrace]
#0 /Applications/XAMPP/xamppfiles/htdocs/tmracing/vendor/laravel/framework/src/Illuminate/Log/LogManager.php(389): collect(Array)
#1 /Applications/XAMPP/xamppfiles/htdocs/tmracing/vendor/laravel/framework/src/Illuminate/Log/LogManager.php(222): Illuminate\\Log\\LogManager->createMonologDriver(Array)
#2 /Applications/XAMPP/xamppfiles/htdocs/tmracing/vendor/laravel/framework/src/Illuminate/Log/LogManager.php(137): Illuminate\\Log\\LogManager->resolve('deprecations', Array)
#3 /Applications/XAMPP/xamppfiles/htdocs/tmracing/vendor/laravel/framework/src/Illuminate/Log/LogManager.php(124): Illuminate\\Log\\LogManager->get('deprecations')
#4 /Applications/XAMPP/xamppfiles/htdocs/tmracing/vendor/laravel/framework/src/Illuminate/Log/LogManager.php(113): Illuminate\\Log\\LogManager->driver('deprecations')
#5 /Applications/XAMPP/xamppfiles/htdocs/tmracing/vendor/laravel/framework/src/Illuminate/Foundation/Bootstrap/HandleExceptions.php(102): Illuminate\\Log\\LogManager->channel('deprecations')
#6 /Applications/XAMPP/xamppfiles/htdocs/tmracing/vendor/laravel/framework/src/Illuminate/Foundation/Bootstrap/HandleExceptions.php(71): Illuminate\\Foundation\\Bootstrap\\HandleExceptions->handleDeprecationError('Illuminate\\\\Supp...', '/Applications/X...', 750, 8192)
#7 /Applications/XAMPP/xamppfiles/htdocs/tmracing/vendor/laravel/framework/src/Illuminate/Foundation/Bootstrap/HandleExceptions.php(255): Illuminate\\Foundation\\Bootstrap\\HandleExceptions->handleError(8192, 'Illuminate\\\\Supp...', '/Applications/X...', 750)
#8 /Applications/XAMPP/xamppfiles/htdocs/tmracing/vendor/composer/ClassLoader.php(576): Illuminate\\Foundation\\Bootstrap\\HandleExceptions->{closure:Illuminate\\Foundation\\Bootstrap\\HandleExceptions::forwardsTo():254}(8192, 'Illuminate\\\\Supp...', '/Applications/X...', 750)
#9 /Applications/XAMPP/xamppfiles/htdocs/tmracing/vendor/composer/ClassLoader.php(576): include('/Applications/X...')
#10 /Applications/XAMPP/xamppfiles/htdocs/tmracing/vendor/composer/ClassLoader.php(427): {closure:Composer\\Autoload\\ClassLoader::initializeIncludeClosure():575}('/Applications/X...')
#11 /Applications/XAMPP/xamppfiles/htdocs/tmracing/vendor/laravel/framework/src/Illuminate/Collections/helpers.php(18): Composer\\Autoload\\ClassLoader->loadClass('Illuminate\\\\Supp...')
#12 /Applications/XAMPP/xamppfiles/htdocs/tmracing/vendor/laravel/framework/src/Illuminate/Foundation/PackageManifest.php(90): collect(Array)
#13 /Applications/XAMPP/xamppfiles/htdocs/tmracing/vendor/laravel/framework/src/Illuminate/Foundation/PackageManifest.php(79): Illuminate\\Foundation\\PackageManifest->config('aliases')
#14 /Applications/XAMPP/xamppfiles/htdocs/tmracing/vendor/laravel/framework/src/Illuminate/Foundation/Bootstrap/RegisterFacades.php(26): Illuminate\\Foundation\\PackageManifest->aliases()
#15 /Applications/XAMPP/xamppfiles/htdocs/tmracing/vendor/laravel/framework/src/Illuminate/Foundation/Application.php(263): Illuminate\\Foundation\\Bootstrap\\RegisterFacades->bootstrap(Object(Illuminate\\Foundation\\Application))
#16 /Applications/XAMPP/xamppfiles/htdocs/tmracing/vendor/laravel/framework/src/Illuminate/Foundation/Console/Kernel.php(447): Illuminate\\Foundation\\Application->bootstrapWith(Array)
#17 /Applications/XAMPP/xamppfiles/htdocs/tmracing/vendor/laravel/framework/src/Illuminate/Foundation/Console/Kernel.php(199): Illuminate\\Foundation\\Console\\Kernel->bootstrap()
#18 /Applications/XAMPP/xamppfiles/htdocs/tmracing/artisan(35): Illuminate\\Foundation\\Console\\Kernel->handle(Object(Symfony\\Component\\Console\\Input\\ArgvInput), Object(Symfony\\Component\\Console\\Output\\ConsoleOutput))
#19 {main}
"} 
[2025-12-12 01:42:23] laravel.WARNING: Illuminate\Support\Collection::last(): Implicitly marking parameter $callback as nullable is deprecated, the explicit nullable type must be used instead in /Applications/XAMPP/xamppfiles/htdocs/tmracing/vendor/laravel/framework/src/Illuminate/Collections/Collection.php on line 750  
[2025-12-12 01:42:23] laravel.EMERGENCY: Unable to create configured logger. Using emergency logger. {"exception":"[object] (Error(code: 0): Class \"Illuminate\\Support\\Collection\" not found at /Applications/XAMPP/xamppfiles/htdocs/tmracing/vendor/laravel/framework/src/Illuminate/Collections/helpers.php:18)
[stacktrace]
#0 /Applications/XAMPP/xamppfiles/htdocs/tmracing/vendor/laravel/framework/src/Illuminate/Log/LogManager.php(389): collect(Array)
#1 /Applications/XAMPP/xamppfiles/htdocs/tmracing/vendor/laravel/framework/src/Illuminate/Log/LogManager.php(222): Illuminate\\Log\\LogManager->createMonologDriver(Array)
#2 /Applications/XAMPP/xamppfiles/htdocs/tmracing/vendor/laravel/framework/src/Illuminate/Log/LogManager.php(137): Illuminate\\Log\\LogManager->resolve('deprecations', Array)
#3 /Applications/XAMPP/xamppfiles/htdocs/tmracing/vendor/laravel/framework/src/Illuminate/Log/LogManager.php(124): Illuminate\\Log\\LogManager->get('deprecations')
#4 /Applications/XAMPP/xamppfiles/htdocs/tmracing/vendor/laravel/framework/src/Illuminate/Log/LogManager.php(113): Illuminate\\Log\\LogManager->driver('deprecations')
#5 /Applications/XAMPP/xamppfiles/htdocs/tmracing/vendor/laravel/framework/src/Illuminate/Foundation/Bootstrap/HandleExceptions.php(102): Illuminate\\Log\\LogManager->channel('deprecations')
#6 /Applications/XAMPP/xamppfiles/htdocs/tmracing/vendor/laravel/framework/src/Illuminate/Foundation/Bootstrap/HandleExceptions.php(71): Illuminate\\Foundation\\Bootstrap\\HandleExceptions->handleDeprecationError('Illuminate\\\\Supp...', '/Applications/X...', 167, 8192)
#7 /Applications/XAMPP/xamppfiles/htdocs/tmracing/vendor/laravel/framework/src/Illuminate/Foundation/Bootstrap/HandleExceptions.php(255): Illuminate\\Foundation\\Bootstrap\\HandleExceptions->handleError(8192, 'Illuminate\\\\Supp...', '/Applications/X...', 167)
#8 /Applications/XAMPP/xamppfiles/htdocs/tmracing/vendor/composer/ClassLoader.php(576): Illuminate\\Foundation\\Bootstrap\\HandleExceptions->{closure:Illuminate\\Foundation\\Bootstrap\\HandleExceptions::forwardsTo():254}(8192, 'Illuminate\\\\Supp...', '/Applications/X...', 167)
#9 /Applications/XAMPP/xamppfiles/htdocs/tmracing/vendor/composer/ClassLoader.php(576): include('/Applications/X...')
#10 /Applications/XAMPP/xamppfiles/htdocs/tmracing/vendor/composer/ClassLoader.php(427): {closure:Composer\\Autoload\\ClassLoader::initializeIncludeClosure():575}('/Applications/X...')
#11 /Applications/XAMPP/xamppfiles/htdocs/tmracing/vendor/laravel/framework/src/Illuminate/Collections/Collection.php(21): Composer\\Autoload\\ClassLoader->loadClass('Illuminate\\\\Supp...')
#12 /Applications/XAMPP/xamppfiles/htdocs/tmracing/vendor/composer/ClassLoader.php(576): include('/Applications/X...')
#13 /Applications/XAMPP/xamppfiles/htdocs/tmracing/vendor/composer/ClassLoader.php(427): {closure:Composer\\Autoload\\ClassLoader::initializeIncludeClosure():575}('/Applications/X...')
#14 /Applications/XAMPP/xamppfiles/htdocs/tmracing/vendor/laravel/framework/src/Illuminate/Collections/helpers.php(18): Composer\\Autoload\\ClassLoader->loadClass('Illuminate\\\\Supp...')
#15 /Applications/XAMPP/xamppfiles/htdocs/tmracing/vendor/laravel/framework/src/Illuminate/Foundation/PackageManifest.php(90): collect(Array)
#16 /Applications/XAMPP/xamppfiles/htdocs/tmracing/vendor/laravel/framework/src/Illuminate/Foundation/PackageManifest.php(79): Illuminate\\Foundation\\PackageManifest->config('aliases')
#17 /Applications/XAMPP/xamppfiles/htdocs/tmracing/vendor/laravel/framework/src/Illuminate/Foundation/Bootstrap/RegisterFacades.php(26): Illuminate\\Foundation\\PackageManifest->aliases()
#18 /Applications/XAMPP/xamppfiles/htdocs/tmracing/vendor/laravel/framework/src/Illuminate/Foundation/Application.php(263): Illuminate\\Foundation\\Bootstrap\\RegisterFacades->bootstrap(Object(Illuminate\\Foundation\\Application))
#19 /Applications/XAMPP/xamppfiles/htdocs/tmracing/vendor/laravel/framework/src/Illuminate/Foundation/Console/Kernel.php(447): Illuminate\\Foundation\\Application->bootstrapWith(Array)
#20 /Applications/XAMPP/xamppfiles/htdocs/tmracing/vendor/laravel/framework/src/Illuminate/Foundation/Console/Kernel.php(199): Illuminate\\Foundation\\Console\\Kernel->bootstrap()
#21 /Applications/XAMPP/xamppfiles/htdocs/tmracing/artisan(35): Illuminate\\Foundation\\Console\\Kernel->handle(Object(Symfony\\Component\\Console\\Input\\ArgvInput), Object(Symfony\\Component\\Console\\Output\\ConsoleOutput))
#22 {main}
"} 
[2025-12-12 01:42:23] laravel.WARNING: Illuminate\Support\Traits\EnumeratesValues::times(): Implicitly marking parameter $callback as nullable is deprecated, the explicit nullable type must be used instead in /Applications/XAMPP/xamppfiles/htdocs/tmracing/vendor/laravel/framework/src/Illuminate/Collections/Traits/EnumeratesValues.php on line 167  
[2025-12-12 01:42:23] laravel.EMERGENCY: Unable to create configured logger. Using emergency logger. {"exception":"[object] (Error(code: 0): Class \"Illuminate\\Support\\Collection\" not found at /Applications/XAMPP/xamppfiles/htdocs/tmracing/vendor/laravel/framework/src/Illuminate/Collections/helpers.php:18)
[stacktrace]
#0 /Applications/XAMPP/xamppfiles/htdocs/tmracing/vendor/laravel/framework/src/Illuminate/Log/LogManager.php(389): collect(Array)
#1 /Applications/XAMPP/xamppfiles/htdocs/tmracing/vendor/laravel/framework/src/Illuminate/Log/LogManager.php(222): Illuminate\\Log\\LogManager->createMonologDriver(Array)
#2 /Applications/XAMPP/xamppfiles/htdocs/tmracing/vendor/laravel/framework/src/Illuminate/Log/LogManager.php(137): Illuminate\\Log\\LogManager->resolve('deprecations', Array)
#3 /Applications/XAMPP/xamppfiles/htdocs/tmracing/vendor/laravel/framework/src/Illuminate/Log/LogManager.php(124): Illuminate\\Log\\LogManager->get('deprecations')
#4 /Applications/XAMPP/xamppfiles/htdocs/tmracing/vendor/laravel/framework/src/Illuminate/Log/LogManager.php(113): Illuminate\\Log\\LogManager->driver('deprecations')
#5 /Applications/XAMPP/xamppfiles/htdocs/tmracing/vendor/laravel/framework/src/Illuminate/Foundation/Bootstrap/HandleExceptions.php(102): Illuminate\\Log\\LogManager->channel('deprecations')
#6 /Applications/XAMPP/xamppfiles/htdocs/tmracing/vendor/laravel/framework/src/Illuminate/Foundation/Bootstrap/HandleExceptions.php(71): Illuminate\\Foundation\\Bootstrap\\HandleExceptions->handleDeprecationError('Illuminate\\\\Supp...', '/Applications/X...', 537, 8192)
#7 /Applications/XAMPP/xamppfiles/htdocs/tmracing/vendor/laravel/framework/src/Illuminate/Foundation/Bootstrap/HandleExceptions.php(255): Illuminate\\Foundation\\Bootstrap\\HandleExceptions->handleError(8192, 'Illuminate\\\\Supp...', '/Applications/X...', 537)
#8 /Applications/XAMPP/xamppfiles/htdocs/tmracing/vendor/composer/ClassLoader.php(576): Illuminate\\Foundation\\Bootstrap\\HandleExceptions->{closure:Illuminate\\Foundation\\Bootstrap\\HandleExceptions::forwardsTo():254}(8192, 'Illuminate\\\\Supp...', '/Applications/X...', 537)
#9 /Applications/XAMPP/xamppfiles/htdocs/tmracing/vendor/composer/ClassLoader.php(576): include('/Applications/X...')
#10 /Applications/XAMPP/xamppfiles/htdocs/tmracing/vendor/composer/ClassLoader.php(427): {closure:Composer\\Autoload\\ClassLoader::initializeIncludeClosure():575}('/Applications/X...')
#11 /Applications/XAMPP/xamppfiles/htdocs/tmracing/vendor/laravel/framework/src/Illuminate/Collections/Collection.php(21): Composer\\Autoload\\ClassLoader->loadClass('Illuminate\\\\Supp...')
#12 /Applications/XAMPP/xamppfiles/htdocs/tmracing/vendor/composer/ClassLoader.php(576): include('/Applications/X...')
#13 /Applications/XAMPP/xamppfiles/htdocs/tmracing/vendor/composer/ClassLoader.php(427): {closure:Composer\\Autoload\\ClassLoader::initializeIncludeClosure():575}('/Applications/X...')
#14 /Applications/XAMPP/xamppfiles/htdocs/tmracing/vendor/laravel/framework/src/Illuminate/Collections/helpers.php(18): Composer\\Autoload\\ClassLoader->loadClass('Illuminate\\\\Supp...')
#15 /Applications/XAMPP/xamppfiles/htdocs/tmracing/vendor/laravel/framework/src/Illuminate/Foundation/PackageManifest.php(90): collect(Array)
#16 /Applications/XAMPP/xamppfiles/htdocs/tmracing/vendor/laravel/framework/src/Illuminate/Foundation/PackageManifest.php(79): Illuminate\\Foundation\\PackageManifest->config('aliases')
#17 /Applications/XAMPP/xamppfiles/htdocs/tmracing/vendor/laravel/framework/src/Illuminate/Foundation/Bootstrap/RegisterFacades.php(26): Illuminate\\Foundation\\PackageManifest->aliases()
#18 /Applications/XAMPP/xamppfiles/htdocs/tmracing/vendor/laravel/framework/src/Illuminate/Foundation/Application.php(263): Illuminate\\Foundation\\Bootstrap\\RegisterFacades->bootstrap(Object(Illuminate\\Foundation\\Application))
#19 /Applications/XAMPP/xamppfiles/htdocs/tmracing/vendor/laravel/framework/src/Illuminate/Foundation/Console/Kernel.php(447): Illuminate\\Foundation\\Application->bootstrapWith(Array)
#20 /Applications/XAMPP/xamppfiles/htdocs/tmracing/vendor/laravel/framework/src/Illuminate/Foundation/Console/Kernel.php(199): Illuminate\\Foundation\\Console\\Kernel->bootstrap()
#21 /Applications/XAMPP/xamppfiles/htdocs/tmracing/artisan(35): Illuminate\\Foundation\\Console\\Kernel->handle(Object(Symfony\\Component\\Console\\Input\\ArgvInput), Object(Symfony\\Component\\Console\\Output\\ConsoleOutput))
#22 {main}
"} 
[2025-12-12 01:42:23] laravel.WARNING: Illuminate\Support\Traits\EnumeratesValues::whenEmpty(): Implicitly marking parameter $default as nullable is deprecated, the explicit nullable type must be used instead in /Applications/XAMPP/xamppfiles/htdocs/tmracing/vendor/laravel/framework/src/Illuminate/Collections/Traits/EnumeratesValues.php on line 537  
[2025-12-12 01:42:23] laravel.EMERGENCY: Unable to create configured logger. Using emergency logger. {"exception":"[object] (Error(code: 0): Class \"Illuminate\\Support\\Collection\" not found at /Applications/XAMPP/xamppfiles/htdocs/tmracing/vendor/laravel/framework/src/Illuminate/Collections/helpers.php:18)
[stacktrace]
#0 /Applications/XAMPP/xamppfiles/htdocs/tmracing/vendor/laravel/framework/src/Illuminate/Log/LogManager.php(389): collect(Array)
#1 /Applications/XAMPP/xamppfiles/htdocs/tmracing/vendor/laravel/framework/src/Illuminate/Log/LogManager.php(222): Illuminate\\Log\\LogManager->createMonologDriver(Array)
#2 /Applications/XAMPP/xamppfiles/htdocs/tmracing/vendor/laravel/framework/src/Illuminate/Log/LogManager.php(137): Illuminate\\Log\\LogManager->resolve('deprecations', Array)
#3 /Applications/XAMPP/xamppfiles/htdocs/tmracing/vendor/laravel/framework/src/Illuminate/Log/LogManager.php(124): Illuminate\\Log\\LogManager->get('deprecations')
#4 /Applications/XAMPP/xamppfiles/htdocs/tmracing/vendor/laravel/framework/src/Illuminate/Log/LogManager.php(113): Illuminate\\Log\\LogManager->driver('deprecations')
#5 /Applications/XAMPP/xamppfiles/htdocs/tmracing/vendor/laravel/framework/src/Illuminate/Foundation/Bootstrap/HandleExceptions.php(102): Illuminate\\Log\\LogManager->channel('deprecations')
#6 /Applications/XAMPP/xamppfiles/htdocs/tmracing/vendor/laravel/framework/src/Illuminate/Foundation/Bootstrap/HandleExceptions.php(71): Illuminate\\Foundation\\Bootstrap\\HandleExceptions->handleDeprecationError('Illuminate\\\\Supp...', '/Applications/X...', 551, 8192)
#7 /Applications/XAMPP/xamppfiles/htdocs/tmracing/vendor/laravel/framework/src/Illuminate/Foundation/Bootstrap/HandleExceptions.php(255): Illuminate\\Foundation\\Bootstrap\\HandleExceptions->handleError(8192, 'Illuminate\\\\Supp...', '/Applications/X...', 551)
#8 /Applications/XAMPP/xamppfiles/htdocs/tmracing/vendor/composer/ClassLoader.php(576): Illuminate\\Foundation\\Bootstrap\\HandleExceptions->{closure:Illuminate\\Foundation\\Bootstrap\\HandleExceptions::forwardsTo():254}(8192, 'Illuminate\\\\Supp...', '/Applications/X...', 551)
#9 /Applications/XAMPP/xamppfiles/htdocs/tmracing/vendor/composer/ClassLoader.php(576): include('/Applications/X...')
#10 /Applications/XAMPP/xamppfiles/htdocs/tmracing/vendor/composer/ClassLoader.php(427): {closure:Composer\\Autoload\\ClassLoader::initializeIncludeClosure():575}('/Applications/X...')
#11 /Applications/XAMPP/xamppfiles/htdocs/tmracing/vendor/laravel/framework/src/Illuminate/Collections/Collection.php(21): Composer\\Autoload\\ClassLoader->loadClass('Illuminate\\\\Supp...')
#12 /Applications/XAMPP/xamppfiles/htdocs/tmracing/vendor/composer/ClassLoader.php(576): include('/Applications/X...')
#13 /Applications/XAMPP/xamppfiles/htdocs/tmracing/vendor/composer/ClassLoader.php(427): {closure:Composer\\Autoload\\ClassLoader::initializeIncludeClosure():575}('/Applications/X...')
#14 /Applications/XAMPP/xamppfiles/htdocs/tmracing/vendor/laravel/framework/src/Illuminate/Collections/helpers.php(18): Composer\\Autoload\\ClassLoader->loadClass('Illuminate\\\\Supp...')
#15 /Applications/XAMPP/xamppfiles/htdocs/tmracing/vendor/laravel/framework/src/Illuminate/Foundation/PackageManifest.php(90): collect(Array)
#16 /Applications/XAMPP/xamppfiles/htdocs/tmracing/vendor/laravel/framework/src/Illuminate/Foundation/PackageManifest.php(79): Illuminate\\Foundation\\PackageManifest->config('aliases')
#17 /Applications/XAMPP/xamppfiles/htdocs/tmracing/vendor/laravel/framework/src/Illuminate/Foundation/Bootstrap/RegisterFacades.php(26): Illuminate\\Foundation\\PackageManifest->aliases()
#18 /Applications/XAMPP/xamppfiles/htdocs/tmracing/vendor/laravel/framework/src/Illuminate/Foundation/Application.php(263): Illuminate\\Foundation\\Bootstrap\\RegisterFacades->bootstrap(Object(Illuminate\\Foundation\\Application))
#19 /Applications/XAMPP/xamppfiles/htdocs/tmracing/vendor/laravel/framework/src/Illuminate/Foundation/Console/Kernel.php(447): Illuminate\\Foundation\\Application->bootstrapWith(Array)
#20 /Applications/XAMPP/xamppfiles/htdocs/tmracing/vendor/laravel/framework/src/Illuminate/Foundation/Console/Kernel.php(199): Illuminate\\Foundation\\Console\\Kernel->bootstrap()
#21 /Applications/XAMPP/xamppfiles/htdocs/tmracing/artisan(35): Illuminate\\Foundation\\Console\\Kernel->handle(Object(Symfony\\Component\\Console\\Input\\ArgvInput), Object(Symfony\\Component\\Console\\Output\\ConsoleOutput))
#22 {main}
"} 
[2025-12-12 01:42:23] laravel.WARNING: Illuminate\Support\Traits\EnumeratesValues::whenNotEmpty(): Implicitly marking parameter $default as nullable is deprecated, the explicit nullable type must be used instead in /Applications/XAMPP/xamppfiles/htdocs/tmracing/vendor/laravel/framework/src/Illuminate/Collections/Traits/EnumeratesValues.php on line 551  
[2025-12-12 01:42:23] laravel.EMERGENCY: Unable to create configured logger. Using emergency logger. {"exception":"[object] (Error(code: 0): Class \"Illuminate\\Support\\Collection\" not found at /Applications/XAMPP/xamppfiles/htdocs/tmracing/vendor/laravel/framework/src/Illuminate/Collections/helpers.php:18)
[stacktrace]
#0 /Applications/XAMPP/xamppfiles/htdocs/tmracing/vendor/laravel/framework/src/Illuminate/Log/LogManager.php(389): collect(Array)
#1 /Applications/XAMPP/xamppfiles/htdocs/tmracing/vendor/laravel/framework/src/Illuminate/Log/LogManager.php(222): Illuminate\\Log\\LogManager->createMonologDriver(Array)
#2 /Applications/XAMPP/xamppfiles/htdocs/tmracing/vendor/laravel/framework/src/Illuminate/Log/LogManager.php(137): Illuminate\\Log\\LogManager->resolve('deprecations', Array)
#3 /Applications/XAMPP/xamppfiles/htdocs/tmracing/vendor/laravel/framework/src/Illuminate/Log/LogManager.php(124): Illuminate\\Log\\LogManager->get('deprecations')
#4 /Applications/XAMPP/xamppfiles/htdocs/tmracing/vendor/laravel/framework/src/Illuminate/Log/LogManager.php(113): Illuminate\\Log\\LogManager->driver('deprecations')
#5 /Applications/XAMPP/xamppfiles/htdocs/tmracing/vendor/laravel/framework/src/Illuminate/Foundation/Bootstrap/HandleExceptions.php(102): Illuminate\\Log\\LogManager->channel('deprecations')
#6 /Applications/XAMPP/xamppfiles/htdocs/tmracing/vendor/laravel/framework/src/Illuminate/Foundation/Bootstrap/HandleExceptions.php(71): Illuminate\\Foundation\\Bootstrap\\HandleExceptions->handleDeprecationError('Illuminate\\\\Supp...', '/Applications/X...', 565, 8192)
#7 /Applications/XAMPP/xamppfiles/htdocs/tmracing/vendor/laravel/framework/src/Illuminate/Foundation/Bootstrap/HandleExceptions.php(255): Illuminate\\Foundation\\Bootstrap\\HandleExceptions->handleError(8192, 'Illuminate\\\\Supp...', '/Applications/X...', 565)
#8 /Applications/XAMPP/xamppfiles/htdocs/tmracing/vendor/composer/ClassLoader.php(576): Illuminate\\Foundation\\Bootstrap\\HandleExceptions->{closure:Illuminate\\Foundation\\Bootstrap\\HandleExceptions::forwardsTo():254}(8192, 'Illuminate\\\\Supp...', '/Applications/X...', 565)
#9 /Applications/XAMPP/xamppfiles/htdocs/tmracing/vendor/composer/ClassLoader.php(576): include('/Applications/X...')
#10 /Applications/XAMPP/xamppfiles/htdocs/tmracing/vendor/composer/ClassLoader.php(427): {closure:Composer\\Autoload\\ClassLoader::initializeIncludeClosure():575}('/Applications/X...')
#11 /Applications/XAMPP/xamppfiles/htdocs/tmracing/vendor/laravel/framework/src/Illuminate/Collections/Collection.php(21): Composer\\Autoload\\ClassLoader->loadClass('Illuminate\\\\Supp...')
#12 /Applications/XAMPP/xamppfiles/htdocs/tmracing/vendor/composer/ClassLoader.php(576): include('/Applications/X...')
#13 /Applications/XAMPP/xamppfiles/htdocs/tmracing/vendor/composer/ClassLoader.php(427): {closure:Composer\\Autoload\\ClassLoader::initializeIncludeClosure():575}('/Applications/X...')
#14 /Applications/XAMPP/xamppfiles/htdocs/tmracing/vendor/laravel/framework/src/Illuminate/Collections/helpers.php(18): Composer\\Autoload\\ClassLoader->loadClass('Illuminate\\\\Supp...')
#15 /Applications/XAMPP/xamppfiles/htdocs/tmracing/vendor/laravel/framework/src/Illuminate/Foundation/PackageManifest.php(90): collect(Array)
#16 /Applications/XAMPP/xamppfiles/htdocs/tmracing/vendor/laravel/framework/src/Illuminate/Foundation/PackageManifest.php(79): Illuminate\\Foundation\\PackageManifest->config('aliases')
#17 /Applications/XAMPP/xamppfiles/htdocs/tmracing/vendor/laravel/framework/src/Illuminate/Foundation/Bootstrap/RegisterFacades.php(26): Illuminate\\Foundation\\PackageManifest->aliases()
#18 /Applications/XAMPP/xamppfiles/htdocs/tmracing/vendor/laravel/framework/src/Illuminate/Foundation/Application.php(263): Illuminate\\Foundation\\Bootstrap\\RegisterFacades->bootstrap(Object(Illuminate\\Foundation\\Application))
#19 /Applications/XAMPP/xamppfiles/htdocs/tmracing/vendor/laravel/framework/src/Illuminate/Foundation/Console/Kernel.php(447): Illuminate\\Foundation\\Application->bootstrapWith(Array)
#20 /Applications/XAMPP/xamppfiles/htdocs/tmracing/vendor/laravel/framework/src/Illuminate/Foundation/Console/Kernel.php(199): Illuminate\\Foundation\\Console\\Kernel->bootstrap()
#21 /Applications/XAMPP/xamppfiles/htdocs/tmracing/artisan(35): Illuminate\\Foundation\\Console\\Kernel->handle(Object(Symfony\\Component\\Console\\Input\\ArgvInput), Object(Symfony\\Component\\Console\\Output\\ConsoleOutput))
#22 {main}
"} 
[2025-12-12 01:42:23] laravel.WARNING: Illuminate\Support\Traits\EnumeratesValues::unlessEmpty(): Implicitly marking parameter $default as nullable is deprecated, the explicit nullable type must be used instead in /Applications/XAMPP/xamppfiles/htdocs/tmracing/vendor/laravel/framework/src/Illuminate/Collections/Traits/EnumeratesValues.php on line 565  
[2025-12-12 01:42:23] laravel.EMERGENCY: Unable to create configured logger. Using emergency logger. {"exception":"[object] (Error(code: 0): Class \"Illuminate\\Support\\Collection\" not found at /Applications/XAMPP/xamppfiles/htdocs/tmracing/vendor/laravel/framework/src/Illuminate/Collections/helpers.php:18)
[stacktrace]
#0 /Applications/XAMPP/xamppfiles/htdocs/tmracing/vendor/laravel/framework/src/Illuminate/Log/LogManager.php(389): collect(Array)
#1 /Applications/XAMPP/xamppfiles/htdocs/tmracing/vendor/laravel/framework/src/Illuminate/Log/LogManager.php(222): Illuminate\\Log\\LogManager->createMonologDriver(Array)
#2 /Applications/XAMPP/xamppfiles/htdocs/tmracing/vendor/laravel/framework/src/Illuminate/Log/LogManager.php(137): Illuminate\\Log\\LogManager->resolve('deprecations', Array)
#3 /Applications/XAMPP/xamppfiles/htdocs/tmracing/vendor/laravel/framework/src/Illuminate/Log/LogManager.php(124): Illuminate\\Log\\LogManager->get('deprecations')
#4 /Applications/XAMPP/xamppfiles/htdocs/tmracing/vendor/laravel/framework/src/Illuminate/Log/LogManager.php(113): Illuminate\\Log\\LogManager->driver('deprecations')
#5 /Applications/XAMPP/xamppfiles/htdocs/tmracing/vendor/laravel/framework/src/Illuminate/Foundation/Bootstrap/HandleExceptions.php(102): Illuminate\\Log\\LogManager->channel('deprecations')
#6 /Applications/XAMPP/xamppfiles/htdocs/tmracing/vendor/laravel/framework/src/Illuminate/Foundation/Bootstrap/HandleExceptions.php(71): Illuminate\\Foundation\\Bootstrap\\HandleExceptions->handleDeprecationError('Illuminate\\\\Supp...', '/Applications/X...', 579, 8192)
#7 /Applications/XAMPP/xamppfiles/htdocs/tmracing/vendor/laravel/framework/src/Illuminate/Foundation/Bootstrap/HandleExceptions.php(255): Illuminate\\Foundation\\Bootstrap\\HandleExceptions->handleError(8192, 'Illuminate\\\\Supp...', '/Applications/X...', 579)
#8 /Applications/XAMPP/xamppfiles/htdocs/tmracing/vendor/composer/ClassLoader.php(576): Illuminate\\Foundation\\Bootstrap\\HandleExceptions->{closure:Illuminate\\Foundation\\Bootstrap\\HandleExceptions::forwardsTo():254}(8192, 'Illuminate\\\\Supp...', '/Applications/X...', 579)
#9 /Applications/XAMPP/xamppfiles/htdocs/tmracing/vendor/composer/ClassLoader.php(576): include('/Applications/X...')
#10 /Applications/XAMPP/xamppfiles/htdocs/tmracing/vendor/composer/ClassLoader.php(427): {closure:Composer\\Autoload\\ClassLoader::initializeIncludeClosure():575}('/Applications/X...')
#11 /Applications/XAMPP/xamppfiles/htdocs/tmracing/vendor/laravel/framework/src/Illuminate/Collections/Collection.php(21): Composer\\Autoload\\ClassLoader->loadClass('Illuminate\\\\Supp...')
#12 /Applications/XAMPP/xamppfiles/htdocs/tmracing/vendor/composer/ClassLoader.php(576): include('/Applications/X...')
#13 /Applications/XAMPP/xamppfiles/htdocs/tmracing/vendor/composer/ClassLoader.php(427): {closure:Composer\\Autoload\\ClassLoader::initializeIncludeClosure():575}('/Applications/X...')
#14 /Applications/XAMPP/xamppfiles/htdocs/tmracing/vendor/laravel/framework/src/Illuminate/Collections/helpers.php(18): Composer\\Autoload\\ClassLoader->loadClass('Illuminate\\\\Supp...')
#15 /Applications/XAMPP/xamppfiles/htdocs/tmracing/vendor/laravel/framework/src/Illuminate/Foundation/PackageManifest.php(90): collect(Array)
#16 /Applications/XAMPP/xamppfiles/htdocs/tmracing/vendor/laravel/framework/src/Illuminate/Foundation/PackageManifest.php(79): Illuminate\\Foundation\\PackageManifest->config('aliases')
#17 /Applications/XAMPP/xamppfiles/htdocs/tmracing/vendor/laravel/framework/src/Illuminate/Foundation/Bootstrap/RegisterFacades.php(26): Illuminate\\Foundation\\PackageManifest->aliases()
#18 /Applications/XAMPP/xamppfiles/htdocs/tmracing/vendor/laravel/framework/src/Illuminate/Foundation/Application.php(263): Illuminate\\Foundation\\Bootstrap\\RegisterFacades->bootstrap(Object(Illuminate\\Foundation\\Application))
#19 /Applications/XAMPP/xamppfiles/htdocs/tmracing/vendor/laravel/framework/src/Illuminate/Foundation/Console/Kernel.php(447): Illuminate\\Foundation\\Application->bootstrapWith(Array)
#20 /Applications/XAMPP/xamppfiles/htdocs/tmracing/vendor/laravel/framework/src/Illuminate/Foundation/Console/Kernel.php(199): Illuminate\\Foundation\\Console\\Kernel->bootstrap()
#21 /Applications/XAMPP/xamppfiles/htdocs/tmracing/artisan(35): Illuminate\\Foundation\\Console\\Kernel->handle(Object(Symfony\\Component\\Console\\Input\\ArgvInput), Object(Symfony\\Component\\Console\\Output\\ConsoleOutput))
#22 {main}
"} 
[2025-12-12 01:42:23] laravel.WARNING: Illuminate\Support\Traits\EnumeratesValues::unlessNotEmpty(): Implicitly marking parameter $default as nullable is deprecated, the explicit nullable type must be used instead in /Applications/XAMPP/xamppfiles/htdocs/tmracing/vendor/laravel/framework/src/Illuminate/Collections/Traits/EnumeratesValues.php on line 579  
[2025-12-12 01:42:23] laravel.EMERGENCY: Unable to create configured logger. Using emergency logger. {"exception":"[object] (Error(code: 0): Class \"Illuminate\\Support\\Collection\" not found at /Applications/XAMPP/xamppfiles/htdocs/tmracing/vendor/laravel/framework/src/Illuminate/Collections/helpers.php:18)
[stacktrace]
#0 /Applications/XAMPP/xamppfiles/htdocs/tmracing/vendor/laravel/framework/src/Illuminate/Log/LogManager.php(389): collect(Array)
#1 /Applications/XAMPP/xamppfiles/htdocs/tmracing/vendor/laravel/framework/src/Illuminate/Log/LogManager.php(222): Illuminate\\Log\\LogManager->createMonologDriver(Array)
#2 /Applications/XAMPP/xamppfiles/htdocs/tmracing/vendor/laravel/framework/src/Illuminate/Log/LogManager.php(137): Illuminate\\Log\\LogManager->resolve('deprecations', Array)
#3 /Applications/XAMPP/xamppfiles/htdocs/tmracing/vendor/laravel/framework/src/Illuminate/Log/LogManager.php(124): Illuminate\\Log\\LogManager->get('deprecations')
#4 /Applications/XAMPP/xamppfiles/htdocs/tmracing/vendor/laravel/framework/src/Illuminate/Log/LogManager.php(113): Illuminate\\Log\\LogManager->driver('deprecations')
#5 /Applications/XAMPP/xamppfiles/htdocs/tmracing/vendor/laravel/framework/src/Illuminate/Foundation/Bootstrap/HandleExceptions.php(102): Illuminate\\Log\\LogManager->channel('deprecations')
#6 /Applications/XAMPP/xamppfiles/htdocs/tmracing/vendor/laravel/framework/src/Illuminate/Foundation/Bootstrap/HandleExceptions.php(71): Illuminate\\Foundation\\Bootstrap\\HandleExceptions->handleDeprecationError('Illuminate\\\\Supp...', '/Applications/X...', 41, 8192)
#7 /Applications/XAMPP/xamppfiles/htdocs/tmracing/vendor/laravel/framework/src/Illuminate/Foundation/Bootstrap/HandleExceptions.php(255): Illuminate\\Foundation\\Bootstrap\\HandleExceptions->handleError(8192, 'Illuminate\\\\Supp...', '/Applications/X...', 41)
#8 /Applications/XAMPP/xamppfiles/htdocs/tmracing/vendor/composer/ClassLoader.php(576): Illuminate\\Foundation\\Bootstrap\\HandleExceptions->{closure:Illuminate\\Foundation\\Bootstrap\\HandleExceptions::forwardsTo():254}(8192, 'Illuminate\\\\Supp...', '/Applications/X...', 41)
#9 /Applications/XAMPP/xamppfiles/htdocs/tmracing/vendor/composer/ClassLoader.php(576): include('/Applications/X...')
#10 /Applications/XAMPP/xamppfiles/htdocs/tmracing/vendor/composer/ClassLoader.php(427): {closure:Composer\\Autoload\\ClassLoader::initializeIncludeClosure():575}('/Applications/X...')
#11 /Applications/XAMPP/xamppfiles/htdocs/tmracing/vendor/laravel/framework/src/Illuminate/Collections/Collection.php(21): Composer\\Autoload\\ClassLoader->loadClass('Illuminate\\\\Supp...')
#12 /Applications/XAMPP/xamppfiles/htdocs/tmracing/vendor/composer/ClassLoader.php(576): include('/Applications/X...')
#13 /Applications/XAMPP/xamppfiles/htdocs/tmracing/vendor/composer/ClassLoader.php(427): {closure:Composer\\Autoload\\ClassLoader::initializeIncludeClosure():575}('/Applications/X...')
#14 /Applications/XAMPP/xamppfiles/htdocs/tmracing/vendor/laravel/framework/src/Illuminate/Collections/helpers.php(18): Composer\\Autoload\\ClassLoader->loadClass('Illuminate\\\\Supp...')
#15 /Applications/XAMPP/xamppfiles/htdocs/tmracing/vendor/laravel/framework/src/Illuminate/Foundation/PackageManifest.php(90): collect(Array)
#16 /Applications/XAMPP/xamppfiles/htdocs/tmracing/vendor/laravel/framework/src/Illuminate/Foundation/PackageManifest.php(79): Illuminate\\Foundation\\PackageManifest->config('aliases')
#17 /Applications/XAMPP/xamppfiles/htdocs/tmracing/vendor/laravel/framework/src/Illuminate/Foundation/Bootstrap/RegisterFacades.php(26): Illuminate\\Foundation\\PackageManifest->aliases()
#18 /Applications/XAMPP/xamppfiles/htdocs/tmracing/vendor/laravel/framework/src/Illuminate/Foundation/Application.php(263): Illuminate\\Foundation\\Bootstrap\\RegisterFacades->bootstrap(Object(Illuminate\\Foundation\\Application))
#19 /Applications/XAMPP/xamppfiles/htdocs/tmracing/vendor/laravel/framework/src/Illuminate/Foundation/Console/Kernel.php(447): Illuminate\\Foundation\\Application->bootstrapWith(Array)
#20 /Applications/XAMPP/xamppfiles/htdocs/tmracing/vendor/laravel/framework/src/Illuminate/Foundation/Console/Kernel.php(199): Illuminate\\Foundation\\Console\\Kernel->bootstrap()
#21 /Applications/XAMPP/xamppfiles/htdocs/tmracing/artisan(35): Illuminate\\Foundation\\Console\\Kernel->handle(Object(Symfony\\Component\\Console\\Input\\ArgvInput), Object(Symfony\\Component\\Console\\Output\\ConsoleOutput))
#22 {main}
"} 
[2025-12-12 01:42:23] laravel.WARNING: Illuminate\Support\Enumerable::times(): Implicitly marking parameter $callback as nullable is deprecated, the explicit nullable type must be used instead in /Applications/XAMPP/xamppfiles/htdocs/tmracing/vendor/laravel/framework/src/Illuminate/Collections/Enumerable.php on line 41  
[2025-12-12 01:42:23] laravel.EMERGENCY: Unable to create configured logger. Using emergency logger. {"exception":"[object] (Error(code: 0): Class \"Illuminate\\Support\\Collection\" not found at /Applications/XAMPP/xamppfiles/htdocs/tmracing/vendor/laravel/framework/src/Illuminate/Collections/helpers.php:18)
[stacktrace]
#0 /Applications/XAMPP/xamppfiles/htdocs/tmracing/vendor/laravel/framework/src/Illuminate/Log/LogManager.php(389): collect(Array)
#1 /Applications/XAMPP/xamppfiles/htdocs/tmracing/vendor/laravel/framework/src/Illuminate/Log/LogManager.php(222): Illuminate\\Log\\LogManager->createMonologDriver(Array)
#2 /Applications/XAMPP/xamppfiles/htdocs/tmracing/vendor/laravel/framework/src/Illuminate/Log/LogManager.php(137): Illuminate\\Log\\LogManager->resolve('deprecations', Array)
#3 /Applications/XAMPP/xamppfiles/htdocs/tmracing/vendor/laravel/framework/src/Illuminate/Log/LogManager.php(124): Illuminate\\Log\\LogManager->get('deprecations')
#4 /Applications/XAMPP/xamppfiles/htdocs/tmracing/vendor/laravel/framework/src/Illuminate/Log/LogManager.php(113): Illuminate\\Log\\LogManager->driver('deprecations')
#5 /Applications/XAMPP/xamppfiles/htdocs/tmracing/vendor/laravel/framework/src/Illuminate/Foundation/Bootstrap/HandleExceptions.php(102): Illuminate\\Log\\LogManager->channel('deprecations')
#6 /Applications/XAMPP/xamppfiles/htdocs/tmracing/vendor/laravel/framework/src/Illuminate/Foundation/Bootstrap/HandleExceptions.php(71): Illuminate\\Foundation\\Bootstrap\\HandleExceptions->handleDeprecationError('Illuminate\\\\Supp...', '/Applications/X...', 299, 8192)
#7 /Applications/XAMPP/xamppfiles/htdocs/tmracing/vendor/laravel/framework/src/Illuminate/Foundation/Bootstrap/HandleExceptions.php(255): Illuminate\\Foundation\\Bootstrap\\HandleExceptions->handleError(8192, 'Illuminate\\\\Supp...', '/Applications/X...', 299)
#8 /Applications/XAMPP/xamppfiles/htdocs/tmracing/vendor/composer/ClassLoader.php(576): Illuminate\\Foundation\\Bootstrap\\HandleExceptions->{closure:Illuminate\\Foundation\\Bootstrap\\HandleExceptions::forwardsTo():254}(8192, 'Illuminate\\\\Supp...', '/Applications/X...', 299)
#9 /Applications/XAMPP/xamppfiles/htdocs/tmracing/vendor/composer/ClassLoader.php(576): include('/Applications/X...')
#10 /Applications/XAMPP/xamppfiles/htdocs/tmracing/vendor/composer/ClassLoader.php(427): {closure:Composer\\Autoload\\ClassLoader::initializeIncludeClosure():575}('/Applications/X...')
#11 /Applications/XAMPP/xamppfiles/htdocs/tmracing/vendor/laravel/framework/src/Illuminate/Collections/Collection.php(21): Composer\\Autoload\\ClassLoader->loadClass('Illuminate\\\\Supp...')
#12 /Applications/XAMPP/xamppfiles/htdocs/tmracing/vendor/composer/ClassLoader.php(576): include('/Applications/X...')
#13 /Applications/XAMPP/xamppfiles/htdocs/tmracing/vendor/composer/ClassLoader.php(427): {closure:Composer\\Autoload\\ClassLoader::initializeIncludeClosure():575}('/Applications/X...')
#14 /Applications/XAMPP/xamppfiles/htdocs/tmracing/vendor/laravel/framework/src/Illuminate/Collections/helpers.php(18): Composer\\Autoload\\ClassLoader->loadClass('Illuminate\\\\Supp...')
#15 /Applications/XAMPP/xamppfiles/htdocs/tmracing/vendor/laravel/framework/src/Illuminate/Foundation/PackageManifest.php(90): collect(Array)
#16 /Applications/XAMPP/xamppfiles/htdocs/tmracing/vendor/laravel/framework/src/Illuminate/Foundation/PackageManifest.php(79): Illuminate\\Foundation\\PackageManifest->config('aliases')
#17 /Applications/XAMPP/xamppfiles/htdocs/tmracing/vendor/laravel/framework/src/Illuminate/Foundation/Bootstrap/RegisterFacades.php(26): Illuminate\\Foundation\\PackageManifest->aliases()
#18 /Applications/XAMPP/xamppfiles/htdocs/tmracing/vendor/laravel/framework/src/Illuminate/Foundation/Application.php(263): Illuminate\\Foundation\\Bootstrap\\RegisterFacades->bootstrap(Object(Illuminate\\Foundation\\Application))
#19 /Applications/XAMPP/xamppfiles/htdocs/tmracing/vendor/laravel/framework/src/Illuminate/Foundation/Console/Kernel.php(447): Illuminate\\Foundation\\Application->bootstrapWith(Array)
#20 /Applications/XAMPP/xamppfiles/htdocs/tmracing/vendor/laravel/framework/src/Illuminate/Foundation/Console/Kernel.php(199): Illuminate\\Foundation\\Console\\Kernel->bootstrap()
#21 /Applications/XAMPP/xamppfiles/htdocs/tmracing/artisan(35): Illuminate\\Foundation\\Console\\Kernel->handle(Object(Symfony\\Component\\Console\\Input\\ArgvInput), Object(Symfony\\Component\\Console\\Output\\ConsoleOutput))
#22 {main}
"} 
[2025-12-12 01:42:23] laravel.WARNING: Illuminate\Support\Enumerable::filter(): Implicitly marking parameter $callback as nullable is deprecated, the explicit nullable type must be used instead in /Applications/XAMPP/xamppfiles/htdocs/tmracing/vendor/laravel/framework/src/Illuminate/Collections/Enumerable.php on line 299  
[2025-12-12 01:42:23] laravel.EMERGENCY: Unable to create configured logger. Using emergency logger. {"exception":"[object] (Error(code: 0): Class \"Illuminate\\Support\\Collection\" not found at /Applications/XAMPP/xamppfiles/htdocs/tmracing/vendor/laravel/framework/src/Illuminate/Collections/helpers.php:18)
[stacktrace]
#0 /Applications/XAMPP/xamppfiles/htdocs/tmracing/vendor/laravel/framework/src/Illuminate/Log/LogManager.php(389): collect(Array)
#1 /Applications/XAMPP/xamppfiles/htdocs/tmracing/vendor/laravel/framework/src/Illuminate/Log/LogManager.php(222): Illuminate\\Log\\LogManager->createMonologDriver(Array)
#2 /Applications/XAMPP/xamppfiles/htdocs/tmracing/vendor/laravel/framework/src/Illuminate/Log/LogManager.php(137): Illuminate\\Log\\LogManager->resolve('deprecations', Array)
#3 /Applications/XAMPP/xamppfiles/htdocs/tmracing/vendor/laravel/framework/src/Illuminate/Log/LogManager.php(124): Illuminate\\Log\\LogManager->get('deprecations')
#4 /Applications/XAMPP/xamppfiles/htdocs/tmracing/vendor/laravel/framework/src/Illuminate/Log/LogManager.php(113): Illuminate\\Log\\LogManager->driver('deprecations')
#5 /Applications/XAMPP/xamppfiles/htdocs/tmracing/vendor/laravel/framework/src/Illuminate/Foundation/Bootstrap/HandleExceptions.php(102): Illuminate\\Log\\LogManager->channel('deprecations')
#6 /Applications/XAMPP/xamppfiles/htdocs/tmracing/vendor/laravel/framework/src/Illuminate/Foundation/Bootstrap/HandleExceptions.php(71): Illuminate\\Foundation\\Bootstrap\\HandleExceptions->handleDeprecationError('Illuminate\\\\Supp...', '/Applications/X...', 311, 8192)
#7 /Applications/XAMPP/xamppfiles/htdocs/tmracing/vendor/laravel/framework/src/Illuminate/Foundation/Bootstrap/HandleExceptions.php(255): Illuminate\\Foundation\\Bootstrap\\HandleExceptions->handleError(8192, 'Illuminate\\\\Supp...', '/Applications/X...', 311)
#8 /Applications/XAMPP/xamppfiles/htdocs/tmracing/vendor/composer/ClassLoader.php(576): Illuminate\\Foundation\\Bootstrap\\HandleExceptions->{closure:Illuminate\\Foundation\\Bootstrap\\HandleExceptions::forwardsTo():254}(8192, 'Illuminate\\\\Supp...', '/Applications/X...', 311)
#9 /Applications/XAMPP/xamppfiles/htdocs/tmracing/vendor/composer/ClassLoader.php(576): include('/Applications/X...')
#10 /Applications/XAMPP/xamppfiles/htdocs/tmracing/vendor/composer/ClassLoader.php(427): {closure:Composer\\Autoload\\ClassLoader::initializeIncludeClosure():575}('/Applications/X...')
#11 /Applications/XAMPP/xamppfiles/htdocs/tmracing/vendor/laravel/framework/src/Illuminate/Collections/Collection.php(21): Composer\\Autoload\\ClassLoader->loadClass('Illuminate\\\\Supp...')
#12 /Applications/XAMPP/xamppfiles/htdocs/tmracing/vendor/composer/ClassLoader.php(576): include('/Applications/X...')
#13 /Applications/XAMPP/xamppfiles/htdocs/tmracing/vendor/composer/ClassLoader.php(427): {closure:Composer\\Autoload\\ClassLoader::initializeIncludeClosure():575}('/Applications/X...')
#14 /Applications/XAMPP/xamppfiles/htdocs/tmracing/vendor/laravel/framework/src/Illuminate/Collections/helpers.php(18): Composer\\Autoload\\ClassLoader->loadClass('Illuminate\\\\Supp...')
#15 /Applications/XAMPP/xamppfiles/htdocs/tmracing/vendor/laravel/framework/src/Illuminate/Foundation/PackageManifest.php(90): collect(Array)
#16 /Applications/XAMPP/xamppfiles/htdocs/tmracing/vendor/laravel/framework/src/Illuminate/Foundation/PackageManifest.php(79): Illuminate\\Foundation\\PackageManifest->config('aliases')
#17 /Applications/XAMPP/xamppfiles/htdocs/tmracing/vendor/laravel/framework/src/Illuminate/Foundation/Bootstrap/RegisterFacades.php(26): Illuminate\\Foundation\\PackageManifest->aliases()
#18 /Applications/XAMPP/xamppfiles/htdocs/tmracing/vendor/laravel/framework/src/Illuminate/Foundation/Application.php(263): Illuminate\\Foundation\\Bootstrap\\RegisterFacades->bootstrap(Object(Illuminate\\Foundation\\Application))
#19 /Applications/XAMPP/xamppfiles/htdocs/tmracing/vendor/laravel/framework/src/Illuminate/Foundation/Console/Kernel.php(447): Illuminate\\Foundation\\Application->bootstrapWith(Array)
#20 /Applications/XAMPP/xamppfiles/htdocs/tmracing/vendor/laravel/framework/src/Illuminate/Foundation/Console/Kernel.php(199): Illuminate\\Foundation\\Console\\Kernel->bootstrap()
#21 /Applications/XAMPP/xamppfiles/htdocs/tmracing/artisan(35): Illuminate\\Foundation\\Console\\Kernel->handle(Object(Symfony\\Component\\Console\\Input\\ArgvInput), Object(Symfony\\Component\\Console\\Output\\ConsoleOutput))
#22 {main}
"} 
[2025-12-12 01:42:23] laravel.WARNING: Illuminate\Support\Enumerable::when(): Implicitly marking parameter $callback as nullable is deprecated, the explicit nullable type must be used instead in /Applications/XAMPP/xamppfiles/htdocs/tmracing/vendor/laravel/framework/src/Illuminate/Collections/Enumerable.php on line 311  
[2025-12-12 01:42:23] laravel.EMERGENCY: Unable to create configured logger. Using emergency logger. {"exception":"[object] (Error(code: 0): Class \"Illuminate\\Support\\Collection\" not found at /Applications/XAMPP/xamppfiles/htdocs/tmracing/vendor/laravel/framework/src/Illuminate/Collections/helpers.php:18)
[stacktrace]
#0 /Applications/XAMPP/xamppfiles/htdocs/tmracing/vendor/laravel/framework/src/Illuminate/Log/LogManager.php(389): collect(Array)
#1 /Applications/XAMPP/xamppfiles/htdocs/tmracing/vendor/laravel/framework/src/Illuminate/Log/LogManager.php(222): Illuminate\\Log\\LogManager->createMonologDriver(Array)
#2 /Applications/XAMPP/xamppfiles/htdocs/tmracing/vendor/laravel/framework/src/Illuminate/Log/LogManager.php(137): Illuminate\\Log\\LogManager->resolve('deprecations', Array)
#3 /Applications/XAMPP/xamppfiles/htdocs/tmracing/vendor/laravel/framework/src/Illuminate/Log/LogManager.php(124): Illuminate\\Log\\LogManager->get('deprecations')
#4 /Applications/XAMPP/xamppfiles/htdocs/tmracing/vendor/laravel/framework/src/Illuminate/Log/LogManager.php(113): Illuminate\\Log\\LogManager->driver('deprecations')
#5 /Applications/XAMPP/xamppfiles/htdocs/tmracing/vendor/laravel/framework/src/Illuminate/Foundation/Bootstrap/HandleExceptions.php(102): Illuminate\\Log\\LogManager->channel('deprecations')
#6 /Applications/XAMPP/xamppfiles/htdocs/tmracing/vendor/laravel/framework/src/Illuminate/Foundation/Bootstrap/HandleExceptions.php(71): Illuminate\\Foundation\\Bootstrap\\HandleExceptions->handleDeprecationError('Illuminate\\\\Supp...', '/Applications/X...', 311, 8192)
#7 /Applications/XAMPP/xamppfiles/htdocs/tmracing/vendor/laravel/framework/src/Illuminate/Foundation/Bootstrap/HandleExceptions.php(255): Illuminate\\Foundation\\Bootstrap\\HandleExceptions->handleError(8192, 'Illuminate\\\\Supp...', '/Applications/X...', 311)
#8 /Applications/XAMPP/xamppfiles/htdocs/tmracing/vendor/composer/ClassLoader.php(576): Illuminate\\Foundation\\Bootstrap\\HandleExceptions->{closure:Illuminate\\Foundation\\Bootstrap\\HandleExceptions::forwardsTo():254}(8192, 'Illuminate\\\\Supp...', '/Applications/X...', 311)
#9 /Applications/XAMPP/xamppfiles/htdocs/tmracing/vendor/composer/ClassLoader.php(576): include('/Applications/X...')
#10 /Applications/XAMPP/xamppfiles/htdocs/tmracing/vendor/composer/ClassLoader.php(427): {closure:Composer\\Autoload\\ClassLoader::initializeIncludeClosure():575}('/Applications/X...')
#11 /Applications/XAMPP/xamppfiles/htdocs/tmracing/vendor/laravel/framework/src/Illuminate/Collections/Collection.php(21): Composer\\Autoload\\ClassLoader->loadClass('Illuminate\\\\Supp...')
#12 /Applications/XAMPP/xamppfiles/htdocs/tmracing/vendor/composer/ClassLoader.php(576): include('/Applications/X...')
#13 /Applications/XAMPP/xamppfiles/htdocs/tmracing/vendor/composer/ClassLoader.php(427): {closure:Composer\\Autoload\\ClassLoader::initializeIncludeClosure():575}('/Applications/X...')
#14 /Applications/XAMPP/xamppfiles/htdocs/tmracing/vendor/laravel/framework/src/Illuminate/Collections/helpers.php(18): Composer\\Autoload\\ClassLoader->loadClass('Illuminate\\\\Supp...')
#15 /Applications/XAMPP/xamppfiles/htdocs/tmracing/vendor/laravel/framework/src/Illuminate/Foundation/PackageManifest.php(90): collect(Array)
#16 /Applications/XAMPP/xamppfiles/htdocs/tmracing/vendor/laravel/framework/src/Illuminate/Foundation/PackageManifest.php(79): Illuminate\\Foundation\\PackageManifest->config('aliases')
#17 /Applications/XAMPP/xamppfiles/htdocs/tmracing/vendor/laravel/framework/src/Illuminate/Foundation/Bootstrap/RegisterFacades.php(26): Illuminate\\Foundation\\PackageManifest->aliases()
#18 /Applications/XAMPP/xamppfiles/htdocs/tmracing/vendor/laravel/framework/src/Illuminate/Foundation/Application.php(263): Illuminate\\Foundation\\Bootstrap\\RegisterFacades->bootstrap(Object(Illuminate\\Foundation\\Application))
#19 /Applications/XAMPP/xamppfiles/htdocs/tmracing/vendor/laravel/framework/src/Illuminate/Foundation/Console/Kernel.php(447): Illuminate\\Foundation\\Application->bootstrapWith(Array)
#20 /Applications/XAMPP/xamppfiles/htdocs/tmracing/vendor/laravel/framework/src/Illuminate/Foundation/Console/Kernel.php(199): Illuminate\\Foundation\\Console\\Kernel->bootstrap()
#21 /Applications/XAMPP/xamppfiles/htdocs/tmracing/artisan(35): Illuminate\\Foundation\\Console\\Kernel->handle(Object(Symfony\\Component\\Console\\Input\\ArgvInput), Object(Symfony\\Component\\Console\\Output\\ConsoleOutput))
#22 {main}
"} 
[2025-12-12 01:42:23] laravel.WARNING: Illuminate\Support\Enumerable::when(): Implicitly marking parameter $default as nullable is deprecated, the explicit nullable type must be used instead in /Applications/XAMPP/xamppfiles/htdocs/tmracing/vendor/laravel/framework/src/Illuminate/Collections/Enumerable.php on line 311  
[2025-12-12 01:42:23] laravel.EMERGENCY: Unable to create configured logger. Using emergency logger. {"exception":"[object] (Error(code: 0): Class \"Illuminate\\Support\\Collection\" not found at /Applications/XAMPP/xamppfiles/htdocs/tmracing/vendor/laravel/framework/src/Illuminate/Collections/helpers.php:18)
[stacktrace]
#0 /Applications/XAMPP/xamppfiles/htdocs/tmracing/vendor/laravel/framework/src/Illuminate/Log/LogManager.php(389): collect(Array)
#1 /Applications/XAMPP/xamppfiles/htdocs/tmracing/vendor/laravel/framework/src/Illuminate/Log/LogManager.php(222): Illuminate\\Log\\LogManager->createMonologDriver(Array)
#2 /Applications/XAMPP/xamppfiles/htdocs/tmracing/vendor/laravel/framework/src/Illuminate/Log/LogManager.php(137): Illuminate\\Log\\LogManager->resolve('deprecations', Array)
#3 /Applications/XAMPP/xamppfiles/htdocs/tmracing/vendor/laravel/framework/src/Illuminate/Log/LogManager.php(124): Illuminate\\Log\\LogManager->get('deprecations')
#4 /Applications/XAMPP/xamppfiles/htdocs/tmracing/vendor/laravel/framework/src/Illuminate/Log/LogManager.php(113): Illuminate\\Log\\LogManager->driver('deprecations')
#5 /Applications/XAMPP/xamppfiles/htdocs/tmracing/vendor/laravel/framework/src/Illuminate/Foundation/Bootstrap/HandleExceptions.php(102): Illuminate\\Log\\LogManager->channel('deprecations')
#6 /Applications/XAMPP/xamppfiles/htdocs/tmracing/vendor/laravel/framework/src/Illuminate/Foundation/Bootstrap/HandleExceptions.php(71): Illuminate\\Foundation\\Bootstrap\\HandleExceptions->handleDeprecationError('Illuminate\\\\Supp...', '/Applications/X...', 322, 8192)
#7 /Applications/XAMPP/xamppfiles/htdocs/tmracing/vendor/laravel/framework/src/Illuminate/Foundation/Bootstrap/HandleExceptions.php(255): Illuminate\\Foundation\\Bootstrap\\HandleExceptions->handleError(8192, 'Illuminate\\\\Supp...', '/Applications/X...', 322)
#8 /Applications/XAMPP/xamppfiles/htdocs/tmracing/vendor/composer/ClassLoader.php(576): Illuminate\\Foundation\\Bootstrap\\HandleExceptions->{closure:Illuminate\\Foundation\\Bootstrap\\HandleExceptions::forwardsTo():254}(8192, 'Illuminate\\\\Supp...', '/Applications/X...', 322)
#9 /Applications/XAMPP/xamppfiles/htdocs/tmracing/vendor/composer/ClassLoader.php(576): include('/Applications/X...')
#10 /Applications/XAMPP/xamppfiles/htdocs/tmracing/vendor/composer/ClassLoader.php(427): {closure:Composer\\Autoload\\ClassLoader::initializeIncludeClosure():575}('/Applications/X...')
#11 /Applications/XAMPP/xamppfiles/htdocs/tmracing/vendor/laravel/framework/src/Illuminate/Collections/Collection.php(21): Composer\\Autoload\\ClassLoader->loadClass('Illuminate\\\\Supp...')
#12 /Applications/XAMPP/xamppfiles/htdocs/tmracing/vendor/composer/ClassLoader.php(576): include('/Applications/X...')
#13 /Applications/XAMPP/xamppfiles/htdocs/tmracing/vendor/composer/ClassLoader.php(427): {closure:Composer\\Autoload\\ClassLoader::initializeIncludeClosure():575}('/Applications/X...')
#14 /Applications/XAMPP/xamppfiles/htdocs/tmracing/vendor/laravel/framework/src/Illuminate/Collections/helpers.php(18): Composer\\Autoload\\ClassLoader->loadClass('Illuminate\\\\Supp...')
#15 /Applications/XAMPP/xamppfiles/htdocs/tmracing/vendor/laravel/framework/src/Illuminate/Foundation/PackageManifest.php(90): collect(Array)
#16 /Applications/XAMPP/xamppfiles/htdocs/tmracing/vendor/laravel/framework/src/Illuminate/Foundation/PackageManifest.php(79): Illuminate\\Foundation\\PackageManifest->config('aliases')
#17 /Applications/XAMPP/xamppfiles/htdocs/tmracing/vendor/laravel/framework/src/Illuminate/Foundation/Bootstrap/RegisterFacades.php(26): Illuminate\\Foundation\\PackageManifest->aliases()
#18 /Applications/XAMPP/xamppfiles/htdocs/tmracing/vendor/laravel/framework/src/Illuminate/Foundation/Application.php(263): Illuminate\\Foundation\\Bootstrap\\RegisterFacades->bootstrap(Object(Illuminate\\Foundation\\Application))
#19 /Applications/XAMPP/xamppfiles/htdocs/tmracing/vendor/laravel/framework/src/Illuminate/Foundation/Console/Kernel.php(447): Illuminate\\Foundation\\Application->bootstrapWith(Array)
#20 /Applications/XAMPP/xamppfiles/htdocs/tmracing/vendor/laravel/framework/src/Illuminate/Foundation/Console/Kernel.php(199): Illuminate\\Foundation\\Console\\Kernel->bootstrap()
#21 /Applications/XAMPP/xamppfiles/htdocs/tmracing/artisan(35): Illuminate\\Foundation\\Console\\Kernel->handle(Object(Symfony\\Component\\Console\\Input\\ArgvInput), Object(Symfony\\Component\\Console\\Output\\ConsoleOutput))
#22 {main}
"} 
[2025-12-12 01:42:23] laravel.WARNING: Illuminate\Support\Enumerable::whenEmpty(): Implicitly marking parameter $default as nullable is deprecated, the explicit nullable type must be used instead in /Applications/XAMPP/xamppfiles/htdocs/tmracing/vendor/laravel/framework/src/Illuminate/Collections/Enumerable.php on line 322  
[2025-12-12 01:42:23] laravel.EMERGENCY: Unable to create configured logger. Using emergency logger. {"exception":"[object] (Error(code: 0): Class \"Illuminate\\Support\\Collection\" not found at /Applications/XAMPP/xamppfiles/htdocs/tmracing/vendor/laravel/framework/src/Illuminate/Collections/helpers.php:18)
[stacktrace]
#0 /Applications/XAMPP/xamppfiles/htdocs/tmracing/vendor/laravel/framework/src/Illuminate/Log/LogManager.php(389): collect(Array)
#1 /Applications/XAMPP/xamppfiles/htdocs/tmracing/vendor/laravel/framework/src/Illuminate/Log/LogManager.php(222): Illuminate\\Log\\LogManager->createMonologDriver(Array)
#2 /Applications/XAMPP/xamppfiles/htdocs/tmracing/vendor/laravel/framework/src/Illuminate/Log/LogManager.php(137): Illuminate\\Log\\LogManager->resolve('deprecations', Array)
#3 /Applications/XAMPP/xamppfiles/htdocs/tmracing/vendor/laravel/framework/src/Illuminate/Log/LogManager.php(124): Illuminate\\Log\\LogManager->get('deprecations')
#4 /Applications/XAMPP/xamppfiles/htdocs/tmracing/vendor/laravel/framework/src/Illuminate/Log/LogManager.php(113): Illuminate\\Log\\LogManager->driver('deprecations')
#5 /Applications/XAMPP/xamppfiles/htdocs/tmracing/vendor/laravel/framework/src/Illuminate/Foundation/Bootstrap/HandleExceptions.php(102): Illuminate\\Log\\LogManager->channel('deprecations')
#6 /Applications/XAMPP/xamppfiles/htdocs/tmracing/vendor/laravel/framework/src/Illuminate/Foundation/Bootstrap/HandleExceptions.php(71): Illuminate\\Foundation\\Bootstrap\\HandleExceptions->handleDeprecationError('Illuminate\\\\Supp...', '/Applications/X...', 333, 8192)
#7 /Applications/XAMPP/xamppfiles/htdocs/tmracing/vendor/laravel/framework/src/Illuminate/Foundation/Bootstrap/HandleExceptions.php(255): Illuminate\\Foundation\\Bootstrap\\HandleExceptions->handleError(8192, 'Illuminate\\\\Supp...', '/Applications/X...', 333)
#8 /Applications/XAMPP/xamppfiles/htdocs/tmracing/vendor/composer/ClassLoader.php(576): Illuminate\\Foundation\\Bootstrap\\HandleExceptions->{closure:Illuminate\\Foundation\\Bootstrap\\HandleExceptions::forwardsTo():254}(8192, 'Illuminate\\\\Supp...', '/Applications/X...', 333)
#9 /Applications/XAMPP/xamppfiles/htdocs/tmracing/vendor/composer/ClassLoader.php(576): include('/Applications/X...')
#10 /Applications/XAMPP/xamppfiles/htdocs/tmracing/vendor/composer/ClassLoader.php(427): {closure:Composer\\Autoload\\ClassLoader::initializeIncludeClosure():575}('/Applications/X...')
#11 /Applications/XAMPP/xamppfiles/htdocs/tmracing/vendor/laravel/framework/src/Illuminate/Collections/Collection.php(21): Composer\\Autoload\\ClassLoader->loadClass('Illuminate\\\\Supp...')
#12 /Applications/XAMPP/xamppfiles/htdocs/tmracing/vendor/composer/ClassLoader.php(576): include('/Applications/X...')
#13 /Applications/XAMPP/xamppfiles/htdocs/tmracing/vendor/composer/ClassLoader.php(427): {closure:Composer\\Autoload\\ClassLoader::initializeIncludeClosure():575}('/Applications/X...')
#14 /Applications/XAMPP/xamppfiles/htdocs/tmracing/vendor/laravel/framework/src/Illuminate/Collections/helpers.php(18): Composer\\Autoload\\ClassLoader->loadClass('Illuminate\\\\Supp...')
#15 /Applications/XAMPP/xamppfiles/htdocs/tmracing/vendor/laravel/framework/src/Illuminate/Foundation/PackageManifest.php(90): collect(Array)
#16 /Applications/XAMPP/xamppfiles/htdocs/tmracing/vendor/laravel/framework/src/Illuminate/Foundation/PackageManifest.php(79): Illuminate\\Foundation\\PackageManifest->config('aliases')
#17 /Applications/XAMPP/xamppfiles/htdocs/tmracing/vendor/laravel/framework/src/Illuminate/Foundation/Bootstrap/RegisterFacades.php(26): Illuminate\\Foundation\\PackageManifest->aliases()
#18 /Applications/XAMPP/xamppfiles/htdocs/tmracing/vendor/laravel/framework/src/Illuminate/Foundation/Application.php(263): Illuminate\\Foundation\\Bootstrap\\RegisterFacades->bootstrap(Object(Illuminate\\Foundation\\Application))
#19 /Applications/XAMPP/xamppfiles/htdocs/tmracing/vendor/laravel/framework/src/Illuminate/Foundation/Console/Kernel.php(447): Illuminate\\Foundation\\Application->bootstrapWith(Array)
#20 /Applications/XAMPP/xamppfiles/htdocs/tmracing/vendor/laravel/framework/src/Illuminate/Foundation/Console/Kernel.php(199): Illuminate\\Foundation\\Console\\Kernel->bootstrap()
#21 /Applications/XAMPP/xamppfiles/htdocs/tmracing/artisan(35): Illuminate\\Foundation\\Console\\Kernel->handle(Object(Symfony\\Component\\Console\\Input\\ArgvInput), Object(Symfony\\Component\\Console\\Output\\ConsoleOutput))
#22 {main}
"} 
[2025-12-12 01:42:23] laravel.WARNING: Illuminate\Support\Enumerable::whenNotEmpty(): Implicitly marking parameter $default as nullable is deprecated, the explicit nullable type must be used instead in /Applications/XAMPP/xamppfiles/htdocs/tmracing/vendor/laravel/framework/src/Illuminate/Collections/Enumerable.php on line 333  
[2025-12-12 01:42:23] laravel.EMERGENCY: Unable to create configured logger. Using emergency logger. {"exception":"[object] (Error(code: 0): Class \"Illuminate\\Support\\Collection\" not found at /Applications/XAMPP/xamppfiles/htdocs/tmracing/vendor/laravel/framework/src/Illuminate/Collections/helpers.php:18)
[stacktrace]
#0 /Applications/XAMPP/xamppfiles/htdocs/tmracing/vendor/laravel/framework/src/Illuminate/Log/LogManager.php(389): collect(Array)
#1 /Applications/XAMPP/xamppfiles/htdocs/tmracing/vendor/laravel/framework/src/Illuminate/Log/LogManager.php(222): Illuminate\\Log\\LogManager->createMonologDriver(Array)
#2 /Applications/XAMPP/xamppfiles/htdocs/tmracing/vendor/laravel/framework/src/Illuminate/Log/LogManager.php(137): Illuminate\\Log\\LogManager->resolve('deprecations', Array)
#3 /Applications/XAMPP/xamppfiles/htdocs/tmracing/vendor/laravel/framework/src/Illuminate/Log/LogManager.php(124): Illuminate\\Log\\LogManager->get('deprecations')
#4 /Applications/XAMPP/xamppfiles/htdocs/tmracing/vendor/laravel/framework/src/Illuminate/Log/LogManager.php(113): Illuminate\\Log\\LogManager->driver('deprecations')
#5 /Applications/XAMPP/xamppfiles/htdocs/tmracing/vendor/laravel/framework/src/Illuminate/Foundation/Bootstrap/HandleExceptions.php(102): Illuminate\\Log\\LogManager->channel('deprecations')
#6 /Applications/XAMPP/xamppfiles/htdocs/tmracing/vendor/laravel/framework/src/Illuminate/Foundation/Bootstrap/HandleExceptions.php(71): Illuminate\\Foundation\\Bootstrap\\HandleExceptions->handleDeprecationError('Illuminate\\\\Supp...', '/Applications/X...', 345, 8192)
#7 /Applications/XAMPP/xamppfiles/htdocs/tmracing/vendor/laravel/framework/src/Illuminate/Foundation/Bootstrap/HandleExceptions.php(255): Illuminate\\Foundation\\Bootstrap\\HandleExceptions->handleError(8192, 'Illuminate\\\\Supp...', '/Applications/X...', 345)
#8 /Applications/XAMPP/xamppfiles/htdocs/tmracing/vendor/composer/ClassLoader.php(576): Illuminate\\Foundation\\Bootstrap\\HandleExceptions->{closure:Illuminate\\Foundation\\Bootstrap\\HandleExceptions::forwardsTo():254}(8192, 'Illuminate\\\\Supp...', '/Applications/X...', 345)
#9 /Applications/XAMPP/xamppfiles/htdocs/tmracing/vendor/composer/ClassLoader.php(576): include('/Applications/X...')
#10 /Applications/XAMPP/xamppfiles/htdocs/tmracing/vendor/composer/ClassLoader.php(427): {closure:Composer\\Autoload\\ClassLoader::initializeIncludeClosure():575}('/Applications/X...')
#11 /Applications/XAMPP/xamppfiles/htdocs/tmracing/vendor/laravel/framework/src/Illuminate/Collections/Collection.php(21): Composer\\Autoload\\ClassLoader->loadClass('Illuminate\\\\Supp...')
#12 /Applications/XAMPP/xamppfiles/htdocs/tmracing/vendor/composer/ClassLoader.php(576): include('/Applications/X...')
#13 /Applications/XAMPP/xamppfiles/htdocs/tmracing/vendor/composer/ClassLoader.php(427): {closure:Composer\\Autoload\\ClassLoader::initializeIncludeClosure():575}('/Applications/X...')
#14 /Applications/XAMPP/xamppfiles/htdocs/tmracing/vendor/laravel/framework/src/Illuminate/Collections/helpers.php(18): Composer\\Autoload\\ClassLoader->loadClass('Illuminate\\\\Supp...')
#15 /Applications/XAMPP/xamppfiles/htdocs/tmracing/vendor/laravel/framework/src/Illuminate/Foundation/PackageManifest.php(90): collect(Array)
#16 /Applications/XAMPP/xamppfiles/htdocs/tmracing/vendor/laravel/framework/src/Illuminate/Foundation/PackageManifest.php(79): Illuminate\\Foundation\\PackageManifest->config('aliases')
#17 /Applications/XAMPP/xamppfiles/htdocs/tmracing/vendor/laravel/framework/src/Illuminate/Foundation/Bootstrap/RegisterFacades.php(26): Illuminate\\Foundation\\PackageManifest->aliases()
#18 /Applications/XAMPP/xamppfiles/htdocs/tmracing/vendor/laravel/framework/src/Illuminate/Foundation/Application.php(263): Illuminate\\Foundation\\Bootstrap\\RegisterFacades->bootstrap(Object(Illuminate\\Foundation\\Application))
#19 /Applications/XAMPP/xamppfiles/htdocs/tmracing/vendor/laravel/framework/src/Illuminate/Foundation/Console/Kernel.php(447): Illuminate\\Foundation\\Application->bootstrapWith(Array)
#20 /Applications/XAMPP/xamppfiles/htdocs/tmracing/vendor/laravel/framework/src/Illuminate/Foundation/Console/Kernel.php(199): Illuminate\\Foundation\\Console\\Kernel->bootstrap()
#21 /Applications/XAMPP/xamppfiles/htdocs/tmracing/artisan(35): Illuminate\\Foundation\\Console\\Kernel->handle(Object(Symfony\\Component\\Console\\Input\\ArgvInput), Object(Symfony\\Component\\Console\\Output\\ConsoleOutput))
#22 {main}
"} 
[2025-12-12 01:42:23] laravel.WARNING: Illuminate\Support\Enumerable::unless(): Implicitly marking parameter $default as nullable is deprecated, the explicit nullable type must be used instead in /Applications/XAMPP/xamppfiles/htdocs/tmracing/vendor/laravel/framework/src/Illuminate/Collections/Enumerable.php on line 345  
[2025-12-12 01:42:23] laravel.EMERGENCY: Unable to create configured logger. Using emergency logger. {"exception":"[object] (Error(code: 0): Class \"Illuminate\\Support\\Collection\" not found at /Applications/XAMPP/xamppfiles/htdocs/tmracing/vendor/laravel/framework/src/Illuminate/Collections/helpers.php:18)
[stacktrace]
#0 /Applications/XAMPP/xamppfiles/htdocs/tmracing/vendor/laravel/framework/src/Illuminate/Log/LogManager.php(389): collect(Array)
#1 /Applications/XAMPP/xamppfiles/htdocs/tmracing/vendor/laravel/framework/src/Illuminate/Log/LogManager.php(222): Illuminate\\Log\\LogManager->createMonologDriver(Array)
#2 /Applications/XAMPP/xamppfiles/htdocs/tmracing/vendor/laravel/framework/src/Illuminate/Log/LogManager.php(137): Illuminate\\Log\\LogManager->resolve('deprecations', Array)
#3 /Applications/XAMPP/xamppfiles/htdocs/tmracing/vendor/laravel/framework/src/Illuminate/Log/LogManager.php(124): Illuminate\\Log\\LogManager->get('deprecations')
#4 /Applications/XAMPP/xamppfiles/htdocs/tmracing/vendor/laravel/framework/src/Illuminate/Log/LogManager.php(113): Illuminate\\Log\\LogManager->driver('deprecations')
#5 /Applications/XAMPP/xamppfiles/htdocs/tmracing/vendor/laravel/framework/src/Illuminate/Foundation/Bootstrap/HandleExceptions.php(102): Illuminate\\Log\\LogManager->channel('deprecations')
#6 /Applications/XAMPP/xamppfiles/htdocs/tmracing/vendor/laravel/framework/src/Illuminate/Foundation/Bootstrap/HandleExceptions.php(71): Illuminate\\Foundation\\Bootstrap\\HandleExceptions->handleDeprecationError('Illuminate\\\\Supp...', '/Applications/X...', 356, 8192)
#7 /Applications/XAMPP/xamppfiles/htdocs/tmracing/vendor/laravel/framework/src/Illuminate/Foundation/Bootstrap/HandleExceptions.php(255): Illuminate\\Foundation\\Bootstrap\\HandleExceptions->handleError(8192, 'Illuminate\\\\Supp...', '/Applications/X...', 356)
#8 /Applications/XAMPP/xamppfiles/htdocs/tmracing/vendor/composer/ClassLoader.php(576): Illuminate\\Foundation\\Bootstrap\\HandleExceptions->{closure:Illuminate\\Foundation\\Bootstrap\\HandleExceptions::forwardsTo():254}(8192, 'Illuminate\\\\Supp...', '/Applications/X...', 356)
#9 /Applications/XAMPP/xamppfiles/htdocs/tmracing/vendor/composer/ClassLoader.php(576): include('/Applications/X...')
#10 /Applications/XAMPP/xamppfiles/htdocs/tmracing/vendor/composer/ClassLoader.php(427): {closure:Composer\\Autoload\\ClassLoader::initializeIncludeClosure():575}('/Applications/X...')
#11 /Applications/XAMPP/xamppfiles/htdocs/tmracing/vendor/laravel/framework/src/Illuminate/Collections/Collection.php(21): Composer\\Autoload\\ClassLoader->loadClass('Illuminate\\\\Supp...')
#12 /Applications/XAMPP/xamppfiles/htdocs/tmracing/vendor/composer/ClassLoader.php(576): include('/Applications/X...')
#13 /Applications/XAMPP/xamppfiles/htdocs/tmracing/vendor/composer/ClassLoader.php(427): {closure:Composer\\Autoload\\ClassLoader::initializeIncludeClosure():575}('/Applications/X...')
#14 /Applications/XAMPP/xamppfiles/htdocs/tmracing/vendor/laravel/framework/src/Illuminate/Collections/helpers.php(18): Composer\\Autoload\\ClassLoader->loadClass('Illuminate\\\\Supp...')
#15 /Applications/XAMPP/xamppfiles/htdocs/tmracing/vendor/laravel/framework/src/Illuminate/Foundation/PackageManifest.php(90): collect(Array)
#16 /Applications/XAMPP/xamppfiles/htdocs/tmracing/vendor/laravel/framework/src/Illuminate/Foundation/PackageManifest.php(79): Illuminate\\Foundation\\PackageManifest->config('aliases')
#17 /Applications/XAMPP/xamppfiles/htdocs/tmracing/vendor/laravel/framework/src/Illuminate/Foundation/Bootstrap/RegisterFacades.php(26): Illuminate\\Foundation\\PackageManifest->aliases()
#18 /Applications/XAMPP/xamppfiles/htdocs/tmracing/vendor/laravel/framework/src/Illuminate/Foundation/Application.php(263): Illuminate\\Foundation\\Bootstrap\\RegisterFacades->bootstrap(Object(Illuminate\\Foundation\\Application))
#19 /Applications/XAMPP/xamppfiles/htdocs/tmracing/vendor/laravel/framework/src/Illuminate/Foundation/Console/Kernel.php(447): Illuminate\\Foundation\\Application->bootstrapWith(Array)
#20 /Applications/XAMPP/xamppfiles/htdocs/tmracing/vendor/laravel/framework/src/Illuminate/Foundation/Console/Kernel.php(199): Illuminate\\Foundation\\Console\\Kernel->bootstrap()
#21 /Applications/XAMPP/xamppfiles/htdocs/tmracing/artisan(35): Illuminate\\Foundation\\Console\\Kernel->handle(Object(Symfony\\Component\\Console\\Input\\ArgvInput), Object(Symfony\\Component\\Console\\Output\\ConsoleOutput))
#22 {main}
"} 
[2025-12-12 01:42:23] laravel.WARNING: Illuminate\Support\Enumerable::unlessEmpty(): Implicitly marking parameter $default as nullable is deprecated, the explicit nullable type must be used instead in /Applications/XAMPP/xamppfiles/htdocs/tmracing/vendor/laravel/framework/src/Illuminate/Collections/Enumerable.php on line 356  
[2025-12-12 01:42:23] laravel.EMERGENCY: Unable to create configured logger. Using emergency logger. {"exception":"[object] (Error(code: 0): Class \"Illuminate\\Support\\Collection\" not found at /Applications/XAMPP/xamppfiles/htdocs/tmracing/vendor/laravel/framework/src/Illuminate/Collections/helpers.php:18)
[stacktrace]
#0 /Applications/XAMPP/xamppfiles/htdocs/tmracing/vendor/laravel/framework/src/Illuminate/Log/LogManager.php(389): collect(Array)
#1 /Applications/XAMPP/xamppfiles/htdocs/tmracing/vendor/laravel/framework/src/Illuminate/Log/LogManager.php(222): Illuminate\\Log\\LogManager->createMonologDriver(Array)
#2 /Applications/XAMPP/xamppfiles/htdocs/tmracing/vendor/laravel/framework/src/Illuminate/Log/LogManager.php(137): Illuminate\\Log\\LogManager->resolve('deprecations', Array)
#3 /Applications/XAMPP/xamppfiles/htdocs/tmracing/vendor/laravel/framework/src/Illuminate/Log/LogManager.php(124): Illuminate\\Log\\LogManager->get('deprecations')
#4 /Applications/XAMPP/xamppfiles/htdocs/tmracing/vendor/laravel/framework/src/Illuminate/Log/LogManager.php(113): Illuminate\\Log\\LogManager->driver('deprecations')
#5 /Applications/XAMPP/xamppfiles/htdocs/tmracing/vendor/laravel/framework/src/Illuminate/Foundation/Bootstrap/HandleExceptions.php(102): Illuminate\\Log\\LogManager->channel('deprecations')
#6 /Applications/XAMPP/xamppfiles/htdocs/tmracing/vendor/laravel/framework/src/Illuminate/Foundation/Bootstrap/HandleExceptions.php(71): Illuminate\\Foundation\\Bootstrap\\HandleExceptions->handleDeprecationError('Illuminate\\\\Supp...', '/Applications/X...', 367, 8192)
#7 /Applications/XAMPP/xamppfiles/htdocs/tmracing/vendor/laravel/framework/src/Illuminate/Foundation/Bootstrap/HandleExceptions.php(255): Illuminate\\Foundation\\Bootstrap\\HandleExceptions->handleError(8192, 'Illuminate\\\\Supp...', '/Applications/X...', 367)
#8 /Applications/XAMPP/xamppfiles/htdocs/tmracing/vendor/composer/ClassLoader.php(576): Illuminate\\Foundation\\Bootstrap\\HandleExceptions->{closure:Illuminate\\Foundation\\Bootstrap\\HandleExceptions::forwardsTo():254}(8192, 'Illuminate\\\\Supp...', '/Applications/X...', 367)
#9 /Applications/XAMPP/xamppfiles/htdocs/tmracing/vendor/composer/ClassLoader.php(576): include('/Applications/X...')
#10 /Applications/XAMPP/xamppfiles/htdocs/tmracing/vendor/composer/ClassLoader.php(427): {closure:Composer\\Autoload\\ClassLoader::initializeIncludeClosure():575}('/Applications/X...')
#11 /Applications/XAMPP/xamppfiles/htdocs/tmracing/vendor/laravel/framework/src/Illuminate/Collections/Collection.php(21): Composer\\Autoload\\ClassLoader->loadClass('Illuminate\\\\Supp...')
#12 /Applications/XAMPP/xamppfiles/htdocs/tmracing/vendor/composer/ClassLoader.php(576): include('/Applications/X...')
#13 /Applications/XAMPP/xamppfiles/htdocs/tmracing/vendor/composer/ClassLoader.php(427): {closure:Composer\\Autoload\\ClassLoader::initializeIncludeClosure():575}('/Applications/X...')
#14 /Applications/XAMPP/xamppfiles/htdocs/tmracing/vendor/laravel/framework/src/Illuminate/Collections/helpers.php(18): Composer\\Autoload\\ClassLoader->loadClass('Illuminate\\\\Supp...')
#15 /Applications/XAMPP/xamppfiles/htdocs/tmracing/vendor/laravel/framework/src/Illuminate/Foundation/PackageManifest.php(90): collect(Array)
#16 /Applications/XAMPP/xamppfiles/htdocs/tmracing/vendor/laravel/framework/src/Illuminate/Foundation/PackageManifest.php(79): Illuminate\\Foundation\\PackageManifest->config('aliases')
#17 /Applications/XAMPP/xamppfiles/htdocs/tmracing/vendor/laravel/framework/src/Illuminate/Foundation/Bootstrap/RegisterFacades.php(26): Illuminate\\Foundation\\PackageManifest->aliases()
#18 /Applications/XAMPP/xamppfiles/htdocs/tmracing/vendor/laravel/framework/src/Illuminate/Foundation/Application.php(263): Illuminate\\Foundation\\Bootstrap\\RegisterFacades->bootstrap(Object(Illuminate\\Foundation\\Application))
#19 /Applications/XAMPP/xamppfiles/htdocs/tmracing/vendor/laravel/framework/src/Illuminate/Foundation/Console/Kernel.php(447): Illuminate\\Foundation\\Application->bootstrapWith(Array)
#20 /Applications/XAMPP/xamppfiles/htdocs/tmracing/vendor/laravel/framework/src/Illuminate/Foundation/Console/Kernel.php(199): Illuminate\\Foundation\\Console\\Kernel->bootstrap()
#21 /Applications/XAMPP/xamppfiles/htdocs/tmracing/artisan(35): Illuminate\\Foundation\\Console\\Kernel->handle(Object(Symfony\\Component\\Console\\Input\\ArgvInput), Object(Symfony\\Component\\Console\\Output\\ConsoleOutput))
#22 {main}
"} 
[2025-12-12 01:42:23] laravel.WARNING: Illuminate\Support\Enumerable::unlessNotEmpty(): Implicitly marking parameter $default as nullable is deprecated, the explicit nullable type must be used instead in /Applications/XAMPP/xamppfiles/htdocs/tmracing/vendor/laravel/framework/src/Illuminate/Collections/Enumerable.php on line 367  
[2025-12-12 01:42:23] laravel.EMERGENCY: Unable to create configured logger. Using emergency logger. {"exception":"[object] (Error(code: 0): Class \"Illuminate\\Support\\Collection\" not found at /Applications/XAMPP/xamppfiles/htdocs/tmracing/vendor/laravel/framework/src/Illuminate/Collections/helpers.php:18)
[stacktrace]
#0 /Applications/XAMPP/xamppfiles/htdocs/tmracing/vendor/laravel/framework/src/Illuminate/Log/LogManager.php(389): collect(Array)
#1 /Applications/XAMPP/xamppfiles/htdocs/tmracing/vendor/laravel/framework/src/Illuminate/Log/LogManager.php(222): Illuminate\\Log\\LogManager->createMonologDriver(Array)
#2 /Applications/XAMPP/xamppfiles/htdocs/tmracing/vendor/laravel/framework/src/Illuminate/Log/LogManager.php(137): Illuminate\\Log\\LogManager->resolve('deprecations', Array)
#3 /Applications/XAMPP/xamppfiles/htdocs/tmracing/vendor/laravel/framework/src/Illuminate/Log/LogManager.php(124): Illuminate\\Log\\LogManager->get('deprecations')
#4 /Applications/XAMPP/xamppfiles/htdocs/tmracing/vendor/laravel/framework/src/Illuminate/Log/LogManager.php(113): Illuminate\\Log\\LogManager->driver('deprecations')
#5 /Applications/XAMPP/xamppfiles/htdocs/tmracing/vendor/laravel/framework/src/Illuminate/Foundation/Bootstrap/HandleExceptions.php(102): Illuminate\\Log\\LogManager->channel('deprecations')
#6 /Applications/XAMPP/xamppfiles/htdocs/tmracing/vendor/laravel/framework/src/Illuminate/Foundation/Bootstrap/HandleExceptions.php(71): Illuminate\\Foundation\\Bootstrap\\HandleExceptions->handleDeprecationError('Illuminate\\\\Supp...', '/Applications/X...', 479, 8192)
#7 /Applications/XAMPP/xamppfiles/htdocs/tmracing/vendor/laravel/framework/src/Illuminate/Foundation/Bootstrap/HandleExceptions.php(255): Illuminate\\Foundation\\Bootstrap\\HandleExceptions->handleError(8192, 'Illuminate\\\\Supp...', '/Applications/X...', 479)
#8 /Applications/XAMPP/xamppfiles/htdocs/tmracing/vendor/composer/ClassLoader.php(576): Illuminate\\Foundation\\Bootstrap\\HandleExceptions->{closure:Illuminate\\Foundation\\Bootstrap\\HandleExceptions::forwardsTo():254}(8192, 'Illuminate\\\\Supp...', '/Applications/X...', 479)
#9 /Applications/XAMPP/xamppfiles/htdocs/tmracing/vendor/composer/ClassLoader.php(576): include('/Applications/X...')
#10 /Applications/XAMPP/xamppfiles/htdocs/tmracing/vendor/composer/ClassLoader.php(427): {closure:Composer\\Autoload\\ClassLoader::initializeIncludeClosure():575}('/Applications/X...')
#11 /Applications/XAMPP/xamppfiles/htdocs/tmracing/vendor/laravel/framework/src/Illuminate/Collections/Collection.php(21): Composer\\Autoload\\ClassLoader->loadClass('Illuminate\\\\Supp...')
#12 /Applications/XAMPP/xamppfiles/htdocs/tmracing/vendor/composer/ClassLoader.php(576): include('/Applications/X...')
#13 /Applications/XAMPP/xamppfiles/htdocs/tmracing/vendor/composer/ClassLoader.php(427): {closure:Composer\\Autoload\\ClassLoader::initializeIncludeClosure():575}('/Applications/X...')
#14 /Applications/XAMPP/xamppfiles/htdocs/tmracing/vendor/laravel/framework/src/Illuminate/Collections/helpers.php(18): Composer\\Autoload\\ClassLoader->loadClass('Illuminate\\\\Supp...')
#15 /Applications/XAMPP/xamppfiles/htdocs/tmracing/vendor/laravel/framework/src/Illuminate/Foundation/PackageManifest.php(90): collect(Array)
#16 /Applications/XAMPP/xamppfiles/htdocs/tmracing/vendor/laravel/framework/src/Illuminate/Foundation/PackageManifest.php(79): Illuminate\\Foundation\\PackageManifest->config('aliases')
#17 /Applications/XAMPP/xamppfiles/htdocs/tmracing/vendor/laravel/framework/src/Illuminate/Foundation/Bootstrap/RegisterFacades.php(26): Illuminate\\Foundation\\PackageManifest->aliases()
#18 /Applications/XAMPP/xamppfiles/htdocs/tmracing/vendor/laravel/framework/src/Illuminate/Foundation/Application.php(263): Illuminate\\Foundation\\Bootstrap\\RegisterFacades->bootstrap(Object(Illuminate\\Foundation\\Application))
#19 /Applications/XAMPP/xamppfiles/htdocs/tmracing/vendor/laravel/framework/src/Illuminate/Foundation/Console/Kernel.php(447): Illuminate\\Foundation\\Application->bootstrapWith(Array)
#20 /Applications/XAMPP/xamppfiles/htdocs/tmracing/vendor/laravel/framework/src/Illuminate/Foundation/Console/Kernel.php(199): Illuminate\\Foundation\\Console\\Kernel->bootstrap()
#21 /Applications/XAMPP/xamppfiles/htdocs/tmracing/artisan(35): Illuminate\\Foundation\\Console\\Kernel->handle(Object(Symfony\\Component\\Console\\Input\\ArgvInput), Object(Symfony\\Component\\Console\\Output\\ConsoleOutput))
#22 {main}
"} 
[2025-12-12 01:42:23] laravel.WARNING: Illuminate\Support\Enumerable::first(): Implicitly marking parameter $callback as nullable is deprecated, the explicit nullable type must be used instead in /Applications/XAMPP/xamppfiles/htdocs/tmracing/vendor/laravel/framework/src/Illuminate/Collections/Enumerable.php on line 479  
[2025-12-12 01:42:23] laravel.EMERGENCY: Unable to create configured logger. Using emergency logger. {"exception":"[object] (Error(code: 0): Class \"Illuminate\\Support\\Collection\" not found at /Applications/XAMPP/xamppfiles/htdocs/tmracing/vendor/laravel/framework/src/Illuminate/Collections/helpers.php:18)
[stacktrace]
#0 /Applications/XAMPP/xamppfiles/htdocs/tmracing/vendor/laravel/framework/src/Illuminate/Log/LogManager.php(389): collect(Array)
#1 /Applications/XAMPP/xamppfiles/htdocs/tmracing/vendor/laravel/framework/src/Illuminate/Log/LogManager.php(222): Illuminate\\Log\\LogManager->createMonologDriver(Array)
#2 /Applications/XAMPP/xamppfiles/htdocs/tmracing/vendor/laravel/framework/src/Illuminate/Log/LogManager.php(137): Illuminate\\Log\\LogManager->resolve('deprecations', Array)
#3 /Applications/XAMPP/xamppfiles/htdocs/tmracing/vendor/laravel/framework/src/Illuminate/Log/LogManager.php(124): Illuminate\\Log\\LogManager->get('deprecations')
#4 /Applications/XAMPP/xamppfiles/htdocs/tmracing/vendor/laravel/framework/src/Illuminate/Log/LogManager.php(113): Illuminate\\Log\\LogManager->driver('deprecations')
#5 /Applications/XAMPP/xamppfiles/htdocs/tmracing/vendor/laravel/framework/src/Illuminate/Foundation/Bootstrap/HandleExceptions.php(102): Illuminate\\Log\\LogManager->channel('deprecations')
#6 /Applications/XAMPP/xamppfiles/htdocs/tmracing/vendor/laravel/framework/src/Illuminate/Foundation/Bootstrap/HandleExceptions.php(71): Illuminate\\Foundation\\Bootstrap\\HandleExceptions->handleDeprecationError('Illuminate\\\\Supp...', '/Applications/X...', 621, 8192)
#7 /Applications/XAMPP/xamppfiles/htdocs/tmracing/vendor/laravel/framework/src/Illuminate/Foundation/Bootstrap/HandleExceptions.php(255): Illuminate\\Foundation\\Bootstrap\\HandleExceptions->handleError(8192, 'Illuminate\\\\Supp...', '/Applications/X...', 621)
#8 /Applications/XAMPP/xamppfiles/htdocs/tmracing/vendor/composer/ClassLoader.php(576): Illuminate\\Foundation\\Bootstrap\\HandleExceptions->{closure:Illuminate\\Foundation\\Bootstrap\\HandleExceptions::forwardsTo():254}(8192, 'Illuminate\\\\Supp...', '/Applications/X...', 621)
#9 /Applications/XAMPP/xamppfiles/htdocs/tmracing/vendor/composer/ClassLoader.php(576): include('/Applications/X...')
#10 /Applications/XAMPP/xamppfiles/htdocs/tmracing/vendor/composer/ClassLoader.php(427): {closure:Composer\\Autoload\\ClassLoader::initializeIncludeClosure():575}('/Applications/X...')
#11 /Applications/XAMPP/xamppfiles/htdocs/tmracing/vendor/laravel/framework/src/Illuminate/Collections/Collection.php(21): Composer\\Autoload\\ClassLoader->loadClass('Illuminate\\\\Supp...')
#12 /Applications/XAMPP/xamppfiles/htdocs/tmracing/vendor/composer/ClassLoader.php(576): include('/Applications/X...')
#13 /Applications/XAMPP/xamppfiles/htdocs/tmracing/vendor/composer/ClassLoader.php(427): {closure:Composer\\Autoload\\ClassLoader::initializeIncludeClosure():575}('/Applications/X...')
#14 /Applications/XAMPP/xamppfiles/htdocs/tmracing/vendor/laravel/framework/src/Illuminate/Collections/helpers.php(18): Composer\\Autoload\\ClassLoader->loadClass('Illuminate\\\\Supp...')
#15 /Applications/XAMPP/xamppfiles/htdocs/tmracing/vendor/laravel/framework/src/Illuminate/Foundation/PackageManifest.php(90): collect(Array)
#16 /Applications/XAMPP/xamppfiles/htdocs/tmracing/vendor/laravel/framework/src/Illuminate/Foundation/PackageManifest.php(79): Illuminate\\Foundation\\PackageManifest->config('aliases')
#17 /Applications/XAMPP/xamppfiles/htdocs/tmracing/vendor/laravel/framework/src/Illuminate/Foundation/Bootstrap/RegisterFacades.php(26): Illuminate\\Foundation\\PackageManifest->aliases()
#18 /Applications/XAMPP/xamppfiles/htdocs/tmracing/vendor/laravel/framework/src/Illuminate/Foundation/Application.php(263): Illuminate\\Foundation\\Bootstrap\\RegisterFacades->bootstrap(Object(Illuminate\\Foundation\\Application))
#19 /Applications/XAMPP/xamppfiles/htdocs/tmracing/vendor/laravel/framework/src/Illuminate/Foundation/Console/Kernel.php(447): Illuminate\\Foundation\\Application->bootstrapWith(Array)
#20 /Applications/XAMPP/xamppfiles/htdocs/tmracing/vendor/laravel/framework/src/Illuminate/Foundation/Console/Kernel.php(199): Illuminate\\Foundation\\Console\\Kernel->bootstrap()
#21 /Applications/XAMPP/xamppfiles/htdocs/tmracing/artisan(35): Illuminate\\Foundation\\Console\\Kernel->handle(Object(Symfony\\Component\\Console\\Input\\ArgvInput), Object(Symfony\\Component\\Console\\Output\\ConsoleOutput))
#22 {main}
"} 
[2025-12-12 01:42:23] laravel.WARNING: Illuminate\Support\Enumerable::last(): Implicitly marking parameter $callback as nullable is deprecated, the explicit nullable type must be used instead in /Applications/XAMPP/xamppfiles/htdocs/tmracing/vendor/laravel/framework/src/Illuminate/Collections/Enumerable.php on line 621  
[2025-12-12 02:50:26] laravel.EMERGENCY: Unable to create configured logger. Using emergency logger. {"exception":"[object] (Error(code: 0): Class \"Illuminate\\Support\\Collection\" not found at /Applications/XAMPP/xamppfiles/htdocs/tmracing/vendor/laravel/framework/src/Illuminate/Collections/helpers.php:18)
[stacktrace]
#0 /Applications/XAMPP/xamppfiles/htdocs/tmracing/vendor/laravel/framework/src/Illuminate/Log/LogManager.php(389): collect(Array)
#1 /Applications/XAMPP/xamppfiles/htdocs/tmracing/vendor/laravel/framework/src/Illuminate/Log/LogManager.php(222): Illuminate\\Log\\LogManager->createMonologDriver(Array)
#2 /Applications/XAMPP/xamppfiles/htdocs/tmracing/vendor/laravel/framework/src/Illuminate/Log/LogManager.php(137): Illuminate\\Log\\LogManager->resolve('deprecations', Array)
#3 /Applications/XAMPP/xamppfiles/htdocs/tmracing/vendor/laravel/framework/src/Illuminate/Log/LogManager.php(124): Illuminate\\Log\\LogManager->get('deprecations')
#4 /Applications/XAMPP/xamppfiles/htdocs/tmracing/vendor/laravel/framework/src/Illuminate/Log/LogManager.php(113): Illuminate\\Log\\LogManager->driver('deprecations')
#5 /Applications/XAMPP/xamppfiles/htdocs/tmracing/vendor/laravel/framework/src/Illuminate/Foundation/Bootstrap/HandleExceptions.php(102): Illuminate\\Log\\LogManager->channel('deprecations')
#6 /Applications/XAMPP/xamppfiles/htdocs/tmracing/vendor/laravel/framework/src/Illuminate/Foundation/Bootstrap/HandleExceptions.php(71): Illuminate\\Foundation\\Bootstrap\\HandleExceptions->handleDeprecationError('Illuminate\\\\Supp...', '/Applications/X...', 384, 8192)
#7 /Applications/XAMPP/xamppfiles/htdocs/tmracing/vendor/laravel/framework/src/Illuminate/Foundation/Bootstrap/HandleExceptions.php(255): Illuminate\\Foundation\\Bootstrap\\HandleExceptions->handleError(8192, 'Illuminate\\\\Supp...', '/Applications/X...', 384)
#8 /Applications/XAMPP/xamppfiles/htdocs/tmracing/vendor/composer/ClassLoader.php(576): Illuminate\\Foundation\\Bootstrap\\HandleExceptions->{closure:Illuminate\\Foundation\\Bootstrap\\HandleExceptions::forwardsTo():254}(8192, 'Illuminate\\\\Supp...', '/Applications/X...', 384)
#9 /Applications/XAMPP/xamppfiles/htdocs/tmracing/vendor/composer/ClassLoader.php(576): include('/Applications/X...')
#10 /Applications/XAMPP/xamppfiles/htdocs/tmracing/vendor/composer/ClassLoader.php(427): {closure:Composer\\Autoload\\ClassLoader::initializeIncludeClosure():575}('/Applications/X...')
#11 /Applications/XAMPP/xamppfiles/htdocs/tmracing/vendor/laravel/framework/src/Illuminate/Collections/helpers.php(18): Composer\\Autoload\\ClassLoader->loadClass('Illuminate\\\\Supp...')
#12 /Applications/XAMPP/xamppfiles/htdocs/tmracing/vendor/laravel/framework/src/Illuminate/Foundation/PackageManifest.php(90): collect(Array)
#13 /Applications/XAMPP/xamppfiles/htdocs/tmracing/vendor/laravel/framework/src/Illuminate/Foundation/PackageManifest.php(79): Illuminate\\Foundation\\PackageManifest->config('aliases')
#14 /Applications/XAMPP/xamppfiles/htdocs/tmracing/vendor/laravel/framework/src/Illuminate/Foundation/Bootstrap/RegisterFacades.php(26): Illuminate\\Foundation\\PackageManifest->aliases()
#15 /Applications/XAMPP/xamppfiles/htdocs/tmracing/vendor/laravel/framework/src/Illuminate/Foundation/Application.php(263): Illuminate\\Foundation\\Bootstrap\\RegisterFacades->bootstrap(Object(Illuminate\\Foundation\\Application))
#16 /Applications/XAMPP/xamppfiles/htdocs/tmracing/vendor/laravel/framework/src/Illuminate/Foundation/Console/Kernel.php(447): Illuminate\\Foundation\\Application->bootstrapWith(Array)
#17 /Applications/XAMPP/xamppfiles/htdocs/tmracing/vendor/laravel/framework/src/Illuminate/Foundation/Console/Kernel.php(199): Illuminate\\Foundation\\Console\\Kernel->bootstrap()
#18 /Applications/XAMPP/xamppfiles/htdocs/tmracing/artisan(35): Illuminate\\Foundation\\Console\\Kernel->handle(Object(Symfony\\Component\\Console\\Input\\ArgvInput), Object(Symfony\\Component\\Console\\Output\\ConsoleOutput))
#19 {main}
"} 
[2025-12-12 02:50:26] laravel.WARNING: Illuminate\Support\Collection::filter(): Implicitly marking parameter $callback as nullable is deprecated, the explicit nullable type must be used instead in /Applications/XAMPP/xamppfiles/htdocs/tmracing/vendor/laravel/framework/src/Illuminate/Collections/Collection.php on line 384  
[2025-12-12 02:50:26] laravel.EMERGENCY: Unable to create configured logger. Using emergency logger. {"exception":"[object] (Error(code: 0): Class \"Illuminate\\Support\\Collection\" not found at /Applications/XAMPP/xamppfiles/htdocs/tmracing/vendor/laravel/framework/src/Illuminate/Collections/helpers.php:18)
[stacktrace]
#0 /Applications/XAMPP/xamppfiles/htdocs/tmracing/vendor/laravel/framework/src/Illuminate/Log/LogManager.php(389): collect(Array)
#1 /Applications/XAMPP/xamppfiles/htdocs/tmracing/vendor/laravel/framework/src/Illuminate/Log/LogManager.php(222): Illuminate\\Log\\LogManager->createMonologDriver(Array)
#2 /Applications/XAMPP/xamppfiles/htdocs/tmracing/vendor/laravel/framework/src/Illuminate/Log/LogManager.php(137): Illuminate\\Log\\LogManager->resolve('deprecations', Array)
#3 /Applications/XAMPP/xamppfiles/htdocs/tmracing/vendor/laravel/framework/src/Illuminate/Log/LogManager.php(124): Illuminate\\Log\\LogManager->get('deprecations')
#4 /Applications/XAMPP/xamppfiles/htdocs/tmracing/vendor/laravel/framework/src/Illuminate/Log/LogManager.php(113): Illuminate\\Log\\LogManager->driver('deprecations')
#5 /Applications/XAMPP/xamppfiles/htdocs/tmracing/vendor/laravel/framework/src/Illuminate/Foundation/Bootstrap/HandleExceptions.php(102): Illuminate\\Log\\LogManager->channel('deprecations')
#6 /Applications/XAMPP/xamppfiles/htdocs/tmracing/vendor/laravel/framework/src/Illuminate/Foundation/Bootstrap/HandleExceptions.php(71): Illuminate\\Foundation\\Bootstrap\\HandleExceptions->handleDeprecationError('Illuminate\\\\Supp...', '/Applications/X...', 402, 8192)
#7 /Applications/XAMPP/xamppfiles/htdocs/tmracing/vendor/laravel/framework/src/Illuminate/Foundation/Bootstrap/HandleExceptions.php(255): Illuminate\\Foundation\\Bootstrap\\HandleExceptions->handleError(8192, 'Illuminate\\\\Supp...', '/Applications/X...', 402)
#8 /Applications/XAMPP/xamppfiles/htdocs/tmracing/vendor/composer/ClassLoader.php(576): Illuminate\\Foundation\\Bootstrap\\HandleExceptions->{closure:Illuminate\\Foundation\\Bootstrap\\HandleExceptions::forwardsTo():254}(8192, 'Illuminate\\\\Supp...', '/Applications/X...', 402)
#9 /Applications/XAMPP/xamppfiles/htdocs/tmracing/vendor/composer/ClassLoader.php(576): include('/Applications/X...')
#10 /Applications/XAMPP/xamppfiles/htdocs/tmracing/vendor/composer/ClassLoader.php(427): {closure:Composer\\Autoload\\ClassLoader::initializeIncludeClosure():575}('/Applications/X...')
#11 /Applications/XAMPP/xamppfiles/htdocs/tmracing/vendor/laravel/framework/src/Illuminate/Collections/helpers.php(18): Composer\\Autoload\\ClassLoader->loadClass('Illuminate\\\\Supp...')
#12 /Applications/XAMPP/xamppfiles/htdocs/tmracing/vendor/laravel/framework/src/Illuminate/Foundation/PackageManifest.php(90): collect(Array)
#13 /Applications/XAMPP/xamppfiles/htdocs/tmracing/vendor/laravel/framework/src/Illuminate/Foundation/PackageManifest.php(79): Illuminate\\Foundation\\PackageManifest->config('aliases')
#14 /Applications/XAMPP/xamppfiles/htdocs/tmracing/vendor/laravel/framework/src/Illuminate/Foundation/Bootstrap/RegisterFacades.php(26): Illuminate\\Foundation\\PackageManifest->aliases()
#15 /Applications/XAMPP/xamppfiles/htdocs/tmracing/vendor/laravel/framework/src/Illuminate/Foundation/Application.php(263): Illuminate\\Foundation\\Bootstrap\\RegisterFacades->bootstrap(Object(Illuminate\\Foundation\\Application))
#16 /Applications/XAMPP/xamppfiles/htdocs/tmracing/vendor/laravel/framework/src/Illuminate/Foundation/Console/Kernel.php(447): Illuminate\\Foundation\\Application->bootstrapWith(Array)
#17 /Applications/XAMPP/xamppfiles/htdocs/tmracing/vendor/laravel/framework/src/Illuminate/Foundation/Console/Kernel.php(199): Illuminate\\Foundation\\Console\\Kernel->bootstrap()
#18 /Applications/XAMPP/xamppfiles/htdocs/tmracing/artisan(35): Illuminate\\Foundation\\Console\\Kernel->handle(Object(Symfony\\Component\\Console\\Input\\ArgvInput), Object(Symfony\\Component\\Console\\Output\\ConsoleOutput))
#19 {main}
"} 
[2025-12-12 02:50:26] laravel.WARNING: Illuminate\Support\Collection::first(): Implicitly marking parameter $callback as nullable is deprecated, the explicit nullable type must be used instead in /Applications/XAMPP/xamppfiles/htdocs/tmracing/vendor/laravel/framework/src/Illuminate/Collections/Collection.php on line 402  
[2025-12-12 02:50:26] laravel.EMERGENCY: Unable to create configured logger. Using emergency logger. {"exception":"[object] (Error(code: 0): Class \"Illuminate\\Support\\Collection\" not found at /Applications/XAMPP/xamppfiles/htdocs/tmracing/vendor/laravel/framework/src/Illuminate/Collections/helpers.php:18)
[stacktrace]
#0 /Applications/XAMPP/xamppfiles/htdocs/tmracing/vendor/laravel/framework/src/Illuminate/Log/LogManager.php(389): collect(Array)
#1 /Applications/XAMPP/xamppfiles/htdocs/tmracing/vendor/laravel/framework/src/Illuminate/Log/LogManager.php(222): Illuminate\\Log\\LogManager->createMonologDriver(Array)
#2 /Applications/XAMPP/xamppfiles/htdocs/tmracing/vendor/laravel/framework/src/Illuminate/Log/LogManager.php(137): Illuminate\\Log\\LogManager->resolve('deprecations', Array)
#3 /Applications/XAMPP/xamppfiles/htdocs/tmracing/vendor/laravel/framework/src/Illuminate/Log/LogManager.php(124): Illuminate\\Log\\LogManager->get('deprecations')
#4 /Applications/XAMPP/xamppfiles/htdocs/tmracing/vendor/laravel/framework/src/Illuminate/Log/LogManager.php(113): Illuminate\\Log\\LogManager->driver('deprecations')
#5 /Applications/XAMPP/xamppfiles/htdocs/tmracing/vendor/laravel/framework/src/Illuminate/Foundation/Bootstrap/HandleExceptions.php(102): Illuminate\\Log\\LogManager->channel('deprecations')
#6 /Applications/XAMPP/xamppfiles/htdocs/tmracing/vendor/laravel/framework/src/Illuminate/Foundation/Bootstrap/HandleExceptions.php(71): Illuminate\\Foundation\\Bootstrap\\HandleExceptions->handleDeprecationError('Illuminate\\\\Supp...', '/Applications/X...', 750, 8192)
#7 /Applications/XAMPP/xamppfiles/htdocs/tmracing/vendor/laravel/framework/src/Illuminate/Foundation/Bootstrap/HandleExceptions.php(255): Illuminate\\Foundation\\Bootstrap\\HandleExceptions->handleError(8192, 'Illuminate\\\\Supp...', '/Applications/X...', 750)
#8 /Applications/XAMPP/xamppfiles/htdocs/tmracing/vendor/composer/ClassLoader.php(576): Illuminate\\Foundation\\Bootstrap\\HandleExceptions->{closure:Illuminate\\Foundation\\Bootstrap\\HandleExceptions::forwardsTo():254}(8192, 'Illuminate\\\\Supp...', '/Applications/X...', 750)
#9 /Applications/XAMPP/xamppfiles/htdocs/tmracing/vendor/composer/ClassLoader.php(576): include('/Applications/X...')
#10 /Applications/XAMPP/xamppfiles/htdocs/tmracing/vendor/composer/ClassLoader.php(427): {closure:Composer\\Autoload\\ClassLoader::initializeIncludeClosure():575}('/Applications/X...')
#11 /Applications/XAMPP/xamppfiles/htdocs/tmracing/vendor/laravel/framework/src/Illuminate/Collections/helpers.php(18): Composer\\Autoload\\ClassLoader->loadClass('Illuminate\\\\Supp...')
#12 /Applications/XAMPP/xamppfiles/htdocs/tmracing/vendor/laravel/framework/src/Illuminate/Foundation/PackageManifest.php(90): collect(Array)
#13 /Applications/XAMPP/xamppfiles/htdocs/tmracing/vendor/laravel/framework/src/Illuminate/Foundation/PackageManifest.php(79): Illuminate\\Foundation\\PackageManifest->config('aliases')
#14 /Applications/XAMPP/xamppfiles/htdocs/tmracing/vendor/laravel/framework/src/Illuminate/Foundation/Bootstrap/RegisterFacades.php(26): Illuminate\\Foundation\\PackageManifest->aliases()
#15 /Applications/XAMPP/xamppfiles/htdocs/tmracing/vendor/laravel/framework/src/Illuminate/Foundation/Application.php(263): Illuminate\\Foundation\\Bootstrap\\RegisterFacades->bootstrap(Object(Illuminate\\Foundation\\Application))
#16 /Applications/XAMPP/xamppfiles/htdocs/tmracing/vendor/laravel/framework/src/Illuminate/Foundation/Console/Kernel.php(447): Illuminate\\Foundation\\Application->bootstrapWith(Array)
#17 /Applications/XAMPP/xamppfiles/htdocs/tmracing/vendor/laravel/framework/src/Illuminate/Foundation/Console/Kernel.php(199): Illuminate\\Foundation\\Console\\Kernel->bootstrap()
#18 /Applications/XAMPP/xamppfiles/htdocs/tmracing/artisan(35): Illuminate\\Foundation\\Console\\Kernel->handle(Object(Symfony\\Component\\Console\\Input\\ArgvInput), Object(Symfony\\Component\\Console\\Output\\ConsoleOutput))
#19 {main}
"} 
[2025-12-12 02:50:26] laravel.WARNING: Illuminate\Support\Collection::last(): Implicitly marking parameter $callback as nullable is deprecated, the explicit nullable type must be used instead in /Applications/XAMPP/xamppfiles/htdocs/tmracing/vendor/laravel/framework/src/Illuminate/Collections/Collection.php on line 750  
[2025-12-12 02:50:26] laravel.EMERGENCY: Unable to create configured logger. Using emergency logger. {"exception":"[object] (Error(code: 0): Class \"Illuminate\\Support\\Collection\" not found at /Applications/XAMPP/xamppfiles/htdocs/tmracing/vendor/laravel/framework/src/Illuminate/Collections/helpers.php:18)
[stacktrace]
#0 /Applications/XAMPP/xamppfiles/htdocs/tmracing/vendor/laravel/framework/src/Illuminate/Log/LogManager.php(389): collect(Array)
#1 /Applications/XAMPP/xamppfiles/htdocs/tmracing/vendor/laravel/framework/src/Illuminate/Log/LogManager.php(222): Illuminate\\Log\\LogManager->createMonologDriver(Array)
#2 /Applications/XAMPP/xamppfiles/htdocs/tmracing/vendor/laravel/framework/src/Illuminate/Log/LogManager.php(137): Illuminate\\Log\\LogManager->resolve('deprecations', Array)
#3 /Applications/XAMPP/xamppfiles/htdocs/tmracing/vendor/laravel/framework/src/Illuminate/Log/LogManager.php(124): Illuminate\\Log\\LogManager->get('deprecations')
#4 /Applications/XAMPP/xamppfiles/htdocs/tmracing/vendor/laravel/framework/src/Illuminate/Log/LogManager.php(113): Illuminate\\Log\\LogManager->driver('deprecations')
#5 /Applications/XAMPP/xamppfiles/htdocs/tmracing/vendor/laravel/framework/src/Illuminate/Foundation/Bootstrap/HandleExceptions.php(102): Illuminate\\Log\\LogManager->channel('deprecations')
#6 /Applications/XAMPP/xamppfiles/htdocs/tmracing/vendor/laravel/framework/src/Illuminate/Foundation/Bootstrap/HandleExceptions.php(71): Illuminate\\Foundation\\Bootstrap\\HandleExceptions->handleDeprecationError('Illuminate\\\\Supp...', '/Applications/X...', 167, 8192)
#7 /Applications/XAMPP/xamppfiles/htdocs/tmracing/vendor/laravel/framework/src/Illuminate/Foundation/Bootstrap/HandleExceptions.php(255): Illuminate\\Foundation\\Bootstrap\\HandleExceptions->handleError(8192, 'Illuminate\\\\Supp...', '/Applications/X...', 167)
#8 /Applications/XAMPP/xamppfiles/htdocs/tmracing/vendor/composer/ClassLoader.php(576): Illuminate\\Foundation\\Bootstrap\\HandleExceptions->{closure:Illuminate\\Foundation\\Bootstrap\\HandleExceptions::forwardsTo():254}(8192, 'Illuminate\\\\Supp...', '/Applications/X...', 167)
#9 /Applications/XAMPP/xamppfiles/htdocs/tmracing/vendor/composer/ClassLoader.php(576): include('/Applications/X...')
#10 /Applications/XAMPP/xamppfiles/htdocs/tmracing/vendor/composer/ClassLoader.php(427): {closure:Composer\\Autoload\\ClassLoader::initializeIncludeClosure():575}('/Applications/X...')
#11 /Applications/XAMPP/xamppfiles/htdocs/tmracing/vendor/laravel/framework/src/Illuminate/Collections/Collection.php(21): Composer\\Autoload\\ClassLoader->loadClass('Illuminate\\\\Supp...')
#12 /Applications/XAMPP/xamppfiles/htdocs/tmracing/vendor/composer/ClassLoader.php(576): include('/Applications/X...')
#13 /Applications/XAMPP/xamppfiles/htdocs/tmracing/vendor/composer/ClassLoader.php(427): {closure:Composer\\Autoload\\ClassLoader::initializeIncludeClosure():575}('/Applications/X...')
#14 /Applications/XAMPP/xamppfiles/htdocs/tmracing/vendor/laravel/framework/src/Illuminate/Collections/helpers.php(18): Composer\\Autoload\\ClassLoader->loadClass('Illuminate\\\\Supp...')
#15 /Applications/XAMPP/xamppfiles/htdocs/tmracing/vendor/laravel/framework/src/Illuminate/Foundation/PackageManifest.php(90): collect(Array)
#16 /Applications/XAMPP/xamppfiles/htdocs/tmracing/vendor/laravel/framework/src/Illuminate/Foundation/PackageManifest.php(79): Illuminate\\Foundation\\PackageManifest->config('aliases')
#17 /Applications/XAMPP/xamppfiles/htdocs/tmracing/vendor/laravel/framework/src/Illuminate/Foundation/Bootstrap/RegisterFacades.php(26): Illuminate\\Foundation\\PackageManifest->aliases()
#18 /Applications/XAMPP/xamppfiles/htdocs/tmracing/vendor/laravel/framework/src/Illuminate/Foundation/Application.php(263): Illuminate\\Foundation\\Bootstrap\\RegisterFacades->bootstrap(Object(Illuminate\\Foundation\\Application))
#19 /Applications/XAMPP/xamppfiles/htdocs/tmracing/vendor/laravel/framework/src/Illuminate/Foundation/Console/Kernel.php(447): Illuminate\\Foundation\\Application->bootstrapWith(Array)
#20 /Applications/XAMPP/xamppfiles/htdocs/tmracing/vendor/laravel/framework/src/Illuminate/Foundation/Console/Kernel.php(199): Illuminate\\Foundation\\Console\\Kernel->bootstrap()
#21 /Applications/XAMPP/xamppfiles/htdocs/tmracing/artisan(35): Illuminate\\Foundation\\Console\\Kernel->handle(Object(Symfony\\Component\\Console\\Input\\ArgvInput), Object(Symfony\\Component\\Console\\Output\\ConsoleOutput))
#22 {main}
"} 
[2025-12-12 02:50:26] laravel.WARNING: Illuminate\Support\Traits\EnumeratesValues::times(): Implicitly marking parameter $callback as nullable is deprecated, the explicit nullable type must be used instead in /Applications/XAMPP/xamppfiles/htdocs/tmracing/vendor/laravel/framework/src/Illuminate/Collections/Traits/EnumeratesValues.php on line 167  
[2025-12-12 02:50:26] laravel.EMERGENCY: Unable to create configured logger. Using emergency logger. {"exception":"[object] (Error(code: 0): Class \"Illuminate\\Support\\Collection\" not found at /Applications/XAMPP/xamppfiles/htdocs/tmracing/vendor/laravel/framework/src/Illuminate/Collections/helpers.php:18)
[stacktrace]
#0 /Applications/XAMPP/xamppfiles/htdocs/tmracing/vendor/laravel/framework/src/Illuminate/Log/LogManager.php(389): collect(Array)
#1 /Applications/XAMPP/xamppfiles/htdocs/tmracing/vendor/laravel/framework/src/Illuminate/Log/LogManager.php(222): Illuminate\\Log\\LogManager->createMonologDriver(Array)
#2 /Applications/XAMPP/xamppfiles/htdocs/tmracing/vendor/laravel/framework/src/Illuminate/Log/LogManager.php(137): Illuminate\\Log\\LogManager->resolve('deprecations', Array)
#3 /Applications/XAMPP/xamppfiles/htdocs/tmracing/vendor/laravel/framework/src/Illuminate/Log/LogManager.php(124): Illuminate\\Log\\LogManager->get('deprecations')
#4 /Applications/XAMPP/xamppfiles/htdocs/tmracing/vendor/laravel/framework/src/Illuminate/Log/LogManager.php(113): Illuminate\\Log\\LogManager->driver('deprecations')
#5 /Applications/XAMPP/xamppfiles/htdocs/tmracing/vendor/laravel/framework/src/Illuminate/Foundation/Bootstrap/HandleExceptions.php(102): Illuminate\\Log\\LogManager->channel('deprecations')
#6 /Applications/XAMPP/xamppfiles/htdocs/tmracing/vendor/laravel/framework/src/Illuminate/Foundation/Bootstrap/HandleExceptions.php(71): Illuminate\\Foundation\\Bootstrap\\HandleExceptions->handleDeprecationError('Illuminate\\\\Supp...', '/Applications/X...', 537, 8192)
#7 /Applications/XAMPP/xamppfiles/htdocs/tmracing/vendor/laravel/framework/src/Illuminate/Foundation/Bootstrap/HandleExceptions.php(255): Illuminate\\Foundation\\Bootstrap\\HandleExceptions->handleError(8192, 'Illuminate\\\\Supp...', '/Applications/X...', 537)
#8 /Applications/XAMPP/xamppfiles/htdocs/tmracing/vendor/composer/ClassLoader.php(576): Illuminate\\Foundation\\Bootstrap\\HandleExceptions->{closure:Illuminate\\Foundation\\Bootstrap\\HandleExceptions::forwardsTo():254}(8192, 'Illuminate\\\\Supp...', '/Applications/X...', 537)
#9 /Applications/XAMPP/xamppfiles/htdocs/tmracing/vendor/composer/ClassLoader.php(576): include('/Applications/X...')
#10 /Applications/XAMPP/xamppfiles/htdocs/tmracing/vendor/composer/ClassLoader.php(427): {closure:Composer\\Autoload\\ClassLoader::initializeIncludeClosure():575}('/Applications/X...')
#11 /Applications/XAMPP/xamppfiles/htdocs/tmracing/vendor/laravel/framework/src/Illuminate/Collections/Collection.php(21): Composer\\Autoload\\ClassLoader->loadClass('Illuminate\\\\Supp...')
#12 /Applications/XAMPP/xamppfiles/htdocs/tmracing/vendor/composer/ClassLoader.php(576): include('/Applications/X...')
#13 /Applications/XAMPP/xamppfiles/htdocs/tmracing/vendor/composer/ClassLoader.php(427): {closure:Composer\\Autoload\\ClassLoader::initializeIncludeClosure():575}('/Applications/X...')
#14 /Applications/XAMPP/xamppfiles/htdocs/tmracing/vendor/laravel/framework/src/Illuminate/Collections/helpers.php(18): Composer\\Autoload\\ClassLoader->loadClass('Illuminate\\\\Supp...')
#15 /Applications/XAMPP/xamppfiles/htdocs/tmracing/vendor/laravel/framework/src/Illuminate/Foundation/PackageManifest.php(90): collect(Array)
#16 /Applications/XAMPP/xamppfiles/htdocs/tmracing/vendor/laravel/framework/src/Illuminate/Foundation/PackageManifest.php(79): Illuminate\\Foundation\\PackageManifest->config('aliases')
#17 /Applications/XAMPP/xamppfiles/htdocs/tmracing/vendor/laravel/framework/src/Illuminate/Foundation/Bootstrap/RegisterFacades.php(26): Illuminate\\Foundation\\PackageManifest->aliases()
#18 /Applications/XAMPP/xamppfiles/htdocs/tmracing/vendor/laravel/framework/src/Illuminate/Foundation/Application.php(263): Illuminate\\Foundation\\Bootstrap\\RegisterFacades->bootstrap(Object(Illuminate\\Foundation\\Application))
#19 /Applications/XAMPP/xamppfiles/htdocs/tmracing/vendor/laravel/framework/src/Illuminate/Foundation/Console/Kernel.php(447): Illuminate\\Foundation\\Application->bootstrapWith(Array)
#20 /Applications/XAMPP/xamppfiles/htdocs/tmracing/vendor/laravel/framework/src/Illuminate/Foundation/Console/Kernel.php(199): Illuminate\\Foundation\\Console\\Kernel->bootstrap()
#21 /Applications/XAMPP/xamppfiles/htdocs/tmracing/artisan(35): Illuminate\\Foundation\\Console\\Kernel->handle(Object(Symfony\\Component\\Console\\Input\\ArgvInput), Object(Symfony\\Component\\Console\\Output\\ConsoleOutput))
#22 {main}
"} 
[2025-12-12 02:50:26] laravel.WARNING: Illuminate\Support\Traits\EnumeratesValues::whenEmpty(): Implicitly marking parameter $default as nullable is deprecated, the explicit nullable type must be used instead in /Applications/XAMPP/xamppfiles/htdocs/tmracing/vendor/laravel/framework/src/Illuminate/Collections/Traits/EnumeratesValues.php on line 537  
[2025-12-12 02:50:26] laravel.EMERGENCY: Unable to create configured logger. Using emergency logger. {"exception":"[object] (Error(code: 0): Class \"Illuminate\\Support\\Collection\" not found at /Applications/XAMPP/xamppfiles/htdocs/tmracing/vendor/laravel/framework/src/Illuminate/Collections/helpers.php:18)
[stacktrace]
#0 /Applications/XAMPP/xamppfiles/htdocs/tmracing/vendor/laravel/framework/src/Illuminate/Log/LogManager.php(389): collect(Array)
#1 /Applications/XAMPP/xamppfiles/htdocs/tmracing/vendor/laravel/framework/src/Illuminate/Log/LogManager.php(222): Illuminate\\Log\\LogManager->createMonologDriver(Array)
#2 /Applications/XAMPP/xamppfiles/htdocs/tmracing/vendor/laravel/framework/src/Illuminate/Log/LogManager.php(137): Illuminate\\Log\\LogManager->resolve('deprecations', Array)
#3 /Applications/XAMPP/xamppfiles/htdocs/tmracing/vendor/laravel/framework/src/Illuminate/Log/LogManager.php(124): Illuminate\\Log\\LogManager->get('deprecations')
#4 /Applications/XAMPP/xamppfiles/htdocs/tmracing/vendor/laravel/framework/src/Illuminate/Log/LogManager.php(113): Illuminate\\Log\\LogManager->driver('deprecations')
#5 /Applications/XAMPP/xamppfiles/htdocs/tmracing/vendor/laravel/framework/src/Illuminate/Foundation/Bootstrap/HandleExceptions.php(102): Illuminate\\Log\\LogManager->channel('deprecations')
#6 /Applications/XAMPP/xamppfiles/htdocs/tmracing/vendor/laravel/framework/src/Illuminate/Foundation/Bootstrap/HandleExceptions.php(71): Illuminate\\Foundation\\Bootstrap\\HandleExceptions->handleDeprecationError('Illuminate\\\\Supp...', '/Applications/X...', 551, 8192)
#7 /Applications/XAMPP/xamppfiles/htdocs/tmracing/vendor/laravel/framework/src/Illuminate/Foundation/Bootstrap/HandleExceptions.php(255): Illuminate\\Foundation\\Bootstrap\\HandleExceptions->handleError(8192, 'Illuminate\\\\Supp...', '/Applications/X...', 551)
#8 /Applications/XAMPP/xamppfiles/htdocs/tmracing/vendor/composer/ClassLoader.php(576): Illuminate\\Foundation\\Bootstrap\\HandleExceptions->{closure:Illuminate\\Foundation\\Bootstrap\\HandleExceptions::forwardsTo():254}(8192, 'Illuminate\\\\Supp...', '/Applications/X...', 551)
#9 /Applications/XAMPP/xamppfiles/htdocs/tmracing/vendor/composer/ClassLoader.php(576): include('/Applications/X...')
#10 /Applications/XAMPP/xamppfiles/htdocs/tmracing/vendor/composer/ClassLoader.php(427): {closure:Composer\\Autoload\\ClassLoader::initializeIncludeClosure():575}('/Applications/X...')
#11 /Applications/XAMPP/xamppfiles/htdocs/tmracing/vendor/laravel/framework/src/Illuminate/Collections/Collection.php(21): Composer\\Autoload\\ClassLoader->loadClass('Illuminate\\\\Supp...')
#12 /Applications/XAMPP/xamppfiles/htdocs/tmracing/vendor/composer/ClassLoader.php(576): include('/Applications/X...')
#13 /Applications/XAMPP/xamppfiles/htdocs/tmracing/vendor/composer/ClassLoader.php(427): {closure:Composer\\Autoload\\ClassLoader::initializeIncludeClosure():575}('/Applications/X...')
#14 /Applications/XAMPP/xamppfiles/htdocs/tmracing/vendor/laravel/framework/src/Illuminate/Collections/helpers.php(18): Composer\\Autoload\\ClassLoader->loadClass('Illuminate\\\\Supp...')
#15 /Applications/XAMPP/xamppfiles/htdocs/tmracing/vendor/laravel/framework/src/Illuminate/Foundation/PackageManifest.php(90): collect(Array)
#16 /Applications/XAMPP/xamppfiles/htdocs/tmracing/vendor/laravel/framework/src/Illuminate/Foundation/PackageManifest.php(79): Illuminate\\Foundation\\PackageManifest->config('aliases')
#17 /Applications/XAMPP/xamppfiles/htdocs/tmracing/vendor/laravel/framework/src/Illuminate/Foundation/Bootstrap/RegisterFacades.php(26): Illuminate\\Foundation\\PackageManifest->aliases()
#18 /Applications/XAMPP/xamppfiles/htdocs/tmracing/vendor/laravel/framework/src/Illuminate/Foundation/Application.php(263): Illuminate\\Foundation\\Bootstrap\\RegisterFacades->bootstrap(Object(Illuminate\\Foundation\\Application))
#19 /Applications/XAMPP/xamppfiles/htdocs/tmracing/vendor/laravel/framework/src/Illuminate/Foundation/Console/Kernel.php(447): Illuminate\\Foundation\\Application->bootstrapWith(Array)
#20 /Applications/XAMPP/xamppfiles/htdocs/tmracing/vendor/laravel/framework/src/Illuminate/Foundation/Console/Kernel.php(199): Illuminate\\Foundation\\Console\\Kernel->bootstrap()
#21 /Applications/XAMPP/xamppfiles/htdocs/tmracing/artisan(35): Illuminate\\Foundation\\Console\\Kernel->handle(Object(Symfony\\Component\\Console\\Input\\ArgvInput), Object(Symfony\\Component\\Console\\Output\\ConsoleOutput))
#22 {main}
"} 
[2025-12-12 02:50:26] laravel.WARNING: Illuminate\Support\Traits\EnumeratesValues::whenNotEmpty(): Implicitly marking parameter $default as nullable is deprecated, the explicit nullable type must be used instead in /Applications/XAMPP/xamppfiles/htdocs/tmracing/vendor/laravel/framework/src/Illuminate/Collections/Traits/EnumeratesValues.php on line 551  
[2025-12-12 02:50:26] laravel.EMERGENCY: Unable to create configured logger. Using emergency logger. {"exception":"[object] (Error(code: 0): Class \"Illuminate\\Support\\Collection\" not found at /Applications/XAMPP/xamppfiles/htdocs/tmracing/vendor/laravel/framework/src/Illuminate/Collections/helpers.php:18)
[stacktrace]
#0 /Applications/XAMPP/xamppfiles/htdocs/tmracing/vendor/laravel/framework/src/Illuminate/Log/LogManager.php(389): collect(Array)
#1 /Applications/XAMPP/xamppfiles/htdocs/tmracing/vendor/laravel/framework/src/Illuminate/Log/LogManager.php(222): Illuminate\\Log\\LogManager->createMonologDriver(Array)
#2 /Applications/XAMPP/xamppfiles/htdocs/tmracing/vendor/laravel/framework/src/Illuminate/Log/LogManager.php(137): Illuminate\\Log\\LogManager->resolve('deprecations', Array)
#3 /Applications/XAMPP/xamppfiles/htdocs/tmracing/vendor/laravel/framework/src/Illuminate/Log/LogManager.php(124): Illuminate\\Log\\LogManager->get('deprecations')
#4 /Applications/XAMPP/xamppfiles/htdocs/tmracing/vendor/laravel/framework/src/Illuminate/Log/LogManager.php(113): Illuminate\\Log\\LogManager->driver('deprecations')
#5 /Applications/XAMPP/xamppfiles/htdocs/tmracing/vendor/laravel/framework/src/Illuminate/Foundation/Bootstrap/HandleExceptions.php(102): Illuminate\\Log\\LogManager->channel('deprecations')
#6 /Applications/XAMPP/xamppfiles/htdocs/tmracing/vendor/laravel/framework/src/Illuminate/Foundation/Bootstrap/HandleExceptions.php(71): Illuminate\\Foundation\\Bootstrap\\HandleExceptions->handleDeprecationError('Illuminate\\\\Supp...', '/Applications/X...', 565, 8192)
#7 /Applications/XAMPP/xamppfiles/htdocs/tmracing/vendor/laravel/framework/src/Illuminate/Foundation/Bootstrap/HandleExceptions.php(255): Illuminate\\Foundation\\Bootstrap\\HandleExceptions->handleError(8192, 'Illuminate\\\\Supp...', '/Applications/X...', 565)
#8 /Applications/XAMPP/xamppfiles/htdocs/tmracing/vendor/composer/ClassLoader.php(576): Illuminate\\Foundation\\Bootstrap\\HandleExceptions->{closure:Illuminate\\Foundation\\Bootstrap\\HandleExceptions::forwardsTo():254}(8192, 'Illuminate\\\\Supp...', '/Applications/X...', 565)
#9 /Applications/XAMPP/xamppfiles/htdocs/tmracing/vendor/composer/ClassLoader.php(576): include('/Applications/X...')
#10 /Applications/XAMPP/xamppfiles/htdocs/tmracing/vendor/composer/ClassLoader.php(427): {closure:Composer\\Autoload\\ClassLoader::initializeIncludeClosure():575}('/Applications/X...')
#11 /Applications/XAMPP/xamppfiles/htdocs/tmracing/vendor/laravel/framework/src/Illuminate/Collections/Collection.php(21): Composer\\Autoload\\ClassLoader->loadClass('Illuminate\\\\Supp...')
#12 /Applications/XAMPP/xamppfiles/htdocs/tmracing/vendor/composer/ClassLoader.php(576): include('/Applications/X...')
#13 /Applications/XAMPP/xamppfiles/htdocs/tmracing/vendor/composer/ClassLoader.php(427): {closure:Composer\\Autoload\\ClassLoader::initializeIncludeClosure():575}('/Applications/X...')
#14 /Applications/XAMPP/xamppfiles/htdocs/tmracing/vendor/laravel/framework/src/Illuminate/Collections/helpers.php(18): Composer\\Autoload\\ClassLoader->loadClass('Illuminate\\\\Supp...')
#15 /Applications/XAMPP/xamppfiles/htdocs/tmracing/vendor/laravel/framework/src/Illuminate/Foundation/PackageManifest.php(90): collect(Array)
#16 /Applications/XAMPP/xamppfiles/htdocs/tmracing/vendor/laravel/framework/src/Illuminate/Foundation/PackageManifest.php(79): Illuminate\\Foundation\\PackageManifest->config('aliases')
#17 /Applications/XAMPP/xamppfiles/htdocs/tmracing/vendor/laravel/framework/src/Illuminate/Foundation/Bootstrap/RegisterFacades.php(26): Illuminate\\Foundation\\PackageManifest->aliases()
#18 /Applications/XAMPP/xamppfiles/htdocs/tmracing/vendor/laravel/framework/src/Illuminate/Foundation/Application.php(263): Illuminate\\Foundation\\Bootstrap\\RegisterFacades->bootstrap(Object(Illuminate\\Foundation\\Application))
#19 /Applications/XAMPP/xamppfiles/htdocs/tmracing/vendor/laravel/framework/src/Illuminate/Foundation/Console/Kernel.php(447): Illuminate\\Foundation\\Application->bootstrapWith(Array)
#20 /Applications/XAMPP/xamppfiles/htdocs/tmracing/vendor/laravel/framework/src/Illuminate/Foundation/Console/Kernel.php(199): Illuminate\\Foundation\\Console\\Kernel->bootstrap()
#21 /Applications/XAMPP/xamppfiles/htdocs/tmracing/artisan(35): Illuminate\\Foundation\\Console\\Kernel->handle(Object(Symfony\\Component\\Console\\Input\\ArgvInput), Object(Symfony\\Component\\Console\\Output\\ConsoleOutput))
#22 {main}
"} 
[2025-12-12 02:50:26] laravel.WARNING: Illuminate\Support\Traits\EnumeratesValues::unlessEmpty(): Implicitly marking parameter $default as nullable is deprecated, the explicit nullable type must be used instead in /Applications/XAMPP/xamppfiles/htdocs/tmracing/vendor/laravel/framework/src/Illuminate/Collections/Traits/EnumeratesValues.php on line 565  
[2025-12-12 02:50:26] laravel.EMERGENCY: Unable to create configured logger. Using emergency logger. {"exception":"[object] (Error(code: 0): Class \"Illuminate\\Support\\Collection\" not found at /Applications/XAMPP/xamppfiles/htdocs/tmracing/vendor/laravel/framework/src/Illuminate/Collections/helpers.php:18)
[stacktrace]
#0 /Applications/XAMPP/xamppfiles/htdocs/tmracing/vendor/laravel/framework/src/Illuminate/Log/LogManager.php(389): collect(Array)
#1 /Applications/XAMPP/xamppfiles/htdocs/tmracing/vendor/laravel/framework/src/Illuminate/Log/LogManager.php(222): Illuminate\\Log\\LogManager->createMonologDriver(Array)
#2 /Applications/XAMPP/xamppfiles/htdocs/tmracing/vendor/laravel/framework/src/Illuminate/Log/LogManager.php(137): Illuminate\\Log\\LogManager->resolve('deprecations', Array)
#3 /Applications/XAMPP/xamppfiles/htdocs/tmracing/vendor/laravel/framework/src/Illuminate/Log/LogManager.php(124): Illuminate\\Log\\LogManager->get('deprecations')
#4 /Applications/XAMPP/xamppfiles/htdocs/tmracing/vendor/laravel/framework/src/Illuminate/Log/LogManager.php(113): Illuminate\\Log\\LogManager->driver('deprecations')
#5 /Applications/XAMPP/xamppfiles/htdocs/tmracing/vendor/laravel/framework/src/Illuminate/Foundation/Bootstrap/HandleExceptions.php(102): Illuminate\\Log\\LogManager->channel('deprecations')
#6 /Applications/XAMPP/xamppfiles/htdocs/tmracing/vendor/laravel/framework/src/Illuminate/Foundation/Bootstrap/HandleExceptions.php(71): Illuminate\\Foundation\\Bootstrap\\HandleExceptions->handleDeprecationError('Illuminate\\\\Supp...', '/Applications/X...', 579, 8192)
#7 /Applications/XAMPP/xamppfiles/htdocs/tmracing/vendor/laravel/framework/src/Illuminate/Foundation/Bootstrap/HandleExceptions.php(255): Illuminate\\Foundation\\Bootstrap\\HandleExceptions->handleError(8192, 'Illuminate\\\\Supp...', '/Applications/X...', 579)
#8 /Applications/XAMPP/xamppfiles/htdocs/tmracing/vendor/composer/ClassLoader.php(576): Illuminate\\Foundation\\Bootstrap\\HandleExceptions->{closure:Illuminate\\Foundation\\Bootstrap\\HandleExceptions::forwardsTo():254}(8192, 'Illuminate\\\\Supp...', '/Applications/X...', 579)
#9 /Applications/XAMPP/xamppfiles/htdocs/tmracing/vendor/composer/ClassLoader.php(576): include('/Applications/X...')
#10 /Applications/XAMPP/xamppfiles/htdocs/tmracing/vendor/composer/ClassLoader.php(427): {closure:Composer\\Autoload\\ClassLoader::initializeIncludeClosure():575}('/Applications/X...')
#11 /Applications/XAMPP/xamppfiles/htdocs/tmracing/vendor/laravel/framework/src/Illuminate/Collections/Collection.php(21): Composer\\Autoload\\ClassLoader->loadClass('Illuminate\\\\Supp...')
#12 /Applications/XAMPP/xamppfiles/htdocs/tmracing/vendor/composer/ClassLoader.php(576): include('/Applications/X...')
#13 /Applications/XAMPP/xamppfiles/htdocs/tmracing/vendor/composer/ClassLoader.php(427): {closure:Composer\\Autoload\\ClassLoader::initializeIncludeClosure():575}('/Applications/X...')
#14 /Applications/XAMPP/xamppfiles/htdocs/tmracing/vendor/laravel/framework/src/Illuminate/Collections/helpers.php(18): Composer\\Autoload\\ClassLoader->loadClass('Illuminate\\\\Supp...')
#15 /Applications/XAMPP/xamppfiles/htdocs/tmracing/vendor/laravel/framework/src/Illuminate/Foundation/PackageManifest.php(90): collect(Array)
#16 /Applications/XAMPP/xamppfiles/htdocs/tmracing/vendor/laravel/framework/src/Illuminate/Foundation/PackageManifest.php(79): Illuminate\\Foundation\\PackageManifest->config('aliases')
#17 /Applications/XAMPP/xamppfiles/htdocs/tmracing/vendor/laravel/framework/src/Illuminate/Foundation/Bootstrap/RegisterFacades.php(26): Illuminate\\Foundation\\PackageManifest->aliases()
#18 /Applications/XAMPP/xamppfiles/htdocs/tmracing/vendor/laravel/framework/src/Illuminate/Foundation/Application.php(263): Illuminate\\Foundation\\Bootstrap\\RegisterFacades->bootstrap(Object(Illuminate\\Foundation\\Application))
#19 /Applications/XAMPP/xamppfiles/htdocs/tmracing/vendor/laravel/framework/src/Illuminate/Foundation/Console/Kernel.php(447): Illuminate\\Foundation\\Application->bootstrapWith(Array)
#20 /Applications/XAMPP/xamppfiles/htdocs/tmracing/vendor/laravel/framework/src/Illuminate/Foundation/Console/Kernel.php(199): Illuminate\\Foundation\\Console\\Kernel->bootstrap()
#21 /Applications/XAMPP/xamppfiles/htdocs/tmracing/artisan(35): Illuminate\\Foundation\\Console\\Kernel->handle(Object(Symfony\\Component\\Console\\Input\\ArgvInput), Object(Symfony\\Component\\Console\\Output\\ConsoleOutput))
#22 {main}
"} 
[2025-12-12 02:50:26] laravel.WARNING: Illuminate\Support\Traits\EnumeratesValues::unlessNotEmpty(): Implicitly marking parameter $default as nullable is deprecated, the explicit nullable type must be used instead in /Applications/XAMPP/xamppfiles/htdocs/tmracing/vendor/laravel/framework/src/Illuminate/Collections/Traits/EnumeratesValues.php on line 579  
[2025-12-12 02:50:26] laravel.EMERGENCY: Unable to create configured logger. Using emergency logger. {"exception":"[object] (Error(code: 0): Class \"Illuminate\\Support\\Collection\" not found at /Applications/XAMPP/xamppfiles/htdocs/tmracing/vendor/laravel/framework/src/Illuminate/Collections/helpers.php:18)
[stacktrace]
#0 /Applications/XAMPP/xamppfiles/htdocs/tmracing/vendor/laravel/framework/src/Illuminate/Log/LogManager.php(389): collect(Array)
#1 /Applications/XAMPP/xamppfiles/htdocs/tmracing/vendor/laravel/framework/src/Illuminate/Log/LogManager.php(222): Illuminate\\Log\\LogManager->createMonologDriver(Array)
#2 /Applications/XAMPP/xamppfiles/htdocs/tmracing/vendor/laravel/framework/src/Illuminate/Log/LogManager.php(137): Illuminate\\Log\\LogManager->resolve('deprecations', Array)
#3 /Applications/XAMPP/xamppfiles/htdocs/tmracing/vendor/laravel/framework/src/Illuminate/Log/LogManager.php(124): Illuminate\\Log\\LogManager->get('deprecations')
#4 /Applications/XAMPP/xamppfiles/htdocs/tmracing/vendor/laravel/framework/src/Illuminate/Log/LogManager.php(113): Illuminate\\Log\\LogManager->driver('deprecations')
#5 /Applications/XAMPP/xamppfiles/htdocs/tmracing/vendor/laravel/framework/src/Illuminate/Foundation/Bootstrap/HandleExceptions.php(102): Illuminate\\Log\\LogManager->channel('deprecations')
#6 /Applications/XAMPP/xamppfiles/htdocs/tmracing/vendor/laravel/framework/src/Illuminate/Foundation/Bootstrap/HandleExceptions.php(71): Illuminate\\Foundation\\Bootstrap\\HandleExceptions->handleDeprecationError('Illuminate\\\\Supp...', '/Applications/X...', 41, 8192)
#7 /Applications/XAMPP/xamppfiles/htdocs/tmracing/vendor/laravel/framework/src/Illuminate/Foundation/Bootstrap/HandleExceptions.php(255): Illuminate\\Foundation\\Bootstrap\\HandleExceptions->handleError(8192, 'Illuminate\\\\Supp...', '/Applications/X...', 41)
#8 /Applications/XAMPP/xamppfiles/htdocs/tmracing/vendor/composer/ClassLoader.php(576): Illuminate\\Foundation\\Bootstrap\\HandleExceptions->{closure:Illuminate\\Foundation\\Bootstrap\\HandleExceptions::forwardsTo():254}(8192, 'Illuminate\\\\Supp...', '/Applications/X...', 41)
#9 /Applications/XAMPP/xamppfiles/htdocs/tmracing/vendor/composer/ClassLoader.php(576): include('/Applications/X...')
#10 /Applications/XAMPP/xamppfiles/htdocs/tmracing/vendor/composer/ClassLoader.php(427): {closure:Composer\\Autoload\\ClassLoader::initializeIncludeClosure():575}('/Applications/X...')
#11 /Applications/XAMPP/xamppfiles/htdocs/tmracing/vendor/laravel/framework/src/Illuminate/Collections/Collection.php(21): Composer\\Autoload\\ClassLoader->loadClass('Illuminate\\\\Supp...')
#12 /Applications/XAMPP/xamppfiles/htdocs/tmracing/vendor/composer/ClassLoader.php(576): include('/Applications/X...')
#13 /Applications/XAMPP/xamppfiles/htdocs/tmracing/vendor/composer/ClassLoader.php(427): {closure:Composer\\Autoload\\ClassLoader::initializeIncludeClosure():575}('/Applications/X...')
#14 /Applications/XAMPP/xamppfiles/htdocs/tmracing/vendor/laravel/framework/src/Illuminate/Collections/helpers.php(18): Composer\\Autoload\\ClassLoader->loadClass('Illuminate\\\\Supp...')
#15 /Applications/XAMPP/xamppfiles/htdocs/tmracing/vendor/laravel/framework/src/Illuminate/Foundation/PackageManifest.php(90): collect(Array)
#16 /Applications/XAMPP/xamppfiles/htdocs/tmracing/vendor/laravel/framework/src/Illuminate/Foundation/PackageManifest.php(79): Illuminate\\Foundation\\PackageManifest->config('aliases')
#17 /Applications/XAMPP/xamppfiles/htdocs/tmracing/vendor/laravel/framework/src/Illuminate/Foundation/Bootstrap/RegisterFacades.php(26): Illuminate\\Foundation\\PackageManifest->aliases()
#18 /Applications/XAMPP/xamppfiles/htdocs/tmracing/vendor/laravel/framework/src/Illuminate/Foundation/Application.php(263): Illuminate\\Foundation\\Bootstrap\\RegisterFacades->bootstrap(Object(Illuminate\\Foundation\\Application))
#19 /Applications/XAMPP/xamppfiles/htdocs/tmracing/vendor/laravel/framework/src/Illuminate/Foundation/Console/Kernel.php(447): Illuminate\\Foundation\\Application->bootstrapWith(Array)
#20 /Applications/XAMPP/xamppfiles/htdocs/tmracing/vendor/laravel/framework/src/Illuminate/Foundation/Console/Kernel.php(199): Illuminate\\Foundation\\Console\\Kernel->bootstrap()
#21 /Applications/XAMPP/xamppfiles/htdocs/tmracing/artisan(35): Illuminate\\Foundation\\Console\\Kernel->handle(Object(Symfony\\Component\\Console\\Input\\ArgvInput), Object(Symfony\\Component\\Console\\Output\\ConsoleOutput))
#22 {main}
"} 
[2025-12-12 02:50:26] laravel.WARNING: Illuminate\Support\Enumerable::times(): Implicitly marking parameter $callback as nullable is deprecated, the explicit nullable type must be used instead in /Applications/XAMPP/xamppfiles/htdocs/tmracing/vendor/laravel/framework/src/Illuminate/Collections/Enumerable.php on line 41  
[2025-12-12 02:50:26] laravel.EMERGENCY: Unable to create configured logger. Using emergency logger. {"exception":"[object] (Error(code: 0): Class \"Illuminate\\Support\\Collection\" not found at /Applications/XAMPP/xamppfiles/htdocs/tmracing/vendor/laravel/framework/src/Illuminate/Collections/helpers.php:18)
[stacktrace]
#0 /Applications/XAMPP/xamppfiles/htdocs/tmracing/vendor/laravel/framework/src/Illuminate/Log/LogManager.php(389): collect(Array)
#1 /Applications/XAMPP/xamppfiles/htdocs/tmracing/vendor/laravel/framework/src/Illuminate/Log/LogManager.php(222): Illuminate\\Log\\LogManager->createMonologDriver(Array)
#2 /Applications/XAMPP/xamppfiles/htdocs/tmracing/vendor/laravel/framework/src/Illuminate/Log/LogManager.php(137): Illuminate\\Log\\LogManager->resolve('deprecations', Array)
#3 /Applications/XAMPP/xamppfiles/htdocs/tmracing/vendor/laravel/framework/src/Illuminate/Log/LogManager.php(124): Illuminate\\Log\\LogManager->get('deprecations')
#4 /Applications/XAMPP/xamppfiles/htdocs/tmracing/vendor/laravel/framework/src/Illuminate/Log/LogManager.php(113): Illuminate\\Log\\LogManager->driver('deprecations')
#5 /Applications/XAMPP/xamppfiles/htdocs/tmracing/vendor/laravel/framework/src/Illuminate/Foundation/Bootstrap/HandleExceptions.php(102): Illuminate\\Log\\LogManager->channel('deprecations')
#6 /Applications/XAMPP/xamppfiles/htdocs/tmracing/vendor/laravel/framework/src/Illuminate/Foundation/Bootstrap/HandleExceptions.php(71): Illuminate\\Foundation\\Bootstrap\\HandleExceptions->handleDeprecationError('Illuminate\\\\Supp...', '/Applications/X...', 299, 8192)
#7 /Applications/XAMPP/xamppfiles/htdocs/tmracing/vendor/laravel/framework/src/Illuminate/Foundation/Bootstrap/HandleExceptions.php(255): Illuminate\\Foundation\\Bootstrap\\HandleExceptions->handleError(8192, 'Illuminate\\\\Supp...', '/Applications/X...', 299)
#8 /Applications/XAMPP/xamppfiles/htdocs/tmracing/vendor/composer/ClassLoader.php(576): Illuminate\\Foundation\\Bootstrap\\HandleExceptions->{closure:Illuminate\\Foundation\\Bootstrap\\HandleExceptions::forwardsTo():254}(8192, 'Illuminate\\\\Supp...', '/Applications/X...', 299)
#9 /Applications/XAMPP/xamppfiles/htdocs/tmracing/vendor/composer/ClassLoader.php(576): include('/Applications/X...')
#10 /Applications/XAMPP/xamppfiles/htdocs/tmracing/vendor/composer/ClassLoader.php(427): {closure:Composer\\Autoload\\ClassLoader::initializeIncludeClosure():575}('/Applications/X...')
#11 /Applications/XAMPP/xamppfiles/htdocs/tmracing/vendor/laravel/framework/src/Illuminate/Collections/Collection.php(21): Composer\\Autoload\\ClassLoader->loadClass('Illuminate\\\\Supp...')
#12 /Applications/XAMPP/xamppfiles/htdocs/tmracing/vendor/composer/ClassLoader.php(576): include('/Applications/X...')
#13 /Applications/XAMPP/xamppfiles/htdocs/tmracing/vendor/composer/ClassLoader.php(427): {closure:Composer\\Autoload\\ClassLoader::initializeIncludeClosure():575}('/Applications/X...')
#14 /Applications/XAMPP/xamppfiles/htdocs/tmracing/vendor/laravel/framework/src/Illuminate/Collections/helpers.php(18): Composer\\Autoload\\ClassLoader->loadClass('Illuminate\\\\Supp...')
#15 /Applications/XAMPP/xamppfiles/htdocs/tmracing/vendor/laravel/framework/src/Illuminate/Foundation/PackageManifest.php(90): collect(Array)
#16 /Applications/XAMPP/xamppfiles/htdocs/tmracing/vendor/laravel/framework/src/Illuminate/Foundation/PackageManifest.php(79): Illuminate\\Foundation\\PackageManifest->config('aliases')
#17 /Applications/XAMPP/xamppfiles/htdocs/tmracing/vendor/laravel/framework/src/Illuminate/Foundation/Bootstrap/RegisterFacades.php(26): Illuminate\\Foundation\\PackageManifest->aliases()
#18 /Applications/XAMPP/xamppfiles/htdocs/tmracing/vendor/laravel/framework/src/Illuminate/Foundation/Application.php(263): Illuminate\\Foundation\\Bootstrap\\RegisterFacades->bootstrap(Object(Illuminate\\Foundation\\Application))
#19 /Applications/XAMPP/xamppfiles/htdocs/tmracing/vendor/laravel/framework/src/Illuminate/Foundation/Console/Kernel.php(447): Illuminate\\Foundation\\Application->bootstrapWith(Array)
#20 /Applications/XAMPP/xamppfiles/htdocs/tmracing/vendor/laravel/framework/src/Illuminate/Foundation/Console/Kernel.php(199): Illuminate\\Foundation\\Console\\Kernel->bootstrap()
#21 /Applications/XAMPP/xamppfiles/htdocs/tmracing/artisan(35): Illuminate\\Foundation\\Console\\Kernel->handle(Object(Symfony\\Component\\Console\\Input\\ArgvInput), Object(Symfony\\Component\\Console\\Output\\ConsoleOutput))
#22 {main}
"} 
[2025-12-12 02:50:26] laravel.WARNING: Illuminate\Support\Enumerable::filter(): Implicitly marking parameter $callback as nullable is deprecated, the explicit nullable type must be used instead in /Applications/XAMPP/xamppfiles/htdocs/tmracing/vendor/laravel/framework/src/Illuminate/Collections/Enumerable.php on line 299  
[2025-12-12 02:50:26] laravel.EMERGENCY: Unable to create configured logger. Using emergency logger. {"exception":"[object] (Error(code: 0): Class \"Illuminate\\Support\\Collection\" not found at /Applications/XAMPP/xamppfiles/htdocs/tmracing/vendor/laravel/framework/src/Illuminate/Collections/helpers.php:18)
[stacktrace]
#0 /Applications/XAMPP/xamppfiles/htdocs/tmracing/vendor/laravel/framework/src/Illuminate/Log/LogManager.php(389): collect(Array)
#1 /Applications/XAMPP/xamppfiles/htdocs/tmracing/vendor/laravel/framework/src/Illuminate/Log/LogManager.php(222): Illuminate\\Log\\LogManager->createMonologDriver(Array)
#2 /Applications/XAMPP/xamppfiles/htdocs/tmracing/vendor/laravel/framework/src/Illuminate/Log/LogManager.php(137): Illuminate\\Log\\LogManager->resolve('deprecations', Array)
#3 /Applications/XAMPP/xamppfiles/htdocs/tmracing/vendor/laravel/framework/src/Illuminate/Log/LogManager.php(124): Illuminate\\Log\\LogManager->get('deprecations')
#4 /Applications/XAMPP/xamppfiles/htdocs/tmracing/vendor/laravel/framework/src/Illuminate/Log/LogManager.php(113): Illuminate\\Log\\LogManager->driver('deprecations')
#5 /Applications/XAMPP/xamppfiles/htdocs/tmracing/vendor/laravel/framework/src/Illuminate/Foundation/Bootstrap/HandleExceptions.php(102): Illuminate\\Log\\LogManager->channel('deprecations')
#6 /Applications/XAMPP/xamppfiles/htdocs/tmracing/vendor/laravel/framework/src/Illuminate/Foundation/Bootstrap/HandleExceptions.php(71): Illuminate\\Foundation\\Bootstrap\\HandleExceptions->handleDeprecationError('Illuminate\\\\Supp...', '/Applications/X...', 311, 8192)
#7 /Applications/XAMPP/xamppfiles/htdocs/tmracing/vendor/laravel/framework/src/Illuminate/Foundation/Bootstrap/HandleExceptions.php(255): Illuminate\\Foundation\\Bootstrap\\HandleExceptions->handleError(8192, 'Illuminate\\\\Supp...', '/Applications/X...', 311)
#8 /Applications/XAMPP/xamppfiles/htdocs/tmracing/vendor/composer/ClassLoader.php(576): Illuminate\\Foundation\\Bootstrap\\HandleExceptions->{closure:Illuminate\\Foundation\\Bootstrap\\HandleExceptions::forwardsTo():254}(8192, 'Illuminate\\\\Supp...', '/Applications/X...', 311)
#9 /Applications/XAMPP/xamppfiles/htdocs/tmracing/vendor/composer/ClassLoader.php(576): include('/Applications/X...')
#10 /Applications/XAMPP/xamppfiles/htdocs/tmracing/vendor/composer/ClassLoader.php(427): {closure:Composer\\Autoload\\ClassLoader::initializeIncludeClosure():575}('/Applications/X...')
#11 /Applications/XAMPP/xamppfiles/htdocs/tmracing/vendor/laravel/framework/src/Illuminate/Collections/Collection.php(21): Composer\\Autoload\\ClassLoader->loadClass('Illuminate\\\\Supp...')
#12 /Applications/XAMPP/xamppfiles/htdocs/tmracing/vendor/composer/ClassLoader.php(576): include('/Applications/X...')
#13 /Applications/XAMPP/xamppfiles/htdocs/tmracing/vendor/composer/ClassLoader.php(427): {closure:Composer\\Autoload\\ClassLoader::initializeIncludeClosure():575}('/Applications/X...')
#14 /Applications/XAMPP/xamppfiles/htdocs/tmracing/vendor/laravel/framework/src/Illuminate/Collections/helpers.php(18): Composer\\Autoload\\ClassLoader->loadClass('Illuminate\\\\Supp...')
#15 /Applications/XAMPP/xamppfiles/htdocs/tmracing/vendor/laravel/framework/src/Illuminate/Foundation/PackageManifest.php(90): collect(Array)
#16 /Applications/XAMPP/xamppfiles/htdocs/tmracing/vendor/laravel/framework/src/Illuminate/Foundation/PackageManifest.php(79): Illuminate\\Foundation\\PackageManifest->config('aliases')
#17 /Applications/XAMPP/xamppfiles/htdocs/tmracing/vendor/laravel/framework/src/Illuminate/Foundation/Bootstrap/RegisterFacades.php(26): Illuminate\\Foundation\\PackageManifest->aliases()
#18 /Applications/XAMPP/xamppfiles/htdocs/tmracing/vendor/laravel/framework/src/Illuminate/Foundation/Application.php(263): Illuminate\\Foundation\\Bootstrap\\RegisterFacades->bootstrap(Object(Illuminate\\Foundation\\Application))
#19 /Applications/XAMPP/xamppfiles/htdocs/tmracing/vendor/laravel/framework/src/Illuminate/Foundation/Console/Kernel.php(447): Illuminate\\Foundation\\Application->bootstrapWith(Array)
#20 /Applications/XAMPP/xamppfiles/htdocs/tmracing/vendor/laravel/framework/src/Illuminate/Foundation/Console/Kernel.php(199): Illuminate\\Foundation\\Console\\Kernel->bootstrap()
#21 /Applications/XAMPP/xamppfiles/htdocs/tmracing/artisan(35): Illuminate\\Foundation\\Console\\Kernel->handle(Object(Symfony\\Component\\Console\\Input\\ArgvInput), Object(Symfony\\Component\\Console\\Output\\ConsoleOutput))
#22 {main}
"} 
[2025-12-12 02:50:26] laravel.WARNING: Illuminate\Support\Enumerable::when(): Implicitly marking parameter $callback as nullable is deprecated, the explicit nullable type must be used instead in /Applications/XAMPP/xamppfiles/htdocs/tmracing/vendor/laravel/framework/src/Illuminate/Collections/Enumerable.php on line 311  
[2025-12-12 02:50:26] laravel.EMERGENCY: Unable to create configured logger. Using emergency logger. {"exception":"[object] (Error(code: 0): Class \"Illuminate\\Support\\Collection\" not found at /Applications/XAMPP/xamppfiles/htdocs/tmracing/vendor/laravel/framework/src/Illuminate/Collections/helpers.php:18)
[stacktrace]
#0 /Applications/XAMPP/xamppfiles/htdocs/tmracing/vendor/laravel/framework/src/Illuminate/Log/LogManager.php(389): collect(Array)
#1 /Applications/XAMPP/xamppfiles/htdocs/tmracing/vendor/laravel/framework/src/Illuminate/Log/LogManager.php(222): Illuminate\\Log\\LogManager->createMonologDriver(Array)
#2 /Applications/XAMPP/xamppfiles/htdocs/tmracing/vendor/laravel/framework/src/Illuminate/Log/LogManager.php(137): Illuminate\\Log\\LogManager->resolve('deprecations', Array)
#3 /Applications/XAMPP/xamppfiles/htdocs/tmracing/vendor/laravel/framework/src/Illuminate/Log/LogManager.php(124): Illuminate\\Log\\LogManager->get('deprecations')
#4 /Applications/XAMPP/xamppfiles/htdocs/tmracing/vendor/laravel/framework/src/Illuminate/Log/LogManager.php(113): Illuminate\\Log\\LogManager->driver('deprecations')
#5 /Applications/XAMPP/xamppfiles/htdocs/tmracing/vendor/laravel/framework/src/Illuminate/Foundation/Bootstrap/HandleExceptions.php(102): Illuminate\\Log\\LogManager->channel('deprecations')
#6 /Applications/XAMPP/xamppfiles/htdocs/tmracing/vendor/laravel/framework/src/Illuminate/Foundation/Bootstrap/HandleExceptions.php(71): Illuminate\\Foundation\\Bootstrap\\HandleExceptions->handleDeprecationError('Illuminate\\\\Supp...', '/Applications/X...', 311, 8192)
#7 /Applications/XAMPP/xamppfiles/htdocs/tmracing/vendor/laravel/framework/src/Illuminate/Foundation/Bootstrap/HandleExceptions.php(255): Illuminate\\Foundation\\Bootstrap\\HandleExceptions->handleError(8192, 'Illuminate\\\\Supp...', '/Applications/X...', 311)
#8 /Applications/XAMPP/xamppfiles/htdocs/tmracing/vendor/composer/ClassLoader.php(576): Illuminate\\Foundation\\Bootstrap\\HandleExceptions->{closure:Illuminate\\Foundation\\Bootstrap\\HandleExceptions::forwardsTo():254}(8192, 'Illuminate\\\\Supp...', '/Applications/X...', 311)
#9 /Applications/XAMPP/xamppfiles/htdocs/tmracing/vendor/composer/ClassLoader.php(576): include('/Applications/X...')
#10 /Applications/XAMPP/xamppfiles/htdocs/tmracing/vendor/composer/ClassLoader.php(427): {closure:Composer\\Autoload\\ClassLoader::initializeIncludeClosure():575}('/Applications/X...')
#11 /Applications/XAMPP/xamppfiles/htdocs/tmracing/vendor/laravel/framework/src/Illuminate/Collections/Collection.php(21): Composer\\Autoload\\ClassLoader->loadClass('Illuminate\\\\Supp...')
#12 /Applications/XAMPP/xamppfiles/htdocs/tmracing/vendor/composer/ClassLoader.php(576): include('/Applications/X...')
#13 /Applications/XAMPP/xamppfiles/htdocs/tmracing/vendor/composer/ClassLoader.php(427): {closure:Composer\\Autoload\\ClassLoader::initializeIncludeClosure():575}('/Applications/X...')
#14 /Applications/XAMPP/xamppfiles/htdocs/tmracing/vendor/laravel/framework/src/Illuminate/Collections/helpers.php(18): Composer\\Autoload\\ClassLoader->loadClass('Illuminate\\\\Supp...')
#15 /Applications/XAMPP/xamppfiles/htdocs/tmracing/vendor/laravel/framework/src/Illuminate/Foundation/PackageManifest.php(90): collect(Array)
#16 /Applications/XAMPP/xamppfiles/htdocs/tmracing/vendor/laravel/framework/src/Illuminate/Foundation/PackageManifest.php(79): Illuminate\\Foundation\\PackageManifest->config('aliases')
#17 /Applications/XAMPP/xamppfiles/htdocs/tmracing/vendor/laravel/framework/src/Illuminate/Foundation/Bootstrap/RegisterFacades.php(26): Illuminate\\Foundation\\PackageManifest->aliases()
#18 /Applications/XAMPP/xamppfiles/htdocs/tmracing/vendor/laravel/framework/src/Illuminate/Foundation/Application.php(263): Illuminate\\Foundation\\Bootstrap\\RegisterFacades->bootstrap(Object(Illuminate\\Foundation\\Application))
#19 /Applications/XAMPP/xamppfiles/htdocs/tmracing/vendor/laravel/framework/src/Illuminate/Foundation/Console/Kernel.php(447): Illuminate\\Foundation\\Application->bootstrapWith(Array)
#20 /Applications/XAMPP/xamppfiles/htdocs/tmracing/vendor/laravel/framework/src/Illuminate/Foundation/Console/Kernel.php(199): Illuminate\\Foundation\\Console\\Kernel->bootstrap()
#21 /Applications/XAMPP/xamppfiles/htdocs/tmracing/artisan(35): Illuminate\\Foundation\\Console\\Kernel->handle(Object(Symfony\\Component\\Console\\Input\\ArgvInput), Object(Symfony\\Component\\Console\\Output\\ConsoleOutput))
#22 {main}
"} 
[2025-12-12 02:50:26] laravel.WARNING: Illuminate\Support\Enumerable::when(): Implicitly marking parameter $default as nullable is deprecated, the explicit nullable type must be used instead in /Applications/XAMPP/xamppfiles/htdocs/tmracing/vendor/laravel/framework/src/Illuminate/Collections/Enumerable.php on line 311  
[2025-12-12 02:50:26] laravel.EMERGENCY: Unable to create configured logger. Using emergency logger. {"exception":"[object] (Error(code: 0): Class \"Illuminate\\Support\\Collection\" not found at /Applications/XAMPP/xamppfiles/htdocs/tmracing/vendor/laravel/framework/src/Illuminate/Collections/helpers.php:18)
[stacktrace]
#0 /Applications/XAMPP/xamppfiles/htdocs/tmracing/vendor/laravel/framework/src/Illuminate/Log/LogManager.php(389): collect(Array)
#1 /Applications/XAMPP/xamppfiles/htdocs/tmracing/vendor/laravel/framework/src/Illuminate/Log/LogManager.php(222): Illuminate\\Log\\LogManager->createMonologDriver(Array)
#2 /Applications/XAMPP/xamppfiles/htdocs/tmracing/vendor/laravel/framework/src/Illuminate/Log/LogManager.php(137): Illuminate\\Log\\LogManager->resolve('deprecations', Array)
#3 /Applications/XAMPP/xamppfiles/htdocs/tmracing/vendor/laravel/framework/src/Illuminate/Log/LogManager.php(124): Illuminate\\Log\\LogManager->get('deprecations')
#4 /Applications/XAMPP/xamppfiles/htdocs/tmracing/vendor/laravel/framework/src/Illuminate/Log/LogManager.php(113): Illuminate\\Log\\LogManager->driver('deprecations')
#5 /Applications/XAMPP/xamppfiles/htdocs/tmracing/vendor/laravel/framework/src/Illuminate/Foundation/Bootstrap/HandleExceptions.php(102): Illuminate\\Log\\LogManager->channel('deprecations')
#6 /Applications/XAMPP/xamppfiles/htdocs/tmracing/vendor/laravel/framework/src/Illuminate/Foundation/Bootstrap/HandleExceptions.php(71): Illuminate\\Foundation\\Bootstrap\\HandleExceptions->handleDeprecationError('Illuminate\\\\Supp...', '/Applications/X...', 322, 8192)
#7 /Applications/XAMPP/xamppfiles/htdocs/tmracing/vendor/laravel/framework/src/Illuminate/Foundation/Bootstrap/HandleExceptions.php(255): Illuminate\\Foundation\\Bootstrap\\HandleExceptions->handleError(8192, 'Illuminate\\\\Supp...', '/Applications/X...', 322)
#8 /Applications/XAMPP/xamppfiles/htdocs/tmracing/vendor/composer/ClassLoader.php(576): Illuminate\\Foundation\\Bootstrap\\HandleExceptions->{closure:Illuminate\\Foundation\\Bootstrap\\HandleExceptions::forwardsTo():254}(8192, 'Illuminate\\\\Supp...', '/Applications/X...', 322)
#9 /Applications/XAMPP/xamppfiles/htdocs/tmracing/vendor/composer/ClassLoader.php(576): include('/Applications/X...')
#10 /Applications/XAMPP/xamppfiles/htdocs/tmracing/vendor/composer/ClassLoader.php(427): {closure:Composer\\Autoload\\ClassLoader::initializeIncludeClosure():575}('/Applications/X...')
#11 /Applications/XAMPP/xamppfiles/htdocs/tmracing/vendor/laravel/framework/src/Illuminate/Collections/Collection.php(21): Composer\\Autoload\\ClassLoader->loadClass('Illuminate\\\\Supp...')
#12 /Applications/XAMPP/xamppfiles/htdocs/tmracing/vendor/composer/ClassLoader.php(576): include('/Applications/X...')
#13 /Applications/XAMPP/xamppfiles/htdocs/tmracing/vendor/composer/ClassLoader.php(427): {closure:Composer\\Autoload\\ClassLoader::initializeIncludeClosure():575}('/Applications/X...')
#14 /Applications/XAMPP/xamppfiles/htdocs/tmracing/vendor/laravel/framework/src/Illuminate/Collections/helpers.php(18): Composer\\Autoload\\ClassLoader->loadClass('Illuminate\\\\Supp...')
#15 /Applications/XAMPP/xamppfiles/htdocs/tmracing/vendor/laravel/framework/src/Illuminate/Foundation/PackageManifest.php(90): collect(Array)
#16 /Applications/XAMPP/xamppfiles/htdocs/tmracing/vendor/laravel/framework/src/Illuminate/Foundation/PackageManifest.php(79): Illuminate\\Foundation\\PackageManifest->config('aliases')
#17 /Applications/XAMPP/xamppfiles/htdocs/tmracing/vendor/laravel/framework/src/Illuminate/Foundation/Bootstrap/RegisterFacades.php(26): Illuminate\\Foundation\\PackageManifest->aliases()
#18 /Applications/XAMPP/xamppfiles/htdocs/tmracing/vendor/laravel/framework/src/Illuminate/Foundation/Application.php(263): Illuminate\\Foundation\\Bootstrap\\RegisterFacades->bootstrap(Object(Illuminate\\Foundation\\Application))
#19 /Applications/XAMPP/xamppfiles/htdocs/tmracing/vendor/laravel/framework/src/Illuminate/Foundation/Console/Kernel.php(447): Illuminate\\Foundation\\Application->bootstrapWith(Array)
#20 /Applications/XAMPP/xamppfiles/htdocs/tmracing/vendor/laravel/framework/src/Illuminate/Foundation/Console/Kernel.php(199): Illuminate\\Foundation\\Console\\Kernel->bootstrap()
#21 /Applications/XAMPP/xamppfiles/htdocs/tmracing/artisan(35): Illuminate\\Foundation\\Console\\Kernel->handle(Object(Symfony\\Component\\Console\\Input\\ArgvInput), Object(Symfony\\Component\\Console\\Output\\ConsoleOutput))
#22 {main}
"} 
[2025-12-12 02:50:26] laravel.WARNING: Illuminate\Support\Enumerable::whenEmpty(): Implicitly marking parameter $default as nullable is deprecated, the explicit nullable type must be used instead in /Applications/XAMPP/xamppfiles/htdocs/tmracing/vendor/laravel/framework/src/Illuminate/Collections/Enumerable.php on line 322  
[2025-12-12 02:50:26] laravel.EMERGENCY: Unable to create configured logger. Using emergency logger. {"exception":"[object] (Error(code: 0): Class \"Illuminate\\Support\\Collection\" not found at /Applications/XAMPP/xamppfiles/htdocs/tmracing/vendor/laravel/framework/src/Illuminate/Collections/helpers.php:18)
[stacktrace]
#0 /Applications/XAMPP/xamppfiles/htdocs/tmracing/vendor/laravel/framework/src/Illuminate/Log/LogManager.php(389): collect(Array)
#1 /Applications/XAMPP/xamppfiles/htdocs/tmracing/vendor/laravel/framework/src/Illuminate/Log/LogManager.php(222): Illuminate\\Log\\LogManager->createMonologDriver(Array)
#2 /Applications/XAMPP/xamppfiles/htdocs/tmracing/vendor/laravel/framework/src/Illuminate/Log/LogManager.php(137): Illuminate\\Log\\LogManager->resolve('deprecations', Array)
#3 /Applications/XAMPP/xamppfiles/htdocs/tmracing/vendor/laravel/framework/src/Illuminate/Log/LogManager.php(124): Illuminate\\Log\\LogManager->get('deprecations')
#4 /Applications/XAMPP/xamppfiles/htdocs/tmracing/vendor/laravel/framework/src/Illuminate/Log/LogManager.php(113): Illuminate\\Log\\LogManager->driver('deprecations')
#5 /Applications/XAMPP/xamppfiles/htdocs/tmracing/vendor/laravel/framework/src/Illuminate/Foundation/Bootstrap/HandleExceptions.php(102): Illuminate\\Log\\LogManager->channel('deprecations')
#6 /Applications/XAMPP/xamppfiles/htdocs/tmracing/vendor/laravel/framework/src/Illuminate/Foundation/Bootstrap/HandleExceptions.php(71): Illuminate\\Foundation\\Bootstrap\\HandleExceptions->handleDeprecationError('Illuminate\\\\Supp...', '/Applications/X...', 333, 8192)
#7 /Applications/XAMPP/xamppfiles/htdocs/tmracing/vendor/laravel/framework/src/Illuminate/Foundation/Bootstrap/HandleExceptions.php(255): Illuminate\\Foundation\\Bootstrap\\HandleExceptions->handleError(8192, 'Illuminate\\\\Supp...', '/Applications/X...', 333)
#8 /Applications/XAMPP/xamppfiles/htdocs/tmracing/vendor/composer/ClassLoader.php(576): Illuminate\\Foundation\\Bootstrap\\HandleExceptions->{closure:Illuminate\\Foundation\\Bootstrap\\HandleExceptions::forwardsTo():254}(8192, 'Illuminate\\\\Supp...', '/Applications/X...', 333)
#9 /Applications/XAMPP/xamppfiles/htdocs/tmracing/vendor/composer/ClassLoader.php(576): include('/Applications/X...')
#10 /Applications/XAMPP/xamppfiles/htdocs/tmracing/vendor/composer/ClassLoader.php(427): {closure:Composer\\Autoload\\ClassLoader::initializeIncludeClosure():575}('/Applications/X...')
#11 /Applications/XAMPP/xamppfiles/htdocs/tmracing/vendor/laravel/framework/src/Illuminate/Collections/Collection.php(21): Composer\\Autoload\\ClassLoader->loadClass('Illuminate\\\\Supp...')
#12 /Applications/XAMPP/xamppfiles/htdocs/tmracing/vendor/composer/ClassLoader.php(576): include('/Applications/X...')
#13 /Applications/XAMPP/xamppfiles/htdocs/tmracing/vendor/composer/ClassLoader.php(427): {closure:Composer\\Autoload\\ClassLoader::initializeIncludeClosure():575}('/Applications/X...')
#14 /Applications/XAMPP/xamppfiles/htdocs/tmracing/vendor/laravel/framework/src/Illuminate/Collections/helpers.php(18): Composer\\Autoload\\ClassLoader->loadClass('Illuminate\\\\Supp...')
#15 /Applications/XAMPP/xamppfiles/htdocs/tmracing/vendor/laravel/framework/src/Illuminate/Foundation/PackageManifest.php(90): collect(Array)
#16 /Applications/XAMPP/xamppfiles/htdocs/tmracing/vendor/laravel/framework/src/Illuminate/Foundation/PackageManifest.php(79): Illuminate\\Foundation\\PackageManifest->config('aliases')
#17 /Applications/XAMPP/xamppfiles/htdocs/tmracing/vendor/laravel/framework/src/Illuminate/Foundation/Bootstrap/RegisterFacades.php(26): Illuminate\\Foundation\\PackageManifest->aliases()
#18 /Applications/XAMPP/xamppfiles/htdocs/tmracing/vendor/laravel/framework/src/Illuminate/Foundation/Application.php(263): Illuminate\\Foundation\\Bootstrap\\RegisterFacades->bootstrap(Object(Illuminate\\Foundation\\Application))
#19 /Applications/XAMPP/xamppfiles/htdocs/tmracing/vendor/laravel/framework/src/Illuminate/Foundation/Console/Kernel.php(447): Illuminate\\Foundation\\Application->bootstrapWith(Array)
#20 /Applications/XAMPP/xamppfiles/htdocs/tmracing/vendor/laravel/framework/src/Illuminate/Foundation/Console/Kernel.php(199): Illuminate\\Foundation\\Console\\Kernel->bootstrap()
#21 /Applications/XAMPP/xamppfiles/htdocs/tmracing/artisan(35): Illuminate\\Foundation\\Console\\Kernel->handle(Object(Symfony\\Component\\Console\\Input\\ArgvInput), Object(Symfony\\Component\\Console\\Output\\ConsoleOutput))
#22 {main}
"} 
[2025-12-12 02:50:26] laravel.WARNING: Illuminate\Support\Enumerable::whenNotEmpty(): Implicitly marking parameter $default as nullable is deprecated, the explicit nullable type must be used instead in /Applications/XAMPP/xamppfiles/htdocs/tmracing/vendor/laravel/framework/src/Illuminate/Collections/Enumerable.php on line 333  
[2025-12-12 02:50:26] laravel.EMERGENCY: Unable to create configured logger. Using emergency logger. {"exception":"[object] (Error(code: 0): Class \"Illuminate\\Support\\Collection\" not found at /Applications/XAMPP/xamppfiles/htdocs/tmracing/vendor/laravel/framework/src/Illuminate/Collections/helpers.php:18)
[stacktrace]
#0 /Applications/XAMPP/xamppfiles/htdocs/tmracing/vendor/laravel/framework/src/Illuminate/Log/LogManager.php(389): collect(Array)
#1 /Applications/XAMPP/xamppfiles/htdocs/tmracing/vendor/laravel/framework/src/Illuminate/Log/LogManager.php(222): Illuminate\\Log\\LogManager->createMonologDriver(Array)
#2 /Applications/XAMPP/xamppfiles/htdocs/tmracing/vendor/laravel/framework/src/Illuminate/Log/LogManager.php(137): Illuminate\\Log\\LogManager->resolve('deprecations', Array)
#3 /Applications/XAMPP/xamppfiles/htdocs/tmracing/vendor/laravel/framework/src/Illuminate/Log/LogManager.php(124): Illuminate\\Log\\LogManager->get('deprecations')
#4 /Applications/XAMPP/xamppfiles/htdocs/tmracing/vendor/laravel/framework/src/Illuminate/Log/LogManager.php(113): Illuminate\\Log\\LogManager->driver('deprecations')
#5 /Applications/XAMPP/xamppfiles/htdocs/tmracing/vendor/laravel/framework/src/Illuminate/Foundation/Bootstrap/HandleExceptions.php(102): Illuminate\\Log\\LogManager->channel('deprecations')
#6 /Applications/XAMPP/xamppfiles/htdocs/tmracing/vendor/laravel/framework/src/Illuminate/Foundation/Bootstrap/HandleExceptions.php(71): Illuminate\\Foundation\\Bootstrap\\HandleExceptions->handleDeprecationError('Illuminate\\\\Supp...', '/Applications/X...', 345, 8192)
#7 /Applications/XAMPP/xamppfiles/htdocs/tmracing/vendor/laravel/framework/src/Illuminate/Foundation/Bootstrap/HandleExceptions.php(255): Illuminate\\Foundation\\Bootstrap\\HandleExceptions->handleError(8192, 'Illuminate\\\\Supp...', '/Applications/X...', 345)
#8 /Applications/XAMPP/xamppfiles/htdocs/tmracing/vendor/composer/ClassLoader.php(576): Illuminate\\Foundation\\Bootstrap\\HandleExceptions->{closure:Illuminate\\Foundation\\Bootstrap\\HandleExceptions::forwardsTo():254}(8192, 'Illuminate\\\\Supp...', '/Applications/X...', 345)
#9 /Applications/XAMPP/xamppfiles/htdocs/tmracing/vendor/composer/ClassLoader.php(576): include('/Applications/X...')
#10 /Applications/XAMPP/xamppfiles/htdocs/tmracing/vendor/composer/ClassLoader.php(427): {closure:Composer\\Autoload\\ClassLoader::initializeIncludeClosure():575}('/Applications/X...')
#11 /Applications/XAMPP/xamppfiles/htdocs/tmracing/vendor/laravel/framework/src/Illuminate/Collections/Collection.php(21): Composer\\Autoload\\ClassLoader->loadClass('Illuminate\\\\Supp...')
#12 /Applications/XAMPP/xamppfiles/htdocs/tmracing/vendor/composer/ClassLoader.php(576): include('/Applications/X...')
#13 /Applications/XAMPP/xamppfiles/htdocs/tmracing/vendor/composer/ClassLoader.php(427): {closure:Composer\\Autoload\\ClassLoader::initializeIncludeClosure():575}('/Applications/X...')
#14 /Applications/XAMPP/xamppfiles/htdocs/tmracing/vendor/laravel/framework/src/Illuminate/Collections/helpers.php(18): Composer\\Autoload\\ClassLoader->loadClass('Illuminate\\\\Supp...')
#15 /Applications/XAMPP/xamppfiles/htdocs/tmracing/vendor/laravel/framework/src/Illuminate/Foundation/PackageManifest.php(90): collect(Array)
#16 /Applications/XAMPP/xamppfiles/htdocs/tmracing/vendor/laravel/framework/src/Illuminate/Foundation/PackageManifest.php(79): Illuminate\\Foundation\\PackageManifest->config('aliases')
#17 /Applications/XAMPP/xamppfiles/htdocs/tmracing/vendor/laravel/framework/src/Illuminate/Foundation/Bootstrap/RegisterFacades.php(26): Illuminate\\Foundation\\PackageManifest->aliases()
#18 /Applications/XAMPP/xamppfiles/htdocs/tmracing/vendor/laravel/framework/src/Illuminate/Foundation/Application.php(263): Illuminate\\Foundation\\Bootstrap\\RegisterFacades->bootstrap(Object(Illuminate\\Foundation\\Application))
#19 /Applications/XAMPP/xamppfiles/htdocs/tmracing/vendor/laravel/framework/src/Illuminate/Foundation/Console/Kernel.php(447): Illuminate\\Foundation\\Application->bootstrapWith(Array)
#20 /Applications/XAMPP/xamppfiles/htdocs/tmracing/vendor/laravel/framework/src/Illuminate/Foundation/Console/Kernel.php(199): Illuminate\\Foundation\\Console\\Kernel->bootstrap()
#21 /Applications/XAMPP/xamppfiles/htdocs/tmracing/artisan(35): Illuminate\\Foundation\\Console\\Kernel->handle(Object(Symfony\\Component\\Console\\Input\\ArgvInput), Object(Symfony\\Component\\Console\\Output\\ConsoleOutput))
#22 {main}
"} 
[2025-12-12 02:50:26] laravel.WARNING: Illuminate\Support\Enumerable::unless(): Implicitly marking parameter $default as nullable is deprecated, the explicit nullable type must be used instead in /Applications/XAMPP/xamppfiles/htdocs/tmracing/vendor/laravel/framework/src/Illuminate/Collections/Enumerable.php on line 345  
[2025-12-12 02:50:26] laravel.EMERGENCY: Unable to create configured logger. Using emergency logger. {"exception":"[object] (Error(code: 0): Class \"Illuminate\\Support\\Collection\" not found at /Applications/XAMPP/xamppfiles/htdocs/tmracing/vendor/laravel/framework/src/Illuminate/Collections/helpers.php:18)
[stacktrace]
#0 /Applications/XAMPP/xamppfiles/htdocs/tmracing/vendor/laravel/framework/src/Illuminate/Log/LogManager.php(389): collect(Array)
#1 /Applications/XAMPP/xamppfiles/htdocs/tmracing/vendor/laravel/framework/src/Illuminate/Log/LogManager.php(222): Illuminate\\Log\\LogManager->createMonologDriver(Array)
#2 /Applications/XAMPP/xamppfiles/htdocs/tmracing/vendor/laravel/framework/src/Illuminate/Log/LogManager.php(137): Illuminate\\Log\\LogManager->resolve('deprecations', Array)
#3 /Applications/XAMPP/xamppfiles/htdocs/tmracing/vendor/laravel/framework/src/Illuminate/Log/LogManager.php(124): Illuminate\\Log\\LogManager->get('deprecations')
#4 /Applications/XAMPP/xamppfiles/htdocs/tmracing/vendor/laravel/framework/src/Illuminate/Log/LogManager.php(113): Illuminate\\Log\\LogManager->driver('deprecations')
#5 /Applications/XAMPP/xamppfiles/htdocs/tmracing/vendor/laravel/framework/src/Illuminate/Foundation/Bootstrap/HandleExceptions.php(102): Illuminate\\Log\\LogManager->channel('deprecations')
#6 /Applications/XAMPP/xamppfiles/htdocs/tmracing/vendor/laravel/framework/src/Illuminate/Foundation/Bootstrap/HandleExceptions.php(71): Illuminate\\Foundation\\Bootstrap\\HandleExceptions->handleDeprecationError('Illuminate\\\\Supp...', '/Applications/X...', 356, 8192)
#7 /Applications/XAMPP/xamppfiles/htdocs/tmracing/vendor/laravel/framework/src/Illuminate/Foundation/Bootstrap/HandleExceptions.php(255): Illuminate\\Foundation\\Bootstrap\\HandleExceptions->handleError(8192, 'Illuminate\\\\Supp...', '/Applications/X...', 356)
#8 /Applications/XAMPP/xamppfiles/htdocs/tmracing/vendor/composer/ClassLoader.php(576): Illuminate\\Foundation\\Bootstrap\\HandleExceptions->{closure:Illuminate\\Foundation\\Bootstrap\\HandleExceptions::forwardsTo():254}(8192, 'Illuminate\\\\Supp...', '/Applications/X...', 356)
#9 /Applications/XAMPP/xamppfiles/htdocs/tmracing/vendor/composer/ClassLoader.php(576): include('/Applications/X...')
#10 /Applications/XAMPP/xamppfiles/htdocs/tmracing/vendor/composer/ClassLoader.php(427): {closure:Composer\\Autoload\\ClassLoader::initializeIncludeClosure():575}('/Applications/X...')
#11 /Applications/XAMPP/xamppfiles/htdocs/tmracing/vendor/laravel/framework/src/Illuminate/Collections/Collection.php(21): Composer\\Autoload\\ClassLoader->loadClass('Illuminate\\\\Supp...')
#12 /Applications/XAMPP/xamppfiles/htdocs/tmracing/vendor/composer/ClassLoader.php(576): include('/Applications/X...')
#13 /Applications/XAMPP/xamppfiles/htdocs/tmracing/vendor/composer/ClassLoader.php(427): {closure:Composer\\Autoload\\ClassLoader::initializeIncludeClosure():575}('/Applications/X...')
#14 /Applications/XAMPP/xamppfiles/htdocs/tmracing/vendor/laravel/framework/src/Illuminate/Collections/helpers.php(18): Composer\\Autoload\\ClassLoader->loadClass('Illuminate\\\\Supp...')
#15 /Applications/XAMPP/xamppfiles/htdocs/tmracing/vendor/laravel/framework/src/Illuminate/Foundation/PackageManifest.php(90): collect(Array)
#16 /Applications/XAMPP/xamppfiles/htdocs/tmracing/vendor/laravel/framework/src/Illuminate/Foundation/PackageManifest.php(79): Illuminate\\Foundation\\PackageManifest->config('aliases')
#17 /Applications/XAMPP/xamppfiles/htdocs/tmracing/vendor/laravel/framework/src/Illuminate/Foundation/Bootstrap/RegisterFacades.php(26): Illuminate\\Foundation\\PackageManifest->aliases()
#18 /Applications/XAMPP/xamppfiles/htdocs/tmracing/vendor/laravel/framework/src/Illuminate/Foundation/Application.php(263): Illuminate\\Foundation\\Bootstrap\\RegisterFacades->bootstrap(Object(Illuminate\\Foundation\\Application))
#19 /Applications/XAMPP/xamppfiles/htdocs/tmracing/vendor/laravel/framework/src/Illuminate/Foundation/Console/Kernel.php(447): Illuminate\\Foundation\\Application->bootstrapWith(Array)
#20 /Applications/XAMPP/xamppfiles/htdocs/tmracing/vendor/laravel/framework/src/Illuminate/Foundation/Console/Kernel.php(199): Illuminate\\Foundation\\Console\\Kernel->bootstrap()
#21 /Applications/XAMPP/xamppfiles/htdocs/tmracing/artisan(35): Illuminate\\Foundation\\Console\\Kernel->handle(Object(Symfony\\Component\\Console\\Input\\ArgvInput), Object(Symfony\\Component\\Console\\Output\\ConsoleOutput))
#22 {main}
"} 
[2025-12-12 02:50:26] laravel.WARNING: Illuminate\Support\Enumerable::unlessEmpty(): Implicitly marking parameter $default as nullable is deprecated, the explicit nullable type must be used instead in /Applications/XAMPP/xamppfiles/htdocs/tmracing/vendor/laravel/framework/src/Illuminate/Collections/Enumerable.php on line 356  
[2025-12-12 02:50:26] laravel.EMERGENCY: Unable to create configured logger. Using emergency logger. {"exception":"[object] (Error(code: 0): Class \"Illuminate\\Support\\Collection\" not found at /Applications/XAMPP/xamppfiles/htdocs/tmracing/vendor/laravel/framework/src/Illuminate/Collections/helpers.php:18)
[stacktrace]
#0 /Applications/XAMPP/xamppfiles/htdocs/tmracing/vendor/laravel/framework/src/Illuminate/Log/LogManager.php(389): collect(Array)
#1 /Applications/XAMPP/xamppfiles/htdocs/tmracing/vendor/laravel/framework/src/Illuminate/Log/LogManager.php(222): Illuminate\\Log\\LogManager->createMonologDriver(Array)
#2 /Applications/XAMPP/xamppfiles/htdocs/tmracing/vendor/laravel/framework/src/Illuminate/Log/LogManager.php(137): Illuminate\\Log\\LogManager->resolve('deprecations', Array)
#3 /Applications/XAMPP/xamppfiles/htdocs/tmracing/vendor/laravel/framework/src/Illuminate/Log/LogManager.php(124): Illuminate\\Log\\LogManager->get('deprecations')
#4 /Applications/XAMPP/xamppfiles/htdocs/tmracing/vendor/laravel/framework/src/Illuminate/Log/LogManager.php(113): Illuminate\\Log\\LogManager->driver('deprecations')
#5 /Applications/XAMPP/xamppfiles/htdocs/tmracing/vendor/laravel/framework/src/Illuminate/Foundation/Bootstrap/HandleExceptions.php(102): Illuminate\\Log\\LogManager->channel('deprecations')
#6 /Applications/XAMPP/xamppfiles/htdocs/tmracing/vendor/laravel/framework/src/Illuminate/Foundation/Bootstrap/HandleExceptions.php(71): Illuminate\\Foundation\\Bootstrap\\HandleExceptions->handleDeprecationError('Illuminate\\\\Supp...', '/Applications/X...', 367, 8192)
#7 /Applications/XAMPP/xamppfiles/htdocs/tmracing/vendor/laravel/framework/src/Illuminate/Foundation/Bootstrap/HandleExceptions.php(255): Illuminate\\Foundation\\Bootstrap\\HandleExceptions->handleError(8192, 'Illuminate\\\\Supp...', '/Applications/X...', 367)
#8 /Applications/XAMPP/xamppfiles/htdocs/tmracing/vendor/composer/ClassLoader.php(576): Illuminate\\Foundation\\Bootstrap\\HandleExceptions->{closure:Illuminate\\Foundation\\Bootstrap\\HandleExceptions::forwardsTo():254}(8192, 'Illuminate\\\\Supp...', '/Applications/X...', 367)
#9 /Applications/XAMPP/xamppfiles/htdocs/tmracing/vendor/composer/ClassLoader.php(576): include('/Applications/X...')
#10 /Applications/XAMPP/xamppfiles/htdocs/tmracing/vendor/composer/ClassLoader.php(427): {closure:Composer\\Autoload\\ClassLoader::initializeIncludeClosure():575}('/Applications/X...')
#11 /Applications/XAMPP/xamppfiles/htdocs/tmracing/vendor/laravel/framework/src/Illuminate/Collections/Collection.php(21): Composer\\Autoload\\ClassLoader->loadClass('Illuminate\\\\Supp...')
#12 /Applications/XAMPP/xamppfiles/htdocs/tmracing/vendor/composer/ClassLoader.php(576): include('/Applications/X...')
#13 /Applications/XAMPP/xamppfiles/htdocs/tmracing/vendor/composer/ClassLoader.php(427): {closure:Composer\\Autoload\\ClassLoader::initializeIncludeClosure():575}('/Applications/X...')
#14 /Applications/XAMPP/xamppfiles/htdocs/tmracing/vendor/laravel/framework/src/Illuminate/Collections/helpers.php(18): Composer\\Autoload\\ClassLoader->loadClass('Illuminate\\\\Supp...')
#15 /Applications/XAMPP/xamppfiles/htdocs/tmracing/vendor/laravel/framework/src/Illuminate/Foundation/PackageManifest.php(90): collect(Array)
#16 /Applications/XAMPP/xamppfiles/htdocs/tmracing/vendor/laravel/framework/src/Illuminate/Foundation/PackageManifest.php(79): Illuminate\\Foundation\\PackageManifest->config('aliases')
#17 /Applications/XAMPP/xamppfiles/htdocs/tmracing/vendor/laravel/framework/src/Illuminate/Foundation/Bootstrap/RegisterFacades.php(26): Illuminate\\Foundation\\PackageManifest->aliases()
#18 /Applications/XAMPP/xamppfiles/htdocs/tmracing/vendor/laravel/framework/src/Illuminate/Foundation/Application.php(263): Illuminate\\Foundation\\Bootstrap\\RegisterFacades->bootstrap(Object(Illuminate\\Foundation\\Application))
#19 /Applications/XAMPP/xamppfiles/htdocs/tmracing/vendor/laravel/framework/src/Illuminate/Foundation/Console/Kernel.php(447): Illuminate\\Foundation\\Application->bootstrapWith(Array)
#20 /Applications/XAMPP/xamppfiles/htdocs/tmracing/vendor/laravel/framework/src/Illuminate/Foundation/Console/Kernel.php(199): Illuminate\\Foundation\\Console\\Kernel->bootstrap()
#21 /Applications/XAMPP/xamppfiles/htdocs/tmracing/artisan(35): Illuminate\\Foundation\\Console\\Kernel->handle(Object(Symfony\\Component\\Console\\Input\\ArgvInput), Object(Symfony\\Component\\Console\\Output\\ConsoleOutput))
#22 {main}
"} 
[2025-12-12 02:50:26] laravel.WARNING: Illuminate\Support\Enumerable::unlessNotEmpty(): Implicitly marking parameter $default as nullable is deprecated, the explicit nullable type must be used instead in /Applications/XAMPP/xamppfiles/htdocs/tmracing/vendor/laravel/framework/src/Illuminate/Collections/Enumerable.php on line 367  
[2025-12-12 02:50:26] laravel.EMERGENCY: Unable to create configured logger. Using emergency logger. {"exception":"[object] (Error(code: 0): Class \"Illuminate\\Support\\Collection\" not found at /Applications/XAMPP/xamppfiles/htdocs/tmracing/vendor/laravel/framework/src/Illuminate/Collections/helpers.php:18)
[stacktrace]
#0 /Applications/XAMPP/xamppfiles/htdocs/tmracing/vendor/laravel/framework/src/Illuminate/Log/LogManager.php(389): collect(Array)
#1 /Applications/XAMPP/xamppfiles/htdocs/tmracing/vendor/laravel/framework/src/Illuminate/Log/LogManager.php(222): Illuminate\\Log\\LogManager->createMonologDriver(Array)
#2 /Applications/XAMPP/xamppfiles/htdocs/tmracing/vendor/laravel/framework/src/Illuminate/Log/LogManager.php(137): Illuminate\\Log\\LogManager->resolve('deprecations', Array)
#3 /Applications/XAMPP/xamppfiles/htdocs/tmracing/vendor/laravel/framework/src/Illuminate/Log/LogManager.php(124): Illuminate\\Log\\LogManager->get('deprecations')
#4 /Applications/XAMPP/xamppfiles/htdocs/tmracing/vendor/laravel/framework/src/Illuminate/Log/LogManager.php(113): Illuminate\\Log\\LogManager->driver('deprecations')
#5 /Applications/XAMPP/xamppfiles/htdocs/tmracing/vendor/laravel/framework/src/Illuminate/Foundation/Bootstrap/HandleExceptions.php(102): Illuminate\\Log\\LogManager->channel('deprecations')
#6 /Applications/XAMPP/xamppfiles/htdocs/tmracing/vendor/laravel/framework/src/Illuminate/Foundation/Bootstrap/HandleExceptions.php(71): Illuminate\\Foundation\\Bootstrap\\HandleExceptions->handleDeprecationError('Illuminate\\\\Supp...', '/Applications/X...', 479, 8192)
#7 /Applications/XAMPP/xamppfiles/htdocs/tmracing/vendor/laravel/framework/src/Illuminate/Foundation/Bootstrap/HandleExceptions.php(255): Illuminate\\Foundation\\Bootstrap\\HandleExceptions->handleError(8192, 'Illuminate\\\\Supp...', '/Applications/X...', 479)
#8 /Applications/XAMPP/xamppfiles/htdocs/tmracing/vendor/composer/ClassLoader.php(576): Illuminate\\Foundation\\Bootstrap\\HandleExceptions->{closure:Illuminate\\Foundation\\Bootstrap\\HandleExceptions::forwardsTo():254}(8192, 'Illuminate\\\\Supp...', '/Applications/X...', 479)
#9 /Applications/XAMPP/xamppfiles/htdocs/tmracing/vendor/composer/ClassLoader.php(576): include('/Applications/X...')
#10 /Applications/XAMPP/xamppfiles/htdocs/tmracing/vendor/composer/ClassLoader.php(427): {closure:Composer\\Autoload\\ClassLoader::initializeIncludeClosure():575}('/Applications/X...')
#11 /Applications/XAMPP/xamppfiles/htdocs/tmracing/vendor/laravel/framework/src/Illuminate/Collections/Collection.php(21): Composer\\Autoload\\ClassLoader->loadClass('Illuminate\\\\Supp...')
#12 /Applications/XAMPP/xamppfiles/htdocs/tmracing/vendor/composer/ClassLoader.php(576): include('/Applications/X...')
#13 /Applications/XAMPP/xamppfiles/htdocs/tmracing/vendor/composer/ClassLoader.php(427): {closure:Composer\\Autoload\\ClassLoader::initializeIncludeClosure():575}('/Applications/X...')
#14 /Applications/XAMPP/xamppfiles/htdocs/tmracing/vendor/laravel/framework/src/Illuminate/Collections/helpers.php(18): Composer\\Autoload\\ClassLoader->loadClass('Illuminate\\\\Supp...')
#15 /Applications/XAMPP/xamppfiles/htdocs/tmracing/vendor/laravel/framework/src/Illuminate/Foundation/PackageManifest.php(90): collect(Array)
#16 /Applications/XAMPP/xamppfiles/htdocs/tmracing/vendor/laravel/framework/src/Illuminate/Foundation/PackageManifest.php(79): Illuminate\\Foundation\\PackageManifest->config('aliases')
#17 /Applications/XAMPP/xamppfiles/htdocs/tmracing/vendor/laravel/framework/src/Illuminate/Foundation/Bootstrap/RegisterFacades.php(26): Illuminate\\Foundation\\PackageManifest->aliases()
#18 /Applications/XAMPP/xamppfiles/htdocs/tmracing/vendor/laravel/framework/src/Illuminate/Foundation/Application.php(263): Illuminate\\Foundation\\Bootstrap\\RegisterFacades->bootstrap(Object(Illuminate\\Foundation\\Application))
#19 /Applications/XAMPP/xamppfiles/htdocs/tmracing/vendor/laravel/framework/src/Illuminate/Foundation/Console/Kernel.php(447): Illuminate\\Foundation\\Application->bootstrapWith(Array)
#20 /Applications/XAMPP/xamppfiles/htdocs/tmracing/vendor/laravel/framework/src/Illuminate/Foundation/Console/Kernel.php(199): Illuminate\\Foundation\\Console\\Kernel->bootstrap()
#21 /Applications/XAMPP/xamppfiles/htdocs/tmracing/artisan(35): Illuminate\\Foundation\\Console\\Kernel->handle(Object(Symfony\\Component\\Console\\Input\\ArgvInput), Object(Symfony\\Component\\Console\\Output\\ConsoleOutput))
#22 {main}
"} 
[2025-12-12 02:50:26] laravel.WARNING: Illuminate\Support\Enumerable::first(): Implicitly marking parameter $callback as nullable is deprecated, the explicit nullable type must be used instead in /Applications/XAMPP/xamppfiles/htdocs/tmracing/vendor/laravel/framework/src/Illuminate/Collections/Enumerable.php on line 479  
[2025-12-12 02:50:26] laravel.EMERGENCY: Unable to create configured logger. Using emergency logger. {"exception":"[object] (Error(code: 0): Class \"Illuminate\\Support\\Collection\" not found at /Applications/XAMPP/xamppfiles/htdocs/tmracing/vendor/laravel/framework/src/Illuminate/Collections/helpers.php:18)
[stacktrace]
#0 /Applications/XAMPP/xamppfiles/htdocs/tmracing/vendor/laravel/framework/src/Illuminate/Log/LogManager.php(389): collect(Array)
#1 /Applications/XAMPP/xamppfiles/htdocs/tmracing/vendor/laravel/framework/src/Illuminate/Log/LogManager.php(222): Illuminate\\Log\\LogManager->createMonologDriver(Array)
#2 /Applications/XAMPP/xamppfiles/htdocs/tmracing/vendor/laravel/framework/src/Illuminate/Log/LogManager.php(137): Illuminate\\Log\\LogManager->resolve('deprecations', Array)
#3 /Applications/XAMPP/xamppfiles/htdocs/tmracing/vendor/laravel/framework/src/Illuminate/Log/LogManager.php(124): Illuminate\\Log\\LogManager->get('deprecations')
#4 /Applications/XAMPP/xamppfiles/htdocs/tmracing/vendor/laravel/framework/src/Illuminate/Log/LogManager.php(113): Illuminate\\Log\\LogManager->driver('deprecations')
#5 /Applications/XAMPP/xamppfiles/htdocs/tmracing/vendor/laravel/framework/src/Illuminate/Foundation/Bootstrap/HandleExceptions.php(102): Illuminate\\Log\\LogManager->channel('deprecations')
#6 /Applications/XAMPP/xamppfiles/htdocs/tmracing/vendor/laravel/framework/src/Illuminate/Foundation/Bootstrap/HandleExceptions.php(71): Illuminate\\Foundation\\Bootstrap\\HandleExceptions->handleDeprecationError('Illuminate\\\\Supp...', '/Applications/X...', 621, 8192)
#7 /Applications/XAMPP/xamppfiles/htdocs/tmracing/vendor/laravel/framework/src/Illuminate/Foundation/Bootstrap/HandleExceptions.php(255): Illuminate\\Foundation\\Bootstrap\\HandleExceptions->handleError(8192, 'Illuminate\\\\Supp...', '/Applications/X...', 621)
#8 /Applications/XAMPP/xamppfiles/htdocs/tmracing/vendor/composer/ClassLoader.php(576): Illuminate\\Foundation\\Bootstrap\\HandleExceptions->{closure:Illuminate\\Foundation\\Bootstrap\\HandleExceptions::forwardsTo():254}(8192, 'Illuminate\\\\Supp...', '/Applications/X...', 621)
#9 /Applications/XAMPP/xamppfiles/htdocs/tmracing/vendor/composer/ClassLoader.php(576): include('/Applications/X...')
#10 /Applications/XAMPP/xamppfiles/htdocs/tmracing/vendor/composer/ClassLoader.php(427): {closure:Composer\\Autoload\\ClassLoader::initializeIncludeClosure():575}('/Applications/X...')
#11 /Applications/XAMPP/xamppfiles/htdocs/tmracing/vendor/laravel/framework/src/Illuminate/Collections/Collection.php(21): Composer\\Autoload\\ClassLoader->loadClass('Illuminate\\\\Supp...')
#12 /Applications/XAMPP/xamppfiles/htdocs/tmracing/vendor/composer/ClassLoader.php(576): include('/Applications/X...')
#13 /Applications/XAMPP/xamppfiles/htdocs/tmracing/vendor/composer/ClassLoader.php(427): {closure:Composer\\Autoload\\ClassLoader::initializeIncludeClosure():575}('/Applications/X...')
#14 /Applications/XAMPP/xamppfiles/htdocs/tmracing/vendor/laravel/framework/src/Illuminate/Collections/helpers.php(18): Composer\\Autoload\\ClassLoader->loadClass('Illuminate\\\\Supp...')
#15 /Applications/XAMPP/xamppfiles/htdocs/tmracing/vendor/laravel/framework/src/Illuminate/Foundation/PackageManifest.php(90): collect(Array)
#16 /Applications/XAMPP/xamppfiles/htdocs/tmracing/vendor/laravel/framework/src/Illuminate/Foundation/PackageManifest.php(79): Illuminate\\Foundation\\PackageManifest->config('aliases')
#17 /Applications/XAMPP/xamppfiles/htdocs/tmracing/vendor/laravel/framework/src/Illuminate/Foundation/Bootstrap/RegisterFacades.php(26): Illuminate\\Foundation\\PackageManifest->aliases()
#18 /Applications/XAMPP/xamppfiles/htdocs/tmracing/vendor/laravel/framework/src/Illuminate/Foundation/Application.php(263): Illuminate\\Foundation\\Bootstrap\\RegisterFacades->bootstrap(Object(Illuminate\\Foundation\\Application))
#19 /Applications/XAMPP/xamppfiles/htdocs/tmracing/vendor/laravel/framework/src/Illuminate/Foundation/Console/Kernel.php(447): Illuminate\\Foundation\\Application->bootstrapWith(Array)
#20 /Applications/XAMPP/xamppfiles/htdocs/tmracing/vendor/laravel/framework/src/Illuminate/Foundation/Console/Kernel.php(199): Illuminate\\Foundation\\Console\\Kernel->bootstrap()
#21 /Applications/XAMPP/xamppfiles/htdocs/tmracing/artisan(35): Illuminate\\Foundation\\Console\\Kernel->handle(Object(Symfony\\Component\\Console\\Input\\ArgvInput), Object(Symfony\\Component\\Console\\Output\\ConsoleOutput))
#22 {main}
"} 
[2025-12-12 02:50:26] laravel.WARNING: Illuminate\Support\Enumerable::last(): Implicitly marking parameter $callback as nullable is deprecated, the explicit nullable type must be used instead in /Applications/XAMPP/xamppfiles/htdocs/tmracing/vendor/laravel/framework/src/Illuminate/Collections/Enumerable.php on line 621  
[2025-12-12 02:50:44] laravel.EMERGENCY: Unable to create configured logger. Using emergency logger. {"exception":"[object] (Error(code: 0): Class \"Illuminate\\Support\\Collection\" not found at /Applications/XAMPP/xamppfiles/htdocs/tmracing/vendor/laravel/framework/src/Illuminate/Collections/helpers.php:18)
[stacktrace]
#0 /Applications/XAMPP/xamppfiles/htdocs/tmracing/vendor/laravel/framework/src/Illuminate/Log/LogManager.php(389): collect(Array)
#1 /Applications/XAMPP/xamppfiles/htdocs/tmracing/vendor/laravel/framework/src/Illuminate/Log/LogManager.php(222): Illuminate\\Log\\LogManager->createMonologDriver(Array)
#2 /Applications/XAMPP/xamppfiles/htdocs/tmracing/vendor/laravel/framework/src/Illuminate/Log/LogManager.php(137): Illuminate\\Log\\LogManager->resolve('deprecations', Array)
#3 /Applications/XAMPP/xamppfiles/htdocs/tmracing/vendor/laravel/framework/src/Illuminate/Log/LogManager.php(124): Illuminate\\Log\\LogManager->get('deprecations')
#4 /Applications/XAMPP/xamppfiles/htdocs/tmracing/vendor/laravel/framework/src/Illuminate/Log/LogManager.php(113): Illuminate\\Log\\LogManager->driver('deprecations')
#5 /Applications/XAMPP/xamppfiles/htdocs/tmracing/vendor/laravel/framework/src/Illuminate/Foundation/Bootstrap/HandleExceptions.php(102): Illuminate\\Log\\LogManager->channel('deprecations')
#6 /Applications/XAMPP/xamppfiles/htdocs/tmracing/vendor/laravel/framework/src/Illuminate/Foundation/Bootstrap/HandleExceptions.php(71): Illuminate\\Foundation\\Bootstrap\\HandleExceptions->handleDeprecationError('Illuminate\\\\Supp...', '/Applications/X...', 384, 8192)
#7 /Applications/XAMPP/xamppfiles/htdocs/tmracing/vendor/laravel/framework/src/Illuminate/Foundation/Bootstrap/HandleExceptions.php(255): Illuminate\\Foundation\\Bootstrap\\HandleExceptions->handleError(8192, 'Illuminate\\\\Supp...', '/Applications/X...', 384)
#8 /Applications/XAMPP/xamppfiles/htdocs/tmracing/vendor/composer/ClassLoader.php(576): Illuminate\\Foundation\\Bootstrap\\HandleExceptions->{closure:Illuminate\\Foundation\\Bootstrap\\HandleExceptions::forwardsTo():254}(8192, 'Illuminate\\\\Supp...', '/Applications/X...', 384)
#9 /Applications/XAMPP/xamppfiles/htdocs/tmracing/vendor/composer/ClassLoader.php(576): include('/Applications/X...')
#10 /Applications/XAMPP/xamppfiles/htdocs/tmracing/vendor/composer/ClassLoader.php(427): {closure:Composer\\Autoload\\ClassLoader::initializeIncludeClosure():575}('/Applications/X...')
#11 /Applications/XAMPP/xamppfiles/htdocs/tmracing/vendor/laravel/framework/src/Illuminate/Collections/helpers.php(18): Composer\\Autoload\\ClassLoader->loadClass('Illuminate\\\\Supp...')
#12 /Applications/XAMPP/xamppfiles/htdocs/tmracing/vendor/laravel/framework/src/Illuminate/Foundation/PackageManifest.php(90): collect(Array)
#13 /Applications/XAMPP/xamppfiles/htdocs/tmracing/vendor/laravel/framework/src/Illuminate/Foundation/PackageManifest.php(79): Illuminate\\Foundation\\PackageManifest->config('aliases')
#14 /Applications/XAMPP/xamppfiles/htdocs/tmracing/vendor/laravel/framework/src/Illuminate/Foundation/Bootstrap/RegisterFacades.php(26): Illuminate\\Foundation\\PackageManifest->aliases()
#15 /Applications/XAMPP/xamppfiles/htdocs/tmracing/vendor/laravel/framework/src/Illuminate/Foundation/Application.php(263): Illuminate\\Foundation\\Bootstrap\\RegisterFacades->bootstrap(Object(Illuminate\\Foundation\\Application))
#16 /Applications/XAMPP/xamppfiles/htdocs/tmracing/vendor/laravel/framework/src/Illuminate/Foundation/Console/Kernel.php(447): Illuminate\\Foundation\\Application->bootstrapWith(Array)
#17 /Applications/XAMPP/xamppfiles/htdocs/tmracing/vendor/laravel/framework/src/Illuminate/Foundation/Console/Kernel.php(199): Illuminate\\Foundation\\Console\\Kernel->bootstrap()
#18 /Applications/XAMPP/xamppfiles/htdocs/tmracing/artisan(35): Illuminate\\Foundation\\Console\\Kernel->handle(Object(Symfony\\Component\\Console\\Input\\ArgvInput), Object(Symfony\\Component\\Console\\Output\\ConsoleOutput))
#19 {main}
"} 
[2025-12-12 02:50:44] laravel.WARNING: Illuminate\Support\Collection::filter(): Implicitly marking parameter $callback as nullable is deprecated, the explicit nullable type must be used instead in /Applications/XAMPP/xamppfiles/htdocs/tmracing/vendor/laravel/framework/src/Illuminate/Collections/Collection.php on line 384  
[2025-12-12 02:50:44] laravel.EMERGENCY: Unable to create configured logger. Using emergency logger. {"exception":"[object] (Error(code: 0): Class \"Illuminate\\Support\\Collection\" not found at /Applications/XAMPP/xamppfiles/htdocs/tmracing/vendor/laravel/framework/src/Illuminate/Collections/helpers.php:18)
[stacktrace]
#0 /Applications/XAMPP/xamppfiles/htdocs/tmracing/vendor/laravel/framework/src/Illuminate/Log/LogManager.php(389): collect(Array)
#1 /Applications/XAMPP/xamppfiles/htdocs/tmracing/vendor/laravel/framework/src/Illuminate/Log/LogManager.php(222): Illuminate\\Log\\LogManager->createMonologDriver(Array)
#2 /Applications/XAMPP/xamppfiles/htdocs/tmracing/vendor/laravel/framework/src/Illuminate/Log/LogManager.php(137): Illuminate\\Log\\LogManager->resolve('deprecations', Array)
#3 /Applications/XAMPP/xamppfiles/htdocs/tmracing/vendor/laravel/framework/src/Illuminate/Log/LogManager.php(124): Illuminate\\Log\\LogManager->get('deprecations')
#4 /Applications/XAMPP/xamppfiles/htdocs/tmracing/vendor/laravel/framework/src/Illuminate/Log/LogManager.php(113): Illuminate\\Log\\LogManager->driver('deprecations')
#5 /Applications/XAMPP/xamppfiles/htdocs/tmracing/vendor/laravel/framework/src/Illuminate/Foundation/Bootstrap/HandleExceptions.php(102): Illuminate\\Log\\LogManager->channel('deprecations')
#6 /Applications/XAMPP/xamppfiles/htdocs/tmracing/vendor/laravel/framework/src/Illuminate/Foundation/Bootstrap/HandleExceptions.php(71): Illuminate\\Foundation\\Bootstrap\\HandleExceptions->handleDeprecationError('Illuminate\\\\Supp...', '/Applications/X...', 402, 8192)
#7 /Applications/XAMPP/xamppfiles/htdocs/tmracing/vendor/laravel/framework/src/Illuminate/Foundation/Bootstrap/HandleExceptions.php(255): Illuminate\\Foundation\\Bootstrap\\HandleExceptions->handleError(8192, 'Illuminate\\\\Supp...', '/Applications/X...', 402)
#8 /Applications/XAMPP/xamppfiles/htdocs/tmracing/vendor/composer/ClassLoader.php(576): Illuminate\\Foundation\\Bootstrap\\HandleExceptions->{closure:Illuminate\\Foundation\\Bootstrap\\HandleExceptions::forwardsTo():254}(8192, 'Illuminate\\\\Supp...', '/Applications/X...', 402)
#9 /Applications/XAMPP/xamppfiles/htdocs/tmracing/vendor/composer/ClassLoader.php(576): include('/Applications/X...')
#10 /Applications/XAMPP/xamppfiles/htdocs/tmracing/vendor/composer/ClassLoader.php(427): {closure:Composer\\Autoload\\ClassLoader::initializeIncludeClosure():575}('/Applications/X...')
#11 /Applications/XAMPP/xamppfiles/htdocs/tmracing/vendor/laravel/framework/src/Illuminate/Collections/helpers.php(18): Composer\\Autoload\\ClassLoader->loadClass('Illuminate\\\\Supp...')
#12 /Applications/XAMPP/xamppfiles/htdocs/tmracing/vendor/laravel/framework/src/Illuminate/Foundation/PackageManifest.php(90): collect(Array)
#13 /Applications/XAMPP/xamppfiles/htdocs/tmracing/vendor/laravel/framework/src/Illuminate/Foundation/PackageManifest.php(79): Illuminate\\Foundation\\PackageManifest->config('aliases')
#14 /Applications/XAMPP/xamppfiles/htdocs/tmracing/vendor/laravel/framework/src/Illuminate/Foundation/Bootstrap/RegisterFacades.php(26): Illuminate\\Foundation\\PackageManifest->aliases()
#15 /Applications/XAMPP/xamppfiles/htdocs/tmracing/vendor/laravel/framework/src/Illuminate/Foundation/Application.php(263): Illuminate\\Foundation\\Bootstrap\\RegisterFacades->bootstrap(Object(Illuminate\\Foundation\\Application))
#16 /Applications/XAMPP/xamppfiles/htdocs/tmracing/vendor/laravel/framework/src/Illuminate/Foundation/Console/Kernel.php(447): Illuminate\\Foundation\\Application->bootstrapWith(Array)
#17 /Applications/XAMPP/xamppfiles/htdocs/tmracing/vendor/laravel/framework/src/Illuminate/Foundation/Console/Kernel.php(199): Illuminate\\Foundation\\Console\\Kernel->bootstrap()
#18 /Applications/XAMPP/xamppfiles/htdocs/tmracing/artisan(35): Illuminate\\Foundation\\Console\\Kernel->handle(Object(Symfony\\Component\\Console\\Input\\ArgvInput), Object(Symfony\\Component\\Console\\Output\\ConsoleOutput))
#19 {main}
"} 
[2025-12-12 02:50:44] laravel.WARNING: Illuminate\Support\Collection::first(): Implicitly marking parameter $callback as nullable is deprecated, the explicit nullable type must be used instead in /Applications/XAMPP/xamppfiles/htdocs/tmracing/vendor/laravel/framework/src/Illuminate/Collections/Collection.php on line 402  
[2025-12-12 02:50:44] laravel.EMERGENCY: Unable to create configured logger. Using emergency logger. {"exception":"[object] (Error(code: 0): Class \"Illuminate\\Support\\Collection\" not found at /Applications/XAMPP/xamppfiles/htdocs/tmracing/vendor/laravel/framework/src/Illuminate/Collections/helpers.php:18)
[stacktrace]
#0 /Applications/XAMPP/xamppfiles/htdocs/tmracing/vendor/laravel/framework/src/Illuminate/Log/LogManager.php(389): collect(Array)
#1 /Applications/XAMPP/xamppfiles/htdocs/tmracing/vendor/laravel/framework/src/Illuminate/Log/LogManager.php(222): Illuminate\\Log\\LogManager->createMonologDriver(Array)
#2 /Applications/XAMPP/xamppfiles/htdocs/tmracing/vendor/laravel/framework/src/Illuminate/Log/LogManager.php(137): Illuminate\\Log\\LogManager->resolve('deprecations', Array)
#3 /Applications/XAMPP/xamppfiles/htdocs/tmracing/vendor/laravel/framework/src/Illuminate/Log/LogManager.php(124): Illuminate\\Log\\LogManager->get('deprecations')
#4 /Applications/XAMPP/xamppfiles/htdocs/tmracing/vendor/laravel/framework/src/Illuminate/Log/LogManager.php(113): Illuminate\\Log\\LogManager->driver('deprecations')
#5 /Applications/XAMPP/xamppfiles/htdocs/tmracing/vendor/laravel/framework/src/Illuminate/Foundation/Bootstrap/HandleExceptions.php(102): Illuminate\\Log\\LogManager->channel('deprecations')
#6 /Applications/XAMPP/xamppfiles/htdocs/tmracing/vendor/laravel/framework/src/Illuminate/Foundation/Bootstrap/HandleExceptions.php(71): Illuminate\\Foundation\\Bootstrap\\HandleExceptions->handleDeprecationError('Illuminate\\\\Supp...', '/Applications/X...', 750, 8192)
#7 /Applications/XAMPP/xamppfiles/htdocs/tmracing/vendor/laravel/framework/src/Illuminate/Foundation/Bootstrap/HandleExceptions.php(255): Illuminate\\Foundation\\Bootstrap\\HandleExceptions->handleError(8192, 'Illuminate\\\\Supp...', '/Applications/X...', 750)
#8 /Applications/XAMPP/xamppfiles/htdocs/tmracing/vendor/composer/ClassLoader.php(576): Illuminate\\Foundation\\Bootstrap\\HandleExceptions->{closure:Illuminate\\Foundation\\Bootstrap\\HandleExceptions::forwardsTo():254}(8192, 'Illuminate\\\\Supp...', '/Applications/X...', 750)
#9 /Applications/XAMPP/xamppfiles/htdocs/tmracing/vendor/composer/ClassLoader.php(576): include('/Applications/X...')
#10 /Applications/XAMPP/xamppfiles/htdocs/tmracing/vendor/composer/ClassLoader.php(427): {closure:Composer\\Autoload\\ClassLoader::initializeIncludeClosure():575}('/Applications/X...')
#11 /Applications/XAMPP/xamppfiles/htdocs/tmracing/vendor/laravel/framework/src/Illuminate/Collections/helpers.php(18): Composer\\Autoload\\ClassLoader->loadClass('Illuminate\\\\Supp...')
#12 /Applications/XAMPP/xamppfiles/htdocs/tmracing/vendor/laravel/framework/src/Illuminate/Foundation/PackageManifest.php(90): collect(Array)
#13 /Applications/XAMPP/xamppfiles/htdocs/tmracing/vendor/laravel/framework/src/Illuminate/Foundation/PackageManifest.php(79): Illuminate\\Foundation\\PackageManifest->config('aliases')
#14 /Applications/XAMPP/xamppfiles/htdocs/tmracing/vendor/laravel/framework/src/Illuminate/Foundation/Bootstrap/RegisterFacades.php(26): Illuminate\\Foundation\\PackageManifest->aliases()
#15 /Applications/XAMPP/xamppfiles/htdocs/tmracing/vendor/laravel/framework/src/Illuminate/Foundation/Application.php(263): Illuminate\\Foundation\\Bootstrap\\RegisterFacades->bootstrap(Object(Illuminate\\Foundation\\Application))
#16 /Applications/XAMPP/xamppfiles/htdocs/tmracing/vendor/laravel/framework/src/Illuminate/Foundation/Console/Kernel.php(447): Illuminate\\Foundation\\Application->bootstrapWith(Array)
#17 /Applications/XAMPP/xamppfiles/htdocs/tmracing/vendor/laravel/framework/src/Illuminate/Foundation/Console/Kernel.php(199): Illuminate\\Foundation\\Console\\Kernel->bootstrap()
#18 /Applications/XAMPP/xamppfiles/htdocs/tmracing/artisan(35): Illuminate\\Foundation\\Console\\Kernel->handle(Object(Symfony\\Component\\Console\\Input\\ArgvInput), Object(Symfony\\Component\\Console\\Output\\ConsoleOutput))
#19 {main}
"} 
[2025-12-12 02:50:44] laravel.WARNING: Illuminate\Support\Collection::last(): Implicitly marking parameter $callback as nullable is deprecated, the explicit nullable type must be used instead in /Applications/XAMPP/xamppfiles/htdocs/tmracing/vendor/laravel/framework/src/Illuminate/Collections/Collection.php on line 750  
[2025-12-12 02:50:44] laravel.EMERGENCY: Unable to create configured logger. Using emergency logger. {"exception":"[object] (Error(code: 0): Class \"Illuminate\\Support\\Collection\" not found at /Applications/XAMPP/xamppfiles/htdocs/tmracing/vendor/laravel/framework/src/Illuminate/Collections/helpers.php:18)
[stacktrace]
#0 /Applications/XAMPP/xamppfiles/htdocs/tmracing/vendor/laravel/framework/src/Illuminate/Log/LogManager.php(389): collect(Array)
#1 /Applications/XAMPP/xamppfiles/htdocs/tmracing/vendor/laravel/framework/src/Illuminate/Log/LogManager.php(222): Illuminate\\Log\\LogManager->createMonologDriver(Array)
#2 /Applications/XAMPP/xamppfiles/htdocs/tmracing/vendor/laravel/framework/src/Illuminate/Log/LogManager.php(137): Illuminate\\Log\\LogManager->resolve('deprecations', Array)
#3 /Applications/XAMPP/xamppfiles/htdocs/tmracing/vendor/laravel/framework/src/Illuminate/Log/LogManager.php(124): Illuminate\\Log\\LogManager->get('deprecations')
#4 /Applications/XAMPP/xamppfiles/htdocs/tmracing/vendor/laravel/framework/src/Illuminate/Log/LogManager.php(113): Illuminate\\Log\\LogManager->driver('deprecations')
#5 /Applications/XAMPP/xamppfiles/htdocs/tmracing/vendor/laravel/framework/src/Illuminate/Foundation/Bootstrap/HandleExceptions.php(102): Illuminate\\Log\\LogManager->channel('deprecations')
#6 /Applications/XAMPP/xamppfiles/htdocs/tmracing/vendor/laravel/framework/src/Illuminate/Foundation/Bootstrap/HandleExceptions.php(71): Illuminate\\Foundation\\Bootstrap\\HandleExceptions->handleDeprecationError('Illuminate\\\\Supp...', '/Applications/X...', 167, 8192)
#7 /Applications/XAMPP/xamppfiles/htdocs/tmracing/vendor/laravel/framework/src/Illuminate/Foundation/Bootstrap/HandleExceptions.php(255): Illuminate\\Foundation\\Bootstrap\\HandleExceptions->handleError(8192, 'Illuminate\\\\Supp...', '/Applications/X...', 167)
#8 /Applications/XAMPP/xamppfiles/htdocs/tmracing/vendor/composer/ClassLoader.php(576): Illuminate\\Foundation\\Bootstrap\\HandleExceptions->{closure:Illuminate\\Foundation\\Bootstrap\\HandleExceptions::forwardsTo():254}(8192, 'Illuminate\\\\Supp...', '/Applications/X...', 167)
#9 /Applications/XAMPP/xamppfiles/htdocs/tmracing/vendor/composer/ClassLoader.php(576): include('/Applications/X...')
#10 /Applications/XAMPP/xamppfiles/htdocs/tmracing/vendor/composer/ClassLoader.php(427): {closure:Composer\\Autoload\\ClassLoader::initializeIncludeClosure():575}('/Applications/X...')
#11 /Applications/XAMPP/xamppfiles/htdocs/tmracing/vendor/laravel/framework/src/Illuminate/Collections/Collection.php(21): Composer\\Autoload\\ClassLoader->loadClass('Illuminate\\\\Supp...')
#12 /Applications/XAMPP/xamppfiles/htdocs/tmracing/vendor/composer/ClassLoader.php(576): include('/Applications/X...')
#13 /Applications/XAMPP/xamppfiles/htdocs/tmracing/vendor/composer/ClassLoader.php(427): {closure:Composer\\Autoload\\ClassLoader::initializeIncludeClosure():575}('/Applications/X...')
#14 /Applications/XAMPP/xamppfiles/htdocs/tmracing/vendor/laravel/framework/src/Illuminate/Collections/helpers.php(18): Composer\\Autoload\\ClassLoader->loadClass('Illuminate\\\\Supp...')
#15 /Applications/XAMPP/xamppfiles/htdocs/tmracing/vendor/laravel/framework/src/Illuminate/Foundation/PackageManifest.php(90): collect(Array)
#16 /Applications/XAMPP/xamppfiles/htdocs/tmracing/vendor/laravel/framework/src/Illuminate/Foundation/PackageManifest.php(79): Illuminate\\Foundation\\PackageManifest->config('aliases')
#17 /Applications/XAMPP/xamppfiles/htdocs/tmracing/vendor/laravel/framework/src/Illuminate/Foundation/Bootstrap/RegisterFacades.php(26): Illuminate\\Foundation\\PackageManifest->aliases()
#18 /Applications/XAMPP/xamppfiles/htdocs/tmracing/vendor/laravel/framework/src/Illuminate/Foundation/Application.php(263): Illuminate\\Foundation\\Bootstrap\\RegisterFacades->bootstrap(Object(Illuminate\\Foundation\\Application))
#19 /Applications/XAMPP/xamppfiles/htdocs/tmracing/vendor/laravel/framework/src/Illuminate/Foundation/Console/Kernel.php(447): Illuminate\\Foundation\\Application->bootstrapWith(Array)
#20 /Applications/XAMPP/xamppfiles/htdocs/tmracing/vendor/laravel/framework/src/Illuminate/Foundation/Console/Kernel.php(199): Illuminate\\Foundation\\Console\\Kernel->bootstrap()
#21 /Applications/XAMPP/xamppfiles/htdocs/tmracing/artisan(35): Illuminate\\Foundation\\Console\\Kernel->handle(Object(Symfony\\Component\\Console\\Input\\ArgvInput), Object(Symfony\\Component\\Console\\Output\\ConsoleOutput))
#22 {main}
"} 
[2025-12-12 02:50:44] laravel.WARNING: Illuminate\Support\Traits\EnumeratesValues::times(): Implicitly marking parameter $callback as nullable is deprecated, the explicit nullable type must be used instead in /Applications/XAMPP/xamppfiles/htdocs/tmracing/vendor/laravel/framework/src/Illuminate/Collections/Traits/EnumeratesValues.php on line 167  
[2025-12-12 02:50:44] laravel.EMERGENCY: Unable to create configured logger. Using emergency logger. {"exception":"[object] (Error(code: 0): Class \"Illuminate\\Support\\Collection\" not found at /Applications/XAMPP/xamppfiles/htdocs/tmracing/vendor/laravel/framework/src/Illuminate/Collections/helpers.php:18)
[stacktrace]
#0 /Applications/XAMPP/xamppfiles/htdocs/tmracing/vendor/laravel/framework/src/Illuminate/Log/LogManager.php(389): collect(Array)
#1 /Applications/XAMPP/xamppfiles/htdocs/tmracing/vendor/laravel/framework/src/Illuminate/Log/LogManager.php(222): Illuminate\\Log\\LogManager->createMonologDriver(Array)
#2 /Applications/XAMPP/xamppfiles/htdocs/tmracing/vendor/laravel/framework/src/Illuminate/Log/LogManager.php(137): Illuminate\\Log\\LogManager->resolve('deprecations', Array)
#3 /Applications/XAMPP/xamppfiles/htdocs/tmracing/vendor/laravel/framework/src/Illuminate/Log/LogManager.php(124): Illuminate\\Log\\LogManager->get('deprecations')
#4 /Applications/XAMPP/xamppfiles/htdocs/tmracing/vendor/laravel/framework/src/Illuminate/Log/LogManager.php(113): Illuminate\\Log\\LogManager->driver('deprecations')
#5 /Applications/XAMPP/xamppfiles/htdocs/tmracing/vendor/laravel/framework/src/Illuminate/Foundation/Bootstrap/HandleExceptions.php(102): Illuminate\\Log\\LogManager->channel('deprecations')
#6 /Applications/XAMPP/xamppfiles/htdocs/tmracing/vendor/laravel/framework/src/Illuminate/Foundation/Bootstrap/HandleExceptions.php(71): Illuminate\\Foundation\\Bootstrap\\HandleExceptions->handleDeprecationError('Illuminate\\\\Supp...', '/Applications/X...', 537, 8192)
#7 /Applications/XAMPP/xamppfiles/htdocs/tmracing/vendor/laravel/framework/src/Illuminate/Foundation/Bootstrap/HandleExceptions.php(255): Illuminate\\Foundation\\Bootstrap\\HandleExceptions->handleError(8192, 'Illuminate\\\\Supp...', '/Applications/X...', 537)
#8 /Applications/XAMPP/xamppfiles/htdocs/tmracing/vendor/composer/ClassLoader.php(576): Illuminate\\Foundation\\Bootstrap\\HandleExceptions->{closure:Illuminate\\Foundation\\Bootstrap\\HandleExceptions::forwardsTo():254}(8192, 'Illuminate\\\\Supp...', '/Applications/X...', 537)
#9 /Applications/XAMPP/xamppfiles/htdocs/tmracing/vendor/composer/ClassLoader.php(576): include('/Applications/X...')
#10 /Applications/XAMPP/xamppfiles/htdocs/tmracing/vendor/composer/ClassLoader.php(427): {closure:Composer\\Autoload\\ClassLoader::initializeIncludeClosure():575}('/Applications/X...')
#11 /Applications/XAMPP/xamppfiles/htdocs/tmracing/vendor/laravel/framework/src/Illuminate/Collections/Collection.php(21): Composer\\Autoload\\ClassLoader->loadClass('Illuminate\\\\Supp...')
#12 /Applications/XAMPP/xamppfiles/htdocs/tmracing/vendor/composer/ClassLoader.php(576): include('/Applications/X...')
#13 /Applications/XAMPP/xamppfiles/htdocs/tmracing/vendor/composer/ClassLoader.php(427): {closure:Composer\\Autoload\\ClassLoader::initializeIncludeClosure():575}('/Applications/X...')
#14 /Applications/XAMPP/xamppfiles/htdocs/tmracing/vendor/laravel/framework/src/Illuminate/Collections/helpers.php(18): Composer\\Autoload\\ClassLoader->loadClass('Illuminate\\\\Supp...')
#15 /Applications/XAMPP/xamppfiles/htdocs/tmracing/vendor/laravel/framework/src/Illuminate/Foundation/PackageManifest.php(90): collect(Array)
#16 /Applications/XAMPP/xamppfiles/htdocs/tmracing/vendor/laravel/framework/src/Illuminate/Foundation/PackageManifest.php(79): Illuminate\\Foundation\\PackageManifest->config('aliases')
#17 /Applications/XAMPP/xamppfiles/htdocs/tmracing/vendor/laravel/framework/src/Illuminate/Foundation/Bootstrap/RegisterFacades.php(26): Illuminate\\Foundation\\PackageManifest->aliases()
#18 /Applications/XAMPP/xamppfiles/htdocs/tmracing/vendor/laravel/framework/src/Illuminate/Foundation/Application.php(263): Illuminate\\Foundation\\Bootstrap\\RegisterFacades->bootstrap(Object(Illuminate\\Foundation\\Application))
#19 /Applications/XAMPP/xamppfiles/htdocs/tmracing/vendor/laravel/framework/src/Illuminate/Foundation/Console/Kernel.php(447): Illuminate\\Foundation\\Application->bootstrapWith(Array)
#20 /Applications/XAMPP/xamppfiles/htdocs/tmracing/vendor/laravel/framework/src/Illuminate/Foundation/Console/Kernel.php(199): Illuminate\\Foundation\\Console\\Kernel->bootstrap()
#21 /Applications/XAMPP/xamppfiles/htdocs/tmracing/artisan(35): Illuminate\\Foundation\\Console\\Kernel->handle(Object(Symfony\\Component\\Console\\Input\\ArgvInput), Object(Symfony\\Component\\Console\\Output\\ConsoleOutput))
#22 {main}
"} 
[2025-12-12 02:50:44] laravel.WARNING: Illuminate\Support\Traits\EnumeratesValues::whenEmpty(): Implicitly marking parameter $default as nullable is deprecated, the explicit nullable type must be used instead in /Applications/XAMPP/xamppfiles/htdocs/tmracing/vendor/laravel/framework/src/Illuminate/Collections/Traits/EnumeratesValues.php on line 537  
[2025-12-12 02:50:44] laravel.EMERGENCY: Unable to create configured logger. Using emergency logger. {"exception":"[object] (Error(code: 0): Class \"Illuminate\\Support\\Collection\" not found at /Applications/XAMPP/xamppfiles/htdocs/tmracing/vendor/laravel/framework/src/Illuminate/Collections/helpers.php:18)
[stacktrace]
#0 /Applications/XAMPP/xamppfiles/htdocs/tmracing/vendor/laravel/framework/src/Illuminate/Log/LogManager.php(389): collect(Array)
#1 /Applications/XAMPP/xamppfiles/htdocs/tmracing/vendor/laravel/framework/src/Illuminate/Log/LogManager.php(222): Illuminate\\Log\\LogManager->createMonologDriver(Array)
#2 /Applications/XAMPP/xamppfiles/htdocs/tmracing/vendor/laravel/framework/src/Illuminate/Log/LogManager.php(137): Illuminate\\Log\\LogManager->resolve('deprecations', Array)
#3 /Applications/XAMPP/xamppfiles/htdocs/tmracing/vendor/laravel/framework/src/Illuminate/Log/LogManager.php(124): Illuminate\\Log\\LogManager->get('deprecations')
#4 /Applications/XAMPP/xamppfiles/htdocs/tmracing/vendor/laravel/framework/src/Illuminate/Log/LogManager.php(113): Illuminate\\Log\\LogManager->driver('deprecations')
#5 /Applications/XAMPP/xamppfiles/htdocs/tmracing/vendor/laravel/framework/src/Illuminate/Foundation/Bootstrap/HandleExceptions.php(102): Illuminate\\Log\\LogManager->channel('deprecations')
#6 /Applications/XAMPP/xamppfiles/htdocs/tmracing/vendor/laravel/framework/src/Illuminate/Foundation/Bootstrap/HandleExceptions.php(71): Illuminate\\Foundation\\Bootstrap\\HandleExceptions->handleDeprecationError('Illuminate\\\\Supp...', '/Applications/X...', 551, 8192)
#7 /Applications/XAMPP/xamppfiles/htdocs/tmracing/vendor/laravel/framework/src/Illuminate/Foundation/Bootstrap/HandleExceptions.php(255): Illuminate\\Foundation\\Bootstrap\\HandleExceptions->handleError(8192, 'Illuminate\\\\Supp...', '/Applications/X...', 551)
#8 /Applications/XAMPP/xamppfiles/htdocs/tmracing/vendor/composer/ClassLoader.php(576): Illuminate\\Foundation\\Bootstrap\\HandleExceptions->{closure:Illuminate\\Foundation\\Bootstrap\\HandleExceptions::forwardsTo():254}(8192, 'Illuminate\\\\Supp...', '/Applications/X...', 551)
#9 /Applications/XAMPP/xamppfiles/htdocs/tmracing/vendor/composer/ClassLoader.php(576): include('/Applications/X...')
#10 /Applications/XAMPP/xamppfiles/htdocs/tmracing/vendor/composer/ClassLoader.php(427): {closure:Composer\\Autoload\\ClassLoader::initializeIncludeClosure():575}('/Applications/X...')
#11 /Applications/XAMPP/xamppfiles/htdocs/tmracing/vendor/laravel/framework/src/Illuminate/Collections/Collection.php(21): Composer\\Autoload\\ClassLoader->loadClass('Illuminate\\\\Supp...')
#12 /Applications/XAMPP/xamppfiles/htdocs/tmracing/vendor/composer/ClassLoader.php(576): include('/Applications/X...')
#13 /Applications/XAMPP/xamppfiles/htdocs/tmracing/vendor/composer/ClassLoader.php(427): {closure:Composer\\Autoload\\ClassLoader::initializeIncludeClosure():575}('/Applications/X...')
#14 /Applications/XAMPP/xamppfiles/htdocs/tmracing/vendor/laravel/framework/src/Illuminate/Collections/helpers.php(18): Composer\\Autoload\\ClassLoader->loadClass('Illuminate\\\\Supp...')
#15 /Applications/XAMPP/xamppfiles/htdocs/tmracing/vendor/laravel/framework/src/Illuminate/Foundation/PackageManifest.php(90): collect(Array)
#16 /Applications/XAMPP/xamppfiles/htdocs/tmracing/vendor/laravel/framework/src/Illuminate/Foundation/PackageManifest.php(79): Illuminate\\Foundation\\PackageManifest->config('aliases')
#17 /Applications/XAMPP/xamppfiles/htdocs/tmracing/vendor/laravel/framework/src/Illuminate/Foundation/Bootstrap/RegisterFacades.php(26): Illuminate\\Foundation\\PackageManifest->aliases()
#18 /Applications/XAMPP/xamppfiles/htdocs/tmracing/vendor/laravel/framework/src/Illuminate/Foundation/Application.php(263): Illuminate\\Foundation\\Bootstrap\\RegisterFacades->bootstrap(Object(Illuminate\\Foundation\\Application))
#19 /Applications/XAMPP/xamppfiles/htdocs/tmracing/vendor/laravel/framework/src/Illuminate/Foundation/Console/Kernel.php(447): Illuminate\\Foundation\\Application->bootstrapWith(Array)
#20 /Applications/XAMPP/xamppfiles/htdocs/tmracing/vendor/laravel/framework/src/Illuminate/Foundation/Console/Kernel.php(199): Illuminate\\Foundation\\Console\\Kernel->bootstrap()
#21 /Applications/XAMPP/xamppfiles/htdocs/tmracing/artisan(35): Illuminate\\Foundation\\Console\\Kernel->handle(Object(Symfony\\Component\\Console\\Input\\ArgvInput), Object(Symfony\\Component\\Console\\Output\\ConsoleOutput))
#22 {main}
"} 
[2025-12-12 02:50:44] laravel.WARNING: Illuminate\Support\Traits\EnumeratesValues::whenNotEmpty(): Implicitly marking parameter $default as nullable is deprecated, the explicit nullable type must be used instead in /Applications/XAMPP/xamppfiles/htdocs/tmracing/vendor/laravel/framework/src/Illuminate/Collections/Traits/EnumeratesValues.php on line 551  
[2025-12-12 02:50:44] laravel.EMERGENCY: Unable to create configured logger. Using emergency logger. {"exception":"[object] (Error(code: 0): Class \"Illuminate\\Support\\Collection\" not found at /Applications/XAMPP/xamppfiles/htdocs/tmracing/vendor/laravel/framework/src/Illuminate/Collections/helpers.php:18)
[stacktrace]
#0 /Applications/XAMPP/xamppfiles/htdocs/tmracing/vendor/laravel/framework/src/Illuminate/Log/LogManager.php(389): collect(Array)
#1 /Applications/XAMPP/xamppfiles/htdocs/tmracing/vendor/laravel/framework/src/Illuminate/Log/LogManager.php(222): Illuminate\\Log\\LogManager->createMonologDriver(Array)
#2 /Applications/XAMPP/xamppfiles/htdocs/tmracing/vendor/laravel/framework/src/Illuminate/Log/LogManager.php(137): Illuminate\\Log\\LogManager->resolve('deprecations', Array)
#3 /Applications/XAMPP/xamppfiles/htdocs/tmracing/vendor/laravel/framework/src/Illuminate/Log/LogManager.php(124): Illuminate\\Log\\LogManager->get('deprecations')
#4 /Applications/XAMPP/xamppfiles/htdocs/tmracing/vendor/laravel/framework/src/Illuminate/Log/LogManager.php(113): Illuminate\\Log\\LogManager->driver('deprecations')
#5 /Applications/XAMPP/xamppfiles/htdocs/tmracing/vendor/laravel/framework/src/Illuminate/Foundation/Bootstrap/HandleExceptions.php(102): Illuminate\\Log\\LogManager->channel('deprecations')
#6 /Applications/XAMPP/xamppfiles/htdocs/tmracing/vendor/laravel/framework/src/Illuminate/Foundation/Bootstrap/HandleExceptions.php(71): Illuminate\\Foundation\\Bootstrap\\HandleExceptions->handleDeprecationError('Illuminate\\\\Supp...', '/Applications/X...', 565, 8192)
#7 /Applications/XAMPP/xamppfiles/htdocs/tmracing/vendor/laravel/framework/src/Illuminate/Foundation/Bootstrap/HandleExceptions.php(255): Illuminate\\Foundation\\Bootstrap\\HandleExceptions->handleError(8192, 'Illuminate\\\\Supp...', '/Applications/X...', 565)
#8 /Applications/XAMPP/xamppfiles/htdocs/tmracing/vendor/composer/ClassLoader.php(576): Illuminate\\Foundation\\Bootstrap\\HandleExceptions->{closure:Illuminate\\Foundation\\Bootstrap\\HandleExceptions::forwardsTo():254}(8192, 'Illuminate\\\\Supp...', '/Applications/X...', 565)
#9 /Applications/XAMPP/xamppfiles/htdocs/tmracing/vendor/composer/ClassLoader.php(576): include('/Applications/X...')
#10 /Applications/XAMPP/xamppfiles/htdocs/tmracing/vendor/composer/ClassLoader.php(427): {closure:Composer\\Autoload\\ClassLoader::initializeIncludeClosure():575}('/Applications/X...')
#11 /Applications/XAMPP/xamppfiles/htdocs/tmracing/vendor/laravel/framework/src/Illuminate/Collections/Collection.php(21): Composer\\Autoload\\ClassLoader->loadClass('Illuminate\\\\Supp...')
#12 /Applications/XAMPP/xamppfiles/htdocs/tmracing/vendor/composer/ClassLoader.php(576): include('/Applications/X...')
#13 /Applications/XAMPP/xamppfiles/htdocs/tmracing/vendor/composer/ClassLoader.php(427): {closure:Composer\\Autoload\\ClassLoader::initializeIncludeClosure():575}('/Applications/X...')
#14 /Applications/XAMPP/xamppfiles/htdocs/tmracing/vendor/laravel/framework/src/Illuminate/Collections/helpers.php(18): Composer\\Autoload\\ClassLoader->loadClass('Illuminate\\\\Supp...')
#15 /Applications/XAMPP/xamppfiles/htdocs/tmracing/vendor/laravel/framework/src/Illuminate/Foundation/PackageManifest.php(90): collect(Array)
#16 /Applications/XAMPP/xamppfiles/htdocs/tmracing/vendor/laravel/framework/src/Illuminate/Foundation/PackageManifest.php(79): Illuminate\\Foundation\\PackageManifest->config('aliases')
#17 /Applications/XAMPP/xamppfiles/htdocs/tmracing/vendor/laravel/framework/src/Illuminate/Foundation/Bootstrap/RegisterFacades.php(26): Illuminate\\Foundation\\PackageManifest->aliases()
#18 /Applications/XAMPP/xamppfiles/htdocs/tmracing/vendor/laravel/framework/src/Illuminate/Foundation/Application.php(263): Illuminate\\Foundation\\Bootstrap\\RegisterFacades->bootstrap(Object(Illuminate\\Foundation\\Application))
#19 /Applications/XAMPP/xamppfiles/htdocs/tmracing/vendor/laravel/framework/src/Illuminate/Foundation/Console/Kernel.php(447): Illuminate\\Foundation\\Application->bootstrapWith(Array)
#20 /Applications/XAMPP/xamppfiles/htdocs/tmracing/vendor/laravel/framework/src/Illuminate/Foundation/Console/Kernel.php(199): Illuminate\\Foundation\\Console\\Kernel->bootstrap()
#21 /Applications/XAMPP/xamppfiles/htdocs/tmracing/artisan(35): Illuminate\\Foundation\\Console\\Kernel->handle(Object(Symfony\\Component\\Console\\Input\\ArgvInput), Object(Symfony\\Component\\Console\\Output\\ConsoleOutput))
#22 {main}
"} 
[2025-12-12 02:50:44] laravel.WARNING: Illuminate\Support\Traits\EnumeratesValues::unlessEmpty(): Implicitly marking parameter $default as nullable is deprecated, the explicit nullable type must be used instead in /Applications/XAMPP/xamppfiles/htdocs/tmracing/vendor/laravel/framework/src/Illuminate/Collections/Traits/EnumeratesValues.php on line 565  
[2025-12-12 02:50:44] laravel.EMERGENCY: Unable to create configured logger. Using emergency logger. {"exception":"[object] (Error(code: 0): Class \"Illuminate\\Support\\Collection\" not found at /Applications/XAMPP/xamppfiles/htdocs/tmracing/vendor/laravel/framework/src/Illuminate/Collections/helpers.php:18)
[stacktrace]
#0 /Applications/XAMPP/xamppfiles/htdocs/tmracing/vendor/laravel/framework/src/Illuminate/Log/LogManager.php(389): collect(Array)
#1 /Applications/XAMPP/xamppfiles/htdocs/tmracing/vendor/laravel/framework/src/Illuminate/Log/LogManager.php(222): Illuminate\\Log\\LogManager->createMonologDriver(Array)
#2 /Applications/XAMPP/xamppfiles/htdocs/tmracing/vendor/laravel/framework/src/Illuminate/Log/LogManager.php(137): Illuminate\\Log\\LogManager->resolve('deprecations', Array)
#3 /Applications/XAMPP/xamppfiles/htdocs/tmracing/vendor/laravel/framework/src/Illuminate/Log/LogManager.php(124): Illuminate\\Log\\LogManager->get('deprecations')
#4 /Applications/XAMPP/xamppfiles/htdocs/tmracing/vendor/laravel/framework/src/Illuminate/Log/LogManager.php(113): Illuminate\\Log\\LogManager->driver('deprecations')
#5 /Applications/XAMPP/xamppfiles/htdocs/tmracing/vendor/laravel/framework/src/Illuminate/Foundation/Bootstrap/HandleExceptions.php(102): Illuminate\\Log\\LogManager->channel('deprecations')
#6 /Applications/XAMPP/xamppfiles/htdocs/tmracing/vendor/laravel/framework/src/Illuminate/Foundation/Bootstrap/HandleExceptions.php(71): Illuminate\\Foundation\\Bootstrap\\HandleExceptions->handleDeprecationError('Illuminate\\\\Supp...', '/Applications/X...', 579, 8192)
#7 /Applications/XAMPP/xamppfiles/htdocs/tmracing/vendor/laravel/framework/src/Illuminate/Foundation/Bootstrap/HandleExceptions.php(255): Illuminate\\Foundation\\Bootstrap\\HandleExceptions->handleError(8192, 'Illuminate\\\\Supp...', '/Applications/X...', 579)
#8 /Applications/XAMPP/xamppfiles/htdocs/tmracing/vendor/composer/ClassLoader.php(576): Illuminate\\Foundation\\Bootstrap\\HandleExceptions->{closure:Illuminate\\Foundation\\Bootstrap\\HandleExceptions::forwardsTo():254}(8192, 'Illuminate\\\\Supp...', '/Applications/X...', 579)
#9 /Applications/XAMPP/xamppfiles/htdocs/tmracing/vendor/composer/ClassLoader.php(576): include('/Applications/X...')
#10 /Applications/XAMPP/xamppfiles/htdocs/tmracing/vendor/composer/ClassLoader.php(427): {closure:Composer\\Autoload\\ClassLoader::initializeIncludeClosure():575}('/Applications/X...')
#11 /Applications/XAMPP/xamppfiles/htdocs/tmracing/vendor/laravel/framework/src/Illuminate/Collections/Collection.php(21): Composer\\Autoload\\ClassLoader->loadClass('Illuminate\\\\Supp...')
#12 /Applications/XAMPP/xamppfiles/htdocs/tmracing/vendor/composer/ClassLoader.php(576): include('/Applications/X...')
#13 /Applications/XAMPP/xamppfiles/htdocs/tmracing/vendor/composer/ClassLoader.php(427): {closure:Composer\\Autoload\\ClassLoader::initializeIncludeClosure():575}('/Applications/X...')
#14 /Applications/XAMPP/xamppfiles/htdocs/tmracing/vendor/laravel/framework/src/Illuminate/Collections/helpers.php(18): Composer\\Autoload\\ClassLoader->loadClass('Illuminate\\\\Supp...')
#15 /Applications/XAMPP/xamppfiles/htdocs/tmracing/vendor/laravel/framework/src/Illuminate/Foundation/PackageManifest.php(90): collect(Array)
#16 /Applications/XAMPP/xamppfiles/htdocs/tmracing/vendor/laravel/framework/src/Illuminate/Foundation/PackageManifest.php(79): Illuminate\\Foundation\\PackageManifest->config('aliases')
#17 /Applications/XAMPP/xamppfiles/htdocs/tmracing/vendor/laravel/framework/src/Illuminate/Foundation/Bootstrap/RegisterFacades.php(26): Illuminate\\Foundation\\PackageManifest->aliases()
#18 /Applications/XAMPP/xamppfiles/htdocs/tmracing/vendor/laravel/framework/src/Illuminate/Foundation/Application.php(263): Illuminate\\Foundation\\Bootstrap\\RegisterFacades->bootstrap(Object(Illuminate\\Foundation\\Application))
#19 /Applications/XAMPP/xamppfiles/htdocs/tmracing/vendor/laravel/framework/src/Illuminate/Foundation/Console/Kernel.php(447): Illuminate\\Foundation\\Application->bootstrapWith(Array)
#20 /Applications/XAMPP/xamppfiles/htdocs/tmracing/vendor/laravel/framework/src/Illuminate/Foundation/Console/Kernel.php(199): Illuminate\\Foundation\\Console\\Kernel->bootstrap()
#21 /Applications/XAMPP/xamppfiles/htdocs/tmracing/artisan(35): Illuminate\\Foundation\\Console\\Kernel->handle(Object(Symfony\\Component\\Console\\Input\\ArgvInput), Object(Symfony\\Component\\Console\\Output\\ConsoleOutput))
#22 {main}
"} 
[2025-12-12 02:50:44] laravel.WARNING: Illuminate\Support\Traits\EnumeratesValues::unlessNotEmpty(): Implicitly marking parameter $default as nullable is deprecated, the explicit nullable type must be used instead in /Applications/XAMPP/xamppfiles/htdocs/tmracing/vendor/laravel/framework/src/Illuminate/Collections/Traits/EnumeratesValues.php on line 579  
[2025-12-12 02:50:44] laravel.EMERGENCY: Unable to create configured logger. Using emergency logger. {"exception":"[object] (Error(code: 0): Class \"Illuminate\\Support\\Collection\" not found at /Applications/XAMPP/xamppfiles/htdocs/tmracing/vendor/laravel/framework/src/Illuminate/Collections/helpers.php:18)
[stacktrace]
#0 /Applications/XAMPP/xamppfiles/htdocs/tmracing/vendor/laravel/framework/src/Illuminate/Log/LogManager.php(389): collect(Array)
#1 /Applications/XAMPP/xamppfiles/htdocs/tmracing/vendor/laravel/framework/src/Illuminate/Log/LogManager.php(222): Illuminate\\Log\\LogManager->createMonologDriver(Array)
#2 /Applications/XAMPP/xamppfiles/htdocs/tmracing/vendor/laravel/framework/src/Illuminate/Log/LogManager.php(137): Illuminate\\Log\\LogManager->resolve('deprecations', Array)
#3 /Applications/XAMPP/xamppfiles/htdocs/tmracing/vendor/laravel/framework/src/Illuminate/Log/LogManager.php(124): Illuminate\\Log\\LogManager->get('deprecations')
#4 /Applications/XAMPP/xamppfiles/htdocs/tmracing/vendor/laravel/framework/src/Illuminate/Log/LogManager.php(113): Illuminate\\Log\\LogManager->driver('deprecations')
#5 /Applications/XAMPP/xamppfiles/htdocs/tmracing/vendor/laravel/framework/src/Illuminate/Foundation/Bootstrap/HandleExceptions.php(102): Illuminate\\Log\\LogManager->channel('deprecations')
#6 /Applications/XAMPP/xamppfiles/htdocs/tmracing/vendor/laravel/framework/src/Illuminate/Foundation/Bootstrap/HandleExceptions.php(71): Illuminate\\Foundation\\Bootstrap\\HandleExceptions->handleDeprecationError('Illuminate\\\\Supp...', '/Applications/X...', 41, 8192)
#7 /Applications/XAMPP/xamppfiles/htdocs/tmracing/vendor/laravel/framework/src/Illuminate/Foundation/Bootstrap/HandleExceptions.php(255): Illuminate\\Foundation\\Bootstrap\\HandleExceptions->handleError(8192, 'Illuminate\\\\Supp...', '/Applications/X...', 41)
#8 /Applications/XAMPP/xamppfiles/htdocs/tmracing/vendor/composer/ClassLoader.php(576): Illuminate\\Foundation\\Bootstrap\\HandleExceptions->{closure:Illuminate\\Foundation\\Bootstrap\\HandleExceptions::forwardsTo():254}(8192, 'Illuminate\\\\Supp...', '/Applications/X...', 41)
#9 /Applications/XAMPP/xamppfiles/htdocs/tmracing/vendor/composer/ClassLoader.php(576): include('/Applications/X...')
#10 /Applications/XAMPP/xamppfiles/htdocs/tmracing/vendor/composer/ClassLoader.php(427): {closure:Composer\\Autoload\\ClassLoader::initializeIncludeClosure():575}('/Applications/X...')
#11 /Applications/XAMPP/xamppfiles/htdocs/tmracing/vendor/laravel/framework/src/Illuminate/Collections/Collection.php(21): Composer\\Autoload\\ClassLoader->loadClass('Illuminate\\\\Supp...')
#12 /Applications/XAMPP/xamppfiles/htdocs/tmracing/vendor/composer/ClassLoader.php(576): include('/Applications/X...')
#13 /Applications/XAMPP/xamppfiles/htdocs/tmracing/vendor/composer/ClassLoader.php(427): {closure:Composer\\Autoload\\ClassLoader::initializeIncludeClosure():575}('/Applications/X...')
#14 /Applications/XAMPP/xamppfiles/htdocs/tmracing/vendor/laravel/framework/src/Illuminate/Collections/helpers.php(18): Composer\\Autoload\\ClassLoader->loadClass('Illuminate\\\\Supp...')
#15 /Applications/XAMPP/xamppfiles/htdocs/tmracing/vendor/laravel/framework/src/Illuminate/Foundation/PackageManifest.php(90): collect(Array)
#16 /Applications/XAMPP/xamppfiles/htdocs/tmracing/vendor/laravel/framework/src/Illuminate/Foundation/PackageManifest.php(79): Illuminate\\Foundation\\PackageManifest->config('aliases')
#17 /Applications/XAMPP/xamppfiles/htdocs/tmracing/vendor/laravel/framework/src/Illuminate/Foundation/Bootstrap/RegisterFacades.php(26): Illuminate\\Foundation\\PackageManifest->aliases()
#18 /Applications/XAMPP/xamppfiles/htdocs/tmracing/vendor/laravel/framework/src/Illuminate/Foundation/Application.php(263): Illuminate\\Foundation\\Bootstrap\\RegisterFacades->bootstrap(Object(Illuminate\\Foundation\\Application))
#19 /Applications/XAMPP/xamppfiles/htdocs/tmracing/vendor/laravel/framework/src/Illuminate/Foundation/Console/Kernel.php(447): Illuminate\\Foundation\\Application->bootstrapWith(Array)
#20 /Applications/XAMPP/xamppfiles/htdocs/tmracing/vendor/laravel/framework/src/Illuminate/Foundation/Console/Kernel.php(199): Illuminate\\Foundation\\Console\\Kernel->bootstrap()
#21 /Applications/XAMPP/xamppfiles/htdocs/tmracing/artisan(35): Illuminate\\Foundation\\Console\\Kernel->handle(Object(Symfony\\Component\\Console\\Input\\ArgvInput), Object(Symfony\\Component\\Console\\Output\\ConsoleOutput))
#22 {main}
"} 
[2025-12-12 02:50:44] laravel.WARNING: Illuminate\Support\Enumerable::times(): Implicitly marking parameter $callback as nullable is deprecated, the explicit nullable type must be used instead in /Applications/XAMPP/xamppfiles/htdocs/tmracing/vendor/laravel/framework/src/Illuminate/Collections/Enumerable.php on line 41  
[2025-12-12 02:50:44] laravel.EMERGENCY: Unable to create configured logger. Using emergency logger. {"exception":"[object] (Error(code: 0): Class \"Illuminate\\Support\\Collection\" not found at /Applications/XAMPP/xamppfiles/htdocs/tmracing/vendor/laravel/framework/src/Illuminate/Collections/helpers.php:18)
[stacktrace]
#0 /Applications/XAMPP/xamppfiles/htdocs/tmracing/vendor/laravel/framework/src/Illuminate/Log/LogManager.php(389): collect(Array)
#1 /Applications/XAMPP/xamppfiles/htdocs/tmracing/vendor/laravel/framework/src/Illuminate/Log/LogManager.php(222): Illuminate\\Log\\LogManager->createMonologDriver(Array)
#2 /Applications/XAMPP/xamppfiles/htdocs/tmracing/vendor/laravel/framework/src/Illuminate/Log/LogManager.php(137): Illuminate\\Log\\LogManager->resolve('deprecations', Array)
#3 /Applications/XAMPP/xamppfiles/htdocs/tmracing/vendor/laravel/framework/src/Illuminate/Log/LogManager.php(124): Illuminate\\Log\\LogManager->get('deprecations')
#4 /Applications/XAMPP/xamppfiles/htdocs/tmracing/vendor/laravel/framework/src/Illuminate/Log/LogManager.php(113): Illuminate\\Log\\LogManager->driver('deprecations')
#5 /Applications/XAMPP/xamppfiles/htdocs/tmracing/vendor/laravel/framework/src/Illuminate/Foundation/Bootstrap/HandleExceptions.php(102): Illuminate\\Log\\LogManager->channel('deprecations')
#6 /Applications/XAMPP/xamppfiles/htdocs/tmracing/vendor/laravel/framework/src/Illuminate/Foundation/Bootstrap/HandleExceptions.php(71): Illuminate\\Foundation\\Bootstrap\\HandleExceptions->handleDeprecationError('Illuminate\\\\Supp...', '/Applications/X...', 299, 8192)
#7 /Applications/XAMPP/xamppfiles/htdocs/tmracing/vendor/laravel/framework/src/Illuminate/Foundation/Bootstrap/HandleExceptions.php(255): Illuminate\\Foundation\\Bootstrap\\HandleExceptions->handleError(8192, 'Illuminate\\\\Supp...', '/Applications/X...', 299)
#8 /Applications/XAMPP/xamppfiles/htdocs/tmracing/vendor/composer/ClassLoader.php(576): Illuminate\\Foundation\\Bootstrap\\HandleExceptions->{closure:Illuminate\\Foundation\\Bootstrap\\HandleExceptions::forwardsTo():254}(8192, 'Illuminate\\\\Supp...', '/Applications/X...', 299)
#9 /Applications/XAMPP/xamppfiles/htdocs/tmracing/vendor/composer/ClassLoader.php(576): include('/Applications/X...')
#10 /Applications/XAMPP/xamppfiles/htdocs/tmracing/vendor/composer/ClassLoader.php(427): {closure:Composer\\Autoload\\ClassLoader::initializeIncludeClosure():575}('/Applications/X...')
#11 /Applications/XAMPP/xamppfiles/htdocs/tmracing/vendor/laravel/framework/src/Illuminate/Collections/Collection.php(21): Composer\\Autoload\\ClassLoader->loadClass('Illuminate\\\\Supp...')
#12 /Applications/XAMPP/xamppfiles/htdocs/tmracing/vendor/composer/ClassLoader.php(576): include('/Applications/X...')
#13 /Applications/XAMPP/xamppfiles/htdocs/tmracing/vendor/composer/ClassLoader.php(427): {closure:Composer\\Autoload\\ClassLoader::initializeIncludeClosure():575}('/Applications/X...')
#14 /Applications/XAMPP/xamppfiles/htdocs/tmracing/vendor/laravel/framework/src/Illuminate/Collections/helpers.php(18): Composer\\Autoload\\ClassLoader->loadClass('Illuminate\\\\Supp...')
#15 /Applications/XAMPP/xamppfiles/htdocs/tmracing/vendor/laravel/framework/src/Illuminate/Foundation/PackageManifest.php(90): collect(Array)
#16 /Applications/XAMPP/xamppfiles/htdocs/tmracing/vendor/laravel/framework/src/Illuminate/Foundation/PackageManifest.php(79): Illuminate\\Foundation\\PackageManifest->config('aliases')
#17 /Applications/XAMPP/xamppfiles/htdocs/tmracing/vendor/laravel/framework/src/Illuminate/Foundation/Bootstrap/RegisterFacades.php(26): Illuminate\\Foundation\\PackageManifest->aliases()
#18 /Applications/XAMPP/xamppfiles/htdocs/tmracing/vendor/laravel/framework/src/Illuminate/Foundation/Application.php(263): Illuminate\\Foundation\\Bootstrap\\RegisterFacades->bootstrap(Object(Illuminate\\Foundation\\Application))
#19 /Applications/XAMPP/xamppfiles/htdocs/tmracing/vendor/laravel/framework/src/Illuminate/Foundation/Console/Kernel.php(447): Illuminate\\Foundation\\Application->bootstrapWith(Array)
#20 /Applications/XAMPP/xamppfiles/htdocs/tmracing/vendor/laravel/framework/src/Illuminate/Foundation/Console/Kernel.php(199): Illuminate\\Foundation\\Console\\Kernel->bootstrap()
#21 /Applications/XAMPP/xamppfiles/htdocs/tmracing/artisan(35): Illuminate\\Foundation\\Console\\Kernel->handle(Object(Symfony\\Component\\Console\\Input\\ArgvInput), Object(Symfony\\Component\\Console\\Output\\ConsoleOutput))
#22 {main}
"} 
[2025-12-12 02:50:44] laravel.WARNING: Illuminate\Support\Enumerable::filter(): Implicitly marking parameter $callback as nullable is deprecated, the explicit nullable type must be used instead in /Applications/XAMPP/xamppfiles/htdocs/tmracing/vendor/laravel/framework/src/Illuminate/Collections/Enumerable.php on line 299  
[2025-12-12 02:50:44] laravel.EMERGENCY: Unable to create configured logger. Using emergency logger. {"exception":"[object] (Error(code: 0): Class \"Illuminate\\Support\\Collection\" not found at /Applications/XAMPP/xamppfiles/htdocs/tmracing/vendor/laravel/framework/src/Illuminate/Collections/helpers.php:18)
[stacktrace]
#0 /Applications/XAMPP/xamppfiles/htdocs/tmracing/vendor/laravel/framework/src/Illuminate/Log/LogManager.php(389): collect(Array)
#1 /Applications/XAMPP/xamppfiles/htdocs/tmracing/vendor/laravel/framework/src/Illuminate/Log/LogManager.php(222): Illuminate\\Log\\LogManager->createMonologDriver(Array)
#2 /Applications/XAMPP/xamppfiles/htdocs/tmracing/vendor/laravel/framework/src/Illuminate/Log/LogManager.php(137): Illuminate\\Log\\LogManager->resolve('deprecations', Array)
#3 /Applications/XAMPP/xamppfiles/htdocs/tmracing/vendor/laravel/framework/src/Illuminate/Log/LogManager.php(124): Illuminate\\Log\\LogManager->get('deprecations')
#4 /Applications/XAMPP/xamppfiles/htdocs/tmracing/vendor/laravel/framework/src/Illuminate/Log/LogManager.php(113): Illuminate\\Log\\LogManager->driver('deprecations')
#5 /Applications/XAMPP/xamppfiles/htdocs/tmracing/vendor/laravel/framework/src/Illuminate/Foundation/Bootstrap/HandleExceptions.php(102): Illuminate\\Log\\LogManager->channel('deprecations')
#6 /Applications/XAMPP/xamppfiles/htdocs/tmracing/vendor/laravel/framework/src/Illuminate/Foundation/Bootstrap/HandleExceptions.php(71): Illuminate\\Foundation\\Bootstrap\\HandleExceptions->handleDeprecationError('Illuminate\\\\Supp...', '/Applications/X...', 311, 8192)
#7 /Applications/XAMPP/xamppfiles/htdocs/tmracing/vendor/laravel/framework/src/Illuminate/Foundation/Bootstrap/HandleExceptions.php(255): Illuminate\\Foundation\\Bootstrap\\HandleExceptions->handleError(8192, 'Illuminate\\\\Supp...', '/Applications/X...', 311)
#8 /Applications/XAMPP/xamppfiles/htdocs/tmracing/vendor/composer/ClassLoader.php(576): Illuminate\\Foundation\\Bootstrap\\HandleExceptions->{closure:Illuminate\\Foundation\\Bootstrap\\HandleExceptions::forwardsTo():254}(8192, 'Illuminate\\\\Supp...', '/Applications/X...', 311)
#9 /Applications/XAMPP/xamppfiles/htdocs/tmracing/vendor/composer/ClassLoader.php(576): include('/Applications/X...')
#10 /Applications/XAMPP/xamppfiles/htdocs/tmracing/vendor/composer/ClassLoader.php(427): {closure:Composer\\Autoload\\ClassLoader::initializeIncludeClosure():575}('/Applications/X...')
#11 /Applications/XAMPP/xamppfiles/htdocs/tmracing/vendor/laravel/framework/src/Illuminate/Collections/Collection.php(21): Composer\\Autoload\\ClassLoader->loadClass('Illuminate\\\\Supp...')
#12 /Applications/XAMPP/xamppfiles/htdocs/tmracing/vendor/composer/ClassLoader.php(576): include('/Applications/X...')
#13 /Applications/XAMPP/xamppfiles/htdocs/tmracing/vendor/composer/ClassLoader.php(427): {closure:Composer\\Autoload\\ClassLoader::initializeIncludeClosure():575}('/Applications/X...')
#14 /Applications/XAMPP/xamppfiles/htdocs/tmracing/vendor/laravel/framework/src/Illuminate/Collections/helpers.php(18): Composer\\Autoload\\ClassLoader->loadClass('Illuminate\\\\Supp...')
#15 /Applications/XAMPP/xamppfiles/htdocs/tmracing/vendor/laravel/framework/src/Illuminate/Foundation/PackageManifest.php(90): collect(Array)
#16 /Applications/XAMPP/xamppfiles/htdocs/tmracing/vendor/laravel/framework/src/Illuminate/Foundation/PackageManifest.php(79): Illuminate\\Foundation\\PackageManifest->config('aliases')
#17 /Applications/XAMPP/xamppfiles/htdocs/tmracing/vendor/laravel/framework/src/Illuminate/Foundation/Bootstrap/RegisterFacades.php(26): Illuminate\\Foundation\\PackageManifest->aliases()
#18 /Applications/XAMPP/xamppfiles/htdocs/tmracing/vendor/laravel/framework/src/Illuminate/Foundation/Application.php(263): Illuminate\\Foundation\\Bootstrap\\RegisterFacades->bootstrap(Object(Illuminate\\Foundation\\Application))
#19 /Applications/XAMPP/xamppfiles/htdocs/tmracing/vendor/laravel/framework/src/Illuminate/Foundation/Console/Kernel.php(447): Illuminate\\Foundation\\Application->bootstrapWith(Array)
#20 /Applications/XAMPP/xamppfiles/htdocs/tmracing/vendor/laravel/framework/src/Illuminate/Foundation/Console/Kernel.php(199): Illuminate\\Foundation\\Console\\Kernel->bootstrap()
#21 /Applications/XAMPP/xamppfiles/htdocs/tmracing/artisan(35): Illuminate\\Foundation\\Console\\Kernel->handle(Object(Symfony\\Component\\Console\\Input\\ArgvInput), Object(Symfony\\Component\\Console\\Output\\ConsoleOutput))
#22 {main}
"} 
[2025-12-12 02:50:44] laravel.WARNING: Illuminate\Support\Enumerable::when(): Implicitly marking parameter $callback as nullable is deprecated, the explicit nullable type must be used instead in /Applications/XAMPP/xamppfiles/htdocs/tmracing/vendor/laravel/framework/src/Illuminate/Collections/Enumerable.php on line 311  
[2025-12-12 02:50:44] laravel.EMERGENCY: Unable to create configured logger. Using emergency logger. {"exception":"[object] (Error(code: 0): Class \"Illuminate\\Support\\Collection\" not found at /Applications/XAMPP/xamppfiles/htdocs/tmracing/vendor/laravel/framework/src/Illuminate/Collections/helpers.php:18)
[stacktrace]
#0 /Applications/XAMPP/xamppfiles/htdocs/tmracing/vendor/laravel/framework/src/Illuminate/Log/LogManager.php(389): collect(Array)
#1 /Applications/XAMPP/xamppfiles/htdocs/tmracing/vendor/laravel/framework/src/Illuminate/Log/LogManager.php(222): Illuminate\\Log\\LogManager->createMonologDriver(Array)
#2 /Applications/XAMPP/xamppfiles/htdocs/tmracing/vendor/laravel/framework/src/Illuminate/Log/LogManager.php(137): Illuminate\\Log\\LogManager->resolve('deprecations', Array)
#3 /Applications/XAMPP/xamppfiles/htdocs/tmracing/vendor/laravel/framework/src/Illuminate/Log/LogManager.php(124): Illuminate\\Log\\LogManager->get('deprecations')
#4 /Applications/XAMPP/xamppfiles/htdocs/tmracing/vendor/laravel/framework/src/Illuminate/Log/LogManager.php(113): Illuminate\\Log\\LogManager->driver('deprecations')
#5 /Applications/XAMPP/xamppfiles/htdocs/tmracing/vendor/laravel/framework/src/Illuminate/Foundation/Bootstrap/HandleExceptions.php(102): Illuminate\\Log\\LogManager->channel('deprecations')
#6 /Applications/XAMPP/xamppfiles/htdocs/tmracing/vendor/laravel/framework/src/Illuminate/Foundation/Bootstrap/HandleExceptions.php(71): Illuminate\\Foundation\\Bootstrap\\HandleExceptions->handleDeprecationError('Illuminate\\\\Supp...', '/Applications/X...', 311, 8192)
#7 /Applications/XAMPP/xamppfiles/htdocs/tmracing/vendor/laravel/framework/src/Illuminate/Foundation/Bootstrap/HandleExceptions.php(255): Illuminate\\Foundation\\Bootstrap\\HandleExceptions->handleError(8192, 'Illuminate\\\\Supp...', '/Applications/X...', 311)
#8 /Applications/XAMPP/xamppfiles/htdocs/tmracing/vendor/composer/ClassLoader.php(576): Illuminate\\Foundation\\Bootstrap\\HandleExceptions->{closure:Illuminate\\Foundation\\Bootstrap\\HandleExceptions::forwardsTo():254}(8192, 'Illuminate\\\\Supp...', '/Applications/X...', 311)
#9 /Applications/XAMPP/xamppfiles/htdocs/tmracing/vendor/composer/ClassLoader.php(576): include('/Applications/X...')
#10 /Applications/XAMPP/xamppfiles/htdocs/tmracing/vendor/composer/ClassLoader.php(427): {closure:Composer\\Autoload\\ClassLoader::initializeIncludeClosure():575}('/Applications/X...')
#11 /Applications/XAMPP/xamppfiles/htdocs/tmracing/vendor/laravel/framework/src/Illuminate/Collections/Collection.php(21): Composer\\Autoload\\ClassLoader->loadClass('Illuminate\\\\Supp...')
#12 /Applications/XAMPP/xamppfiles/htdocs/tmracing/vendor/composer/ClassLoader.php(576): include('/Applications/X...')
#13 /Applications/XAMPP/xamppfiles/htdocs/tmracing/vendor/composer/ClassLoader.php(427): {closure:Composer\\Autoload\\ClassLoader::initializeIncludeClosure():575}('/Applications/X...')
#14 /Applications/XAMPP/xamppfiles/htdocs/tmracing/vendor/laravel/framework/src/Illuminate/Collections/helpers.php(18): Composer\\Autoload\\ClassLoader->loadClass('Illuminate\\\\Supp...')
#15 /Applications/XAMPP/xamppfiles/htdocs/tmracing/vendor/laravel/framework/src/Illuminate/Foundation/PackageManifest.php(90): collect(Array)
#16 /Applications/XAMPP/xamppfiles/htdocs/tmracing/vendor/laravel/framework/src/Illuminate/Foundation/PackageManifest.php(79): Illuminate\\Foundation\\PackageManifest->config('aliases')
#17 /Applications/XAMPP/xamppfiles/htdocs/tmracing/vendor/laravel/framework/src/Illuminate/Foundation/Bootstrap/RegisterFacades.php(26): Illuminate\\Foundation\\PackageManifest->aliases()
#18 /Applications/XAMPP/xamppfiles/htdocs/tmracing/vendor/laravel/framework/src/Illuminate/Foundation/Application.php(263): Illuminate\\Foundation\\Bootstrap\\RegisterFacades->bootstrap(Object(Illuminate\\Foundation\\Application))
#19 /Applications/XAMPP/xamppfiles/htdocs/tmracing/vendor/laravel/framework/src/Illuminate/Foundation/Console/Kernel.php(447): Illuminate\\Foundation\\Application->bootstrapWith(Array)
#20 /Applications/XAMPP/xamppfiles/htdocs/tmracing/vendor/laravel/framework/src/Illuminate/Foundation/Console/Kernel.php(199): Illuminate\\Foundation\\Console\\Kernel->bootstrap()
#21 /Applications/XAMPP/xamppfiles/htdocs/tmracing/artisan(35): Illuminate\\Foundation\\Console\\Kernel->handle(Object(Symfony\\Component\\Console\\Input\\ArgvInput), Object(Symfony\\Component\\Console\\Output\\ConsoleOutput))
#22 {main}
"} 
[2025-12-12 02:50:44] laravel.WARNING: Illuminate\Support\Enumerable::when(): Implicitly marking parameter $default as nullable is deprecated, the explicit nullable type must be used instead in /Applications/XAMPP/xamppfiles/htdocs/tmracing/vendor/laravel/framework/src/Illuminate/Collections/Enumerable.php on line 311  
[2025-12-12 02:50:44] laravel.EMERGENCY: Unable to create configured logger. Using emergency logger. {"exception":"[object] (Error(code: 0): Class \"Illuminate\\Support\\Collection\" not found at /Applications/XAMPP/xamppfiles/htdocs/tmracing/vendor/laravel/framework/src/Illuminate/Collections/helpers.php:18)
[stacktrace]
#0 /Applications/XAMPP/xamppfiles/htdocs/tmracing/vendor/laravel/framework/src/Illuminate/Log/LogManager.php(389): collect(Array)
#1 /Applications/XAMPP/xamppfiles/htdocs/tmracing/vendor/laravel/framework/src/Illuminate/Log/LogManager.php(222): Illuminate\\Log\\LogManager->createMonologDriver(Array)
#2 /Applications/XAMPP/xamppfiles/htdocs/tmracing/vendor/laravel/framework/src/Illuminate/Log/LogManager.php(137): Illuminate\\Log\\LogManager->resolve('deprecations', Array)
#3 /Applications/XAMPP/xamppfiles/htdocs/tmracing/vendor/laravel/framework/src/Illuminate/Log/LogManager.php(124): Illuminate\\Log\\LogManager->get('deprecations')
#4 /Applications/XAMPP/xamppfiles/htdocs/tmracing/vendor/laravel/framework/src/Illuminate/Log/LogManager.php(113): Illuminate\\Log\\LogManager->driver('deprecations')
#5 /Applications/XAMPP/xamppfiles/htdocs/tmracing/vendor/laravel/framework/src/Illuminate/Foundation/Bootstrap/HandleExceptions.php(102): Illuminate\\Log\\LogManager->channel('deprecations')
#6 /Applications/XAMPP/xamppfiles/htdocs/tmracing/vendor/laravel/framework/src/Illuminate/Foundation/Bootstrap/HandleExceptions.php(71): Illuminate\\Foundation\\Bootstrap\\HandleExceptions->handleDeprecationError('Illuminate\\\\Supp...', '/Applications/X...', 322, 8192)
#7 /Applications/XAMPP/xamppfiles/htdocs/tmracing/vendor/laravel/framework/src/Illuminate/Foundation/Bootstrap/HandleExceptions.php(255): Illuminate\\Foundation\\Bootstrap\\HandleExceptions->handleError(8192, 'Illuminate\\\\Supp...', '/Applications/X...', 322)
#8 /Applications/XAMPP/xamppfiles/htdocs/tmracing/vendor/composer/ClassLoader.php(576): Illuminate\\Foundation\\Bootstrap\\HandleExceptions->{closure:Illuminate\\Foundation\\Bootstrap\\HandleExceptions::forwardsTo():254}(8192, 'Illuminate\\\\Supp...', '/Applications/X...', 322)
#9 /Applications/XAMPP/xamppfiles/htdocs/tmracing/vendor/composer/ClassLoader.php(576): include('/Applications/X...')
#10 /Applications/XAMPP/xamppfiles/htdocs/tmracing/vendor/composer/ClassLoader.php(427): {closure:Composer\\Autoload\\ClassLoader::initializeIncludeClosure():575}('/Applications/X...')
#11 /Applications/XAMPP/xamppfiles/htdocs/tmracing/vendor/laravel/framework/src/Illuminate/Collections/Collection.php(21): Composer\\Autoload\\ClassLoader->loadClass('Illuminate\\\\Supp...')
#12 /Applications/XAMPP/xamppfiles/htdocs/tmracing/vendor/composer/ClassLoader.php(576): include('/Applications/X...')
#13 /Applications/XAMPP/xamppfiles/htdocs/tmracing/vendor/composer/ClassLoader.php(427): {closure:Composer\\Autoload\\ClassLoader::initializeIncludeClosure():575}('/Applications/X...')
#14 /Applications/XAMPP/xamppfiles/htdocs/tmracing/vendor/laravel/framework/src/Illuminate/Collections/helpers.php(18): Composer\\Autoload\\ClassLoader->loadClass('Illuminate\\\\Supp...')
#15 /Applications/XAMPP/xamppfiles/htdocs/tmracing/vendor/laravel/framework/src/Illuminate/Foundation/PackageManifest.php(90): collect(Array)
#16 /Applications/XAMPP/xamppfiles/htdocs/tmracing/vendor/laravel/framework/src/Illuminate/Foundation/PackageManifest.php(79): Illuminate\\Foundation\\PackageManifest->config('aliases')
#17 /Applications/XAMPP/xamppfiles/htdocs/tmracing/vendor/laravel/framework/src/Illuminate/Foundation/Bootstrap/RegisterFacades.php(26): Illuminate\\Foundation\\PackageManifest->aliases()
#18 /Applications/XAMPP/xamppfiles/htdocs/tmracing/vendor/laravel/framework/src/Illuminate/Foundation/Application.php(263): Illuminate\\Foundation\\Bootstrap\\RegisterFacades->bootstrap(Object(Illuminate\\Foundation\\Application))
#19 /Applications/XAMPP/xamppfiles/htdocs/tmracing/vendor/laravel/framework/src/Illuminate/Foundation/Console/Kernel.php(447): Illuminate\\Foundation\\Application->bootstrapWith(Array)
#20 /Applications/XAMPP/xamppfiles/htdocs/tmracing/vendor/laravel/framework/src/Illuminate/Foundation/Console/Kernel.php(199): Illuminate\\Foundation\\Console\\Kernel->bootstrap()
#21 /Applications/XAMPP/xamppfiles/htdocs/tmracing/artisan(35): Illuminate\\Foundation\\Console\\Kernel->handle(Object(Symfony\\Component\\Console\\Input\\ArgvInput), Object(Symfony\\Component\\Console\\Output\\ConsoleOutput))
#22 {main}
"} 
[2025-12-12 02:50:44] laravel.WARNING: Illuminate\Support\Enumerable::whenEmpty(): Implicitly marking parameter $default as nullable is deprecated, the explicit nullable type must be used instead in /Applications/XAMPP/xamppfiles/htdocs/tmracing/vendor/laravel/framework/src/Illuminate/Collections/Enumerable.php on line 322  
[2025-12-12 02:50:44] laravel.EMERGENCY: Unable to create configured logger. Using emergency logger. {"exception":"[object] (Error(code: 0): Class \"Illuminate\\Support\\Collection\" not found at /Applications/XAMPP/xamppfiles/htdocs/tmracing/vendor/laravel/framework/src/Illuminate/Collections/helpers.php:18)
[stacktrace]
#0 /Applications/XAMPP/xamppfiles/htdocs/tmracing/vendor/laravel/framework/src/Illuminate/Log/LogManager.php(389): collect(Array)
#1 /Applications/XAMPP/xamppfiles/htdocs/tmracing/vendor/laravel/framework/src/Illuminate/Log/LogManager.php(222): Illuminate\\Log\\LogManager->createMonologDriver(Array)
#2 /Applications/XAMPP/xamppfiles/htdocs/tmracing/vendor/laravel/framework/src/Illuminate/Log/LogManager.php(137): Illuminate\\Log\\LogManager->resolve('deprecations', Array)
#3 /Applications/XAMPP/xamppfiles/htdocs/tmracing/vendor/laravel/framework/src/Illuminate/Log/LogManager.php(124): Illuminate\\Log\\LogManager->get('deprecations')
#4 /Applications/XAMPP/xamppfiles/htdocs/tmracing/vendor/laravel/framework/src/Illuminate/Log/LogManager.php(113): Illuminate\\Log\\LogManager->driver('deprecations')
#5 /Applications/XAMPP/xamppfiles/htdocs/tmracing/vendor/laravel/framework/src/Illuminate/Foundation/Bootstrap/HandleExceptions.php(102): Illuminate\\Log\\LogManager->channel('deprecations')
#6 /Applications/XAMPP/xamppfiles/htdocs/tmracing/vendor/laravel/framework/src/Illuminate/Foundation/Bootstrap/HandleExceptions.php(71): Illuminate\\Foundation\\Bootstrap\\HandleExceptions->handleDeprecationError('Illuminate\\\\Supp...', '/Applications/X...', 333, 8192)
#7 /Applications/XAMPP/xamppfiles/htdocs/tmracing/vendor/laravel/framework/src/Illuminate/Foundation/Bootstrap/HandleExceptions.php(255): Illuminate\\Foundation\\Bootstrap\\HandleExceptions->handleError(8192, 'Illuminate\\\\Supp...', '/Applications/X...', 333)
#8 /Applications/XAMPP/xamppfiles/htdocs/tmracing/vendor/composer/ClassLoader.php(576): Illuminate\\Foundation\\Bootstrap\\HandleExceptions->{closure:Illuminate\\Foundation\\Bootstrap\\HandleExceptions::forwardsTo():254}(8192, 'Illuminate\\\\Supp...', '/Applications/X...', 333)
#9 /Applications/XAMPP/xamppfiles/htdocs/tmracing/vendor/composer/ClassLoader.php(576): include('/Applications/X...')
#10 /Applications/XAMPP/xamppfiles/htdocs/tmracing/vendor/composer/ClassLoader.php(427): {closure:Composer\\Autoload\\ClassLoader::initializeIncludeClosure():575}('/Applications/X...')
#11 /Applications/XAMPP/xamppfiles/htdocs/tmracing/vendor/laravel/framework/src/Illuminate/Collections/Collection.php(21): Composer\\Autoload\\ClassLoader->loadClass('Illuminate\\\\Supp...')
#12 /Applications/XAMPP/xamppfiles/htdocs/tmracing/vendor/composer/ClassLoader.php(576): include('/Applications/X...')
#13 /Applications/XAMPP/xamppfiles/htdocs/tmracing/vendor/composer/ClassLoader.php(427): {closure:Composer\\Autoload\\ClassLoader::initializeIncludeClosure():575}('/Applications/X...')
#14 /Applications/XAMPP/xamppfiles/htdocs/tmracing/vendor/laravel/framework/src/Illuminate/Collections/helpers.php(18): Composer\\Autoload\\ClassLoader->loadClass('Illuminate\\\\Supp...')
#15 /Applications/XAMPP/xamppfiles/htdocs/tmracing/vendor/laravel/framework/src/Illuminate/Foundation/PackageManifest.php(90): collect(Array)
#16 /Applications/XAMPP/xamppfiles/htdocs/tmracing/vendor/laravel/framework/src/Illuminate/Foundation/PackageManifest.php(79): Illuminate\\Foundation\\PackageManifest->config('aliases')
#17 /Applications/XAMPP/xamppfiles/htdocs/tmracing/vendor/laravel/framework/src/Illuminate/Foundation/Bootstrap/RegisterFacades.php(26): Illuminate\\Foundation\\PackageManifest->aliases()
#18 /Applications/XAMPP/xamppfiles/htdocs/tmracing/vendor/laravel/framework/src/Illuminate/Foundation/Application.php(263): Illuminate\\Foundation\\Bootstrap\\RegisterFacades->bootstrap(Object(Illuminate\\Foundation\\Application))
#19 /Applications/XAMPP/xamppfiles/htdocs/tmracing/vendor/laravel/framework/src/Illuminate/Foundation/Console/Kernel.php(447): Illuminate\\Foundation\\Application->bootstrapWith(Array)
#20 /Applications/XAMPP/xamppfiles/htdocs/tmracing/vendor/laravel/framework/src/Illuminate/Foundation/Console/Kernel.php(199): Illuminate\\Foundation\\Console\\Kernel->bootstrap()
#21 /Applications/XAMPP/xamppfiles/htdocs/tmracing/artisan(35): Illuminate\\Foundation\\Console\\Kernel->handle(Object(Symfony\\Component\\Console\\Input\\ArgvInput), Object(Symfony\\Component\\Console\\Output\\ConsoleOutput))
#22 {main}
"} 
[2025-12-12 02:50:44] laravel.WARNING: Illuminate\Support\Enumerable::whenNotEmpty(): Implicitly marking parameter $default as nullable is deprecated, the explicit nullable type must be used instead in /Applications/XAMPP/xamppfiles/htdocs/tmracing/vendor/laravel/framework/src/Illuminate/Collections/Enumerable.php on line 333  
[2025-12-12 02:50:44] laravel.EMERGENCY: Unable to create configured logger. Using emergency logger. {"exception":"[object] (Error(code: 0): Class \"Illuminate\\Support\\Collection\" not found at /Applications/XAMPP/xamppfiles/htdocs/tmracing/vendor/laravel/framework/src/Illuminate/Collections/helpers.php:18)
[stacktrace]
#0 /Applications/XAMPP/xamppfiles/htdocs/tmracing/vendor/laravel/framework/src/Illuminate/Log/LogManager.php(389): collect(Array)
#1 /Applications/XAMPP/xamppfiles/htdocs/tmracing/vendor/laravel/framework/src/Illuminate/Log/LogManager.php(222): Illuminate\\Log\\LogManager->createMonologDriver(Array)
#2 /Applications/XAMPP/xamppfiles/htdocs/tmracing/vendor/laravel/framework/src/Illuminate/Log/LogManager.php(137): Illuminate\\Log\\LogManager->resolve('deprecations', Array)
#3 /Applications/XAMPP/xamppfiles/htdocs/tmracing/vendor/laravel/framework/src/Illuminate/Log/LogManager.php(124): Illuminate\\Log\\LogManager->get('deprecations')
#4 /Applications/XAMPP/xamppfiles/htdocs/tmracing/vendor/laravel/framework/src/Illuminate/Log/LogManager.php(113): Illuminate\\Log\\LogManager->driver('deprecations')
#5 /Applications/XAMPP/xamppfiles/htdocs/tmracing/vendor/laravel/framework/src/Illuminate/Foundation/Bootstrap/HandleExceptions.php(102): Illuminate\\Log\\LogManager->channel('deprecations')
#6 /Applications/XAMPP/xamppfiles/htdocs/tmracing/vendor/laravel/framework/src/Illuminate/Foundation/Bootstrap/HandleExceptions.php(71): Illuminate\\Foundation\\Bootstrap\\HandleExceptions->handleDeprecationError('Illuminate\\\\Supp...', '/Applications/X...', 345, 8192)
#7 /Applications/XAMPP/xamppfiles/htdocs/tmracing/vendor/laravel/framework/src/Illuminate/Foundation/Bootstrap/HandleExceptions.php(255): Illuminate\\Foundation\\Bootstrap\\HandleExceptions->handleError(8192, 'Illuminate\\\\Supp...', '/Applications/X...', 345)
#8 /Applications/XAMPP/xamppfiles/htdocs/tmracing/vendor/composer/ClassLoader.php(576): Illuminate\\Foundation\\Bootstrap\\HandleExceptions->{closure:Illuminate\\Foundation\\Bootstrap\\HandleExceptions::forwardsTo():254}(8192, 'Illuminate\\\\Supp...', '/Applications/X...', 345)
#9 /Applications/XAMPP/xamppfiles/htdocs/tmracing/vendor/composer/ClassLoader.php(576): include('/Applications/X...')
#10 /Applications/XAMPP/xamppfiles/htdocs/tmracing/vendor/composer/ClassLoader.php(427): {closure:Composer\\Autoload\\ClassLoader::initializeIncludeClosure():575}('/Applications/X...')
#11 /Applications/XAMPP/xamppfiles/htdocs/tmracing/vendor/laravel/framework/src/Illuminate/Collections/Collection.php(21): Composer\\Autoload\\ClassLoader->loadClass('Illuminate\\\\Supp...')
#12 /Applications/XAMPP/xamppfiles/htdocs/tmracing/vendor/composer/ClassLoader.php(576): include('/Applications/X...')
#13 /Applications/XAMPP/xamppfiles/htdocs/tmracing/vendor/composer/ClassLoader.php(427): {closure:Composer\\Autoload\\ClassLoader::initializeIncludeClosure():575}('/Applications/X...')
#14 /Applications/XAMPP/xamppfiles/htdocs/tmracing/vendor/laravel/framework/src/Illuminate/Collections/helpers.php(18): Composer\\Autoload\\ClassLoader->loadClass('Illuminate\\\\Supp...')
#15 /Applications/XAMPP/xamppfiles/htdocs/tmracing/vendor/laravel/framework/src/Illuminate/Foundation/PackageManifest.php(90): collect(Array)
#16 /Applications/XAMPP/xamppfiles/htdocs/tmracing/vendor/laravel/framework/src/Illuminate/Foundation/PackageManifest.php(79): Illuminate\\Foundation\\PackageManifest->config('aliases')
#17 /Applications/XAMPP/xamppfiles/htdocs/tmracing/vendor/laravel/framework/src/Illuminate/Foundation/Bootstrap/RegisterFacades.php(26): Illuminate\\Foundation\\PackageManifest->aliases()
#18 /Applications/XAMPP/xamppfiles/htdocs/tmracing/vendor/laravel/framework/src/Illuminate/Foundation/Application.php(263): Illuminate\\Foundation\\Bootstrap\\RegisterFacades->bootstrap(Object(Illuminate\\Foundation\\Application))
#19 /Applications/XAMPP/xamppfiles/htdocs/tmracing/vendor/laravel/framework/src/Illuminate/Foundation/Console/Kernel.php(447): Illuminate\\Foundation\\Application->bootstrapWith(Array)
#20 /Applications/XAMPP/xamppfiles/htdocs/tmracing/vendor/laravel/framework/src/Illuminate/Foundation/Console/Kernel.php(199): Illuminate\\Foundation\\Console\\Kernel->bootstrap()
#21 /Applications/XAMPP/xamppfiles/htdocs/tmracing/artisan(35): Illuminate\\Foundation\\Console\\Kernel->handle(Object(Symfony\\Component\\Console\\Input\\ArgvInput), Object(Symfony\\Component\\Console\\Output\\ConsoleOutput))
#22 {main}
"} 
[2025-12-12 02:50:44] laravel.WARNING: Illuminate\Support\Enumerable::unless(): Implicitly marking parameter $default as nullable is deprecated, the explicit nullable type must be used instead in /Applications/XAMPP/xamppfiles/htdocs/tmracing/vendor/laravel/framework/src/Illuminate/Collections/Enumerable.php on line 345  
[2025-12-12 02:50:44] laravel.EMERGENCY: Unable to create configured logger. Using emergency logger. {"exception":"[object] (Error(code: 0): Class \"Illuminate\\Support\\Collection\" not found at /Applications/XAMPP/xamppfiles/htdocs/tmracing/vendor/laravel/framework/src/Illuminate/Collections/helpers.php:18)
[stacktrace]
#0 /Applications/XAMPP/xamppfiles/htdocs/tmracing/vendor/laravel/framework/src/Illuminate/Log/LogManager.php(389): collect(Array)
#1 /Applications/XAMPP/xamppfiles/htdocs/tmracing/vendor/laravel/framework/src/Illuminate/Log/LogManager.php(222): Illuminate\\Log\\LogManager->createMonologDriver(Array)
#2 /Applications/XAMPP/xamppfiles/htdocs/tmracing/vendor/laravel/framework/src/Illuminate/Log/LogManager.php(137): Illuminate\\Log\\LogManager->resolve('deprecations', Array)
#3 /Applications/XAMPP/xamppfiles/htdocs/tmracing/vendor/laravel/framework/src/Illuminate/Log/LogManager.php(124): Illuminate\\Log\\LogManager->get('deprecations')
#4 /Applications/XAMPP/xamppfiles/htdocs/tmracing/vendor/laravel/framework/src/Illuminate/Log/LogManager.php(113): Illuminate\\Log\\LogManager->driver('deprecations')
#5 /Applications/XAMPP/xamppfiles/htdocs/tmracing/vendor/laravel/framework/src/Illuminate/Foundation/Bootstrap/HandleExceptions.php(102): Illuminate\\Log\\LogManager->channel('deprecations')
#6 /Applications/XAMPP/xamppfiles/htdocs/tmracing/vendor/laravel/framework/src/Illuminate/Foundation/Bootstrap/HandleExceptions.php(71): Illuminate\\Foundation\\Bootstrap\\HandleExceptions->handleDeprecationError('Illuminate\\\\Supp...', '/Applications/X...', 356, 8192)
#7 /Applications/XAMPP/xamppfiles/htdocs/tmracing/vendor/laravel/framework/src/Illuminate/Foundation/Bootstrap/HandleExceptions.php(255): Illuminate\\Foundation\\Bootstrap\\HandleExceptions->handleError(8192, 'Illuminate\\\\Supp...', '/Applications/X...', 356)
#8 /Applications/XAMPP/xamppfiles/htdocs/tmracing/vendor/composer/ClassLoader.php(576): Illuminate\\Foundation\\Bootstrap\\HandleExceptions->{closure:Illuminate\\Foundation\\Bootstrap\\HandleExceptions::forwardsTo():254}(8192, 'Illuminate\\\\Supp...', '/Applications/X...', 356)
#9 /Applications/XAMPP/xamppfiles/htdocs/tmracing/vendor/composer/ClassLoader.php(576): include('/Applications/X...')
#10 /Applications/XAMPP/xamppfiles/htdocs/tmracing/vendor/composer/ClassLoader.php(427): {closure:Composer\\Autoload\\ClassLoader::initializeIncludeClosure():575}('/Applications/X...')
#11 /Applications/XAMPP/xamppfiles/htdocs/tmracing/vendor/laravel/framework/src/Illuminate/Collections/Collection.php(21): Composer\\Autoload\\ClassLoader->loadClass('Illuminate\\\\Supp...')
#12 /Applications/XAMPP/xamppfiles/htdocs/tmracing/vendor/composer/ClassLoader.php(576): include('/Applications/X...')
#13 /Applications/XAMPP/xamppfiles/htdocs/tmracing/vendor/composer/ClassLoader.php(427): {closure:Composer\\Autoload\\ClassLoader::initializeIncludeClosure():575}('/Applications/X...')
#14 /Applications/XAMPP/xamppfiles/htdocs/tmracing/vendor/laravel/framework/src/Illuminate/Collections/helpers.php(18): Composer\\Autoload\\ClassLoader->loadClass('Illuminate\\\\Supp...')
#15 /Applications/XAMPP/xamppfiles/htdocs/tmracing/vendor/laravel/framework/src/Illuminate/Foundation/PackageManifest.php(90): collect(Array)
#16 /Applications/XAMPP/xamppfiles/htdocs/tmracing/vendor/laravel/framework/src/Illuminate/Foundation/PackageManifest.php(79): Illuminate\\Foundation\\PackageManifest->config('aliases')
#17 /Applications/XAMPP/xamppfiles/htdocs/tmracing/vendor/laravel/framework/src/Illuminate/Foundation/Bootstrap/RegisterFacades.php(26): Illuminate\\Foundation\\PackageManifest->aliases()
#18 /Applications/XAMPP/xamppfiles/htdocs/tmracing/vendor/laravel/framework/src/Illuminate/Foundation/Application.php(263): Illuminate\\Foundation\\Bootstrap\\RegisterFacades->bootstrap(Object(Illuminate\\Foundation\\Application))
#19 /Applications/XAMPP/xamppfiles/htdocs/tmracing/vendor/laravel/framework/src/Illuminate/Foundation/Console/Kernel.php(447): Illuminate\\Foundation\\Application->bootstrapWith(Array)
#20 /Applications/XAMPP/xamppfiles/htdocs/tmracing/vendor/laravel/framework/src/Illuminate/Foundation/Console/Kernel.php(199): Illuminate\\Foundation\\Console\\Kernel->bootstrap()
#21 /Applications/XAMPP/xamppfiles/htdocs/tmracing/artisan(35): Illuminate\\Foundation\\Console\\Kernel->handle(Object(Symfony\\Component\\Console\\Input\\ArgvInput), Object(Symfony\\Component\\Console\\Output\\ConsoleOutput))
#22 {main}
"} 
[2025-12-12 02:50:44] laravel.WARNING: Illuminate\Support\Enumerable::unlessEmpty(): Implicitly marking parameter $default as nullable is deprecated, the explicit nullable type must be used instead in /Applications/XAMPP/xamppfiles/htdocs/tmracing/vendor/laravel/framework/src/Illuminate/Collections/Enumerable.php on line 356  
[2025-12-12 02:50:44] laravel.EMERGENCY: Unable to create configured logger. Using emergency logger. {"exception":"[object] (Error(code: 0): Class \"Illuminate\\Support\\Collection\" not found at /Applications/XAMPP/xamppfiles/htdocs/tmracing/vendor/laravel/framework/src/Illuminate/Collections/helpers.php:18)
[stacktrace]
#0 /Applications/XAMPP/xamppfiles/htdocs/tmracing/vendor/laravel/framework/src/Illuminate/Log/LogManager.php(389): collect(Array)
#1 /Applications/XAMPP/xamppfiles/htdocs/tmracing/vendor/laravel/framework/src/Illuminate/Log/LogManager.php(222): Illuminate\\Log\\LogManager->createMonologDriver(Array)
#2 /Applications/XAMPP/xamppfiles/htdocs/tmracing/vendor/laravel/framework/src/Illuminate/Log/LogManager.php(137): Illuminate\\Log\\LogManager->resolve('deprecations', Array)
#3 /Applications/XAMPP/xamppfiles/htdocs/tmracing/vendor/laravel/framework/src/Illuminate/Log/LogManager.php(124): Illuminate\\Log\\LogManager->get('deprecations')
#4 /Applications/XAMPP/xamppfiles/htdocs/tmracing/vendor/laravel/framework/src/Illuminate/Log/LogManager.php(113): Illuminate\\Log\\LogManager->driver('deprecations')
#5 /Applications/XAMPP/xamppfiles/htdocs/tmracing/vendor/laravel/framework/src/Illuminate/Foundation/Bootstrap/HandleExceptions.php(102): Illuminate\\Log\\LogManager->channel('deprecations')
#6 /Applications/XAMPP/xamppfiles/htdocs/tmracing/vendor/laravel/framework/src/Illuminate/Foundation/Bootstrap/HandleExceptions.php(71): Illuminate\\Foundation\\Bootstrap\\HandleExceptions->handleDeprecationError('Illuminate\\\\Supp...', '/Applications/X...', 367, 8192)
#7 /Applications/XAMPP/xamppfiles/htdocs/tmracing/vendor/laravel/framework/src/Illuminate/Foundation/Bootstrap/HandleExceptions.php(255): Illuminate\\Foundation\\Bootstrap\\HandleExceptions->handleError(8192, 'Illuminate\\\\Supp...', '/Applications/X...', 367)
#8 /Applications/XAMPP/xamppfiles/htdocs/tmracing/vendor/composer/ClassLoader.php(576): Illuminate\\Foundation\\Bootstrap\\HandleExceptions->{closure:Illuminate\\Foundation\\Bootstrap\\HandleExceptions::forwardsTo():254}(8192, 'Illuminate\\\\Supp...', '/Applications/X...', 367)
#9 /Applications/XAMPP/xamppfiles/htdocs/tmracing/vendor/composer/ClassLoader.php(576): include('/Applications/X...')
#10 /Applications/XAMPP/xamppfiles/htdocs/tmracing/vendor/composer/ClassLoader.php(427): {closure:Composer\\Autoload\\ClassLoader::initializeIncludeClosure():575}('/Applications/X...')
#11 /Applications/XAMPP/xamppfiles/htdocs/tmracing/vendor/laravel/framework/src/Illuminate/Collections/Collection.php(21): Composer\\Autoload\\ClassLoader->loadClass('Illuminate\\\\Supp...')
#12 /Applications/XAMPP/xamppfiles/htdocs/tmracing/vendor/composer/ClassLoader.php(576): include('/Applications/X...')
#13 /Applications/XAMPP/xamppfiles/htdocs/tmracing/vendor/composer/ClassLoader.php(427): {closure:Composer\\Autoload\\ClassLoader::initializeIncludeClosure():575}('/Applications/X...')
#14 /Applications/XAMPP/xamppfiles/htdocs/tmracing/vendor/laravel/framework/src/Illuminate/Collections/helpers.php(18): Composer\\Autoload\\ClassLoader->loadClass('Illuminate\\\\Supp...')
#15 /Applications/XAMPP/xamppfiles/htdocs/tmracing/vendor/laravel/framework/src/Illuminate/Foundation/PackageManifest.php(90): collect(Array)
#16 /Applications/XAMPP/xamppfiles/htdocs/tmracing/vendor/laravel/framework/src/Illuminate/Foundation/PackageManifest.php(79): Illuminate\\Foundation\\PackageManifest->config('aliases')
#17 /Applications/XAMPP/xamppfiles/htdocs/tmracing/vendor/laravel/framework/src/Illuminate/Foundation/Bootstrap/RegisterFacades.php(26): Illuminate\\Foundation\\PackageManifest->aliases()
#18 /Applications/XAMPP/xamppfiles/htdocs/tmracing/vendor/laravel/framework/src/Illuminate/Foundation/Application.php(263): Illuminate\\Foundation\\Bootstrap\\RegisterFacades->bootstrap(Object(Illuminate\\Foundation\\Application))
#19 /Applications/XAMPP/xamppfiles/htdocs/tmracing/vendor/laravel/framework/src/Illuminate/Foundation/Console/Kernel.php(447): Illuminate\\Foundation\\Application->bootstrapWith(Array)
#20 /Applications/XAMPP/xamppfiles/htdocs/tmracing/vendor/laravel/framework/src/Illuminate/Foundation/Console/Kernel.php(199): Illuminate\\Foundation\\Console\\Kernel->bootstrap()
#21 /Applications/XAMPP/xamppfiles/htdocs/tmracing/artisan(35): Illuminate\\Foundation\\Console\\Kernel->handle(Object(Symfony\\Component\\Console\\Input\\ArgvInput), Object(Symfony\\Component\\Console\\Output\\ConsoleOutput))
#22 {main}
"} 
[2025-12-12 02:50:44] laravel.WARNING: Illuminate\Support\Enumerable::unlessNotEmpty(): Implicitly marking parameter $default as nullable is deprecated, the explicit nullable type must be used instead in /Applications/XAMPP/xamppfiles/htdocs/tmracing/vendor/laravel/framework/src/Illuminate/Collections/Enumerable.php on line 367  
[2025-12-12 02:50:44] laravel.EMERGENCY: Unable to create configured logger. Using emergency logger. {"exception":"[object] (Error(code: 0): Class \"Illuminate\\Support\\Collection\" not found at /Applications/XAMPP/xamppfiles/htdocs/tmracing/vendor/laravel/framework/src/Illuminate/Collections/helpers.php:18)
[stacktrace]
#0 /Applications/XAMPP/xamppfiles/htdocs/tmracing/vendor/laravel/framework/src/Illuminate/Log/LogManager.php(389): collect(Array)
#1 /Applications/XAMPP/xamppfiles/htdocs/tmracing/vendor/laravel/framework/src/Illuminate/Log/LogManager.php(222): Illuminate\\Log\\LogManager->createMonologDriver(Array)
#2 /Applications/XAMPP/xamppfiles/htdocs/tmracing/vendor/laravel/framework/src/Illuminate/Log/LogManager.php(137): Illuminate\\Log\\LogManager->resolve('deprecations', Array)
#3 /Applications/XAMPP/xamppfiles/htdocs/tmracing/vendor/laravel/framework/src/Illuminate/Log/LogManager.php(124): Illuminate\\Log\\LogManager->get('deprecations')
#4 /Applications/XAMPP/xamppfiles/htdocs/tmracing/vendor/laravel/framework/src/Illuminate/Log/LogManager.php(113): Illuminate\\Log\\LogManager->driver('deprecations')
#5 /Applications/XAMPP/xamppfiles/htdocs/tmracing/vendor/laravel/framework/src/Illuminate/Foundation/Bootstrap/HandleExceptions.php(102): Illuminate\\Log\\LogManager->channel('deprecations')
#6 /Applications/XAMPP/xamppfiles/htdocs/tmracing/vendor/laravel/framework/src/Illuminate/Foundation/Bootstrap/HandleExceptions.php(71): Illuminate\\Foundation\\Bootstrap\\HandleExceptions->handleDeprecationError('Illuminate\\\\Supp...', '/Applications/X...', 479, 8192)
#7 /Applications/XAMPP/xamppfiles/htdocs/tmracing/vendor/laravel/framework/src/Illuminate/Foundation/Bootstrap/HandleExceptions.php(255): Illuminate\\Foundation\\Bootstrap\\HandleExceptions->handleError(8192, 'Illuminate\\\\Supp...', '/Applications/X...', 479)
#8 /Applications/XAMPP/xamppfiles/htdocs/tmracing/vendor/composer/ClassLoader.php(576): Illuminate\\Foundation\\Bootstrap\\HandleExceptions->{closure:Illuminate\\Foundation\\Bootstrap\\HandleExceptions::forwardsTo():254}(8192, 'Illuminate\\\\Supp...', '/Applications/X...', 479)
#9 /Applications/XAMPP/xamppfiles/htdocs/tmracing/vendor/composer/ClassLoader.php(576): include('/Applications/X...')
#10 /Applications/XAMPP/xamppfiles/htdocs/tmracing/vendor/composer/ClassLoader.php(427): {closure:Composer\\Autoload\\ClassLoader::initializeIncludeClosure():575}('/Applications/X...')
#11 /Applications/XAMPP/xamppfiles/htdocs/tmracing/vendor/laravel/framework/src/Illuminate/Collections/Collection.php(21): Composer\\Autoload\\ClassLoader->loadClass('Illuminate\\\\Supp...')
#12 /Applications/XAMPP/xamppfiles/htdocs/tmracing/vendor/composer/ClassLoader.php(576): include('/Applications/X...')
#13 /Applications/XAMPP/xamppfiles/htdocs/tmracing/vendor/composer/ClassLoader.php(427): {closure:Composer\\Autoload\\ClassLoader::initializeIncludeClosure():575}('/Applications/X...')
#14 /Applications/XAMPP/xamppfiles/htdocs/tmracing/vendor/laravel/framework/src/Illuminate/Collections/helpers.php(18): Composer\\Autoload\\ClassLoader->loadClass('Illuminate\\\\Supp...')
#15 /Applications/XAMPP/xamppfiles/htdocs/tmracing/vendor/laravel/framework/src/Illuminate/Foundation/PackageManifest.php(90): collect(Array)
#16 /Applications/XAMPP/xamppfiles/htdocs/tmracing/vendor/laravel/framework/src/Illuminate/Foundation/PackageManifest.php(79): Illuminate\\Foundation\\PackageManifest->config('aliases')
#17 /Applications/XAMPP/xamppfiles/htdocs/tmracing/vendor/laravel/framework/src/Illuminate/Foundation/Bootstrap/RegisterFacades.php(26): Illuminate\\Foundation\\PackageManifest->aliases()
#18 /Applications/XAMPP/xamppfiles/htdocs/tmracing/vendor/laravel/framework/src/Illuminate/Foundation/Application.php(263): Illuminate\\Foundation\\Bootstrap\\RegisterFacades->bootstrap(Object(Illuminate\\Foundation\\Application))
#19 /Applications/XAMPP/xamppfiles/htdocs/tmracing/vendor/laravel/framework/src/Illuminate/Foundation/Console/Kernel.php(447): Illuminate\\Foundation\\Application->bootstrapWith(Array)
#20 /Applications/XAMPP/xamppfiles/htdocs/tmracing/vendor/laravel/framework/src/Illuminate/Foundation/Console/Kernel.php(199): Illuminate\\Foundation\\Console\\Kernel->bootstrap()
#21 /Applications/XAMPP/xamppfiles/htdocs/tmracing/artisan(35): Illuminate\\Foundation\\Console\\Kernel->handle(Object(Symfony\\Component\\Console\\Input\\ArgvInput), Object(Symfony\\Component\\Console\\Output\\ConsoleOutput))
#22 {main}
"} 
[2025-12-12 02:50:44] laravel.WARNING: Illuminate\Support\Enumerable::first(): Implicitly marking parameter $callback as nullable is deprecated, the explicit nullable type must be used instead in /Applications/XAMPP/xamppfiles/htdocs/tmracing/vendor/laravel/framework/src/Illuminate/Collections/Enumerable.php on line 479  
[2025-12-12 02:50:44] laravel.EMERGENCY: Unable to create configured logger. Using emergency logger. {"exception":"[object] (Error(code: 0): Class \"Illuminate\\Support\\Collection\" not found at /Applications/XAMPP/xamppfiles/htdocs/tmracing/vendor/laravel/framework/src/Illuminate/Collections/helpers.php:18)
[stacktrace]
#0 /Applications/XAMPP/xamppfiles/htdocs/tmracing/vendor/laravel/framework/src/Illuminate/Log/LogManager.php(389): collect(Array)
#1 /Applications/XAMPP/xamppfiles/htdocs/tmracing/vendor/laravel/framework/src/Illuminate/Log/LogManager.php(222): Illuminate\\Log\\LogManager->createMonologDriver(Array)
#2 /Applications/XAMPP/xamppfiles/htdocs/tmracing/vendor/laravel/framework/src/Illuminate/Log/LogManager.php(137): Illuminate\\Log\\LogManager->resolve('deprecations', Array)
#3 /Applications/XAMPP/xamppfiles/htdocs/tmracing/vendor/laravel/framework/src/Illuminate/Log/LogManager.php(124): Illuminate\\Log\\LogManager->get('deprecations')
#4 /Applications/XAMPP/xamppfiles/htdocs/tmracing/vendor/laravel/framework/src/Illuminate/Log/LogManager.php(113): Illuminate\\Log\\LogManager->driver('deprecations')
#5 /Applications/XAMPP/xamppfiles/htdocs/tmracing/vendor/laravel/framework/src/Illuminate/Foundation/Bootstrap/HandleExceptions.php(102): Illuminate\\Log\\LogManager->channel('deprecations')
#6 /Applications/XAMPP/xamppfiles/htdocs/tmracing/vendor/laravel/framework/src/Illuminate/Foundation/Bootstrap/HandleExceptions.php(71): Illuminate\\Foundation\\Bootstrap\\HandleExceptions->handleDeprecationError('Illuminate\\\\Supp...', '/Applications/X...', 621, 8192)
#7 /Applications/XAMPP/xamppfiles/htdocs/tmracing/vendor/laravel/framework/src/Illuminate/Foundation/Bootstrap/HandleExceptions.php(255): Illuminate\\Foundation\\Bootstrap\\HandleExceptions->handleError(8192, 'Illuminate\\\\Supp...', '/Applications/X...', 621)
#8 /Applications/XAMPP/xamppfiles/htdocs/tmracing/vendor/composer/ClassLoader.php(576): Illuminate\\Foundation\\Bootstrap\\HandleExceptions->{closure:Illuminate\\Foundation\\Bootstrap\\HandleExceptions::forwardsTo():254}(8192, 'Illuminate\\\\Supp...', '/Applications/X...', 621)
#9 /Applications/XAMPP/xamppfiles/htdocs/tmracing/vendor/composer/ClassLoader.php(576): include('/Applications/X...')
#10 /Applications/XAMPP/xamppfiles/htdocs/tmracing/vendor/composer/ClassLoader.php(427): {closure:Composer\\Autoload\\ClassLoader::initializeIncludeClosure():575}('/Applications/X...')
#11 /Applications/XAMPP/xamppfiles/htdocs/tmracing/vendor/laravel/framework/src/Illuminate/Collections/Collection.php(21): Composer\\Autoload\\ClassLoader->loadClass('Illuminate\\\\Supp...')
#12 /Applications/XAMPP/xamppfiles/htdocs/tmracing/vendor/composer/ClassLoader.php(576): include('/Applications/X...')
#13 /Applications/XAMPP/xamppfiles/htdocs/tmracing/vendor/composer/ClassLoader.php(427): {closure:Composer\\Autoload\\ClassLoader::initializeIncludeClosure():575}('/Applications/X...')
#14 /Applications/XAMPP/xamppfiles/htdocs/tmracing/vendor/laravel/framework/src/Illuminate/Collections/helpers.php(18): Composer\\Autoload\\ClassLoader->loadClass('Illuminate\\\\Supp...')
#15 /Applications/XAMPP/xamppfiles/htdocs/tmracing/vendor/laravel/framework/src/Illuminate/Foundation/PackageManifest.php(90): collect(Array)
#16 /Applications/XAMPP/xamppfiles/htdocs/tmracing/vendor/laravel/framework/src/Illuminate/Foundation/PackageManifest.php(79): Illuminate\\Foundation\\PackageManifest->config('aliases')
#17 /Applications/XAMPP/xamppfiles/htdocs/tmracing/vendor/laravel/framework/src/Illuminate/Foundation/Bootstrap/RegisterFacades.php(26): Illuminate\\Foundation\\PackageManifest->aliases()
#18 /Applications/XAMPP/xamppfiles/htdocs/tmracing/vendor/laravel/framework/src/Illuminate/Foundation/Application.php(263): Illuminate\\Foundation\\Bootstrap\\RegisterFacades->bootstrap(Object(Illuminate\\Foundation\\Application))
#19 /Applications/XAMPP/xamppfiles/htdocs/tmracing/vendor/laravel/framework/src/Illuminate/Foundation/Console/Kernel.php(447): Illuminate\\Foundation\\Application->bootstrapWith(Array)
#20 /Applications/XAMPP/xamppfiles/htdocs/tmracing/vendor/laravel/framework/src/Illuminate/Foundation/Console/Kernel.php(199): Illuminate\\Foundation\\Console\\Kernel->bootstrap()
#21 /Applications/XAMPP/xamppfiles/htdocs/tmracing/artisan(35): Illuminate\\Foundation\\Console\\Kernel->handle(Object(Symfony\\Component\\Console\\Input\\ArgvInput), Object(Symfony\\Component\\Console\\Output\\ConsoleOutput))
#22 {main}
"} 
[2025-12-12 02:50:44] laravel.WARNING: Illuminate\Support\Enumerable::last(): Implicitly marking parameter $callback as nullable is deprecated, the explicit nullable type must be used instead in /Applications/XAMPP/xamppfiles/htdocs/tmracing/vendor/laravel/framework/src/Illuminate/Collections/Enumerable.php on line 621  
