[2026-01-06 23:32:26] local.ERROR: file_put_contents(/Applications/XAMPP/xamppfiles/htdocs/marketpro/storage/framework/cache/data/44/b3/44b3bc22192545a7a5652305aedda6d53f28afd2): Failed to open stream: Permission denied (View: /Applications/XAMPP/xamppfiles/htdocs/marketpro/resources/views/frontend/pages/home/srs.blade.php) {"exception":"[object] (Illuminate\\View\\ViewException(code: 0): file_put_contents(/Applications/XAMPP/xamppfiles/htdocs/marketpro/storage/framework/cache/data/44/b3/44b3bc22192545a7a5652305aedda6d53f28afd2): Failed to open stream: Permission denied (View: /Applications/XAMPP/xamppfiles/htdocs/marketpro/resources/views/frontend/pages/home/srs.blade.php) at /Applications/XAMPP/xamppfiles/htdocs/marketpro/vendor/laravel/framework/src/Illuminate/Filesystem/Filesystem.php:204)
[stacktrace]
#0 /Applications/XAMPP/xamppfiles/htdocs/marketpro/vendor/laravel/framework/src/Illuminate/View/Engines/PhpEngine.php(60): Illuminate\\View\\Engines\\CompilerEngine->handleViewException(Object(ErrorException), 1)
#1 /Applications/XAMPP/xamppfiles/htdocs/marketpro/vendor/laravel/framework/src/Illuminate/View/Engines/CompilerEngine.php(72): Illuminate\\View\\Engines\\PhpEngine->evaluatePath('/Applications/X...', Array)
#2 /Applications/XAMPP/xamppfiles/htdocs/marketpro/vendor/laravel/framework/src/Illuminate/View/View.php(207): Illuminate\\View\\Engines\\CompilerEngine->get('/Applications/X...', Array)
#3 /Applications/XAMPP/xamppfiles/htdocs/marketpro/vendor/laravel/framework/src/Illuminate/View/View.php(190): Illuminate\\View\\View->getContents()
#4 /Applications/XAMPP/xamppfiles/htdocs/marketpro/vendor/laravel/framework/src/Illuminate/View/View.php(159): Illuminate\\View\\View->renderContents()
#5 /Applications/XAMPP/xamppfiles/htdocs/marketpro/vendor/laravel/framework/src/Illuminate/Http/Response.php(69): Illuminate\\View\\View->render()
#6 /Applications/XAMPP/xamppfiles/htdocs/marketpro/vendor/laravel/framework/src/Illuminate/Http/Response.php(35): Illuminate\\Http\\Response->setContent(Object(Illuminate\\View\\View))
#7 /Applications/XAMPP/xamppfiles/htdocs/marketpro/vendor/laravel/framework/src/Illuminate/Routing/Router.php(918): Illuminate\\Http\\Response->__construct(Object(Illuminate\\View\\View), 200, Array)
#8 /Applications/XAMPP/xamppfiles/htdocs/marketpro/vendor/laravel/framework/src/Illuminate/Routing/Router.php(885): Illuminate\\Routing\\Router::toResponse(Object(Illuminate\\Http\\Request), Object(Illuminate\\View\\View))
#9 /Applications/XAMPP/xamppfiles/htdocs/marketpro/vendor/laravel/framework/src/Illuminate/Routing/Router.php(805): Illuminate\\Routing\\Router->prepareResponse(Object(Illuminate\\Http\\Request), Object(Illuminate\\View\\View))
#10 /Applications/XAMPP/xamppfiles/htdocs/marketpro/vendor/laravel/framework/src/Illuminate/Pipeline/Pipeline.php(144): Illuminate\\Routing\\Router->Illuminate\\Routing\\{closure}(Object(Illuminate\\Http\\Request))
#11 /Applications/XAMPP/xamppfiles/htdocs/marketpro/app/Http/Middleware/CheckForMaintenanceMode.php(58): Illuminate\\Pipeline\\Pipeline->Illuminate\\Pipeline\\{closure}(Object(Illuminate\\Http\\Request))
#12 /Applications/XAMPP/xamppfiles/htdocs/marketpro/vendor/laravel/framework/src/Illuminate/Pipeline/Pipeline.php(183): App\\Http\\Middleware\\CheckForMaintenanceMode->handle(Object(Illuminate\\Http\\Request), Object(Closure))
#13 /Applications/XAMPP/xamppfiles/htdocs/marketpro/app/Http/Middleware/HttpsProtocol.php(20): Illuminate\\Pipeline\\Pipeline->Illuminate\\Pipeline\\{closure}(Object(Illuminate\\Http\\Request))
#14 /Applications/XAMPP/xamppfiles/htdocs/marketpro/vendor/laravel/framework/src/Illuminate/Pipeline/Pipeline.php(183): App\\Http\\Middleware\\HttpsProtocol->handle(Object(Illuminate\\Http\\Request), Object(Closure))
#15 /Applications/XAMPP/xamppfiles/htdocs/marketpro/app/Http/Middleware/Language.php(31): Illuminate\\Pipeline\\Pipeline->Illuminate\\Pipeline\\{closure}(Object(Illuminate\\Http\\Request))
#16 /Applications/XAMPP/xamppfiles/htdocs/marketpro/vendor/laravel/framework/src/Illuminate/Pipeline/Pipeline.php(183): App\\Http\\Middleware\\Language->handle(Object(Illuminate\\Http\\Request), Object(Closure))
#17 /Applications/XAMPP/xamppfiles/htdocs/marketpro/vendor/laravel/framework/src/Illuminate/Routing/Middleware/SubstituteBindings.php(50): Illuminate\\Pipeline\\Pipeline->Illuminate\\Pipeline\\{closure}(Object(Illuminate\\Http\\Request))
#18 /Applications/XAMPP/xamppfiles/htdocs/marketpro/vendor/laravel/framework/src/Illuminate/Pipeline/Pipeline.php(183): Illuminate\\Routing\\Middleware\\SubstituteBindings->handle(Object(Illuminate\\Http\\Request), Object(Closure))
#19 /Applications/XAMPP/xamppfiles/htdocs/marketpro/vendor/laravel/framework/src/Illuminate/Foundation/Http/Middleware/VerifyCsrfToken.php(78): Illuminate\\Pipeline\\Pipeline->Illuminate\\Pipeline\\{closure}(Object(Illuminate\\Http\\Request))
#20 /Applications/XAMPP/xamppfiles/htdocs/marketpro/vendor/laravel/framework/src/Illuminate/Pipeline/Pipeline.php(183): Illuminate\\Foundation\\Http\\Middleware\\VerifyCsrfToken->handle(Object(Illuminate\\Http\\Request), Object(Closure))
#21 /Applications/XAMPP/xamppfiles/htdocs/marketpro/vendor/laravel/framework/src/Illuminate/View/Middleware/ShareErrorsFromSession.php(49): Illuminate\\Pipeline\\Pipeline->Illuminate\\Pipeline\\{closure}(Object(Illuminate\\Http\\Request))
#22 /Applications/XAMPP/xamppfiles/htdocs/marketpro/vendor/laravel/framework/src/Illuminate/Pipeline/Pipeline.php(183): Illuminate\\View\\Middleware\\ShareErrorsFromSession->handle(Object(Illuminate\\Http\\Request), Object(Closure))
#23 /Applications/XAMPP/xamppfiles/htdocs/marketpro/vendor/laravel/framework/src/Illuminate/Session/Middleware/StartSession.php(121): Illuminate\\Pipeline\\Pipeline->Illuminate\\Pipeline\\{closure}(Object(Illuminate\\Http\\Request))
#24 /Applications/XAMPP/xamppfiles/htdocs/marketpro/vendor/laravel/framework/src/Illuminate/Session/Middleware/StartSession.php(64): Illuminate\\Session\\Middleware\\StartSession->handleStatefulRequest(Object(Illuminate\\Http\\Request), Object(Illuminate\\Session\\Store), Object(Closure))
#25 /Applications/XAMPP/xamppfiles/htdocs/marketpro/vendor/laravel/framework/src/Illuminate/Pipeline/Pipeline.php(183): Illuminate\\Session\\Middleware\\StartSession->handle(Object(Illuminate\\Http\\Request), Object(Closure))
#26 /Applications/XAMPP/xamppfiles/htdocs/marketpro/vendor/laravel/framework/src/Illuminate/Cookie/Middleware/AddQueuedCookiesToResponse.php(37): Illuminate\\Pipeline\\Pipeline->Illuminate\\Pipeline\\{closure}(Object(Illuminate\\Http\\Request))
#27 /Applications/XAMPP/xamppfiles/htdocs/marketpro/vendor/laravel/framework/src/Illuminate/Pipeline/Pipeline.php(183): Illuminate\\Cookie\\Middleware\\AddQueuedCookiesToResponse->handle(Object(Illuminate\\Http\\Request), Object(Closure))
#28 /Applications/XAMPP/xamppfiles/htdocs/marketpro/vendor/laravel/framework/src/Illuminate/Pipeline/Pipeline.php(119): Illuminate\\Pipeline\\Pipeline->Illuminate\\Pipeline\\{closure}(Object(Illuminate\\Http\\Request))
#29 /Applications/XAMPP/xamppfiles/htdocs/marketpro/vendor/laravel/framework/src/Illuminate/Routing/Router.php(805): Illuminate\\Pipeline\\Pipeline->then(Object(Closure))
#30 /Applications/XAMPP/xamppfiles/htdocs/marketpro/vendor/laravel/framework/src/Illuminate/Routing/Router.php(784): Illuminate\\Routing\\Router->runRouteWithinStack(Object(Illuminate\\Routing\\Route), Object(Illuminate\\Http\\Request))
#31 /Applications/XAMPP/xamppfiles/htdocs/marketpro/vendor/laravel/framework/src/Illuminate/Routing/Router.php(748): Illuminate\\Routing\\Router->runRoute(Object(Illuminate\\Http\\Request), Object(Illuminate\\Routing\\Route))
#32 /Applications/XAMPP/xamppfiles/htdocs/marketpro/vendor/laravel/framework/src/Illuminate/Routing/Router.php(737): Illuminate\\Routing\\Router->dispatchToRoute(Object(Illuminate\\Http\\Request))
#33 /Applications/XAMPP/xamppfiles/htdocs/marketpro/vendor/laravel/framework/src/Illuminate/Foundation/Http/Kernel.php(200): Illuminate\\Routing\\Router->dispatch(Object(Illuminate\\Http\\Request))
#34 /Applications/XAMPP/xamppfiles/htdocs/marketpro/vendor/laravel/framework/src/Illuminate/Pipeline/Pipeline.php(144): Illuminate\\Foundation\\Http\\Kernel->Illuminate\\Foundation\\Http\\{closure}(Object(Illuminate\\Http\\Request))
#35 /Applications/XAMPP/xamppfiles/htdocs/marketpro/vendor/barryvdh/laravel-debugbar/src/Middleware/InjectDebugbar.php(66): Illuminate\\Pipeline\\Pipeline->Illuminate\\Pipeline\\{closure}(Object(Illuminate\\Http\\Request))
#36 /Applications/XAMPP/xamppfiles/htdocs/marketpro/vendor/laravel/framework/src/Illuminate/Pipeline/Pipeline.php(183): Barryvdh\\Debugbar\\Middleware\\InjectDebugbar->handle(Object(Illuminate\\Http\\Request), Object(Closure))
#37 /Applications/XAMPP/xamppfiles/htdocs/marketpro/vendor/laravel/framework/src/Illuminate/Http/Middleware/TrustProxies.php(39): Illuminate\\Pipeline\\Pipeline->Illuminate\\Pipeline\\{closure}(Object(Illuminate\\Http\\Request))
#38 /Applications/XAMPP/xamppfiles/htdocs/marketpro/vendor/laravel/framework/src/Illuminate/Pipeline/Pipeline.php(183): Illuminate\\Http\\Middleware\\TrustProxies->handle(Object(Illuminate\\Http\\Request), Object(Closure))
#39 /Applications/XAMPP/xamppfiles/htdocs/marketpro/vendor/laravel/framework/src/Illuminate/Foundation/Http/Middleware/TransformsRequest.php(21): Illuminate\\Pipeline\\Pipeline->Illuminate\\Pipeline\\{closure}(Object(Illuminate\\Http\\Request))
#40 /Applications/XAMPP/xamppfiles/htdocs/marketpro/vendor/laravel/framework/src/Illuminate/Foundation/Http/Middleware/ConvertEmptyStringsToNull.php(31): Illuminate\\Foundation\\Http\\Middleware\\TransformsRequest->handle(Object(Illuminate\\Http\\Request), Object(Closure))
#41 /Applications/XAMPP/xamppfiles/htdocs/marketpro/vendor/laravel/framework/src/Illuminate/Pipeline/Pipeline.php(183): Illuminate\\Foundation\\Http\\Middleware\\ConvertEmptyStringsToNull->handle(Object(Illuminate\\Http\\Request), Object(Closure))
#42 /Applications/XAMPP/xamppfiles/htdocs/marketpro/vendor/laravel/framework/src/Illuminate/Foundation/Http/Middleware/TransformsRequest.php(21): Illuminate\\Pipeline\\Pipeline->Illuminate\\Pipeline\\{closure}(Object(Illuminate\\Http\\Request))
#43 /Applications/XAMPP/xamppfiles/htdocs/marketpro/vendor/laravel/framework/src/Illuminate/Foundation/Http/Middleware/TrimStrings.php(40): Illuminate\\Foundation\\Http\\Middleware\\TransformsRequest->handle(Object(Illuminate\\Http\\Request), Object(Closure))
#44 /Applications/XAMPP/xamppfiles/htdocs/marketpro/vendor/laravel/framework/src/Illuminate/Pipeline/Pipeline.php(183): Illuminate\\Foundation\\Http\\Middleware\\TrimStrings->handle(Object(Illuminate\\Http\\Request), Object(Closure))
#45 /Applications/XAMPP/xamppfiles/htdocs/marketpro/vendor/laravel/framework/src/Illuminate/Foundation/Http/Middleware/ValidatePostSize.php(27): Illuminate\\Pipeline\\Pipeline->Illuminate\\Pipeline\\{closure}(Object(Illuminate\\Http\\Request))
#46 /Applications/XAMPP/xamppfiles/htdocs/marketpro/vendor/laravel/framework/src/Illuminate/Pipeline/Pipeline.php(183): Illuminate\\Foundation\\Http\\Middleware\\ValidatePostSize->handle(Object(Illuminate\\Http\\Request), Object(Closure))
#47 /Applications/XAMPP/xamppfiles/htdocs/marketpro/vendor/laravel/framework/src/Illuminate/Pipeline/Pipeline.php(119): Illuminate\\Pipeline\\Pipeline->Illuminate\\Pipeline\\{closure}(Object(Illuminate\\Http\\Request))
#48 /Applications/XAMPP/xamppfiles/htdocs/marketpro/vendor/laravel/framework/src/Illuminate/Foundation/Http/Kernel.php(175): Illuminate\\Pipeline\\Pipeline->then(Object(Closure))
#49 /Applications/XAMPP/xamppfiles/htdocs/marketpro/vendor/laravel/framework/src/Illuminate/Foundation/Http/Kernel.php(144): Illuminate\\Foundation\\Http\\Kernel->sendRequestThroughRouter(Object(Illuminate\\Http\\Request))
#50 /Applications/XAMPP/xamppfiles/htdocs/marketpro/index.php(57): Illuminate\\Foundation\\Http\\Kernel->handle(Object(Illuminate\\Http\\Request))
#51 {main}

[previous exception] [object] (ErrorException(code: 0): file_put_contents(/Applications/XAMPP/xamppfiles/htdocs/marketpro/storage/framework/cache/data/44/b3/44b3bc22192545a7a5652305aedda6d53f28afd2): Failed to open stream: Permission denied at /Applications/XAMPP/xamppfiles/htdocs/marketpro/vendor/laravel/framework/src/Illuminate/Filesystem/Filesystem.php:204)
[stacktrace]
#0 /Applications/XAMPP/xamppfiles/htdocs/marketpro/vendor/laravel/framework/src/Illuminate/Foundation/Bootstrap/HandleExceptions.php(255): Illuminate\\Foundation\\Bootstrap\\HandleExceptions->handleError(2, 'file_put_conten...', '/Applications/X...', 204)
#1 [internal function]: Illuminate\\Foundation\\Bootstrap\\HandleExceptions->Illuminate\\Foundation\\Bootstrap\\{closure}(2, 'file_put_conten...', '/Applications/X...', 204)
#2 /Applications/XAMPP/xamppfiles/htdocs/marketpro/vendor/laravel/framework/src/Illuminate/Filesystem/Filesystem.php(204): file_put_contents('/Applications/X...', '1767857546O:39:...', 2)
#3 /Applications/XAMPP/xamppfiles/htdocs/marketpro/vendor/laravel/framework/src/Illuminate/Cache/FileStore.php(83): Illuminate\\Filesystem\\Filesystem->put('/Applications/X...', '1767857546O:39:...', true)
#4 /Applications/XAMPP/xamppfiles/htdocs/marketpro/vendor/laravel/framework/src/Illuminate/Cache/Repository.php(216): Illuminate\\Cache\\FileStore->put('business_settin...', Object(Illuminate\\Database\\Eloquent\\Collection), 86400)
#5 /Applications/XAMPP/xamppfiles/htdocs/marketpro/vendor/laravel/framework/src/Illuminate/Cache/Repository.php(398): Illuminate\\Cache\\Repository->put('business_settin...', Object(Illuminate\\Database\\Eloquent\\Collection), 86400)
#6 /Applications/XAMPP/xamppfiles/htdocs/marketpro/vendor/laravel/framework/src/Illuminate/Cache/CacheManager.php(429): Illuminate\\Cache\\Repository->remember('business_settin...', 86400, Object(Closure))
#7 /Applications/XAMPP/xamppfiles/htdocs/marketpro/vendor/laravel/framework/src/Illuminate/Support/Facades/Facade.php(355): Illuminate\\Cache\\CacheManager->__call('remember', Array)
#8 /Applications/XAMPP/xamppfiles/htdocs/marketpro/app/Http/Helpers.php(667): Illuminate\\Support\\Facades\\Facade::__callStatic('remember', Array)
#9 /Applications/XAMPP/xamppfiles/htdocs/marketpro/storage/framework/views/e047d2dfd0628ebf629d10c4849d56e2.php(14): get_setting('hero_slider_ima...')
#10 /Applications/XAMPP/xamppfiles/htdocs/marketpro/vendor/laravel/framework/src/Illuminate/Filesystem/Filesystem.php(123): require('/Applications/X...')
#11 /Applications/XAMPP/xamppfiles/htdocs/marketpro/vendor/laravel/framework/src/Illuminate/Filesystem/Filesystem.php(124): Illuminate\\Filesystem\\Filesystem::Illuminate\\Filesystem\\{closure}()
#12 /Applications/XAMPP/xamppfiles/htdocs/marketpro/vendor/laravel/framework/src/Illuminate/View/Engines/PhpEngine.php(58): Illuminate\\Filesystem\\Filesystem->getRequire('/Applications/X...', Array)
#13 /Applications/XAMPP/xamppfiles/htdocs/marketpro/vendor/laravel/framework/src/Illuminate/View/Engines/CompilerEngine.php(72): Illuminate\\View\\Engines\\PhpEngine->evaluatePath('/Applications/X...', Array)
#14 /Applications/XAMPP/xamppfiles/htdocs/marketpro/vendor/laravel/framework/src/Illuminate/View/View.php(207): Illuminate\\View\\Engines\\CompilerEngine->get('/Applications/X...', Array)
#15 /Applications/XAMPP/xamppfiles/htdocs/marketpro/vendor/laravel/framework/src/Illuminate/View/View.php(190): Illuminate\\View\\View->getContents()
#16 /Applications/XAMPP/xamppfiles/htdocs/marketpro/vendor/laravel/framework/src/Illuminate/View/View.php(159): Illuminate\\View\\View->renderContents()
#17 /Applications/XAMPP/xamppfiles/htdocs/marketpro/vendor/laravel/framework/src/Illuminate/Http/Response.php(69): Illuminate\\View\\View->render()
#18 /Applications/XAMPP/xamppfiles/htdocs/marketpro/vendor/laravel/framework/src/Illuminate/Http/Response.php(35): Illuminate\\Http\\Response->setContent(Object(Illuminate\\View\\View))
#19 /Applications/XAMPP/xamppfiles/htdocs/marketpro/vendor/laravel/framework/src/Illuminate/Routing/Router.php(918): Illuminate\\Http\\Response->__construct(Object(Illuminate\\View\\View), 200, Array)
#20 /Applications/XAMPP/xamppfiles/htdocs/marketpro/vendor/laravel/framework/src/Illuminate/Routing/Router.php(885): Illuminate\\Routing\\Router::toResponse(Object(Illuminate\\Http\\Request), Object(Illuminate\\View\\View))
#21 /Applications/XAMPP/xamppfiles/htdocs/marketpro/vendor/laravel/framework/src/Illuminate/Routing/Router.php(805): Illuminate\\Routing\\Router->prepareResponse(Object(Illuminate\\Http\\Request), Object(Illuminate\\View\\View))
#22 /Applications/XAMPP/xamppfiles/htdocs/marketpro/vendor/laravel/framework/src/Illuminate/Pipeline/Pipeline.php(144): Illuminate\\Routing\\Router->Illuminate\\Routing\\{closure}(Object(Illuminate\\Http\\Request))
#23 /Applications/XAMPP/xamppfiles/htdocs/marketpro/app/Http/Middleware/CheckForMaintenanceMode.php(58): Illuminate\\Pipeline\\Pipeline->Illuminate\\Pipeline\\{closure}(Object(Illuminate\\Http\\Request))
#24 /Applications/XAMPP/xamppfiles/htdocs/marketpro/vendor/laravel/framework/src/Illuminate/Pipeline/Pipeline.php(183): App\\Http\\Middleware\\CheckForMaintenanceMode->handle(Object(Illuminate\\Http\\Request), Object(Closure))
#25 /Applications/XAMPP/xamppfiles/htdocs/marketpro/app/Http/Middleware/HttpsProtocol.php(20): Illuminate\\Pipeline\\Pipeline->Illuminate\\Pipeline\\{closure}(Object(Illuminate\\Http\\Request))
#26 /Applications/XAMPP/xamppfiles/htdocs/marketpro/vendor/laravel/framework/src/Illuminate/Pipeline/Pipeline.php(183): App\\Http\\Middleware\\HttpsProtocol->handle(Object(Illuminate\\Http\\Request), Object(Closure))
#27 /Applications/XAMPP/xamppfiles/htdocs/marketpro/app/Http/Middleware/Language.php(31): Illuminate\\Pipeline\\Pipeline->Illuminate\\Pipeline\\{closure}(Object(Illuminate\\Http\\Request))
#28 /Applications/XAMPP/xamppfiles/htdocs/marketpro/vendor/laravel/framework/src/Illuminate/Pipeline/Pipeline.php(183): App\\Http\\Middleware\\Language->handle(Object(Illuminate\\Http\\Request), Object(Closure))
#29 /Applications/XAMPP/xamppfiles/htdocs/marketpro/vendor/laravel/framework/src/Illuminate/Routing/Middleware/SubstituteBindings.php(50): Illuminate\\Pipeline\\Pipeline->Illuminate\\Pipeline\\{closure}(Object(Illuminate\\Http\\Request))
#30 /Applications/XAMPP/xamppfiles/htdocs/marketpro/vendor/laravel/framework/src/Illuminate/Pipeline/Pipeline.php(183): Illuminate\\Routing\\Middleware\\SubstituteBindings->handle(Object(Illuminate\\Http\\Request), Object(Closure))
#31 /Applications/XAMPP/xamppfiles/htdocs/marketpro/vendor/laravel/framework/src/Illuminate/Foundation/Http/Middleware/VerifyCsrfToken.php(78): Illuminate\\Pipeline\\Pipeline->Illuminate\\Pipeline\\{closure}(Object(Illuminate\\Http\\Request))
#32 /Applications/XAMPP/xamppfiles/htdocs/marketpro/vendor/laravel/framework/src/Illuminate/Pipeline/Pipeline.php(183): Illuminate\\Foundation\\Http\\Middleware\\VerifyCsrfToken->handle(Object(Illuminate\\Http\\Request), Object(Closure))
#33 /Applications/XAMPP/xamppfiles/htdocs/marketpro/vendor/laravel/framework/src/Illuminate/View/Middleware/ShareErrorsFromSession.php(49): Illuminate\\Pipeline\\Pipeline->Illuminate\\Pipeline\\{closure}(Object(Illuminate\\Http\\Request))
#34 /Applications/XAMPP/xamppfiles/htdocs/marketpro/vendor/laravel/framework/src/Illuminate/Pipeline/Pipeline.php(183): Illuminate\\View\\Middleware\\ShareErrorsFromSession->handle(Object(Illuminate\\Http\\Request), Object(Closure))
#35 /Applications/XAMPP/xamppfiles/htdocs/marketpro/vendor/laravel/framework/src/Illuminate/Session/Middleware/StartSession.php(121): Illuminate\\Pipeline\\Pipeline->Illuminate\\Pipeline\\{closure}(Object(Illuminate\\Http\\Request))
#36 /Applications/XAMPP/xamppfiles/htdocs/marketpro/vendor/laravel/framework/src/Illuminate/Session/Middleware/StartSession.php(64): Illuminate\\Session\\Middleware\\StartSession->handleStatefulRequest(Object(Illuminate\\Http\\Request), Object(Illuminate\\Session\\Store), Object(Closure))
#37 /Applications/XAMPP/xamppfiles/htdocs/marketpro/vendor/laravel/framework/src/Illuminate/Pipeline/Pipeline.php(183): Illuminate\\Session\\Middleware\\StartSession->handle(Object(Illuminate\\Http\\Request), Object(Closure))
#38 /Applications/XAMPP/xamppfiles/htdocs/marketpro/vendor/laravel/framework/src/Illuminate/Cookie/Middleware/AddQueuedCookiesToResponse.php(37): Illuminate\\Pipeline\\Pipeline->Illuminate\\Pipeline\\{closure}(Object(Illuminate\\Http\\Request))
#39 /Applications/XAMPP/xamppfiles/htdocs/marketpro/vendor/laravel/framework/src/Illuminate/Pipeline/Pipeline.php(183): Illuminate\\Cookie\\Middleware\\AddQueuedCookiesToResponse->handle(Object(Illuminate\\Http\\Request), Object(Closure))
#40 /Applications/XAMPP/xamppfiles/htdocs/marketpro/vendor/laravel/framework/src/Illuminate/Pipeline/Pipeline.php(119): Illuminate\\Pipeline\\Pipeline->Illuminate\\Pipeline\\{closure}(Object(Illuminate\\Http\\Request))
#41 /Applications/XAMPP/xamppfiles/htdocs/marketpro/vendor/laravel/framework/src/Illuminate/Routing/Router.php(805): Illuminate\\Pipeline\\Pipeline->then(Object(Closure))
#42 /Applications/XAMPP/xamppfiles/htdocs/marketpro/vendor/laravel/framework/src/Illuminate/Routing/Router.php(784): Illuminate\\Routing\\Router->runRouteWithinStack(Object(Illuminate\\Routing\\Route), Object(Illuminate\\Http\\Request))
#43 /Applications/XAMPP/xamppfiles/htdocs/marketpro/vendor/laravel/framework/src/Illuminate/Routing/Router.php(748): Illuminate\\Routing\\Router->runRoute(Object(Illuminate\\Http\\Request), Object(Illuminate\\Routing\\Route))
#44 /Applications/XAMPP/xamppfiles/htdocs/marketpro/vendor/laravel/framework/src/Illuminate/Routing/Router.php(737): Illuminate\\Routing\\Router->dispatchToRoute(Object(Illuminate\\Http\\Request))
#45 /Applications/XAMPP/xamppfiles/htdocs/marketpro/vendor/laravel/framework/src/Illuminate/Foundation/Http/Kernel.php(200): Illuminate\\Routing\\Router->dispatch(Object(Illuminate\\Http\\Request))
#46 /Applications/XAMPP/xamppfiles/htdocs/marketpro/vendor/laravel/framework/src/Illuminate/Pipeline/Pipeline.php(144): Illuminate\\Foundation\\Http\\Kernel->Illuminate\\Foundation\\Http\\{closure}(Object(Illuminate\\Http\\Request))
#47 /Applications/XAMPP/xamppfiles/htdocs/marketpro/vendor/barryvdh/laravel-debugbar/src/Middleware/InjectDebugbar.php(66): Illuminate\\Pipeline\\Pipeline->Illuminate\\Pipeline\\{closure}(Object(Illuminate\\Http\\Request))
#48 /Applications/XAMPP/xamppfiles/htdocs/marketpro/vendor/laravel/framework/src/Illuminate/Pipeline/Pipeline.php(183): Barryvdh\\Debugbar\\Middleware\\InjectDebugbar->handle(Object(Illuminate\\Http\\Request), Object(Closure))
#49 /Applications/XAMPP/xamppfiles/htdocs/marketpro/vendor/laravel/framework/src/Illuminate/Http/Middleware/TrustProxies.php(39): Illuminate\\Pipeline\\Pipeline->Illuminate\\Pipeline\\{closure}(Object(Illuminate\\Http\\Request))
#50 /Applications/XAMPP/xamppfiles/htdocs/marketpro/vendor/laravel/framework/src/Illuminate/Pipeline/Pipeline.php(183): Illuminate\\Http\\Middleware\\TrustProxies->handle(Object(Illuminate\\Http\\Request), Object(Closure))
#51 /Applications/XAMPP/xamppfiles/htdocs/marketpro/vendor/laravel/framework/src/Illuminate/Foundation/Http/Middleware/TransformsRequest.php(21): Illuminate\\Pipeline\\Pipeline->Illuminate\\Pipeline\\{closure}(Object(Illuminate\\Http\\Request))
#52 /Applications/XAMPP/xamppfiles/htdocs/marketpro/vendor/laravel/framework/src/Illuminate/Foundation/Http/Middleware/ConvertEmptyStringsToNull.php(31): Illuminate\\Foundation\\Http\\Middleware\\TransformsRequest->handle(Object(Illuminate\\Http\\Request), Object(Closure))
#53 /Applications/XAMPP/xamppfiles/htdocs/marketpro/vendor/laravel/framework/src/Illuminate/Pipeline/Pipeline.php(183): Illuminate\\Foundation\\Http\\Middleware\\ConvertEmptyStringsToNull->handle(Object(Illuminate\\Http\\Request), Object(Closure))
#54 /Applications/XAMPP/xamppfiles/htdocs/marketpro/vendor/laravel/framework/src/Illuminate/Foundation/Http/Middleware/TransformsRequest.php(21): Illuminate\\Pipeline\\Pipeline->Illuminate\\Pipeline\\{closure}(Object(Illuminate\\Http\\Request))
#55 /Applications/XAMPP/xamppfiles/htdocs/marketpro/vendor/laravel/framework/src/Illuminate/Foundation/Http/Middleware/TrimStrings.php(40): Illuminate\\Foundation\\Http\\Middleware\\TransformsRequest->handle(Object(Illuminate\\Http\\Request), Object(Closure))
#56 /Applications/XAMPP/xamppfiles/htdocs/marketpro/vendor/laravel/framework/src/Illuminate/Pipeline/Pipeline.php(183): Illuminate\\Foundation\\Http\\Middleware\\TrimStrings->handle(Object(Illuminate\\Http\\Request), Object(Closure))
#57 /Applications/XAMPP/xamppfiles/htdocs/marketpro/vendor/laravel/framework/src/Illuminate/Foundation/Http/Middleware/ValidatePostSize.php(27): Illuminate\\Pipeline\\Pipeline->Illuminate\\Pipeline\\{closure}(Object(Illuminate\\Http\\Request))
#58 /Applications/XAMPP/xamppfiles/htdocs/marketpro/vendor/laravel/framework/src/Illuminate/Pipeline/Pipeline.php(183): Illuminate\\Foundation\\Http\\Middleware\\ValidatePostSize->handle(Object(Illuminate\\Http\\Request), Object(Closure))
#59 /Applications/XAMPP/xamppfiles/htdocs/marketpro/vendor/laravel/framework/src/Illuminate/Pipeline/Pipeline.php(119): Illuminate\\Pipeline\\Pipeline->Illuminate\\Pipeline\\{closure}(Object(Illuminate\\Http\\Request))
#60 /Applications/XAMPP/xamppfiles/htdocs/marketpro/vendor/laravel/framework/src/Illuminate/Foundation/Http/Kernel.php(175): Illuminate\\Pipeline\\Pipeline->then(Object(Closure))
#61 /Applications/XAMPP/xamppfiles/htdocs/marketpro/vendor/laravel/framework/src/Illuminate/Foundation/Http/Kernel.php(144): Illuminate\\Foundation\\Http\\Kernel->sendRequestThroughRouter(Object(Illuminate\\Http\\Request))
#62 /Applications/XAMPP/xamppfiles/htdocs/marketpro/index.php(57): Illuminate\\Foundation\\Http\\Kernel->handle(Object(Illuminate\\Http\\Request))
#63 {main}
"} 
[2026-01-06 23:53:30] local.ERROR: file_put_contents(/Applications/XAMPP/xamppfiles/htdocs/marketpro/storage/framework/cache/data/44/b3/44b3bc22192545a7a5652305aedda6d53f28afd2): Failed to open stream: Permission denied (View: /Applications/XAMPP/xamppfiles/htdocs/marketpro/resources/views/frontend/pages/home/srs.blade.php) {"exception":"[object] (Illuminate\\View\\ViewException(code: 0): file_put_contents(/Applications/XAMPP/xamppfiles/htdocs/marketpro/storage/framework/cache/data/44/b3/44b3bc22192545a7a5652305aedda6d53f28afd2): Failed to open stream: Permission denied (View: /Applications/XAMPP/xamppfiles/htdocs/marketpro/resources/views/frontend/pages/home/srs.blade.php) at /Applications/XAMPP/xamppfiles/htdocs/marketpro/vendor/laravel/framework/src/Illuminate/Filesystem/Filesystem.php:204)
[stacktrace]
#0 /Applications/XAMPP/xamppfiles/htdocs/marketpro/vendor/laravel/framework/src/Illuminate/View/Engines/PhpEngine.php(60): Illuminate\\View\\Engines\\CompilerEngine->handleViewException(Object(ErrorException), 1)
#1 /Applications/XAMPP/xamppfiles/htdocs/marketpro/vendor/laravel/framework/src/Illuminate/View/Engines/CompilerEngine.php(72): Illuminate\\View\\Engines\\PhpEngine->evaluatePath('/Applications/X...', Array)
#2 /Applications/XAMPP/xamppfiles/htdocs/marketpro/vendor/laravel/framework/src/Illuminate/View/View.php(207): Illuminate\\View\\Engines\\CompilerEngine->get('/Applications/X...', Array)
#3 /Applications/XAMPP/xamppfiles/htdocs/marketpro/vendor/laravel/framework/src/Illuminate/View/View.php(190): Illuminate\\View\\View->getContents()
#4 /Applications/XAMPP/xamppfiles/htdocs/marketpro/vendor/laravel/framework/src/Illuminate/View/View.php(159): Illuminate\\View\\View->renderContents()
#5 /Applications/XAMPP/xamppfiles/htdocs/marketpro/vendor/laravel/framework/src/Illuminate/Http/Response.php(69): Illuminate\\View\\View->render()
#6 /Applications/XAMPP/xamppfiles/htdocs/marketpro/vendor/laravel/framework/src/Illuminate/Http/Response.php(35): Illuminate\\Http\\Response->setContent(Object(Illuminate\\View\\View))
#7 /Applications/XAMPP/xamppfiles/htdocs/marketpro/vendor/laravel/framework/src/Illuminate/Routing/Router.php(918): Illuminate\\Http\\Response->__construct(Object(Illuminate\\View\\View), 200, Array)
#8 /Applications/XAMPP/xamppfiles/htdocs/marketpro/vendor/laravel/framework/src/Illuminate/Routing/Router.php(885): Illuminate\\Routing\\Router::toResponse(Object(Illuminate\\Http\\Request), Object(Illuminate\\View\\View))
#9 /Applications/XAMPP/xamppfiles/htdocs/marketpro/vendor/laravel/framework/src/Illuminate/Routing/Router.php(805): Illuminate\\Routing\\Router->prepareResponse(Object(Illuminate\\Http\\Request), Object(Illuminate\\View\\View))
#10 /Applications/XAMPP/xamppfiles/htdocs/marketpro/vendor/laravel/framework/src/Illuminate/Pipeline/Pipeline.php(144): Illuminate\\Routing\\Router->Illuminate\\Routing\\{closure}(Object(Illuminate\\Http\\Request))
#11 /Applications/XAMPP/xamppfiles/htdocs/marketpro/app/Http/Middleware/CheckForMaintenanceMode.php(58): Illuminate\\Pipeline\\Pipeline->Illuminate\\Pipeline\\{closure}(Object(Illuminate\\Http\\Request))
#12 /Applications/XAMPP/xamppfiles/htdocs/marketpro/vendor/laravel/framework/src/Illuminate/Pipeline/Pipeline.php(183): App\\Http\\Middleware\\CheckForMaintenanceMode->handle(Object(Illuminate\\Http\\Request), Object(Closure))
#13 /Applications/XAMPP/xamppfiles/htdocs/marketpro/app/Http/Middleware/HttpsProtocol.php(20): Illuminate\\Pipeline\\Pipeline->Illuminate\\Pipeline\\{closure}(Object(Illuminate\\Http\\Request))
#14 /Applications/XAMPP/xamppfiles/htdocs/marketpro/vendor/laravel/framework/src/Illuminate/Pipeline/Pipeline.php(183): App\\Http\\Middleware\\HttpsProtocol->handle(Object(Illuminate\\Http\\Request), Object(Closure))
#15 /Applications/XAMPP/xamppfiles/htdocs/marketpro/app/Http/Middleware/Language.php(31): Illuminate\\Pipeline\\Pipeline->Illuminate\\Pipeline\\{closure}(Object(Illuminate\\Http\\Request))
#16 /Applications/XAMPP/xamppfiles/htdocs/marketpro/vendor/laravel/framework/src/Illuminate/Pipeline/Pipeline.php(183): App\\Http\\Middleware\\Language->handle(Object(Illuminate\\Http\\Request), Object(Closure))
#17 /Applications/XAMPP/xamppfiles/htdocs/marketpro/vendor/laravel/framework/src/Illuminate/Routing/Middleware/SubstituteBindings.php(50): Illuminate\\Pipeline\\Pipeline->Illuminate\\Pipeline\\{closure}(Object(Illuminate\\Http\\Request))
#18 /Applications/XAMPP/xamppfiles/htdocs/marketpro/vendor/laravel/framework/src/Illuminate/Pipeline/Pipeline.php(183): Illuminate\\Routing\\Middleware\\SubstituteBindings->handle(Object(Illuminate\\Http\\Request), Object(Closure))
#19 /Applications/XAMPP/xamppfiles/htdocs/marketpro/vendor/laravel/framework/src/Illuminate/Foundation/Http/Middleware/VerifyCsrfToken.php(78): Illuminate\\Pipeline\\Pipeline->Illuminate\\Pipeline\\{closure}(Object(Illuminate\\Http\\Request))
#20 /Applications/XAMPP/xamppfiles/htdocs/marketpro/vendor/laravel/framework/src/Illuminate/Pipeline/Pipeline.php(183): Illuminate\\Foundation\\Http\\Middleware\\VerifyCsrfToken->handle(Object(Illuminate\\Http\\Request), Object(Closure))
#21 /Applications/XAMPP/xamppfiles/htdocs/marketpro/vendor/laravel/framework/src/Illuminate/View/Middleware/ShareErrorsFromSession.php(49): Illuminate\\Pipeline\\Pipeline->Illuminate\\Pipeline\\{closure}(Object(Illuminate\\Http\\Request))
#22 /Applications/XAMPP/xamppfiles/htdocs/marketpro/vendor/laravel/framework/src/Illuminate/Pipeline/Pipeline.php(183): Illuminate\\View\\Middleware\\ShareErrorsFromSession->handle(Object(Illuminate\\Http\\Request), Object(Closure))
#23 /Applications/XAMPP/xamppfiles/htdocs/marketpro/vendor/laravel/framework/src/Illuminate/Session/Middleware/StartSession.php(121): Illuminate\\Pipeline\\Pipeline->Illuminate\\Pipeline\\{closure}(Object(Illuminate\\Http\\Request))
#24 /Applications/XAMPP/xamppfiles/htdocs/marketpro/vendor/laravel/framework/src/Illuminate/Session/Middleware/StartSession.php(64): Illuminate\\Session\\Middleware\\StartSession->handleStatefulRequest(Object(Illuminate\\Http\\Request), Object(Illuminate\\Session\\Store), Object(Closure))
#25 /Applications/XAMPP/xamppfiles/htdocs/marketpro/vendor/laravel/framework/src/Illuminate/Pipeline/Pipeline.php(183): Illuminate\\Session\\Middleware\\StartSession->handle(Object(Illuminate\\Http\\Request), Object(Closure))
#26 /Applications/XAMPP/xamppfiles/htdocs/marketpro/vendor/laravel/framework/src/Illuminate/Cookie/Middleware/AddQueuedCookiesToResponse.php(37): Illuminate\\Pipeline\\Pipeline->Illuminate\\Pipeline\\{closure}(Object(Illuminate\\Http\\Request))
#27 /Applications/XAMPP/xamppfiles/htdocs/marketpro/vendor/laravel/framework/src/Illuminate/Pipeline/Pipeline.php(183): Illuminate\\Cookie\\Middleware\\AddQueuedCookiesToResponse->handle(Object(Illuminate\\Http\\Request), Object(Closure))
#28 /Applications/XAMPP/xamppfiles/htdocs/marketpro/vendor/laravel/framework/src/Illuminate/Pipeline/Pipeline.php(119): Illuminate\\Pipeline\\Pipeline->Illuminate\\Pipeline\\{closure}(Object(Illuminate\\Http\\Request))
#29 /Applications/XAMPP/xamppfiles/htdocs/marketpro/vendor/laravel/framework/src/Illuminate/Routing/Router.php(805): Illuminate\\Pipeline\\Pipeline->then(Object(Closure))
#30 /Applications/XAMPP/xamppfiles/htdocs/marketpro/vendor/laravel/framework/src/Illuminate/Routing/Router.php(784): Illuminate\\Routing\\Router->runRouteWithinStack(Object(Illuminate\\Routing\\Route), Object(Illuminate\\Http\\Request))
#31 /Applications/XAMPP/xamppfiles/htdocs/marketpro/vendor/laravel/framework/src/Illuminate/Routing/Router.php(748): Illuminate\\Routing\\Router->runRoute(Object(Illuminate\\Http\\Request), Object(Illuminate\\Routing\\Route))
#32 /Applications/XAMPP/xamppfiles/htdocs/marketpro/vendor/laravel/framework/src/Illuminate/Routing/Router.php(737): Illuminate\\Routing\\Router->dispatchToRoute(Object(Illuminate\\Http\\Request))
#33 /Applications/XAMPP/xamppfiles/htdocs/marketpro/vendor/laravel/framework/src/Illuminate/Foundation/Http/Kernel.php(200): Illuminate\\Routing\\Router->dispatch(Object(Illuminate\\Http\\Request))
#34 /Applications/XAMPP/xamppfiles/htdocs/marketpro/vendor/laravel/framework/src/Illuminate/Pipeline/Pipeline.php(144): Illuminate\\Foundation\\Http\\Kernel->Illuminate\\Foundation\\Http\\{closure}(Object(Illuminate\\Http\\Request))
#35 /Applications/XAMPP/xamppfiles/htdocs/marketpro/vendor/barryvdh/laravel-debugbar/src/Middleware/InjectDebugbar.php(66): Illuminate\\Pipeline\\Pipeline->Illuminate\\Pipeline\\{closure}(Object(Illuminate\\Http\\Request))
#36 /Applications/XAMPP/xamppfiles/htdocs/marketpro/vendor/laravel/framework/src/Illuminate/Pipeline/Pipeline.php(183): Barryvdh\\Debugbar\\Middleware\\InjectDebugbar->handle(Object(Illuminate\\Http\\Request), Object(Closure))
#37 /Applications/XAMPP/xamppfiles/htdocs/marketpro/vendor/laravel/framework/src/Illuminate/Http/Middleware/TrustProxies.php(39): Illuminate\\Pipeline\\Pipeline->Illuminate\\Pipeline\\{closure}(Object(Illuminate\\Http\\Request))
#38 /Applications/XAMPP/xamppfiles/htdocs/marketpro/vendor/laravel/framework/src/Illuminate/Pipeline/Pipeline.php(183): Illuminate\\Http\\Middleware\\TrustProxies->handle(Object(Illuminate\\Http\\Request), Object(Closure))
#39 /Applications/XAMPP/xamppfiles/htdocs/marketpro/vendor/laravel/framework/src/Illuminate/Foundation/Http/Middleware/TransformsRequest.php(21): Illuminate\\Pipeline\\Pipeline->Illuminate\\Pipeline\\{closure}(Object(Illuminate\\Http\\Request))
#40 /Applications/XAMPP/xamppfiles/htdocs/marketpro/vendor/laravel/framework/src/Illuminate/Foundation/Http/Middleware/ConvertEmptyStringsToNull.php(31): Illuminate\\Foundation\\Http\\Middleware\\TransformsRequest->handle(Object(Illuminate\\Http\\Request), Object(Closure))
#41 /Applications/XAMPP/xamppfiles/htdocs/marketpro/vendor/laravel/framework/src/Illuminate/Pipeline/Pipeline.php(183): Illuminate\\Foundation\\Http\\Middleware\\ConvertEmptyStringsToNull->handle(Object(Illuminate\\Http\\Request), Object(Closure))
#42 /Applications/XAMPP/xamppfiles/htdocs/marketpro/vendor/laravel/framework/src/Illuminate/Foundation/Http/Middleware/TransformsRequest.php(21): Illuminate\\Pipeline\\Pipeline->Illuminate\\Pipeline\\{closure}(Object(Illuminate\\Http\\Request))
#43 /Applications/XAMPP/xamppfiles/htdocs/marketpro/vendor/laravel/framework/src/Illuminate/Foundation/Http/Middleware/TrimStrings.php(40): Illuminate\\Foundation\\Http\\Middleware\\TransformsRequest->handle(Object(Illuminate\\Http\\Request), Object(Closure))
#44 /Applications/XAMPP/xamppfiles/htdocs/marketpro/vendor/laravel/framework/src/Illuminate/Pipeline/Pipeline.php(183): Illuminate\\Foundation\\Http\\Middleware\\TrimStrings->handle(Object(Illuminate\\Http\\Request), Object(Closure))
#45 /Applications/XAMPP/xamppfiles/htdocs/marketpro/vendor/laravel/framework/src/Illuminate/Foundation/Http/Middleware/ValidatePostSize.php(27): Illuminate\\Pipeline\\Pipeline->Illuminate\\Pipeline\\{closure}(Object(Illuminate\\Http\\Request))
#46 /Applications/XAMPP/xamppfiles/htdocs/marketpro/vendor/laravel/framework/src/Illuminate/Pipeline/Pipeline.php(183): Illuminate\\Foundation\\Http\\Middleware\\ValidatePostSize->handle(Object(Illuminate\\Http\\Request), Object(Closure))
#47 /Applications/XAMPP/xamppfiles/htdocs/marketpro/vendor/laravel/framework/src/Illuminate/Pipeline/Pipeline.php(119): Illuminate\\Pipeline\\Pipeline->Illuminate\\Pipeline\\{closure}(Object(Illuminate\\Http\\Request))
#48 /Applications/XAMPP/xamppfiles/htdocs/marketpro/vendor/laravel/framework/src/Illuminate/Foundation/Http/Kernel.php(175): Illuminate\\Pipeline\\Pipeline->then(Object(Closure))
#49 /Applications/XAMPP/xamppfiles/htdocs/marketpro/vendor/laravel/framework/src/Illuminate/Foundation/Http/Kernel.php(144): Illuminate\\Foundation\\Http\\Kernel->sendRequestThroughRouter(Object(Illuminate\\Http\\Request))
#50 /Applications/XAMPP/xamppfiles/htdocs/marketpro/index.php(57): Illuminate\\Foundation\\Http\\Kernel->handle(Object(Illuminate\\Http\\Request))
#51 {main}

[previous exception] [object] (ErrorException(code: 0): file_put_contents(/Applications/XAMPP/xamppfiles/htdocs/marketpro/storage/framework/cache/data/44/b3/44b3bc22192545a7a5652305aedda6d53f28afd2): Failed to open stream: Permission denied at /Applications/XAMPP/xamppfiles/htdocs/marketpro/vendor/laravel/framework/src/Illuminate/Filesystem/Filesystem.php:204)
[stacktrace]
#0 /Applications/XAMPP/xamppfiles/htdocs/marketpro/vendor/laravel/framework/src/Illuminate/Foundation/Bootstrap/HandleExceptions.php(255): Illuminate\\Foundation\\Bootstrap\\HandleExceptions->handleError(2, 'file_put_conten...', '/Applications/X...', 204)
#1 [internal function]: Illuminate\\Foundation\\Bootstrap\\HandleExceptions->Illuminate\\Foundation\\Bootstrap\\{closure}(2, 'file_put_conten...', '/Applications/X...', 204)
#2 /Applications/XAMPP/xamppfiles/htdocs/marketpro/vendor/laravel/framework/src/Illuminate/Filesystem/Filesystem.php(204): file_put_contents('/Applications/X...', '1767858810O:39:...', 2)
#3 /Applications/XAMPP/xamppfiles/htdocs/marketpro/vendor/laravel/framework/src/Illuminate/Cache/FileStore.php(83): Illuminate\\Filesystem\\Filesystem->put('/Applications/X...', '1767858810O:39:...', true)
#4 /Applications/XAMPP/xamppfiles/htdocs/marketpro/vendor/laravel/framework/src/Illuminate/Cache/Repository.php(216): Illuminate\\Cache\\FileStore->put('business_settin...', Object(Illuminate\\Database\\Eloquent\\Collection), 86400)
#5 /Applications/XAMPP/xamppfiles/htdocs/marketpro/vendor/laravel/framework/src/Illuminate/Cache/Repository.php(398): Illuminate\\Cache\\Repository->put('business_settin...', Object(Illuminate\\Database\\Eloquent\\Collection), 86400)
#6 /Applications/XAMPP/xamppfiles/htdocs/marketpro/vendor/laravel/framework/src/Illuminate/Cache/CacheManager.php(429): Illuminate\\Cache\\Repository->remember('business_settin...', 86400, Object(Closure))
#7 /Applications/XAMPP/xamppfiles/htdocs/marketpro/vendor/laravel/framework/src/Illuminate/Support/Facades/Facade.php(355): Illuminate\\Cache\\CacheManager->__call('remember', Array)
#8 /Applications/XAMPP/xamppfiles/htdocs/marketpro/app/Http/Helpers.php(667): Illuminate\\Support\\Facades\\Facade::__callStatic('remember', Array)
#9 /Applications/XAMPP/xamppfiles/htdocs/marketpro/storage/framework/views/e047d2dfd0628ebf629d10c4849d56e2.php(14): get_setting('hero_slider_ima...')
#10 /Applications/XAMPP/xamppfiles/htdocs/marketpro/vendor/laravel/framework/src/Illuminate/Filesystem/Filesystem.php(123): require('/Applications/X...')
#11 /Applications/XAMPP/xamppfiles/htdocs/marketpro/vendor/laravel/framework/src/Illuminate/Filesystem/Filesystem.php(124): Illuminate\\Filesystem\\Filesystem::Illuminate\\Filesystem\\{closure}()
#12 /Applications/XAMPP/xamppfiles/htdocs/marketpro/vendor/laravel/framework/src/Illuminate/View/Engines/PhpEngine.php(58): Illuminate\\Filesystem\\Filesystem->getRequire('/Applications/X...', Array)
#13 /Applications/XAMPP/xamppfiles/htdocs/marketpro/vendor/laravel/framework/src/Illuminate/View/Engines/CompilerEngine.php(72): Illuminate\\View\\Engines\\PhpEngine->evaluatePath('/Applications/X...', Array)
#14 /Applications/XAMPP/xamppfiles/htdocs/marketpro/vendor/laravel/framework/src/Illuminate/View/View.php(207): Illuminate\\View\\Engines\\CompilerEngine->get('/Applications/X...', Array)
#15 /Applications/XAMPP/xamppfiles/htdocs/marketpro/vendor/laravel/framework/src/Illuminate/View/View.php(190): Illuminate\\View\\View->getContents()
#16 /Applications/XAMPP/xamppfiles/htdocs/marketpro/vendor/laravel/framework/src/Illuminate/View/View.php(159): Illuminate\\View\\View->renderContents()
#17 /Applications/XAMPP/xamppfiles/htdocs/marketpro/vendor/laravel/framework/src/Illuminate/Http/Response.php(69): Illuminate\\View\\View->render()
#18 /Applications/XAMPP/xamppfiles/htdocs/marketpro/vendor/laravel/framework/src/Illuminate/Http/Response.php(35): Illuminate\\Http\\Response->setContent(Object(Illuminate\\View\\View))
#19 /Applications/XAMPP/xamppfiles/htdocs/marketpro/vendor/laravel/framework/src/Illuminate/Routing/Router.php(918): Illuminate\\Http\\Response->__construct(Object(Illuminate\\View\\View), 200, Array)
#20 /Applications/XAMPP/xamppfiles/htdocs/marketpro/vendor/laravel/framework/src/Illuminate/Routing/Router.php(885): Illuminate\\Routing\\Router::toResponse(Object(Illuminate\\Http\\Request), Object(Illuminate\\View\\View))
#21 /Applications/XAMPP/xamppfiles/htdocs/marketpro/vendor/laravel/framework/src/Illuminate/Routing/Router.php(805): Illuminate\\Routing\\Router->prepareResponse(Object(Illuminate\\Http\\Request), Object(Illuminate\\View\\View))
#22 /Applications/XAMPP/xamppfiles/htdocs/marketpro/vendor/laravel/framework/src/Illuminate/Pipeline/Pipeline.php(144): Illuminate\\Routing\\Router->Illuminate\\Routing\\{closure}(Object(Illuminate\\Http\\Request))
#23 /Applications/XAMPP/xamppfiles/htdocs/marketpro/app/Http/Middleware/CheckForMaintenanceMode.php(58): Illuminate\\Pipeline\\Pipeline->Illuminate\\Pipeline\\{closure}(Object(Illuminate\\Http\\Request))
#24 /Applications/XAMPP/xamppfiles/htdocs/marketpro/vendor/laravel/framework/src/Illuminate/Pipeline/Pipeline.php(183): App\\Http\\Middleware\\CheckForMaintenanceMode->handle(Object(Illuminate\\Http\\Request), Object(Closure))
#25 /Applications/XAMPP/xamppfiles/htdocs/marketpro/app/Http/Middleware/HttpsProtocol.php(20): Illuminate\\Pipeline\\Pipeline->Illuminate\\Pipeline\\{closure}(Object(Illuminate\\Http\\Request))
#26 /Applications/XAMPP/xamppfiles/htdocs/marketpro/vendor/laravel/framework/src/Illuminate/Pipeline/Pipeline.php(183): App\\Http\\Middleware\\HttpsProtocol->handle(Object(Illuminate\\Http\\Request), Object(Closure))
#27 /Applications/XAMPP/xamppfiles/htdocs/marketpro/app/Http/Middleware/Language.php(31): Illuminate\\Pipeline\\Pipeline->Illuminate\\Pipeline\\{closure}(Object(Illuminate\\Http\\Request))
#28 /Applications/XAMPP/xamppfiles/htdocs/marketpro/vendor/laravel/framework/src/Illuminate/Pipeline/Pipeline.php(183): App\\Http\\Middleware\\Language->handle(Object(Illuminate\\Http\\Request), Object(Closure))
#29 /Applications/XAMPP/xamppfiles/htdocs/marketpro/vendor/laravel/framework/src/Illuminate/Routing/Middleware/SubstituteBindings.php(50): Illuminate\\Pipeline\\Pipeline->Illuminate\\Pipeline\\{closure}(Object(Illuminate\\Http\\Request))
#30 /Applications/XAMPP/xamppfiles/htdocs/marketpro/vendor/laravel/framework/src/Illuminate/Pipeline/Pipeline.php(183): Illuminate\\Routing\\Middleware\\SubstituteBindings->handle(Object(Illuminate\\Http\\Request), Object(Closure))
#31 /Applications/XAMPP/xamppfiles/htdocs/marketpro/vendor/laravel/framework/src/Illuminate/Foundation/Http/Middleware/VerifyCsrfToken.php(78): Illuminate\\Pipeline\\Pipeline->Illuminate\\Pipeline\\{closure}(Object(Illuminate\\Http\\Request))
#32 /Applications/XAMPP/xamppfiles/htdocs/marketpro/vendor/laravel/framework/src/Illuminate/Pipeline/Pipeline.php(183): Illuminate\\Foundation\\Http\\Middleware\\VerifyCsrfToken->handle(Object(Illuminate\\Http\\Request), Object(Closure))
#33 /Applications/XAMPP/xamppfiles/htdocs/marketpro/vendor/laravel/framework/src/Illuminate/View/Middleware/ShareErrorsFromSession.php(49): Illuminate\\Pipeline\\Pipeline->Illuminate\\Pipeline\\{closure}(Object(Illuminate\\Http\\Request))
#34 /Applications/XAMPP/xamppfiles/htdocs/marketpro/vendor/laravel/framework/src/Illuminate/Pipeline/Pipeline.php(183): Illuminate\\View\\Middleware\\ShareErrorsFromSession->handle(Object(Illuminate\\Http\\Request), Object(Closure))
#35 /Applications/XAMPP/xamppfiles/htdocs/marketpro/vendor/laravel/framework/src/Illuminate/Session/Middleware/StartSession.php(121): Illuminate\\Pipeline\\Pipeline->Illuminate\\Pipeline\\{closure}(Object(Illuminate\\Http\\Request))
#36 /Applications/XAMPP/xamppfiles/htdocs/marketpro/vendor/laravel/framework/src/Illuminate/Session/Middleware/StartSession.php(64): Illuminate\\Session\\Middleware\\StartSession->handleStatefulRequest(Object(Illuminate\\Http\\Request), Object(Illuminate\\Session\\Store), Object(Closure))
#37 /Applications/XAMPP/xamppfiles/htdocs/marketpro/vendor/laravel/framework/src/Illuminate/Pipeline/Pipeline.php(183): Illuminate\\Session\\Middleware\\StartSession->handle(Object(Illuminate\\Http\\Request), Object(Closure))
#38 /Applications/XAMPP/xamppfiles/htdocs/marketpro/vendor/laravel/framework/src/Illuminate/Cookie/Middleware/AddQueuedCookiesToResponse.php(37): Illuminate\\Pipeline\\Pipeline->Illuminate\\Pipeline\\{closure}(Object(Illuminate\\Http\\Request))
#39 /Applications/XAMPP/xamppfiles/htdocs/marketpro/vendor/laravel/framework/src/Illuminate/Pipeline/Pipeline.php(183): Illuminate\\Cookie\\Middleware\\AddQueuedCookiesToResponse->handle(Object(Illuminate\\Http\\Request), Object(Closure))
#40 /Applications/XAMPP/xamppfiles/htdocs/marketpro/vendor/laravel/framework/src/Illuminate/Pipeline/Pipeline.php(119): Illuminate\\Pipeline\\Pipeline->Illuminate\\Pipeline\\{closure}(Object(Illuminate\\Http\\Request))
#41 /Applications/XAMPP/xamppfiles/htdocs/marketpro/vendor/laravel/framework/src/Illuminate/Routing/Router.php(805): Illuminate\\Pipeline\\Pipeline->then(Object(Closure))
#42 /Applications/XAMPP/xamppfiles/htdocs/marketpro/vendor/laravel/framework/src/Illuminate/Routing/Router.php(784): Illuminate\\Routing\\Router->runRouteWithinStack(Object(Illuminate\\Routing\\Route), Object(Illuminate\\Http\\Request))
#43 /Applications/XAMPP/xamppfiles/htdocs/marketpro/vendor/laravel/framework/src/Illuminate/Routing/Router.php(748): Illuminate\\Routing\\Router->runRoute(Object(Illuminate\\Http\\Request), Object(Illuminate\\Routing\\Route))
#44 /Applications/XAMPP/xamppfiles/htdocs/marketpro/vendor/laravel/framework/src/Illuminate/Routing/Router.php(737): Illuminate\\Routing\\Router->dispatchToRoute(Object(Illuminate\\Http\\Request))
#45 /Applications/XAMPP/xamppfiles/htdocs/marketpro/vendor/laravel/framework/src/Illuminate/Foundation/Http/Kernel.php(200): Illuminate\\Routing\\Router->dispatch(Object(Illuminate\\Http\\Request))
#46 /Applications/XAMPP/xamppfiles/htdocs/marketpro/vendor/laravel/framework/src/Illuminate/Pipeline/Pipeline.php(144): Illuminate\\Foundation\\Http\\Kernel->Illuminate\\Foundation\\Http\\{closure}(Object(Illuminate\\Http\\Request))
#47 /Applications/XAMPP/xamppfiles/htdocs/marketpro/vendor/barryvdh/laravel-debugbar/src/Middleware/InjectDebugbar.php(66): Illuminate\\Pipeline\\Pipeline->Illuminate\\Pipeline\\{closure}(Object(Illuminate\\Http\\Request))
#48 /Applications/XAMPP/xamppfiles/htdocs/marketpro/vendor/laravel/framework/src/Illuminate/Pipeline/Pipeline.php(183): Barryvdh\\Debugbar\\Middleware\\InjectDebugbar->handle(Object(Illuminate\\Http\\Request), Object(Closure))
#49 /Applications/XAMPP/xamppfiles/htdocs/marketpro/vendor/laravel/framework/src/Illuminate/Http/Middleware/TrustProxies.php(39): Illuminate\\Pipeline\\Pipeline->Illuminate\\Pipeline\\{closure}(Object(Illuminate\\Http\\Request))
#50 /Applications/XAMPP/xamppfiles/htdocs/marketpro/vendor/laravel/framework/src/Illuminate/Pipeline/Pipeline.php(183): Illuminate\\Http\\Middleware\\TrustProxies->handle(Object(Illuminate\\Http\\Request), Object(Closure))
#51 /Applications/XAMPP/xamppfiles/htdocs/marketpro/vendor/laravel/framework/src/Illuminate/Foundation/Http/Middleware/TransformsRequest.php(21): Illuminate\\Pipeline\\Pipeline->Illuminate\\Pipeline\\{closure}(Object(Illuminate\\Http\\Request))
#52 /Applications/XAMPP/xamppfiles/htdocs/marketpro/vendor/laravel/framework/src/Illuminate/Foundation/Http/Middleware/ConvertEmptyStringsToNull.php(31): Illuminate\\Foundation\\Http\\Middleware\\TransformsRequest->handle(Object(Illuminate\\Http\\Request), Object(Closure))
#53 /Applications/XAMPP/xamppfiles/htdocs/marketpro/vendor/laravel/framework/src/Illuminate/Pipeline/Pipeline.php(183): Illuminate\\Foundation\\Http\\Middleware\\ConvertEmptyStringsToNull->handle(Object(Illuminate\\Http\\Request), Object(Closure))
#54 /Applications/XAMPP/xamppfiles/htdocs/marketpro/vendor/laravel/framework/src/Illuminate/Foundation/Http/Middleware/TransformsRequest.php(21): Illuminate\\Pipeline\\Pipeline->Illuminate\\Pipeline\\{closure}(Object(Illuminate\\Http\\Request))
#55 /Applications/XAMPP/xamppfiles/htdocs/marketpro/vendor/laravel/framework/src/Illuminate/Foundation/Http/Middleware/TrimStrings.php(40): Illuminate\\Foundation\\Http\\Middleware\\TransformsRequest->handle(Object(Illuminate\\Http\\Request), Object(Closure))
#56 /Applications/XAMPP/xamppfiles/htdocs/marketpro/vendor/laravel/framework/src/Illuminate/Pipeline/Pipeline.php(183): Illuminate\\Foundation\\Http\\Middleware\\TrimStrings->handle(Object(Illuminate\\Http\\Request), Object(Closure))
#57 /Applications/XAMPP/xamppfiles/htdocs/marketpro/vendor/laravel/framework/src/Illuminate/Foundation/Http/Middleware/ValidatePostSize.php(27): Illuminate\\Pipeline\\Pipeline->Illuminate\\Pipeline\\{closure}(Object(Illuminate\\Http\\Request))
#58 /Applications/XAMPP/xamppfiles/htdocs/marketpro/vendor/laravel/framework/src/Illuminate/Pipeline/Pipeline.php(183): Illuminate\\Foundation\\Http\\Middleware\\ValidatePostSize->handle(Object(Illuminate\\Http\\Request), Object(Closure))
#59 /Applications/XAMPP/xamppfiles/htdocs/marketpro/vendor/laravel/framework/src/Illuminate/Pipeline/Pipeline.php(119): Illuminate\\Pipeline\\Pipeline->Illuminate\\Pipeline\\{closure}(Object(Illuminate\\Http\\Request))
#60 /Applications/XAMPP/xamppfiles/htdocs/marketpro/vendor/laravel/framework/src/Illuminate/Foundation/Http/Kernel.php(175): Illuminate\\Pipeline\\Pipeline->then(Object(Closure))
#61 /Applications/XAMPP/xamppfiles/htdocs/marketpro/vendor/laravel/framework/src/Illuminate/Foundation/Http/Kernel.php(144): Illuminate\\Foundation\\Http\\Kernel->sendRequestThroughRouter(Object(Illuminate\\Http\\Request))
#62 /Applications/XAMPP/xamppfiles/htdocs/marketpro/index.php(57): Illuminate\\Foundation\\Http\\Kernel->handle(Object(Illuminate\\Http\\Request))
#63 {main}
"} 
[2026-01-06 23:54:57] local.ERROR: Route [product-addons.index] not defined. (View: /Applications/XAMPP/xamppfiles/htdocs/marketpro/resources/views/backend/inc/admin_sidenav.blade.php) (View: /Applications/XAMPP/xamppfiles/htdocs/marketpro/resources/views/backend/inc/admin_sidenav.blade.php) (View: /Applications/XAMPP/xamppfiles/htdocs/marketpro/resources/views/backend/inc/admin_sidenav.blade.php) {"userId":9,"exception":"[object] (Illuminate\\View\\ViewException(code: 0): Route [product-addons.index] not defined. (View: /Applications/XAMPP/xamppfiles/htdocs/marketpro/resources/views/backend/inc/admin_sidenav.blade.php) (View: /Applications/XAMPP/xamppfiles/htdocs/marketpro/resources/views/backend/inc/admin_sidenav.blade.php) (View: /Applications/XAMPP/xamppfiles/htdocs/marketpro/resources/views/backend/inc/admin_sidenav.blade.php) at /Applications/XAMPP/xamppfiles/htdocs/marketpro/vendor/laravel/framework/src/Illuminate/Routing/UrlGenerator.php:477)
[stacktrace]
#0 /Applications/XAMPP/xamppfiles/htdocs/marketpro/vendor/laravel/framework/src/Illuminate/View/Engines/PhpEngine.php(60): Illuminate\\View\\Engines\\CompilerEngine->handleViewException(Object(Illuminate\\View\\ViewException), 1)
#1 /Applications/XAMPP/xamppfiles/htdocs/marketpro/vendor/laravel/framework/src/Illuminate/View/Engines/CompilerEngine.php(72): Illuminate\\View\\Engines\\PhpEngine->evaluatePath('/Applications/X...', Array)
#2 /Applications/XAMPP/xamppfiles/htdocs/marketpro/vendor/laravel/framework/src/Illuminate/View/View.php(207): Illuminate\\View\\Engines\\CompilerEngine->get('/Applications/X...', Array)
#3 /Applications/XAMPP/xamppfiles/htdocs/marketpro/vendor/laravel/framework/src/Illuminate/View/View.php(190): Illuminate\\View\\View->getContents()
#4 /Applications/XAMPP/xamppfiles/htdocs/marketpro/vendor/laravel/framework/src/Illuminate/View/View.php(159): Illuminate\\View\\View->renderContents()
#5 /Applications/XAMPP/xamppfiles/htdocs/marketpro/vendor/laravel/framework/src/Illuminate/Http/Response.php(69): Illuminate\\View\\View->render()
#6 /Applications/XAMPP/xamppfiles/htdocs/marketpro/vendor/laravel/framework/src/Illuminate/Http/Response.php(35): Illuminate\\Http\\Response->setContent(Object(Illuminate\\View\\View))
#7 /Applications/XAMPP/xamppfiles/htdocs/marketpro/vendor/laravel/framework/src/Illuminate/Routing/Router.php(918): Illuminate\\Http\\Response->__construct(Object(Illuminate\\View\\View), 200, Array)
#8 /Applications/XAMPP/xamppfiles/htdocs/marketpro/vendor/laravel/framework/src/Illuminate/Routing/Router.php(885): Illuminate\\Routing\\Router::toResponse(Object(Illuminate\\Http\\Request), Object(Illuminate\\View\\View))
#9 /Applications/XAMPP/xamppfiles/htdocs/marketpro/vendor/laravel/framework/src/Illuminate/Routing/Router.php(805): Illuminate\\Routing\\Router->prepareResponse(Object(Illuminate\\Http\\Request), Object(Illuminate\\View\\View))
#10 /Applications/XAMPP/xamppfiles/htdocs/marketpro/vendor/laravel/framework/src/Illuminate/Pipeline/Pipeline.php(144): Illuminate\\Routing\\Router->Illuminate\\Routing\\{closure}(Object(Illuminate\\Http\\Request))
#11 /Applications/XAMPP/xamppfiles/htdocs/marketpro/app/Http/Middleware/IsAdmin.php(20): Illuminate\\Pipeline\\Pipeline->Illuminate\\Pipeline\\{closure}(Object(Illuminate\\Http\\Request))
#12 /Applications/XAMPP/xamppfiles/htdocs/marketpro/vendor/laravel/framework/src/Illuminate/Pipeline/Pipeline.php(183): App\\Http\\Middleware\\IsAdmin->handle(Object(Illuminate\\Http\\Request), Object(Closure))
#13 /Applications/XAMPP/xamppfiles/htdocs/marketpro/app/Http/Middleware/CheckForMaintenanceMode.php(58): Illuminate\\Pipeline\\Pipeline->Illuminate\\Pipeline\\{closure}(Object(Illuminate\\Http\\Request))
#14 /Applications/XAMPP/xamppfiles/htdocs/marketpro/vendor/laravel/framework/src/Illuminate/Pipeline/Pipeline.php(183): App\\Http\\Middleware\\CheckForMaintenanceMode->handle(Object(Illuminate\\Http\\Request), Object(Closure))
#15 /Applications/XAMPP/xamppfiles/htdocs/marketpro/app/Http/Middleware/HttpsProtocol.php(20): Illuminate\\Pipeline\\Pipeline->Illuminate\\Pipeline\\{closure}(Object(Illuminate\\Http\\Request))
#16 /Applications/XAMPP/xamppfiles/htdocs/marketpro/vendor/laravel/framework/src/Illuminate/Pipeline/Pipeline.php(183): App\\Http\\Middleware\\HttpsProtocol->handle(Object(Illuminate\\Http\\Request), Object(Closure))
#17 /Applications/XAMPP/xamppfiles/htdocs/marketpro/app/Http/Middleware/Language.php(31): Illuminate\\Pipeline\\Pipeline->Illuminate\\Pipeline\\{closure}(Object(Illuminate\\Http\\Request))
#18 /Applications/XAMPP/xamppfiles/htdocs/marketpro/vendor/laravel/framework/src/Illuminate/Pipeline/Pipeline.php(183): App\\Http\\Middleware\\Language->handle(Object(Illuminate\\Http\\Request), Object(Closure))
#19 /Applications/XAMPP/xamppfiles/htdocs/marketpro/vendor/laravel/framework/src/Illuminate/Routing/Middleware/SubstituteBindings.php(50): Illuminate\\Pipeline\\Pipeline->Illuminate\\Pipeline\\{closure}(Object(Illuminate\\Http\\Request))
#20 /Applications/XAMPP/xamppfiles/htdocs/marketpro/vendor/laravel/framework/src/Illuminate/Pipeline/Pipeline.php(183): Illuminate\\Routing\\Middleware\\SubstituteBindings->handle(Object(Illuminate\\Http\\Request), Object(Closure))
#21 /Applications/XAMPP/xamppfiles/htdocs/marketpro/vendor/laravel/framework/src/Illuminate/Auth/Middleware/Authenticate.php(57): Illuminate\\Pipeline\\Pipeline->Illuminate\\Pipeline\\{closure}(Object(Illuminate\\Http\\Request))
#22 /Applications/XAMPP/xamppfiles/htdocs/marketpro/vendor/laravel/framework/src/Illuminate/Pipeline/Pipeline.php(183): Illuminate\\Auth\\Middleware\\Authenticate->handle(Object(Illuminate\\Http\\Request), Object(Closure))
#23 /Applications/XAMPP/xamppfiles/htdocs/marketpro/vendor/laravel/framework/src/Illuminate/Foundation/Http/Middleware/VerifyCsrfToken.php(78): Illuminate\\Pipeline\\Pipeline->Illuminate\\Pipeline\\{closure}(Object(Illuminate\\Http\\Request))
#24 /Applications/XAMPP/xamppfiles/htdocs/marketpro/vendor/laravel/framework/src/Illuminate/Pipeline/Pipeline.php(183): Illuminate\\Foundation\\Http\\Middleware\\VerifyCsrfToken->handle(Object(Illuminate\\Http\\Request), Object(Closure))
#25 /Applications/XAMPP/xamppfiles/htdocs/marketpro/vendor/laravel/framework/src/Illuminate/View/Middleware/ShareErrorsFromSession.php(49): Illuminate\\Pipeline\\Pipeline->Illuminate\\Pipeline\\{closure}(Object(Illuminate\\Http\\Request))
#26 /Applications/XAMPP/xamppfiles/htdocs/marketpro/vendor/laravel/framework/src/Illuminate/Pipeline/Pipeline.php(183): Illuminate\\View\\Middleware\\ShareErrorsFromSession->handle(Object(Illuminate\\Http\\Request), Object(Closure))
#27 /Applications/XAMPP/xamppfiles/htdocs/marketpro/vendor/laravel/framework/src/Illuminate/Session/Middleware/StartSession.php(121): Illuminate\\Pipeline\\Pipeline->Illuminate\\Pipeline\\{closure}(Object(Illuminate\\Http\\Request))
#28 /Applications/XAMPP/xamppfiles/htdocs/marketpro/vendor/laravel/framework/src/Illuminate/Session/Middleware/StartSession.php(64): Illuminate\\Session\\Middleware\\StartSession->handleStatefulRequest(Object(Illuminate\\Http\\Request), Object(Illuminate\\Session\\Store), Object(Closure))
#29 /Applications/XAMPP/xamppfiles/htdocs/marketpro/vendor/laravel/framework/src/Illuminate/Pipeline/Pipeline.php(183): Illuminate\\Session\\Middleware\\StartSession->handle(Object(Illuminate\\Http\\Request), Object(Closure))
#30 /Applications/XAMPP/xamppfiles/htdocs/marketpro/vendor/laravel/framework/src/Illuminate/Cookie/Middleware/AddQueuedCookiesToResponse.php(37): Illuminate\\Pipeline\\Pipeline->Illuminate\\Pipeline\\{closure}(Object(Illuminate\\Http\\Request))
#31 /Applications/XAMPP/xamppfiles/htdocs/marketpro/vendor/laravel/framework/src/Illuminate/Pipeline/Pipeline.php(183): Illuminate\\Cookie\\Middleware\\AddQueuedCookiesToResponse->handle(Object(Illuminate\\Http\\Request), Object(Closure))
#32 /Applications/XAMPP/xamppfiles/htdocs/marketpro/vendor/laravel/framework/src/Illuminate/Pipeline/Pipeline.php(119): Illuminate\\Pipeline\\Pipeline->Illuminate\\Pipeline\\{closure}(Object(Illuminate\\Http\\Request))
#33 /Applications/XAMPP/xamppfiles/htdocs/marketpro/vendor/laravel/framework/src/Illuminate/Routing/Router.php(805): Illuminate\\Pipeline\\Pipeline->then(Object(Closure))
#34 /Applications/XAMPP/xamppfiles/htdocs/marketpro/vendor/laravel/framework/src/Illuminate/Routing/Router.php(784): Illuminate\\Routing\\Router->runRouteWithinStack(Object(Illuminate\\Routing\\Route), Object(Illuminate\\Http\\Request))
#35 /Applications/XAMPP/xamppfiles/htdocs/marketpro/vendor/laravel/framework/src/Illuminate/Routing/Router.php(748): Illuminate\\Routing\\Router->runRoute(Object(Illuminate\\Http\\Request), Object(Illuminate\\Routing\\Route))
#36 /Applications/XAMPP/xamppfiles/htdocs/marketpro/vendor/laravel/framework/src/Illuminate/Routing/Router.php(737): Illuminate\\Routing\\Router->dispatchToRoute(Object(Illuminate\\Http\\Request))
#37 /Applications/XAMPP/xamppfiles/htdocs/marketpro/vendor/laravel/framework/src/Illuminate/Foundation/Http/Kernel.php(200): Illuminate\\Routing\\Router->dispatch(Object(Illuminate\\Http\\Request))
#38 /Applications/XAMPP/xamppfiles/htdocs/marketpro/vendor/laravel/framework/src/Illuminate/Pipeline/Pipeline.php(144): Illuminate\\Foundation\\Http\\Kernel->Illuminate\\Foundation\\Http\\{closure}(Object(Illuminate\\Http\\Request))
#39 /Applications/XAMPP/xamppfiles/htdocs/marketpro/vendor/barryvdh/laravel-debugbar/src/Middleware/InjectDebugbar.php(66): Illuminate\\Pipeline\\Pipeline->Illuminate\\Pipeline\\{closure}(Object(Illuminate\\Http\\Request))
#40 /Applications/XAMPP/xamppfiles/htdocs/marketpro/vendor/laravel/framework/src/Illuminate/Pipeline/Pipeline.php(183): Barryvdh\\Debugbar\\Middleware\\InjectDebugbar->handle(Object(Illuminate\\Http\\Request), Object(Closure))
#41 /Applications/XAMPP/xamppfiles/htdocs/marketpro/vendor/laravel/framework/src/Illuminate/Http/Middleware/TrustProxies.php(39): Illuminate\\Pipeline\\Pipeline->Illuminate\\Pipeline\\{closure}(Object(Illuminate\\Http\\Request))
#42 /Applications/XAMPP/xamppfiles/htdocs/marketpro/vendor/laravel/framework/src/Illuminate/Pipeline/Pipeline.php(183): Illuminate\\Http\\Middleware\\TrustProxies->handle(Object(Illuminate\\Http\\Request), Object(Closure))
#43 /Applications/XAMPP/xamppfiles/htdocs/marketpro/vendor/laravel/framework/src/Illuminate/Foundation/Http/Middleware/TransformsRequest.php(21): Illuminate\\Pipeline\\Pipeline->Illuminate\\Pipeline\\{closure}(Object(Illuminate\\Http\\Request))
#44 /Applications/XAMPP/xamppfiles/htdocs/marketpro/vendor/laravel/framework/src/Illuminate/Foundation/Http/Middleware/ConvertEmptyStringsToNull.php(31): Illuminate\\Foundation\\Http\\Middleware\\TransformsRequest->handle(Object(Illuminate\\Http\\Request), Object(Closure))
#45 /Applications/XAMPP/xamppfiles/htdocs/marketpro/vendor/laravel/framework/src/Illuminate/Pipeline/Pipeline.php(183): Illuminate\\Foundation\\Http\\Middleware\\ConvertEmptyStringsToNull->handle(Object(Illuminate\\Http\\Request), Object(Closure))
#46 /Applications/XAMPP/xamppfiles/htdocs/marketpro/vendor/laravel/framework/src/Illuminate/Foundation/Http/Middleware/TransformsRequest.php(21): Illuminate\\Pipeline\\Pipeline->Illuminate\\Pipeline\\{closure}(Object(Illuminate\\Http\\Request))
#47 /Applications/XAMPP/xamppfiles/htdocs/marketpro/vendor/laravel/framework/src/Illuminate/Foundation/Http/Middleware/TrimStrings.php(40): Illuminate\\Foundation\\Http\\Middleware\\TransformsRequest->handle(Object(Illuminate\\Http\\Request), Object(Closure))
#48 /Applications/XAMPP/xamppfiles/htdocs/marketpro/vendor/laravel/framework/src/Illuminate/Pipeline/Pipeline.php(183): Illuminate\\Foundation\\Http\\Middleware\\TrimStrings->handle(Object(Illuminate\\Http\\Request), Object(Closure))
#49 /Applications/XAMPP/xamppfiles/htdocs/marketpro/vendor/laravel/framework/src/Illuminate/Foundation/Http/Middleware/ValidatePostSize.php(27): Illuminate\\Pipeline\\Pipeline->Illuminate\\Pipeline\\{closure}(Object(Illuminate\\Http\\Request))
#50 /Applications/XAMPP/xamppfiles/htdocs/marketpro/vendor/laravel/framework/src/Illuminate/Pipeline/Pipeline.php(183): Illuminate\\Foundation\\Http\\Middleware\\ValidatePostSize->handle(Object(Illuminate\\Http\\Request), Object(Closure))
#51 /Applications/XAMPP/xamppfiles/htdocs/marketpro/vendor/laravel/framework/src/Illuminate/Pipeline/Pipeline.php(119): Illuminate\\Pipeline\\Pipeline->Illuminate\\Pipeline\\{closure}(Object(Illuminate\\Http\\Request))
#52 /Applications/XAMPP/xamppfiles/htdocs/marketpro/vendor/laravel/framework/src/Illuminate/Foundation/Http/Kernel.php(175): Illuminate\\Pipeline\\Pipeline->then(Object(Closure))
#53 /Applications/XAMPP/xamppfiles/htdocs/marketpro/vendor/laravel/framework/src/Illuminate/Foundation/Http/Kernel.php(144): Illuminate\\Foundation\\Http\\Kernel->sendRequestThroughRouter(Object(Illuminate\\Http\\Request))
#54 /Applications/XAMPP/xamppfiles/htdocs/marketpro/index.php(57): Illuminate\\Foundation\\Http\\Kernel->handle(Object(Illuminate\\Http\\Request))
#55 {main}

[previous exception] [object] (Illuminate\\View\\ViewException(code: 0): Route [product-addons.index] not defined. (View: /Applications/XAMPP/xamppfiles/htdocs/marketpro/resources/views/backend/inc/admin_sidenav.blade.php) (View: /Applications/XAMPP/xamppfiles/htdocs/marketpro/resources/views/backend/inc/admin_sidenav.blade.php) at /Applications/XAMPP/xamppfiles/htdocs/marketpro/vendor/laravel/framework/src/Illuminate/Routing/UrlGenerator.php:477)
[stacktrace]
#0 /Applications/XAMPP/xamppfiles/htdocs/marketpro/vendor/laravel/framework/src/Illuminate/View/Engines/PhpEngine.php(60): Illuminate\\View\\Engines\\CompilerEngine->handleViewException(Object(Illuminate\\View\\ViewException), 2)
#1 /Applications/XAMPP/xamppfiles/htdocs/marketpro/vendor/laravel/framework/src/Illuminate/View/Engines/CompilerEngine.php(72): Illuminate\\View\\Engines\\PhpEngine->evaluatePath('/Applications/X...', Array)
#2 /Applications/XAMPP/xamppfiles/htdocs/marketpro/vendor/laravel/framework/src/Illuminate/View/View.php(207): Illuminate\\View\\Engines\\CompilerEngine->get('/Applications/X...', Array)
#3 /Applications/XAMPP/xamppfiles/htdocs/marketpro/vendor/laravel/framework/src/Illuminate/View/View.php(190): Illuminate\\View\\View->getContents()
#4 /Applications/XAMPP/xamppfiles/htdocs/marketpro/vendor/laravel/framework/src/Illuminate/View/View.php(159): Illuminate\\View\\View->renderContents()
#5 /Applications/XAMPP/xamppfiles/htdocs/marketpro/storage/framework/views/692e1d2b68cc9a95f73fae59eb414431.php(341): Illuminate\\View\\View->render()
#6 /Applications/XAMPP/xamppfiles/htdocs/marketpro/vendor/laravel/framework/src/Illuminate/Filesystem/Filesystem.php(123): require('/Applications/X...')
#7 /Applications/XAMPP/xamppfiles/htdocs/marketpro/vendor/laravel/framework/src/Illuminate/Filesystem/Filesystem.php(124): Illuminate\\Filesystem\\Filesystem::Illuminate\\Filesystem\\{closure}()
#8 /Applications/XAMPP/xamppfiles/htdocs/marketpro/vendor/laravel/framework/src/Illuminate/View/Engines/PhpEngine.php(58): Illuminate\\Filesystem\\Filesystem->getRequire('/Applications/X...', Array)
#9 /Applications/XAMPP/xamppfiles/htdocs/marketpro/vendor/laravel/framework/src/Illuminate/View/Engines/CompilerEngine.php(72): Illuminate\\View\\Engines\\PhpEngine->evaluatePath('/Applications/X...', Array)
#10 /Applications/XAMPP/xamppfiles/htdocs/marketpro/vendor/laravel/framework/src/Illuminate/View/View.php(207): Illuminate\\View\\Engines\\CompilerEngine->get('/Applications/X...', Array)
#11 /Applications/XAMPP/xamppfiles/htdocs/marketpro/vendor/laravel/framework/src/Illuminate/View/View.php(190): Illuminate\\View\\View->getContents()
#12 /Applications/XAMPP/xamppfiles/htdocs/marketpro/vendor/laravel/framework/src/Illuminate/View/View.php(159): Illuminate\\View\\View->renderContents()
#13 /Applications/XAMPP/xamppfiles/htdocs/marketpro/vendor/laravel/framework/src/Illuminate/Http/Response.php(69): Illuminate\\View\\View->render()
#14 /Applications/XAMPP/xamppfiles/htdocs/marketpro/vendor/laravel/framework/src/Illuminate/Http/Response.php(35): Illuminate\\Http\\Response->setContent(Object(Illuminate\\View\\View))
#15 /Applications/XAMPP/xamppfiles/htdocs/marketpro/vendor/laravel/framework/src/Illuminate/Routing/Router.php(918): Illuminate\\Http\\Response->__construct(Object(Illuminate\\View\\View), 200, Array)
#16 /Applications/XAMPP/xamppfiles/htdocs/marketpro/vendor/laravel/framework/src/Illuminate/Routing/Router.php(885): Illuminate\\Routing\\Router::toResponse(Object(Illuminate\\Http\\Request), Object(Illuminate\\View\\View))
#17 /Applications/XAMPP/xamppfiles/htdocs/marketpro/vendor/laravel/framework/src/Illuminate/Routing/Router.php(805): Illuminate\\Routing\\Router->prepareResponse(Object(Illuminate\\Http\\Request), Object(Illuminate\\View\\View))
#18 /Applications/XAMPP/xamppfiles/htdocs/marketpro/vendor/laravel/framework/src/Illuminate/Pipeline/Pipeline.php(144): Illuminate\\Routing\\Router->Illuminate\\Routing\\{closure}(Object(Illuminate\\Http\\Request))
#19 /Applications/XAMPP/xamppfiles/htdocs/marketpro/app/Http/Middleware/IsAdmin.php(20): Illuminate\\Pipeline\\Pipeline->Illuminate\\Pipeline\\{closure}(Object(Illuminate\\Http\\Request))
#20 /Applications/XAMPP/xamppfiles/htdocs/marketpro/vendor/laravel/framework/src/Illuminate/Pipeline/Pipeline.php(183): App\\Http\\Middleware\\IsAdmin->handle(Object(Illuminate\\Http\\Request), Object(Closure))
#21 /Applications/XAMPP/xamppfiles/htdocs/marketpro/app/Http/Middleware/CheckForMaintenanceMode.php(58): Illuminate\\Pipeline\\Pipeline->Illuminate\\Pipeline\\{closure}(Object(Illuminate\\Http\\Request))
#22 /Applications/XAMPP/xamppfiles/htdocs/marketpro/vendor/laravel/framework/src/Illuminate/Pipeline/Pipeline.php(183): App\\Http\\Middleware\\CheckForMaintenanceMode->handle(Object(Illuminate\\Http\\Request), Object(Closure))
#23 /Applications/XAMPP/xamppfiles/htdocs/marketpro/app/Http/Middleware/HttpsProtocol.php(20): Illuminate\\Pipeline\\Pipeline->Illuminate\\Pipeline\\{closure}(Object(Illuminate\\Http\\Request))
#24 /Applications/XAMPP/xamppfiles/htdocs/marketpro/vendor/laravel/framework/src/Illuminate/Pipeline/Pipeline.php(183): App\\Http\\Middleware\\HttpsProtocol->handle(Object(Illuminate\\Http\\Request), Object(Closure))
#25 /Applications/XAMPP/xamppfiles/htdocs/marketpro/app/Http/Middleware/Language.php(31): Illuminate\\Pipeline\\Pipeline->Illuminate\\Pipeline\\{closure}(Object(Illuminate\\Http\\Request))
#26 /Applications/XAMPP/xamppfiles/htdocs/marketpro/vendor/laravel/framework/src/Illuminate/Pipeline/Pipeline.php(183): App\\Http\\Middleware\\Language->handle(Object(Illuminate\\Http\\Request), Object(Closure))
#27 /Applications/XAMPP/xamppfiles/htdocs/marketpro/vendor/laravel/framework/src/Illuminate/Routing/Middleware/SubstituteBindings.php(50): Illuminate\\Pipeline\\Pipeline->Illuminate\\Pipeline\\{closure}(Object(Illuminate\\Http\\Request))
#28 /Applications/XAMPP/xamppfiles/htdocs/marketpro/vendor/laravel/framework/src/Illuminate/Pipeline/Pipeline.php(183): Illuminate\\Routing\\Middleware\\SubstituteBindings->handle(Object(Illuminate\\Http\\Request), Object(Closure))
#29 /Applications/XAMPP/xamppfiles/htdocs/marketpro/vendor/laravel/framework/src/Illuminate/Auth/Middleware/Authenticate.php(57): Illuminate\\Pipeline\\Pipeline->Illuminate\\Pipeline\\{closure}(Object(Illuminate\\Http\\Request))
#30 /Applications/XAMPP/xamppfiles/htdocs/marketpro/vendor/laravel/framework/src/Illuminate/Pipeline/Pipeline.php(183): Illuminate\\Auth\\Middleware\\Authenticate->handle(Object(Illuminate\\Http\\Request), Object(Closure))
#31 /Applications/XAMPP/xamppfiles/htdocs/marketpro/vendor/laravel/framework/src/Illuminate/Foundation/Http/Middleware/VerifyCsrfToken.php(78): Illuminate\\Pipeline\\Pipeline->Illuminate\\Pipeline\\{closure}(Object(Illuminate\\Http\\Request))
#32 /Applications/XAMPP/xamppfiles/htdocs/marketpro/vendor/laravel/framework/src/Illuminate/Pipeline/Pipeline.php(183): Illuminate\\Foundation\\Http\\Middleware\\VerifyCsrfToken->handle(Object(Illuminate\\Http\\Request), Object(Closure))
#33 /Applications/XAMPP/xamppfiles/htdocs/marketpro/vendor/laravel/framework/src/Illuminate/View/Middleware/ShareErrorsFromSession.php(49): Illuminate\\Pipeline\\Pipeline->Illuminate\\Pipeline\\{closure}(Object(Illuminate\\Http\\Request))
#34 /Applications/XAMPP/xamppfiles/htdocs/marketpro/vendor/laravel/framework/src/Illuminate/Pipeline/Pipeline.php(183): Illuminate\\View\\Middleware\\ShareErrorsFromSession->handle(Object(Illuminate\\Http\\Request), Object(Closure))
#35 /Applications/XAMPP/xamppfiles/htdocs/marketpro/vendor/laravel/framework/src/Illuminate/Session/Middleware/StartSession.php(121): Illuminate\\Pipeline\\Pipeline->Illuminate\\Pipeline\\{closure}(Object(Illuminate\\Http\\Request))
#36 /Applications/XAMPP/xamppfiles/htdocs/marketpro/vendor/laravel/framework/src/Illuminate/Session/Middleware/StartSession.php(64): Illuminate\\Session\\Middleware\\StartSession->handleStatefulRequest(Object(Illuminate\\Http\\Request), Object(Illuminate\\Session\\Store), Object(Closure))
#37 /Applications/XAMPP/xamppfiles/htdocs/marketpro/vendor/laravel/framework/src/Illuminate/Pipeline/Pipeline.php(183): Illuminate\\Session\\Middleware\\StartSession->handle(Object(Illuminate\\Http\\Request), Object(Closure))
#38 /Applications/XAMPP/xamppfiles/htdocs/marketpro/vendor/laravel/framework/src/Illuminate/Cookie/Middleware/AddQueuedCookiesToResponse.php(37): Illuminate\\Pipeline\\Pipeline->Illuminate\\Pipeline\\{closure}(Object(Illuminate\\Http\\Request))
#39 /Applications/XAMPP/xamppfiles/htdocs/marketpro/vendor/laravel/framework/src/Illuminate/Pipeline/Pipeline.php(183): Illuminate\\Cookie\\Middleware\\AddQueuedCookiesToResponse->handle(Object(Illuminate\\Http\\Request), Object(Closure))
#40 /Applications/XAMPP/xamppfiles/htdocs/marketpro/vendor/laravel/framework/src/Illuminate/Pipeline/Pipeline.php(119): Illuminate\\Pipeline\\Pipeline->Illuminate\\Pipeline\\{closure}(Object(Illuminate\\Http\\Request))
#41 /Applications/XAMPP/xamppfiles/htdocs/marketpro/vendor/laravel/framework/src/Illuminate/Routing/Router.php(805): Illuminate\\Pipeline\\Pipeline->then(Object(Closure))
#42 /Applications/XAMPP/xamppfiles/htdocs/marketpro/vendor/laravel/framework/src/Illuminate/Routing/Router.php(784): Illuminate\\Routing\\Router->runRouteWithinStack(Object(Illuminate\\Routing\\Route), Object(Illuminate\\Http\\Request))
#43 /Applications/XAMPP/xamppfiles/htdocs/marketpro/vendor/laravel/framework/src/Illuminate/Routing/Router.php(748): Illuminate\\Routing\\Router->runRoute(Object(Illuminate\\Http\\Request), Object(Illuminate\\Routing\\Route))
#44 /Applications/XAMPP/xamppfiles/htdocs/marketpro/vendor/laravel/framework/src/Illuminate/Routing/Router.php(737): Illuminate\\Routing\\Router->dispatchToRoute(Object(Illuminate\\Http\\Request))
#45 /Applications/XAMPP/xamppfiles/htdocs/marketpro/vendor/laravel/framework/src/Illuminate/Foundation/Http/Kernel.php(200): Illuminate\\Routing\\Router->dispatch(Object(Illuminate\\Http\\Request))
#46 /Applications/XAMPP/xamppfiles/htdocs/marketpro/vendor/laravel/framework/src/Illuminate/Pipeline/Pipeline.php(144): Illuminate\\Foundation\\Http\\Kernel->Illuminate\\Foundation\\Http\\{closure}(Object(Illuminate\\Http\\Request))
#47 /Applications/XAMPP/xamppfiles/htdocs/marketpro/vendor/barryvdh/laravel-debugbar/src/Middleware/InjectDebugbar.php(66): Illuminate\\Pipeline\\Pipeline->Illuminate\\Pipeline\\{closure}(Object(Illuminate\\Http\\Request))
#48 /Applications/XAMPP/xamppfiles/htdocs/marketpro/vendor/laravel/framework/src/Illuminate/Pipeline/Pipeline.php(183): Barryvdh\\Debugbar\\Middleware\\InjectDebugbar->handle(Object(Illuminate\\Http\\Request), Object(Closure))
#49 /Applications/XAMPP/xamppfiles/htdocs/marketpro/vendor/laravel/framework/src/Illuminate/Http/Middleware/TrustProxies.php(39): Illuminate\\Pipeline\\Pipeline->Illuminate\\Pipeline\\{closure}(Object(Illuminate\\Http\\Request))
#50 /Applications/XAMPP/xamppfiles/htdocs/marketpro/vendor/laravel/framework/src/Illuminate/Pipeline/Pipeline.php(183): Illuminate\\Http\\Middleware\\TrustProxies->handle(Object(Illuminate\\Http\\Request), Object(Closure))
#51 /Applications/XAMPP/xamppfiles/htdocs/marketpro/vendor/laravel/framework/src/Illuminate/Foundation/Http/Middleware/TransformsRequest.php(21): Illuminate\\Pipeline\\Pipeline->Illuminate\\Pipeline\\{closure}(Object(Illuminate\\Http\\Request))
#52 /Applications/XAMPP/xamppfiles/htdocs/marketpro/vendor/laravel/framework/src/Illuminate/Foundation/Http/Middleware/ConvertEmptyStringsToNull.php(31): Illuminate\\Foundation\\Http\\Middleware\\TransformsRequest->handle(Object(Illuminate\\Http\\Request), Object(Closure))
#53 /Applications/XAMPP/xamppfiles/htdocs/marketpro/vendor/laravel/framework/src/Illuminate/Pipeline/Pipeline.php(183): Illuminate\\Foundation\\Http\\Middleware\\ConvertEmptyStringsToNull->handle(Object(Illuminate\\Http\\Request), Object(Closure))
#54 /Applications/XAMPP/xamppfiles/htdocs/marketpro/vendor/laravel/framework/src/Illuminate/Foundation/Http/Middleware/TransformsRequest.php(21): Illuminate\\Pipeline\\Pipeline->Illuminate\\Pipeline\\{closure}(Object(Illuminate\\Http\\Request))
#55 /Applications/XAMPP/xamppfiles/htdocs/marketpro/vendor/laravel/framework/src/Illuminate/Foundation/Http/Middleware/TrimStrings.php(40): Illuminate\\Foundation\\Http\\Middleware\\TransformsRequest->handle(Object(Illuminate\\Http\\Request), Object(Closure))
#56 /Applications/XAMPP/xamppfiles/htdocs/marketpro/vendor/laravel/framework/src/Illuminate/Pipeline/Pipeline.php(183): Illuminate\\Foundation\\Http\\Middleware\\TrimStrings->handle(Object(Illuminate\\Http\\Request), Object(Closure))
#57 /Applications/XAMPP/xamppfiles/htdocs/marketpro/vendor/laravel/framework/src/Illuminate/Foundation/Http/Middleware/ValidatePostSize.php(27): Illuminate\\Pipeline\\Pipeline->Illuminate\\Pipeline\\{closure}(Object(Illuminate\\Http\\Request))
#58 /Applications/XAMPP/xamppfiles/htdocs/marketpro/vendor/laravel/framework/src/Illuminate/Pipeline/Pipeline.php(183): Illuminate\\Foundation\\Http\\Middleware\\ValidatePostSize->handle(Object(Illuminate\\Http\\Request), Object(Closure))
#59 /Applications/XAMPP/xamppfiles/htdocs/marketpro/vendor/laravel/framework/src/Illuminate/Pipeline/Pipeline.php(119): Illuminate\\Pipeline\\Pipeline->Illuminate\\Pipeline\\{closure}(Object(Illuminate\\Http\\Request))
#60 /Applications/XAMPP/xamppfiles/htdocs/marketpro/vendor/laravel/framework/src/Illuminate/Foundation/Http/Kernel.php(175): Illuminate\\Pipeline\\Pipeline->then(Object(Closure))
#61 /Applications/XAMPP/xamppfiles/htdocs/marketpro/vendor/laravel/framework/src/Illuminate/Foundation/Http/Kernel.php(144): Illuminate\\Foundation\\Http\\Kernel->sendRequestThroughRouter(Object(Illuminate\\Http\\Request))
#62 /Applications/XAMPP/xamppfiles/htdocs/marketpro/index.php(57): Illuminate\\Foundation\\Http\\Kernel->handle(Object(Illuminate\\Http\\Request))
#63 {main}

[previous exception] [object] (Illuminate\\View\\ViewException(code: 0): Route [product-addons.index] not defined. (View: /Applications/XAMPP/xamppfiles/htdocs/marketpro/resources/views/backend/inc/admin_sidenav.blade.php) at /Applications/XAMPP/xamppfiles/htdocs/marketpro/vendor/laravel/framework/src/Illuminate/Routing/UrlGenerator.php:477)
[stacktrace]
#0 /Applications/XAMPP/xamppfiles/htdocs/marketpro/vendor/laravel/framework/src/Illuminate/View/Engines/PhpEngine.php(60): Illuminate\\View\\Engines\\CompilerEngine->handleViewException(Object(Symfony\\Component\\Routing\\Exception\\RouteNotFoundException), 3)
#1 /Applications/XAMPP/xamppfiles/htdocs/marketpro/vendor/laravel/framework/src/Illuminate/View/Engines/CompilerEngine.php(72): Illuminate\\View\\Engines\\PhpEngine->evaluatePath('/Applications/X...', Array)
#2 /Applications/XAMPP/xamppfiles/htdocs/marketpro/vendor/laravel/framework/src/Illuminate/View/View.php(207): Illuminate\\View\\Engines\\CompilerEngine->get('/Applications/X...', Array)
#3 /Applications/XAMPP/xamppfiles/htdocs/marketpro/vendor/laravel/framework/src/Illuminate/View/View.php(190): Illuminate\\View\\View->getContents()
#4 /Applications/XAMPP/xamppfiles/htdocs/marketpro/vendor/laravel/framework/src/Illuminate/View/View.php(159): Illuminate\\View\\View->renderContents()
#5 /Applications/XAMPP/xamppfiles/htdocs/marketpro/storage/framework/views/c74f6a6578214d42dec9e174562612e9.php(109): Illuminate\\View\\View->render()
#6 /Applications/XAMPP/xamppfiles/htdocs/marketpro/vendor/laravel/framework/src/Illuminate/Filesystem/Filesystem.php(123): require('/Applications/X...')
#7 /Applications/XAMPP/xamppfiles/htdocs/marketpro/vendor/laravel/framework/src/Illuminate/Filesystem/Filesystem.php(124): Illuminate\\Filesystem\\Filesystem::Illuminate\\Filesystem\\{closure}()
#8 /Applications/XAMPP/xamppfiles/htdocs/marketpro/vendor/laravel/framework/src/Illuminate/View/Engines/PhpEngine.php(58): Illuminate\\Filesystem\\Filesystem->getRequire('/Applications/X...', Array)
#9 /Applications/XAMPP/xamppfiles/htdocs/marketpro/vendor/laravel/framework/src/Illuminate/View/Engines/CompilerEngine.php(72): Illuminate\\View\\Engines\\PhpEngine->evaluatePath('/Applications/X...', Array)
#10 /Applications/XAMPP/xamppfiles/htdocs/marketpro/vendor/laravel/framework/src/Illuminate/View/View.php(207): Illuminate\\View\\Engines\\CompilerEngine->get('/Applications/X...', Array)
#11 /Applications/XAMPP/xamppfiles/htdocs/marketpro/vendor/laravel/framework/src/Illuminate/View/View.php(190): Illuminate\\View\\View->getContents()
#12 /Applications/XAMPP/xamppfiles/htdocs/marketpro/vendor/laravel/framework/src/Illuminate/View/View.php(159): Illuminate\\View\\View->renderContents()
#13 /Applications/XAMPP/xamppfiles/htdocs/marketpro/storage/framework/views/692e1d2b68cc9a95f73fae59eb414431.php(341): Illuminate\\View\\View->render()
#14 /Applications/XAMPP/xamppfiles/htdocs/marketpro/vendor/laravel/framework/src/Illuminate/Filesystem/Filesystem.php(123): require('/Applications/X...')
#15 /Applications/XAMPP/xamppfiles/htdocs/marketpro/vendor/laravel/framework/src/Illuminate/Filesystem/Filesystem.php(124): Illuminate\\Filesystem\\Filesystem::Illuminate\\Filesystem\\{closure}()
#16 /Applications/XAMPP/xamppfiles/htdocs/marketpro/vendor/laravel/framework/src/Illuminate/View/Engines/PhpEngine.php(58): Illuminate\\Filesystem\\Filesystem->getRequire('/Applications/X...', Array)
#17 /Applications/XAMPP/xamppfiles/htdocs/marketpro/vendor/laravel/framework/src/Illuminate/View/Engines/CompilerEngine.php(72): Illuminate\\View\\Engines\\PhpEngine->evaluatePath('/Applications/X...', Array)
#18 /Applications/XAMPP/xamppfiles/htdocs/marketpro/vendor/laravel/framework/src/Illuminate/View/View.php(207): Illuminate\\View\\Engines\\CompilerEngine->get('/Applications/X...', Array)
#19 /Applications/XAMPP/xamppfiles/htdocs/marketpro/vendor/laravel/framework/src/Illuminate/View/View.php(190): Illuminate\\View\\View->getContents()
#20 /Applications/XAMPP/xamppfiles/htdocs/marketpro/vendor/laravel/framework/src/Illuminate/View/View.php(159): Illuminate\\View\\View->renderContents()
#21 /Applications/XAMPP/xamppfiles/htdocs/marketpro/vendor/laravel/framework/src/Illuminate/Http/Response.php(69): Illuminate\\View\\View->render()
#22 /Applications/XAMPP/xamppfiles/htdocs/marketpro/vendor/laravel/framework/src/Illuminate/Http/Response.php(35): Illuminate\\Http\\Response->setContent(Object(Illuminate\\View\\View))
#23 /Applications/XAMPP/xamppfiles/htdocs/marketpro/vendor/laravel/framework/src/Illuminate/Routing/Router.php(918): Illuminate\\Http\\Response->__construct(Object(Illuminate\\View\\View), 200, Array)
#24 /Applications/XAMPP/xamppfiles/htdocs/marketpro/vendor/laravel/framework/src/Illuminate/Routing/Router.php(885): Illuminate\\Routing\\Router::toResponse(Object(Illuminate\\Http\\Request), Object(Illuminate\\View\\View))
#25 /Applications/XAMPP/xamppfiles/htdocs/marketpro/vendor/laravel/framework/src/Illuminate/Routing/Router.php(805): Illuminate\\Routing\\Router->prepareResponse(Object(Illuminate\\Http\\Request), Object(Illuminate\\View\\View))
#26 /Applications/XAMPP/xamppfiles/htdocs/marketpro/vendor/laravel/framework/src/Illuminate/Pipeline/Pipeline.php(144): Illuminate\\Routing\\Router->Illuminate\\Routing\\{closure}(Object(Illuminate\\Http\\Request))
#27 /Applications/XAMPP/xamppfiles/htdocs/marketpro/app/Http/Middleware/IsAdmin.php(20): Illuminate\\Pipeline\\Pipeline->Illuminate\\Pipeline\\{closure}(Object(Illuminate\\Http\\Request))
#28 /Applications/XAMPP/xamppfiles/htdocs/marketpro/vendor/laravel/framework/src/Illuminate/Pipeline/Pipeline.php(183): App\\Http\\Middleware\\IsAdmin->handle(Object(Illuminate\\Http\\Request), Object(Closure))
#29 /Applications/XAMPP/xamppfiles/htdocs/marketpro/app/Http/Middleware/CheckForMaintenanceMode.php(58): Illuminate\\Pipeline\\Pipeline->Illuminate\\Pipeline\\{closure}(Object(Illuminate\\Http\\Request))
#30 /Applications/XAMPP/xamppfiles/htdocs/marketpro/vendor/laravel/framework/src/Illuminate/Pipeline/Pipeline.php(183): App\\Http\\Middleware\\CheckForMaintenanceMode->handle(Object(Illuminate\\Http\\Request), Object(Closure))
#31 /Applications/XAMPP/xamppfiles/htdocs/marketpro/app/Http/Middleware/HttpsProtocol.php(20): Illuminate\\Pipeline\\Pipeline->Illuminate\\Pipeline\\{closure}(Object(Illuminate\\Http\\Request))
#32 /Applications/XAMPP/xamppfiles/htdocs/marketpro/vendor/laravel/framework/src/Illuminate/Pipeline/Pipeline.php(183): App\\Http\\Middleware\\HttpsProtocol->handle(Object(Illuminate\\Http\\Request), Object(Closure))
#33 /Applications/XAMPP/xamppfiles/htdocs/marketpro/app/Http/Middleware/Language.php(31): Illuminate\\Pipeline\\Pipeline->Illuminate\\Pipeline\\{closure}(Object(Illuminate\\Http\\Request))
#34 /Applications/XAMPP/xamppfiles/htdocs/marketpro/vendor/laravel/framework/src/Illuminate/Pipeline/Pipeline.php(183): App\\Http\\Middleware\\Language->handle(Object(Illuminate\\Http\\Request), Object(Closure))
#35 /Applications/XAMPP/xamppfiles/htdocs/marketpro/vendor/laravel/framework/src/Illuminate/Routing/Middleware/SubstituteBindings.php(50): Illuminate\\Pipeline\\Pipeline->Illuminate\\Pipeline\\{closure}(Object(Illuminate\\Http\\Request))
#36 /Applications/XAMPP/xamppfiles/htdocs/marketpro/vendor/laravel/framework/src/Illuminate/Pipeline/Pipeline.php(183): Illuminate\\Routing\\Middleware\\SubstituteBindings->handle(Object(Illuminate\\Http\\Request), Object(Closure))
#37 /Applications/XAMPP/xamppfiles/htdocs/marketpro/vendor/laravel/framework/src/Illuminate/Auth/Middleware/Authenticate.php(57): Illuminate\\Pipeline\\Pipeline->Illuminate\\Pipeline\\{closure}(Object(Illuminate\\Http\\Request))
#38 /Applications/XAMPP/xamppfiles/htdocs/marketpro/vendor/laravel/framework/src/Illuminate/Pipeline/Pipeline.php(183): Illuminate\\Auth\\Middleware\\Authenticate->handle(Object(Illuminate\\Http\\Request), Object(Closure))
#39 /Applications/XAMPP/xamppfiles/htdocs/marketpro/vendor/laravel/framework/src/Illuminate/Foundation/Http/Middleware/VerifyCsrfToken.php(78): Illuminate\\Pipeline\\Pipeline->Illuminate\\Pipeline\\{closure}(Object(Illuminate\\Http\\Request))
#40 /Applications/XAMPP/xamppfiles/htdocs/marketpro/vendor/laravel/framework/src/Illuminate/Pipeline/Pipeline.php(183): Illuminate\\Foundation\\Http\\Middleware\\VerifyCsrfToken->handle(Object(Illuminate\\Http\\Request), Object(Closure))
#41 /Applications/XAMPP/xamppfiles/htdocs/marketpro/vendor/laravel/framework/src/Illuminate/View/Middleware/ShareErrorsFromSession.php(49): Illuminate\\Pipeline\\Pipeline->Illuminate\\Pipeline\\{closure}(Object(Illuminate\\Http\\Request))
#42 /Applications/XAMPP/xamppfiles/htdocs/marketpro/vendor/laravel/framework/src/Illuminate/Pipeline/Pipeline.php(183): Illuminate\\View\\Middleware\\ShareErrorsFromSession->handle(Object(Illuminate\\Http\\Request), Object(Closure))
#43 /Applications/XAMPP/xamppfiles/htdocs/marketpro/vendor/laravel/framework/src/Illuminate/Session/Middleware/StartSession.php(121): Illuminate\\Pipeline\\Pipeline->Illuminate\\Pipeline\\{closure}(Object(Illuminate\\Http\\Request))
#44 /Applications/XAMPP/xamppfiles/htdocs/marketpro/vendor/laravel/framework/src/Illuminate/Session/Middleware/StartSession.php(64): Illuminate\\Session\\Middleware\\StartSession->handleStatefulRequest(Object(Illuminate\\Http\\Request), Object(Illuminate\\Session\\Store), Object(Closure))
#45 /Applications/XAMPP/xamppfiles/htdocs/marketpro/vendor/laravel/framework/src/Illuminate/Pipeline/Pipeline.php(183): Illuminate\\Session\\Middleware\\StartSession->handle(Object(Illuminate\\Http\\Request), Object(Closure))
#46 /Applications/XAMPP/xamppfiles/htdocs/marketpro/vendor/laravel/framework/src/Illuminate/Cookie/Middleware/AddQueuedCookiesToResponse.php(37): Illuminate\\Pipeline\\Pipeline->Illuminate\\Pipeline\\{closure}(Object(Illuminate\\Http\\Request))
#47 /Applications/XAMPP/xamppfiles/htdocs/marketpro/vendor/laravel/framework/src/Illuminate/Pipeline/Pipeline.php(183): Illuminate\\Cookie\\Middleware\\AddQueuedCookiesToResponse->handle(Object(Illuminate\\Http\\Request), Object(Closure))
#48 /Applications/XAMPP/xamppfiles/htdocs/marketpro/vendor/laravel/framework/src/Illuminate/Pipeline/Pipeline.php(119): Illuminate\\Pipeline\\Pipeline->Illuminate\\Pipeline\\{closure}(Object(Illuminate\\Http\\Request))
#49 /Applications/XAMPP/xamppfiles/htdocs/marketpro/vendor/laravel/framework/src/Illuminate/Routing/Router.php(805): Illuminate\\Pipeline\\Pipeline->then(Object(Closure))
#50 /Applications/XAMPP/xamppfiles/htdocs/marketpro/vendor/laravel/framework/src/Illuminate/Routing/Router.php(784): Illuminate\\Routing\\Router->runRouteWithinStack(Object(Illuminate\\Routing\\Route), Object(Illuminate\\Http\\Request))
#51 /Applications/XAMPP/xamppfiles/htdocs/marketpro/vendor/laravel/framework/src/Illuminate/Routing/Router.php(748): Illuminate\\Routing\\Router->runRoute(Object(Illuminate\\Http\\Request), Object(Illuminate\\Routing\\Route))
#52 /Applications/XAMPP/xamppfiles/htdocs/marketpro/vendor/laravel/framework/src/Illuminate/Routing/Router.php(737): Illuminate\\Routing\\Router->dispatchToRoute(Object(Illuminate\\Http\\Request))
#53 /Applications/XAMPP/xamppfiles/htdocs/marketpro/vendor/laravel/framework/src/Illuminate/Foundation/Http/Kernel.php(200): Illuminate\\Routing\\Router->dispatch(Object(Illuminate\\Http\\Request))
#54 /Applications/XAMPP/xamppfiles/htdocs/marketpro/vendor/laravel/framework/src/Illuminate/Pipeline/Pipeline.php(144): Illuminate\\Foundation\\Http\\Kernel->Illuminate\\Foundation\\Http\\{closure}(Object(Illuminate\\Http\\Request))
#55 /Applications/XAMPP/xamppfiles/htdocs/marketpro/vendor/barryvdh/laravel-debugbar/src/Middleware/InjectDebugbar.php(66): Illuminate\\Pipeline\\Pipeline->Illuminate\\Pipeline\\{closure}(Object(Illuminate\\Http\\Request))
#56 /Applications/XAMPP/xamppfiles/htdocs/marketpro/vendor/laravel/framework/src/Illuminate/Pipeline/Pipeline.php(183): Barryvdh\\Debugbar\\Middleware\\InjectDebugbar->handle(Object(Illuminate\\Http\\Request), Object(Closure))
#57 /Applications/XAMPP/xamppfiles/htdocs/marketpro/vendor/laravel/framework/src/Illuminate/Http/Middleware/TrustProxies.php(39): Illuminate\\Pipeline\\Pipeline->Illuminate\\Pipeline\\{closure}(Object(Illuminate\\Http\\Request))
#58 /Applications/XAMPP/xamppfiles/htdocs/marketpro/vendor/laravel/framework/src/Illuminate/Pipeline/Pipeline.php(183): Illuminate\\Http\\Middleware\\TrustProxies->handle(Object(Illuminate\\Http\\Request), Object(Closure))
#59 /Applications/XAMPP/xamppfiles/htdocs/marketpro/vendor/laravel/framework/src/Illuminate/Foundation/Http/Middleware/TransformsRequest.php(21): Illuminate\\Pipeline\\Pipeline->Illuminate\\Pipeline\\{closure}(Object(Illuminate\\Http\\Request))
#60 /Applications/XAMPP/xamppfiles/htdocs/marketpro/vendor/laravel/framework/src/Illuminate/Foundation/Http/Middleware/ConvertEmptyStringsToNull.php(31): Illuminate\\Foundation\\Http\\Middleware\\TransformsRequest->handle(Object(Illuminate\\Http\\Request), Object(Closure))
#61 /Applications/XAMPP/xamppfiles/htdocs/marketpro/vendor/laravel/framework/src/Illuminate/Pipeline/Pipeline.php(183): Illuminate\\Foundation\\Http\\Middleware\\ConvertEmptyStringsToNull->handle(Object(Illuminate\\Http\\Request), Object(Closure))
#62 /Applications/XAMPP/xamppfiles/htdocs/marketpro/vendor/laravel/framework/src/Illuminate/Foundation/Http/Middleware/TransformsRequest.php(21): Illuminate\\Pipeline\\Pipeline->Illuminate\\Pipeline\\{closure}(Object(Illuminate\\Http\\Request))
#63 /Applications/XAMPP/xamppfiles/htdocs/marketpro/vendor/laravel/framework/src/Illuminate/Foundation/Http/Middleware/TrimStrings.php(40): Illuminate\\Foundation\\Http\\Middleware\\TransformsRequest->handle(Object(Illuminate\\Http\\Request), Object(Closure))
#64 /Applications/XAMPP/xamppfiles/htdocs/marketpro/vendor/laravel/framework/src/Illuminate/Pipeline/Pipeline.php(183): Illuminate\\Foundation\\Http\\Middleware\\TrimStrings->handle(Object(Illuminate\\Http\\Request), Object(Closure))
#65 /Applications/XAMPP/xamppfiles/htdocs/marketpro/vendor/laravel/framework/src/Illuminate/Foundation/Http/Middleware/ValidatePostSize.php(27): Illuminate\\Pipeline\\Pipeline->Illuminate\\Pipeline\\{closure}(Object(Illuminate\\Http\\Request))
#66 /Applications/XAMPP/xamppfiles/htdocs/marketpro/vendor/laravel/framework/src/Illuminate/Pipeline/Pipeline.php(183): Illuminate\\Foundation\\Http\\Middleware\\ValidatePostSize->handle(Object(Illuminate\\Http\\Request), Object(Closure))
#67 /Applications/XAMPP/xamppfiles/htdocs/marketpro/vendor/laravel/framework/src/Illuminate/Pipeline/Pipeline.php(119): Illuminate\\Pipeline\\Pipeline->Illuminate\\Pipeline\\{closure}(Object(Illuminate\\Http\\Request))
#68 /Applications/XAMPP/xamppfiles/htdocs/marketpro/vendor/laravel/framework/src/Illuminate/Foundation/Http/Kernel.php(175): Illuminate\\Pipeline\\Pipeline->then(Object(Closure))
#69 /Applications/XAMPP/xamppfiles/htdocs/marketpro/vendor/laravel/framework/src/Illuminate/Foundation/Http/Kernel.php(144): Illuminate\\Foundation\\Http\\Kernel->sendRequestThroughRouter(Object(Illuminate\\Http\\Request))
#70 /Applications/XAMPP/xamppfiles/htdocs/marketpro/index.php(57): Illuminate\\Foundation\\Http\\Kernel->handle(Object(Illuminate\\Http\\Request))
#71 {main}

[previous exception] [object] (Symfony\\Component\\Routing\\Exception\\RouteNotFoundException(code: 0): Route [product-addons.index] not defined. at /Applications/XAMPP/xamppfiles/htdocs/marketpro/vendor/laravel/framework/src/Illuminate/Routing/UrlGenerator.php:477)
[stacktrace]
#0 /Applications/XAMPP/xamppfiles/htdocs/marketpro/vendor/laravel/framework/src/Illuminate/Foundation/helpers.php(811): Illuminate\\Routing\\UrlGenerator->route('product-addons....', Array, true)
#1 /Applications/XAMPP/xamppfiles/htdocs/marketpro/storage/framework/views/fb1344892c2db860bb82cfca527bc96a.php(70): route('product-addons....')
#2 /Applications/XAMPP/xamppfiles/htdocs/marketpro/vendor/laravel/framework/src/Illuminate/Filesystem/Filesystem.php(123): require('/Applications/X...')
#3 /Applications/XAMPP/xamppfiles/htdocs/marketpro/vendor/laravel/framework/src/Illuminate/Filesystem/Filesystem.php(124): Illuminate\\Filesystem\\Filesystem::Illuminate\\Filesystem\\{closure}()
#4 /Applications/XAMPP/xamppfiles/htdocs/marketpro/vendor/laravel/framework/src/Illuminate/View/Engines/PhpEngine.php(58): Illuminate\\Filesystem\\Filesystem->getRequire('/Applications/X...', Array)
#5 /Applications/XAMPP/xamppfiles/htdocs/marketpro/vendor/laravel/framework/src/Illuminate/View/Engines/CompilerEngine.php(72): Illuminate\\View\\Engines\\PhpEngine->evaluatePath('/Applications/X...', Array)
#6 /Applications/XAMPP/xamppfiles/htdocs/marketpro/vendor/laravel/framework/src/Illuminate/View/View.php(207): Illuminate\\View\\Engines\\CompilerEngine->get('/Applications/X...', Array)
#7 /Applications/XAMPP/xamppfiles/htdocs/marketpro/vendor/laravel/framework/src/Illuminate/View/View.php(190): Illuminate\\View\\View->getContents()
#8 /Applications/XAMPP/xamppfiles/htdocs/marketpro/vendor/laravel/framework/src/Illuminate/View/View.php(159): Illuminate\\View\\View->renderContents()
#9 /Applications/XAMPP/xamppfiles/htdocs/marketpro/storage/framework/views/c74f6a6578214d42dec9e174562612e9.php(109): Illuminate\\View\\View->render()
#10 /Applications/XAMPP/xamppfiles/htdocs/marketpro/vendor/laravel/framework/src/Illuminate/Filesystem/Filesystem.php(123): require('/Applications/X...')
#11 /Applications/XAMPP/xamppfiles/htdocs/marketpro/vendor/laravel/framework/src/Illuminate/Filesystem/Filesystem.php(124): Illuminate\\Filesystem\\Filesystem::Illuminate\\Filesystem\\{closure}()
#12 /Applications/XAMPP/xamppfiles/htdocs/marketpro/vendor/laravel/framework/src/Illuminate/View/Engines/PhpEngine.php(58): Illuminate\\Filesystem\\Filesystem->getRequire('/Applications/X...', Array)
#13 /Applications/XAMPP/xamppfiles/htdocs/marketpro/vendor/laravel/framework/src/Illuminate/View/Engines/CompilerEngine.php(72): Illuminate\\View\\Engines\\PhpEngine->evaluatePath('/Applications/X...', Array)
#14 /Applications/XAMPP/xamppfiles/htdocs/marketpro/vendor/laravel/framework/src/Illuminate/View/View.php(207): Illuminate\\View\\Engines\\CompilerEngine->get('/Applications/X...', Array)
#15 /Applications/XAMPP/xamppfiles/htdocs/marketpro/vendor/laravel/framework/src/Illuminate/View/View.php(190): Illuminate\\View\\View->getContents()
#16 /Applications/XAMPP/xamppfiles/htdocs/marketpro/vendor/laravel/framework/src/Illuminate/View/View.php(159): Illuminate\\View\\View->renderContents()
#17 /Applications/XAMPP/xamppfiles/htdocs/marketpro/storage/framework/views/692e1d2b68cc9a95f73fae59eb414431.php(341): Illuminate\\View\\View->render()
#18 /Applications/XAMPP/xamppfiles/htdocs/marketpro/vendor/laravel/framework/src/Illuminate/Filesystem/Filesystem.php(123): require('/Applications/X...')
#19 /Applications/XAMPP/xamppfiles/htdocs/marketpro/vendor/laravel/framework/src/Illuminate/Filesystem/Filesystem.php(124): Illuminate\\Filesystem\\Filesystem::Illuminate\\Filesystem\\{closure}()
#20 /Applications/XAMPP/xamppfiles/htdocs/marketpro/vendor/laravel/framework/src/Illuminate/View/Engines/PhpEngine.php(58): Illuminate\\Filesystem\\Filesystem->getRequire('/Applications/X...', Array)
#21 /Applications/XAMPP/xamppfiles/htdocs/marketpro/vendor/laravel/framework/src/Illuminate/View/Engines/CompilerEngine.php(72): Illuminate\\View\\Engines\\PhpEngine->evaluatePath('/Applications/X...', Array)
#22 /Applications/XAMPP/xamppfiles/htdocs/marketpro/vendor/laravel/framework/src/Illuminate/View/View.php(207): Illuminate\\View\\Engines\\CompilerEngine->get('/Applications/X...', Array)
#23 /Applications/XAMPP/xamppfiles/htdocs/marketpro/vendor/laravel/framework/src/Illuminate/View/View.php(190): Illuminate\\View\\View->getContents()
#24 /Applications/XAMPP/xamppfiles/htdocs/marketpro/vendor/laravel/framework/src/Illuminate/View/View.php(159): Illuminate\\View\\View->renderContents()
#25 /Applications/XAMPP/xamppfiles/htdocs/marketpro/vendor/laravel/framework/src/Illuminate/Http/Response.php(69): Illuminate\\View\\View->render()
#26 /Applications/XAMPP/xamppfiles/htdocs/marketpro/vendor/laravel/framework/src/Illuminate/Http/Response.php(35): Illuminate\\Http\\Response->setContent(Object(Illuminate\\View\\View))
#27 /Applications/XAMPP/xamppfiles/htdocs/marketpro/vendor/laravel/framework/src/Illuminate/Routing/Router.php(918): Illuminate\\Http\\Response->__construct(Object(Illuminate\\View\\View), 200, Array)
#28 /Applications/XAMPP/xamppfiles/htdocs/marketpro/vendor/laravel/framework/src/Illuminate/Routing/Router.php(885): Illuminate\\Routing\\Router::toResponse(Object(Illuminate\\Http\\Request), Object(Illuminate\\View\\View))
#29 /Applications/XAMPP/xamppfiles/htdocs/marketpro/vendor/laravel/framework/src/Illuminate/Routing/Router.php(805): Illuminate\\Routing\\Router->prepareResponse(Object(Illuminate\\Http\\Request), Object(Illuminate\\View\\View))
#30 /Applications/XAMPP/xamppfiles/htdocs/marketpro/vendor/laravel/framework/src/Illuminate/Pipeline/Pipeline.php(144): Illuminate\\Routing\\Router->Illuminate\\Routing\\{closure}(Object(Illuminate\\Http\\Request))
#31 /Applications/XAMPP/xamppfiles/htdocs/marketpro/app/Http/Middleware/IsAdmin.php(20): Illuminate\\Pipeline\\Pipeline->Illuminate\\Pipeline\\{closure}(Object(Illuminate\\Http\\Request))
#32 /Applications/XAMPP/xamppfiles/htdocs/marketpro/vendor/laravel/framework/src/Illuminate/Pipeline/Pipeline.php(183): App\\Http\\Middleware\\IsAdmin->handle(Object(Illuminate\\Http\\Request), Object(Closure))
#33 /Applications/XAMPP/xamppfiles/htdocs/marketpro/app/Http/Middleware/CheckForMaintenanceMode.php(58): Illuminate\\Pipeline\\Pipeline->Illuminate\\Pipeline\\{closure}(Object(Illuminate\\Http\\Request))
#34 /Applications/XAMPP/xamppfiles/htdocs/marketpro/vendor/laravel/framework/src/Illuminate/Pipeline/Pipeline.php(183): App\\Http\\Middleware\\CheckForMaintenanceMode->handle(Object(Illuminate\\Http\\Request), Object(Closure))
#35 /Applications/XAMPP/xamppfiles/htdocs/marketpro/app/Http/Middleware/HttpsProtocol.php(20): Illuminate\\Pipeline\\Pipeline->Illuminate\\Pipeline\\{closure}(Object(Illuminate\\Http\\Request))
#36 /Applications/XAMPP/xamppfiles/htdocs/marketpro/vendor/laravel/framework/src/Illuminate/Pipeline/Pipeline.php(183): App\\Http\\Middleware\\HttpsProtocol->handle(Object(Illuminate\\Http\\Request), Object(Closure))
#37 /Applications/XAMPP/xamppfiles/htdocs/marketpro/app/Http/Middleware/Language.php(31): Illuminate\\Pipeline\\Pipeline->Illuminate\\Pipeline\\{closure}(Object(Illuminate\\Http\\Request))
#38 /Applications/XAMPP/xamppfiles/htdocs/marketpro/vendor/laravel/framework/src/Illuminate/Pipeline/Pipeline.php(183): App\\Http\\Middleware\\Language->handle(Object(Illuminate\\Http\\Request), Object(Closure))
#39 /Applications/XAMPP/xamppfiles/htdocs/marketpro/vendor/laravel/framework/src/Illuminate/Routing/Middleware/SubstituteBindings.php(50): Illuminate\\Pipeline\\Pipeline->Illuminate\\Pipeline\\{closure}(Object(Illuminate\\Http\\Request))
#40 /Applications/XAMPP/xamppfiles/htdocs/marketpro/vendor/laravel/framework/src/Illuminate/Pipeline/Pipeline.php(183): Illuminate\\Routing\\Middleware\\SubstituteBindings->handle(Object(Illuminate\\Http\\Request), Object(Closure))
#41 /Applications/XAMPP/xamppfiles/htdocs/marketpro/vendor/laravel/framework/src/Illuminate/Auth/Middleware/Authenticate.php(57): Illuminate\\Pipeline\\Pipeline->Illuminate\\Pipeline\\{closure}(Object(Illuminate\\Http\\Request))
#42 /Applications/XAMPP/xamppfiles/htdocs/marketpro/vendor/laravel/framework/src/Illuminate/Pipeline/Pipeline.php(183): Illuminate\\Auth\\Middleware\\Authenticate->handle(Object(Illuminate\\Http\\Request), Object(Closure))
#43 /Applications/XAMPP/xamppfiles/htdocs/marketpro/vendor/laravel/framework/src/Illuminate/Foundation/Http/Middleware/VerifyCsrfToken.php(78): Illuminate\\Pipeline\\Pipeline->Illuminate\\Pipeline\\{closure}(Object(Illuminate\\Http\\Request))
#44 /Applications/XAMPP/xamppfiles/htdocs/marketpro/vendor/laravel/framework/src/Illuminate/Pipeline/Pipeline.php(183): Illuminate\\Foundation\\Http\\Middleware\\VerifyCsrfToken->handle(Object(Illuminate\\Http\\Request), Object(Closure))
#45 /Applications/XAMPP/xamppfiles/htdocs/marketpro/vendor/laravel/framework/src/Illuminate/View/Middleware/ShareErrorsFromSession.php(49): Illuminate\\Pipeline\\Pipeline->Illuminate\\Pipeline\\{closure}(Object(Illuminate\\Http\\Request))
#46 /Applications/XAMPP/xamppfiles/htdocs/marketpro/vendor/laravel/framework/src/Illuminate/Pipeline/Pipeline.php(183): Illuminate\\View\\Middleware\\ShareErrorsFromSession->handle(Object(Illuminate\\Http\\Request), Object(Closure))
#47 /Applications/XAMPP/xamppfiles/htdocs/marketpro/vendor/laravel/framework/src/Illuminate/Session/Middleware/StartSession.php(121): Illuminate\\Pipeline\\Pipeline->Illuminate\\Pipeline\\{closure}(Object(Illuminate\\Http\\Request))
#48 /Applications/XAMPP/xamppfiles/htdocs/marketpro/vendor/laravel/framework/src/Illuminate/Session/Middleware/StartSession.php(64): Illuminate\\Session\\Middleware\\StartSession->handleStatefulRequest(Object(Illuminate\\Http\\Request), Object(Illuminate\\Session\\Store), Object(Closure))
#49 /Applications/XAMPP/xamppfiles/htdocs/marketpro/vendor/laravel/framework/src/Illuminate/Pipeline/Pipeline.php(183): Illuminate\\Session\\Middleware\\StartSession->handle(Object(Illuminate\\Http\\Request), Object(Closure))
#50 /Applications/XAMPP/xamppfiles/htdocs/marketpro/vendor/laravel/framework/src/Illuminate/Cookie/Middleware/AddQueuedCookiesToResponse.php(37): Illuminate\\Pipeline\\Pipeline->Illuminate\\Pipeline\\{closure}(Object(Illuminate\\Http\\Request))
#51 /Applications/XAMPP/xamppfiles/htdocs/marketpro/vendor/laravel/framework/src/Illuminate/Pipeline/Pipeline.php(183): Illuminate\\Cookie\\Middleware\\AddQueuedCookiesToResponse->handle(Object(Illuminate\\Http\\Request), Object(Closure))
#52 /Applications/XAMPP/xamppfiles/htdocs/marketpro/vendor/laravel/framework/src/Illuminate/Pipeline/Pipeline.php(119): Illuminate\\Pipeline\\Pipeline->Illuminate\\Pipeline\\{closure}(Object(Illuminate\\Http\\Request))
#53 /Applications/XAMPP/xamppfiles/htdocs/marketpro/vendor/laravel/framework/src/Illuminate/Routing/Router.php(805): Illuminate\\Pipeline\\Pipeline->then(Object(Closure))
#54 /Applications/XAMPP/xamppfiles/htdocs/marketpro/vendor/laravel/framework/src/Illuminate/Routing/Router.php(784): Illuminate\\Routing\\Router->runRouteWithinStack(Object(Illuminate\\Routing\\Route), Object(Illuminate\\Http\\Request))
#55 /Applications/XAMPP/xamppfiles/htdocs/marketpro/vendor/laravel/framework/src/Illuminate/Routing/Router.php(748): Illuminate\\Routing\\Router->runRoute(Object(Illuminate\\Http\\Request), Object(Illuminate\\Routing\\Route))
#56 /Applications/XAMPP/xamppfiles/htdocs/marketpro/vendor/laravel/framework/src/Illuminate/Routing/Router.php(737): Illuminate\\Routing\\Router->dispatchToRoute(Object(Illuminate\\Http\\Request))
#57 /Applications/XAMPP/xamppfiles/htdocs/marketpro/vendor/laravel/framework/src/Illuminate/Foundation/Http/Kernel.php(200): Illuminate\\Routing\\Router->dispatch(Object(Illuminate\\Http\\Request))
#58 /Applications/XAMPP/xamppfiles/htdocs/marketpro/vendor/laravel/framework/src/Illuminate/Pipeline/Pipeline.php(144): Illuminate\\Foundation\\Http\\Kernel->Illuminate\\Foundation\\Http\\{closure}(Object(Illuminate\\Http\\Request))
#59 /Applications/XAMPP/xamppfiles/htdocs/marketpro/vendor/barryvdh/laravel-debugbar/src/Middleware/InjectDebugbar.php(66): Illuminate\\Pipeline\\Pipeline->Illuminate\\Pipeline\\{closure}(Object(Illuminate\\Http\\Request))
#60 /Applications/XAMPP/xamppfiles/htdocs/marketpro/vendor/laravel/framework/src/Illuminate/Pipeline/Pipeline.php(183): Barryvdh\\Debugbar\\Middleware\\InjectDebugbar->handle(Object(Illuminate\\Http\\Request), Object(Closure))
#61 /Applications/XAMPP/xamppfiles/htdocs/marketpro/vendor/laravel/framework/src/Illuminate/Http/Middleware/TrustProxies.php(39): Illuminate\\Pipeline\\Pipeline->Illuminate\\Pipeline\\{closure}(Object(Illuminate\\Http\\Request))
#62 /Applications/XAMPP/xamppfiles/htdocs/marketpro/vendor/laravel/framework/src/Illuminate/Pipeline/Pipeline.php(183): Illuminate\\Http\\Middleware\\TrustProxies->handle(Object(Illuminate\\Http\\Request), Object(Closure))
#63 /Applications/XAMPP/xamppfiles/htdocs/marketpro/vendor/laravel/framework/src/Illuminate/Foundation/Http/Middleware/TransformsRequest.php(21): Illuminate\\Pipeline\\Pipeline->Illuminate\\Pipeline\\{closure}(Object(Illuminate\\Http\\Request))
#64 /Applications/XAMPP/xamppfiles/htdocs/marketpro/vendor/laravel/framework/src/Illuminate/Foundation/Http/Middleware/ConvertEmptyStringsToNull.php(31): Illuminate\\Foundation\\Http\\Middleware\\TransformsRequest->handle(Object(Illuminate\\Http\\Request), Object(Closure))
#65 /Applications/XAMPP/xamppfiles/htdocs/marketpro/vendor/laravel/framework/src/Illuminate/Pipeline/Pipeline.php(183): Illuminate\\Foundation\\Http\\Middleware\\ConvertEmptyStringsToNull->handle(Object(Illuminate\\Http\\Request), Object(Closure))
#66 /Applications/XAMPP/xamppfiles/htdocs/marketpro/vendor/laravel/framework/src/Illuminate/Foundation/Http/Middleware/TransformsRequest.php(21): Illuminate\\Pipeline\\Pipeline->Illuminate\\Pipeline\\{closure}(Object(Illuminate\\Http\\Request))
#67 /Applications/XAMPP/xamppfiles/htdocs/marketpro/vendor/laravel/framework/src/Illuminate/Foundation/Http/Middleware/TrimStrings.php(40): Illuminate\\Foundation\\Http\\Middleware\\TransformsRequest->handle(Object(Illuminate\\Http\\Request), Object(Closure))
#68 /Applications/XAMPP/xamppfiles/htdocs/marketpro/vendor/laravel/framework/src/Illuminate/Pipeline/Pipeline.php(183): Illuminate\\Foundation\\Http\\Middleware\\TrimStrings->handle(Object(Illuminate\\Http\\Request), Object(Closure))
#69 /Applications/XAMPP/xamppfiles/htdocs/marketpro/vendor/laravel/framework/src/Illuminate/Foundation/Http/Middleware/ValidatePostSize.php(27): Illuminate\\Pipeline\\Pipeline->Illuminate\\Pipeline\\{closure}(Object(Illuminate\\Http\\Request))
#70 /Applications/XAMPP/xamppfiles/htdocs/marketpro/vendor/laravel/framework/src/Illuminate/Pipeline/Pipeline.php(183): Illuminate\\Foundation\\Http\\Middleware\\ValidatePostSize->handle(Object(Illuminate\\Http\\Request), Object(Closure))
#71 /Applications/XAMPP/xamppfiles/htdocs/marketpro/vendor/laravel/framework/src/Illuminate/Pipeline/Pipeline.php(119): Illuminate\\Pipeline\\Pipeline->Illuminate\\Pipeline\\{closure}(Object(Illuminate\\Http\\Request))
#72 /Applications/XAMPP/xamppfiles/htdocs/marketpro/vendor/laravel/framework/src/Illuminate/Foundation/Http/Kernel.php(175): Illuminate\\Pipeline\\Pipeline->then(Object(Closure))
#73 /Applications/XAMPP/xamppfiles/htdocs/marketpro/vendor/laravel/framework/src/Illuminate/Foundation/Http/Kernel.php(144): Illuminate\\Foundation\\Http\\Kernel->sendRequestThroughRouter(Object(Illuminate\\Http\\Request))
#74 /Applications/XAMPP/xamppfiles/htdocs/marketpro/index.php(57): Illuminate\\Foundation\\Http\\Kernel->handle(Object(Illuminate\\Http\\Request))
#75 {main}
"} 
[2026-01-06 23:56:51] local.ERROR: Route [language.change] not defined. (View: /Applications/XAMPP/xamppfiles/htdocs/marketpro/resources/views/backend/layouts/app.blade.php) (View: /Applications/XAMPP/xamppfiles/htdocs/marketpro/resources/views/backend/layouts/app.blade.php) {"userId":9,"exception":"[object] (Illuminate\\View\\ViewException(code: 0): Route [language.change] not defined. (View: /Applications/XAMPP/xamppfiles/htdocs/marketpro/resources/views/backend/layouts/app.blade.php) (View: /Applications/XAMPP/xamppfiles/htdocs/marketpro/resources/views/backend/layouts/app.blade.php) at /Applications/XAMPP/xamppfiles/htdocs/marketpro/vendor/laravel/framework/src/Illuminate/Routing/UrlGenerator.php:477)
[stacktrace]
#0 /Applications/XAMPP/xamppfiles/htdocs/marketpro/vendor/laravel/framework/src/Illuminate/View/Engines/PhpEngine.php(60): Illuminate\\View\\Engines\\CompilerEngine->handleViewException(Object(Illuminate\\View\\ViewException), 1)
#1 /Applications/XAMPP/xamppfiles/htdocs/marketpro/vendor/laravel/framework/src/Illuminate/View/Engines/CompilerEngine.php(72): Illuminate\\View\\Engines\\PhpEngine->evaluatePath('/Applications/X...', Array)
#2 /Applications/XAMPP/xamppfiles/htdocs/marketpro/vendor/laravel/framework/src/Illuminate/View/View.php(207): Illuminate\\View\\Engines\\CompilerEngine->get('/Applications/X...', Array)
#3 /Applications/XAMPP/xamppfiles/htdocs/marketpro/vendor/laravel/framework/src/Illuminate/View/View.php(190): Illuminate\\View\\View->getContents()
#4 /Applications/XAMPP/xamppfiles/htdocs/marketpro/vendor/laravel/framework/src/Illuminate/View/View.php(159): Illuminate\\View\\View->renderContents()
#5 /Applications/XAMPP/xamppfiles/htdocs/marketpro/vendor/laravel/framework/src/Illuminate/Http/Response.php(69): Illuminate\\View\\View->render()
#6 /Applications/XAMPP/xamppfiles/htdocs/marketpro/vendor/laravel/framework/src/Illuminate/Http/Response.php(35): Illuminate\\Http\\Response->setContent(Object(Illuminate\\View\\View))
#7 /Applications/XAMPP/xamppfiles/htdocs/marketpro/vendor/laravel/framework/src/Illuminate/Routing/Router.php(918): Illuminate\\Http\\Response->__construct(Object(Illuminate\\View\\View), 200, Array)
#8 /Applications/XAMPP/xamppfiles/htdocs/marketpro/vendor/laravel/framework/src/Illuminate/Routing/Router.php(885): Illuminate\\Routing\\Router::toResponse(Object(Illuminate\\Http\\Request), Object(Illuminate\\View\\View))
#9 /Applications/XAMPP/xamppfiles/htdocs/marketpro/vendor/laravel/framework/src/Illuminate/Routing/Router.php(805): Illuminate\\Routing\\Router->prepareResponse(Object(Illuminate\\Http\\Request), Object(Illuminate\\View\\View))
#10 /Applications/XAMPP/xamppfiles/htdocs/marketpro/vendor/laravel/framework/src/Illuminate/Pipeline/Pipeline.php(144): Illuminate\\Routing\\Router->Illuminate\\Routing\\{closure}(Object(Illuminate\\Http\\Request))
#11 /Applications/XAMPP/xamppfiles/htdocs/marketpro/app/Http/Middleware/IsAdmin.php(20): Illuminate\\Pipeline\\Pipeline->Illuminate\\Pipeline\\{closure}(Object(Illuminate\\Http\\Request))
#12 /Applications/XAMPP/xamppfiles/htdocs/marketpro/vendor/laravel/framework/src/Illuminate/Pipeline/Pipeline.php(183): App\\Http\\Middleware\\IsAdmin->handle(Object(Illuminate\\Http\\Request), Object(Closure))
#13 /Applications/XAMPP/xamppfiles/htdocs/marketpro/app/Http/Middleware/CheckForMaintenanceMode.php(58): Illuminate\\Pipeline\\Pipeline->Illuminate\\Pipeline\\{closure}(Object(Illuminate\\Http\\Request))
#14 /Applications/XAMPP/xamppfiles/htdocs/marketpro/vendor/laravel/framework/src/Illuminate/Pipeline/Pipeline.php(183): App\\Http\\Middleware\\CheckForMaintenanceMode->handle(Object(Illuminate\\Http\\Request), Object(Closure))
#15 /Applications/XAMPP/xamppfiles/htdocs/marketpro/app/Http/Middleware/HttpsProtocol.php(20): Illuminate\\Pipeline\\Pipeline->Illuminate\\Pipeline\\{closure}(Object(Illuminate\\Http\\Request))
#16 /Applications/XAMPP/xamppfiles/htdocs/marketpro/vendor/laravel/framework/src/Illuminate/Pipeline/Pipeline.php(183): App\\Http\\Middleware\\HttpsProtocol->handle(Object(Illuminate\\Http\\Request), Object(Closure))
#17 /Applications/XAMPP/xamppfiles/htdocs/marketpro/app/Http/Middleware/Language.php(31): Illuminate\\Pipeline\\Pipeline->Illuminate\\Pipeline\\{closure}(Object(Illuminate\\Http\\Request))
#18 /Applications/XAMPP/xamppfiles/htdocs/marketpro/vendor/laravel/framework/src/Illuminate/Pipeline/Pipeline.php(183): App\\Http\\Middleware\\Language->handle(Object(Illuminate\\Http\\Request), Object(Closure))
#19 /Applications/XAMPP/xamppfiles/htdocs/marketpro/vendor/laravel/framework/src/Illuminate/Routing/Middleware/SubstituteBindings.php(50): Illuminate\\Pipeline\\Pipeline->Illuminate\\Pipeline\\{closure}(Object(Illuminate\\Http\\Request))
#20 /Applications/XAMPP/xamppfiles/htdocs/marketpro/vendor/laravel/framework/src/Illuminate/Pipeline/Pipeline.php(183): Illuminate\\Routing\\Middleware\\SubstituteBindings->handle(Object(Illuminate\\Http\\Request), Object(Closure))
#21 /Applications/XAMPP/xamppfiles/htdocs/marketpro/vendor/laravel/framework/src/Illuminate/Auth/Middleware/Authenticate.php(57): Illuminate\\Pipeline\\Pipeline->Illuminate\\Pipeline\\{closure}(Object(Illuminate\\Http\\Request))
#22 /Applications/XAMPP/xamppfiles/htdocs/marketpro/vendor/laravel/framework/src/Illuminate/Pipeline/Pipeline.php(183): Illuminate\\Auth\\Middleware\\Authenticate->handle(Object(Illuminate\\Http\\Request), Object(Closure))
#23 /Applications/XAMPP/xamppfiles/htdocs/marketpro/vendor/laravel/framework/src/Illuminate/Foundation/Http/Middleware/VerifyCsrfToken.php(78): Illuminate\\Pipeline\\Pipeline->Illuminate\\Pipeline\\{closure}(Object(Illuminate\\Http\\Request))
#24 /Applications/XAMPP/xamppfiles/htdocs/marketpro/vendor/laravel/framework/src/Illuminate/Pipeline/Pipeline.php(183): Illuminate\\Foundation\\Http\\Middleware\\VerifyCsrfToken->handle(Object(Illuminate\\Http\\Request), Object(Closure))
#25 /Applications/XAMPP/xamppfiles/htdocs/marketpro/vendor/laravel/framework/src/Illuminate/View/Middleware/ShareErrorsFromSession.php(49): Illuminate\\Pipeline\\Pipeline->Illuminate\\Pipeline\\{closure}(Object(Illuminate\\Http\\Request))
#26 /Applications/XAMPP/xamppfiles/htdocs/marketpro/vendor/laravel/framework/src/Illuminate/Pipeline/Pipeline.php(183): Illuminate\\View\\Middleware\\ShareErrorsFromSession->handle(Object(Illuminate\\Http\\Request), Object(Closure))
#27 /Applications/XAMPP/xamppfiles/htdocs/marketpro/vendor/laravel/framework/src/Illuminate/Session/Middleware/StartSession.php(121): Illuminate\\Pipeline\\Pipeline->Illuminate\\Pipeline\\{closure}(Object(Illuminate\\Http\\Request))
#28 /Applications/XAMPP/xamppfiles/htdocs/marketpro/vendor/laravel/framework/src/Illuminate/Session/Middleware/StartSession.php(64): Illuminate\\Session\\Middleware\\StartSession->handleStatefulRequest(Object(Illuminate\\Http\\Request), Object(Illuminate\\Session\\Store), Object(Closure))
#29 /Applications/XAMPP/xamppfiles/htdocs/marketpro/vendor/laravel/framework/src/Illuminate/Pipeline/Pipeline.php(183): Illuminate\\Session\\Middleware\\StartSession->handle(Object(Illuminate\\Http\\Request), Object(Closure))
#30 /Applications/XAMPP/xamppfiles/htdocs/marketpro/vendor/laravel/framework/src/Illuminate/Cookie/Middleware/AddQueuedCookiesToResponse.php(37): Illuminate\\Pipeline\\Pipeline->Illuminate\\Pipeline\\{closure}(Object(Illuminate\\Http\\Request))
#31 /Applications/XAMPP/xamppfiles/htdocs/marketpro/vendor/laravel/framework/src/Illuminate/Pipeline/Pipeline.php(183): Illuminate\\Cookie\\Middleware\\AddQueuedCookiesToResponse->handle(Object(Illuminate\\Http\\Request), Object(Closure))
#32 /Applications/XAMPP/xamppfiles/htdocs/marketpro/vendor/laravel/framework/src/Illuminate/Pipeline/Pipeline.php(119): Illuminate\\Pipeline\\Pipeline->Illuminate\\Pipeline\\{closure}(Object(Illuminate\\Http\\Request))
#33 /Applications/XAMPP/xamppfiles/htdocs/marketpro/vendor/laravel/framework/src/Illuminate/Routing/Router.php(805): Illuminate\\Pipeline\\Pipeline->then(Object(Closure))
#34 /Applications/XAMPP/xamppfiles/htdocs/marketpro/vendor/laravel/framework/src/Illuminate/Routing/Router.php(784): Illuminate\\Routing\\Router->runRouteWithinStack(Object(Illuminate\\Routing\\Route), Object(Illuminate\\Http\\Request))
#35 /Applications/XAMPP/xamppfiles/htdocs/marketpro/vendor/laravel/framework/src/Illuminate/Routing/Router.php(748): Illuminate\\Routing\\Router->runRoute(Object(Illuminate\\Http\\Request), Object(Illuminate\\Routing\\Route))
#36 /Applications/XAMPP/xamppfiles/htdocs/marketpro/vendor/laravel/framework/src/Illuminate/Routing/Router.php(737): Illuminate\\Routing\\Router->dispatchToRoute(Object(Illuminate\\Http\\Request))
#37 /Applications/XAMPP/xamppfiles/htdocs/marketpro/vendor/laravel/framework/src/Illuminate/Foundation/Http/Kernel.php(200): Illuminate\\Routing\\Router->dispatch(Object(Illuminate\\Http\\Request))
#38 /Applications/XAMPP/xamppfiles/htdocs/marketpro/vendor/laravel/framework/src/Illuminate/Pipeline/Pipeline.php(144): Illuminate\\Foundation\\Http\\Kernel->Illuminate\\Foundation\\Http\\{closure}(Object(Illuminate\\Http\\Request))
#39 /Applications/XAMPP/xamppfiles/htdocs/marketpro/vendor/barryvdh/laravel-debugbar/src/Middleware/InjectDebugbar.php(66): Illuminate\\Pipeline\\Pipeline->Illuminate\\Pipeline\\{closure}(Object(Illuminate\\Http\\Request))
#40 /Applications/XAMPP/xamppfiles/htdocs/marketpro/vendor/laravel/framework/src/Illuminate/Pipeline/Pipeline.php(183): Barryvdh\\Debugbar\\Middleware\\InjectDebugbar->handle(Object(Illuminate\\Http\\Request), Object(Closure))
#41 /Applications/XAMPP/xamppfiles/htdocs/marketpro/vendor/laravel/framework/src/Illuminate/Http/Middleware/TrustProxies.php(39): Illuminate\\Pipeline\\Pipeline->Illuminate\\Pipeline\\{closure}(Object(Illuminate\\Http\\Request))
#42 /Applications/XAMPP/xamppfiles/htdocs/marketpro/vendor/laravel/framework/src/Illuminate/Pipeline/Pipeline.php(183): Illuminate\\Http\\Middleware\\TrustProxies->handle(Object(Illuminate\\Http\\Request), Object(Closure))
#43 /Applications/XAMPP/xamppfiles/htdocs/marketpro/vendor/laravel/framework/src/Illuminate/Foundation/Http/Middleware/TransformsRequest.php(21): Illuminate\\Pipeline\\Pipeline->Illuminate\\Pipeline\\{closure}(Object(Illuminate\\Http\\Request))
#44 /Applications/XAMPP/xamppfiles/htdocs/marketpro/vendor/laravel/framework/src/Illuminate/Foundation/Http/Middleware/ConvertEmptyStringsToNull.php(31): Illuminate\\Foundation\\Http\\Middleware\\TransformsRequest->handle(Object(Illuminate\\Http\\Request), Object(Closure))
#45 /Applications/XAMPP/xamppfiles/htdocs/marketpro/vendor/laravel/framework/src/Illuminate/Pipeline/Pipeline.php(183): Illuminate\\Foundation\\Http\\Middleware\\ConvertEmptyStringsToNull->handle(Object(Illuminate\\Http\\Request), Object(Closure))
#46 /Applications/XAMPP/xamppfiles/htdocs/marketpro/vendor/laravel/framework/src/Illuminate/Foundation/Http/Middleware/TransformsRequest.php(21): Illuminate\\Pipeline\\Pipeline->Illuminate\\Pipeline\\{closure}(Object(Illuminate\\Http\\Request))
#47 /Applications/XAMPP/xamppfiles/htdocs/marketpro/vendor/laravel/framework/src/Illuminate/Foundation/Http/Middleware/TrimStrings.php(40): Illuminate\\Foundation\\Http\\Middleware\\TransformsRequest->handle(Object(Illuminate\\Http\\Request), Object(Closure))
#48 /Applications/XAMPP/xamppfiles/htdocs/marketpro/vendor/laravel/framework/src/Illuminate/Pipeline/Pipeline.php(183): Illuminate\\Foundation\\Http\\Middleware\\TrimStrings->handle(Object(Illuminate\\Http\\Request), Object(Closure))
#49 /Applications/XAMPP/xamppfiles/htdocs/marketpro/vendor/laravel/framework/src/Illuminate/Foundation/Http/Middleware/ValidatePostSize.php(27): Illuminate\\Pipeline\\Pipeline->Illuminate\\Pipeline\\{closure}(Object(Illuminate\\Http\\Request))
#50 /Applications/XAMPP/xamppfiles/htdocs/marketpro/vendor/laravel/framework/src/Illuminate/Pipeline/Pipeline.php(183): Illuminate\\Foundation\\Http\\Middleware\\ValidatePostSize->handle(Object(Illuminate\\Http\\Request), Object(Closure))
#51 /Applications/XAMPP/xamppfiles/htdocs/marketpro/vendor/laravel/framework/src/Illuminate/Pipeline/Pipeline.php(119): Illuminate\\Pipeline\\Pipeline->Illuminate\\Pipeline\\{closure}(Object(Illuminate\\Http\\Request))
#52 /Applications/XAMPP/xamppfiles/htdocs/marketpro/vendor/laravel/framework/src/Illuminate/Foundation/Http/Kernel.php(175): Illuminate\\Pipeline\\Pipeline->then(Object(Closure))
#53 /Applications/XAMPP/xamppfiles/htdocs/marketpro/vendor/laravel/framework/src/Illuminate/Foundation/Http/Kernel.php(144): Illuminate\\Foundation\\Http\\Kernel->sendRequestThroughRouter(Object(Illuminate\\Http\\Request))
#54 /Applications/XAMPP/xamppfiles/htdocs/marketpro/index.php(57): Illuminate\\Foundation\\Http\\Kernel->handle(Object(Illuminate\\Http\\Request))
#55 {main}

[previous exception] [object] (Illuminate\\View\\ViewException(code: 0): Route [language.change] not defined. (View: /Applications/XAMPP/xamppfiles/htdocs/marketpro/resources/views/backend/layouts/app.blade.php) at /Applications/XAMPP/xamppfiles/htdocs/marketpro/vendor/laravel/framework/src/Illuminate/Routing/UrlGenerator.php:477)
[stacktrace]
#0 /Applications/XAMPP/xamppfiles/htdocs/marketpro/vendor/laravel/framework/src/Illuminate/View/Engines/PhpEngine.php(60): Illuminate\\View\\Engines\\CompilerEngine->handleViewException(Object(Symfony\\Component\\Routing\\Exception\\RouteNotFoundException), 2)
#1 /Applications/XAMPP/xamppfiles/htdocs/marketpro/vendor/laravel/framework/src/Illuminate/View/Engines/CompilerEngine.php(72): Illuminate\\View\\Engines\\PhpEngine->evaluatePath('/Applications/X...', Array)
#2 /Applications/XAMPP/xamppfiles/htdocs/marketpro/vendor/laravel/framework/src/Illuminate/View/View.php(207): Illuminate\\View\\Engines\\CompilerEngine->get('/Applications/X...', Array)
#3 /Applications/XAMPP/xamppfiles/htdocs/marketpro/vendor/laravel/framework/src/Illuminate/View/View.php(190): Illuminate\\View\\View->getContents()
#4 /Applications/XAMPP/xamppfiles/htdocs/marketpro/vendor/laravel/framework/src/Illuminate/View/View.php(159): Illuminate\\View\\View->renderContents()
#5 /Applications/XAMPP/xamppfiles/htdocs/marketpro/storage/framework/views/692e1d2b68cc9a95f73fae59eb414431.php(341): Illuminate\\View\\View->render()
#6 /Applications/XAMPP/xamppfiles/htdocs/marketpro/vendor/laravel/framework/src/Illuminate/Filesystem/Filesystem.php(123): require('/Applications/X...')
#7 /Applications/XAMPP/xamppfiles/htdocs/marketpro/vendor/laravel/framework/src/Illuminate/Filesystem/Filesystem.php(124): Illuminate\\Filesystem\\Filesystem::Illuminate\\Filesystem\\{closure}()
#8 /Applications/XAMPP/xamppfiles/htdocs/marketpro/vendor/laravel/framework/src/Illuminate/View/Engines/PhpEngine.php(58): Illuminate\\Filesystem\\Filesystem->getRequire('/Applications/X...', Array)
#9 /Applications/XAMPP/xamppfiles/htdocs/marketpro/vendor/laravel/framework/src/Illuminate/View/Engines/CompilerEngine.php(72): Illuminate\\View\\Engines\\PhpEngine->evaluatePath('/Applications/X...', Array)
#10 /Applications/XAMPP/xamppfiles/htdocs/marketpro/vendor/laravel/framework/src/Illuminate/View/View.php(207): Illuminate\\View\\Engines\\CompilerEngine->get('/Applications/X...', Array)
#11 /Applications/XAMPP/xamppfiles/htdocs/marketpro/vendor/laravel/framework/src/Illuminate/View/View.php(190): Illuminate\\View\\View->getContents()
#12 /Applications/XAMPP/xamppfiles/htdocs/marketpro/vendor/laravel/framework/src/Illuminate/View/View.php(159): Illuminate\\View\\View->renderContents()
#13 /Applications/XAMPP/xamppfiles/htdocs/marketpro/vendor/laravel/framework/src/Illuminate/Http/Response.php(69): Illuminate\\View\\View->render()
#14 /Applications/XAMPP/xamppfiles/htdocs/marketpro/vendor/laravel/framework/src/Illuminate/Http/Response.php(35): Illuminate\\Http\\Response->setContent(Object(Illuminate\\View\\View))
#15 /Applications/XAMPP/xamppfiles/htdocs/marketpro/vendor/laravel/framework/src/Illuminate/Routing/Router.php(918): Illuminate\\Http\\Response->__construct(Object(Illuminate\\View\\View), 200, Array)
#16 /Applications/XAMPP/xamppfiles/htdocs/marketpro/vendor/laravel/framework/src/Illuminate/Routing/Router.php(885): Illuminate\\Routing\\Router::toResponse(Object(Illuminate\\Http\\Request), Object(Illuminate\\View\\View))
#17 /Applications/XAMPP/xamppfiles/htdocs/marketpro/vendor/laravel/framework/src/Illuminate/Routing/Router.php(805): Illuminate\\Routing\\Router->prepareResponse(Object(Illuminate\\Http\\Request), Object(Illuminate\\View\\View))
#18 /Applications/XAMPP/xamppfiles/htdocs/marketpro/vendor/laravel/framework/src/Illuminate/Pipeline/Pipeline.php(144): Illuminate\\Routing\\Router->Illuminate\\Routing\\{closure}(Object(Illuminate\\Http\\Request))
#19 /Applications/XAMPP/xamppfiles/htdocs/marketpro/app/Http/Middleware/IsAdmin.php(20): Illuminate\\Pipeline\\Pipeline->Illuminate\\Pipeline\\{closure}(Object(Illuminate\\Http\\Request))
#20 /Applications/XAMPP/xamppfiles/htdocs/marketpro/vendor/laravel/framework/src/Illuminate/Pipeline/Pipeline.php(183): App\\Http\\Middleware\\IsAdmin->handle(Object(Illuminate\\Http\\Request), Object(Closure))
#21 /Applications/XAMPP/xamppfiles/htdocs/marketpro/app/Http/Middleware/CheckForMaintenanceMode.php(58): Illuminate\\Pipeline\\Pipeline->Illuminate\\Pipeline\\{closure}(Object(Illuminate\\Http\\Request))
#22 /Applications/XAMPP/xamppfiles/htdocs/marketpro/vendor/laravel/framework/src/Illuminate/Pipeline/Pipeline.php(183): App\\Http\\Middleware\\CheckForMaintenanceMode->handle(Object(Illuminate\\Http\\Request), Object(Closure))
#23 /Applications/XAMPP/xamppfiles/htdocs/marketpro/app/Http/Middleware/HttpsProtocol.php(20): Illuminate\\Pipeline\\Pipeline->Illuminate\\Pipeline\\{closure}(Object(Illuminate\\Http\\Request))
#24 /Applications/XAMPP/xamppfiles/htdocs/marketpro/vendor/laravel/framework/src/Illuminate/Pipeline/Pipeline.php(183): App\\Http\\Middleware\\HttpsProtocol->handle(Object(Illuminate\\Http\\Request), Object(Closure))
#25 /Applications/XAMPP/xamppfiles/htdocs/marketpro/app/Http/Middleware/Language.php(31): Illuminate\\Pipeline\\Pipeline->Illuminate\\Pipeline\\{closure}(Object(Illuminate\\Http\\Request))
#26 /Applications/XAMPP/xamppfiles/htdocs/marketpro/vendor/laravel/framework/src/Illuminate/Pipeline/Pipeline.php(183): App\\Http\\Middleware\\Language->handle(Object(Illuminate\\Http\\Request), Object(Closure))
#27 /Applications/XAMPP/xamppfiles/htdocs/marketpro/vendor/laravel/framework/src/Illuminate/Routing/Middleware/SubstituteBindings.php(50): Illuminate\\Pipeline\\Pipeline->Illuminate\\Pipeline\\{closure}(Object(Illuminate\\Http\\Request))
#28 /Applications/XAMPP/xamppfiles/htdocs/marketpro/vendor/laravel/framework/src/Illuminate/Pipeline/Pipeline.php(183): Illuminate\\Routing\\Middleware\\SubstituteBindings->handle(Object(Illuminate\\Http\\Request), Object(Closure))
#29 /Applications/XAMPP/xamppfiles/htdocs/marketpro/vendor/laravel/framework/src/Illuminate/Auth/Middleware/Authenticate.php(57): Illuminate\\Pipeline\\Pipeline->Illuminate\\Pipeline\\{closure}(Object(Illuminate\\Http\\Request))
#30 /Applications/XAMPP/xamppfiles/htdocs/marketpro/vendor/laravel/framework/src/Illuminate/Pipeline/Pipeline.php(183): Illuminate\\Auth\\Middleware\\Authenticate->handle(Object(Illuminate\\Http\\Request), Object(Closure))
#31 /Applications/XAMPP/xamppfiles/htdocs/marketpro/vendor/laravel/framework/src/Illuminate/Foundation/Http/Middleware/VerifyCsrfToken.php(78): Illuminate\\Pipeline\\Pipeline->Illuminate\\Pipeline\\{closure}(Object(Illuminate\\Http\\Request))
#32 /Applications/XAMPP/xamppfiles/htdocs/marketpro/vendor/laravel/framework/src/Illuminate/Pipeline/Pipeline.php(183): Illuminate\\Foundation\\Http\\Middleware\\VerifyCsrfToken->handle(Object(Illuminate\\Http\\Request), Object(Closure))
#33 /Applications/XAMPP/xamppfiles/htdocs/marketpro/vendor/laravel/framework/src/Illuminate/View/Middleware/ShareErrorsFromSession.php(49): Illuminate\\Pipeline\\Pipeline->Illuminate\\Pipeline\\{closure}(Object(Illuminate\\Http\\Request))
#34 /Applications/XAMPP/xamppfiles/htdocs/marketpro/vendor/laravel/framework/src/Illuminate/Pipeline/Pipeline.php(183): Illuminate\\View\\Middleware\\ShareErrorsFromSession->handle(Object(Illuminate\\Http\\Request), Object(Closure))
#35 /Applications/XAMPP/xamppfiles/htdocs/marketpro/vendor/laravel/framework/src/Illuminate/Session/Middleware/StartSession.php(121): Illuminate\\Pipeline\\Pipeline->Illuminate\\Pipeline\\{closure}(Object(Illuminate\\Http\\Request))
#36 /Applications/XAMPP/xamppfiles/htdocs/marketpro/vendor/laravel/framework/src/Illuminate/Session/Middleware/StartSession.php(64): Illuminate\\Session\\Middleware\\StartSession->handleStatefulRequest(Object(Illuminate\\Http\\Request), Object(Illuminate\\Session\\Store), Object(Closure))
#37 /Applications/XAMPP/xamppfiles/htdocs/marketpro/vendor/laravel/framework/src/Illuminate/Pipeline/Pipeline.php(183): Illuminate\\Session\\Middleware\\StartSession->handle(Object(Illuminate\\Http\\Request), Object(Closure))
#38 /Applications/XAMPP/xamppfiles/htdocs/marketpro/vendor/laravel/framework/src/Illuminate/Cookie/Middleware/AddQueuedCookiesToResponse.php(37): Illuminate\\Pipeline\\Pipeline->Illuminate\\Pipeline\\{closure}(Object(Illuminate\\Http\\Request))
#39 /Applications/XAMPP/xamppfiles/htdocs/marketpro/vendor/laravel/framework/src/Illuminate/Pipeline/Pipeline.php(183): Illuminate\\Cookie\\Middleware\\AddQueuedCookiesToResponse->handle(Object(Illuminate\\Http\\Request), Object(Closure))
#40 /Applications/XAMPP/xamppfiles/htdocs/marketpro/vendor/laravel/framework/src/Illuminate/Pipeline/Pipeline.php(119): Illuminate\\Pipeline\\Pipeline->Illuminate\\Pipeline\\{closure}(Object(Illuminate\\Http\\Request))
#41 /Applications/XAMPP/xamppfiles/htdocs/marketpro/vendor/laravel/framework/src/Illuminate/Routing/Router.php(805): Illuminate\\Pipeline\\Pipeline->then(Object(Closure))
#42 /Applications/XAMPP/xamppfiles/htdocs/marketpro/vendor/laravel/framework/src/Illuminate/Routing/Router.php(784): Illuminate\\Routing\\Router->runRouteWithinStack(Object(Illuminate\\Routing\\Route), Object(Illuminate\\Http\\Request))
#43 /Applications/XAMPP/xamppfiles/htdocs/marketpro/vendor/laravel/framework/src/Illuminate/Routing/Router.php(748): Illuminate\\Routing\\Router->runRoute(Object(Illuminate\\Http\\Request), Object(Illuminate\\Routing\\Route))
#44 /Applications/XAMPP/xamppfiles/htdocs/marketpro/vendor/laravel/framework/src/Illuminate/Routing/Router.php(737): Illuminate\\Routing\\Router->dispatchToRoute(Object(Illuminate\\Http\\Request))
#45 /Applications/XAMPP/xamppfiles/htdocs/marketpro/vendor/laravel/framework/src/Illuminate/Foundation/Http/Kernel.php(200): Illuminate\\Routing\\Router->dispatch(Object(Illuminate\\Http\\Request))
#46 /Applications/XAMPP/xamppfiles/htdocs/marketpro/vendor/laravel/framework/src/Illuminate/Pipeline/Pipeline.php(144): Illuminate\\Foundation\\Http\\Kernel->Illuminate\\Foundation\\Http\\{closure}(Object(Illuminate\\Http\\Request))
#47 /Applications/XAMPP/xamppfiles/htdocs/marketpro/vendor/barryvdh/laravel-debugbar/src/Middleware/InjectDebugbar.php(66): Illuminate\\Pipeline\\Pipeline->Illuminate\\Pipeline\\{closure}(Object(Illuminate\\Http\\Request))
#48 /Applications/XAMPP/xamppfiles/htdocs/marketpro/vendor/laravel/framework/src/Illuminate/Pipeline/Pipeline.php(183): Barryvdh\\Debugbar\\Middleware\\InjectDebugbar->handle(Object(Illuminate\\Http\\Request), Object(Closure))
#49 /Applications/XAMPP/xamppfiles/htdocs/marketpro/vendor/laravel/framework/src/Illuminate/Http/Middleware/TrustProxies.php(39): Illuminate\\Pipeline\\Pipeline->Illuminate\\Pipeline\\{closure}(Object(Illuminate\\Http\\Request))
#50 /Applications/XAMPP/xamppfiles/htdocs/marketpro/vendor/laravel/framework/src/Illuminate/Pipeline/Pipeline.php(183): Illuminate\\Http\\Middleware\\TrustProxies->handle(Object(Illuminate\\Http\\Request), Object(Closure))
#51 /Applications/XAMPP/xamppfiles/htdocs/marketpro/vendor/laravel/framework/src/Illuminate/Foundation/Http/Middleware/TransformsRequest.php(21): Illuminate\\Pipeline\\Pipeline->Illuminate\\Pipeline\\{closure}(Object(Illuminate\\Http\\Request))
#52 /Applications/XAMPP/xamppfiles/htdocs/marketpro/vendor/laravel/framework/src/Illuminate/Foundation/Http/Middleware/ConvertEmptyStringsToNull.php(31): Illuminate\\Foundation\\Http\\Middleware\\TransformsRequest->handle(Object(Illuminate\\Http\\Request), Object(Closure))
#53 /Applications/XAMPP/xamppfiles/htdocs/marketpro/vendor/laravel/framework/src/Illuminate/Pipeline/Pipeline.php(183): Illuminate\\Foundation\\Http\\Middleware\\ConvertEmptyStringsToNull->handle(Object(Illuminate\\Http\\Request), Object(Closure))
#54 /Applications/XAMPP/xamppfiles/htdocs/marketpro/vendor/laravel/framework/src/Illuminate/Foundation/Http/Middleware/TransformsRequest.php(21): Illuminate\\Pipeline\\Pipeline->Illuminate\\Pipeline\\{closure}(Object(Illuminate\\Http\\Request))
#55 /Applications/XAMPP/xamppfiles/htdocs/marketpro/vendor/laravel/framework/src/Illuminate/Foundation/Http/Middleware/TrimStrings.php(40): Illuminate\\Foundation\\Http\\Middleware\\TransformsRequest->handle(Object(Illuminate\\Http\\Request), Object(Closure))
#56 /Applications/XAMPP/xamppfiles/htdocs/marketpro/vendor/laravel/framework/src/Illuminate/Pipeline/Pipeline.php(183): Illuminate\\Foundation\\Http\\Middleware\\TrimStrings->handle(Object(Illuminate\\Http\\Request), Object(Closure))
#57 /Applications/XAMPP/xamppfiles/htdocs/marketpro/vendor/laravel/framework/src/Illuminate/Foundation/Http/Middleware/ValidatePostSize.php(27): Illuminate\\Pipeline\\Pipeline->Illuminate\\Pipeline\\{closure}(Object(Illuminate\\Http\\Request))
#58 /Applications/XAMPP/xamppfiles/htdocs/marketpro/vendor/laravel/framework/src/Illuminate/Pipeline/Pipeline.php(183): Illuminate\\Foundation\\Http\\Middleware\\ValidatePostSize->handle(Object(Illuminate\\Http\\Request), Object(Closure))
#59 /Applications/XAMPP/xamppfiles/htdocs/marketpro/vendor/laravel/framework/src/Illuminate/Pipeline/Pipeline.php(119): Illuminate\\Pipeline\\Pipeline->Illuminate\\Pipeline\\{closure}(Object(Illuminate\\Http\\Request))
#60 /Applications/XAMPP/xamppfiles/htdocs/marketpro/vendor/laravel/framework/src/Illuminate/Foundation/Http/Kernel.php(175): Illuminate\\Pipeline\\Pipeline->then(Object(Closure))
#61 /Applications/XAMPP/xamppfiles/htdocs/marketpro/vendor/laravel/framework/src/Illuminate/Foundation/Http/Kernel.php(144): Illuminate\\Foundation\\Http\\Kernel->sendRequestThroughRouter(Object(Illuminate\\Http\\Request))
#62 /Applications/XAMPP/xamppfiles/htdocs/marketpro/index.php(57): Illuminate\\Foundation\\Http\\Kernel->handle(Object(Illuminate\\Http\\Request))
#63 {main}

[previous exception] [object] (Symfony\\Component\\Routing\\Exception\\RouteNotFoundException(code: 0): Route [language.change] not defined. at /Applications/XAMPP/xamppfiles/htdocs/marketpro/vendor/laravel/framework/src/Illuminate/Routing/UrlGenerator.php:477)
[stacktrace]
#0 /Applications/XAMPP/xamppfiles/htdocs/marketpro/vendor/laravel/framework/src/Illuminate/Foundation/helpers.php(811): Illuminate\\Routing\\UrlGenerator->route('language.change', Array, true)
#1 /Applications/XAMPP/xamppfiles/htdocs/marketpro/storage/framework/views/c74f6a6578214d42dec9e174562612e9.php(164): route('language.change')
#2 /Applications/XAMPP/xamppfiles/htdocs/marketpro/vendor/laravel/framework/src/Illuminate/Filesystem/Filesystem.php(123): require('/Applications/X...')
#3 /Applications/XAMPP/xamppfiles/htdocs/marketpro/vendor/laravel/framework/src/Illuminate/Filesystem/Filesystem.php(124): Illuminate\\Filesystem\\Filesystem::Illuminate\\Filesystem\\{closure}()
#4 /Applications/XAMPP/xamppfiles/htdocs/marketpro/vendor/laravel/framework/src/Illuminate/View/Engines/PhpEngine.php(58): Illuminate\\Filesystem\\Filesystem->getRequire('/Applications/X...', Array)
#5 /Applications/XAMPP/xamppfiles/htdocs/marketpro/vendor/laravel/framework/src/Illuminate/View/Engines/CompilerEngine.php(72): Illuminate\\View\\Engines\\PhpEngine->evaluatePath('/Applications/X...', Array)
#6 /Applications/XAMPP/xamppfiles/htdocs/marketpro/vendor/laravel/framework/src/Illuminate/View/View.php(207): Illuminate\\View\\Engines\\CompilerEngine->get('/Applications/X...', Array)
#7 /Applications/XAMPP/xamppfiles/htdocs/marketpro/vendor/laravel/framework/src/Illuminate/View/View.php(190): Illuminate\\View\\View->getContents()
#8 /Applications/XAMPP/xamppfiles/htdocs/marketpro/vendor/laravel/framework/src/Illuminate/View/View.php(159): Illuminate\\View\\View->renderContents()
#9 /Applications/XAMPP/xamppfiles/htdocs/marketpro/storage/framework/views/692e1d2b68cc9a95f73fae59eb414431.php(341): Illuminate\\View\\View->render()
#10 /Applications/XAMPP/xamppfiles/htdocs/marketpro/vendor/laravel/framework/src/Illuminate/Filesystem/Filesystem.php(123): require('/Applications/X...')
#11 /Applications/XAMPP/xamppfiles/htdocs/marketpro/vendor/laravel/framework/src/Illuminate/Filesystem/Filesystem.php(124): Illuminate\\Filesystem\\Filesystem::Illuminate\\Filesystem\\{closure}()
#12 /Applications/XAMPP/xamppfiles/htdocs/marketpro/vendor/laravel/framework/src/Illuminate/View/Engines/PhpEngine.php(58): Illuminate\\Filesystem\\Filesystem->getRequire('/Applications/X...', Array)
#13 /Applications/XAMPP/xamppfiles/htdocs/marketpro/vendor/laravel/framework/src/Illuminate/View/Engines/CompilerEngine.php(72): Illuminate\\View\\Engines\\PhpEngine->evaluatePath('/Applications/X...', Array)
#14 /Applications/XAMPP/xamppfiles/htdocs/marketpro/vendor/laravel/framework/src/Illuminate/View/View.php(207): Illuminate\\View\\Engines\\CompilerEngine->get('/Applications/X...', Array)
#15 /Applications/XAMPP/xamppfiles/htdocs/marketpro/vendor/laravel/framework/src/Illuminate/View/View.php(190): Illuminate\\View\\View->getContents()
#16 /Applications/XAMPP/xamppfiles/htdocs/marketpro/vendor/laravel/framework/src/Illuminate/View/View.php(159): Illuminate\\View\\View->renderContents()
#17 /Applications/XAMPP/xamppfiles/htdocs/marketpro/vendor/laravel/framework/src/Illuminate/Http/Response.php(69): Illuminate\\View\\View->render()
#18 /Applications/XAMPP/xamppfiles/htdocs/marketpro/vendor/laravel/framework/src/Illuminate/Http/Response.php(35): Illuminate\\Http\\Response->setContent(Object(Illuminate\\View\\View))
#19 /Applications/XAMPP/xamppfiles/htdocs/marketpro/vendor/laravel/framework/src/Illuminate/Routing/Router.php(918): Illuminate\\Http\\Response->__construct(Object(Illuminate\\View\\View), 200, Array)
#20 /Applications/XAMPP/xamppfiles/htdocs/marketpro/vendor/laravel/framework/src/Illuminate/Routing/Router.php(885): Illuminate\\Routing\\Router::toResponse(Object(Illuminate\\Http\\Request), Object(Illuminate\\View\\View))
#21 /Applications/XAMPP/xamppfiles/htdocs/marketpro/vendor/laravel/framework/src/Illuminate/Routing/Router.php(805): Illuminate\\Routing\\Router->prepareResponse(Object(Illuminate\\Http\\Request), Object(Illuminate\\View\\View))
#22 /Applications/XAMPP/xamppfiles/htdocs/marketpro/vendor/laravel/framework/src/Illuminate/Pipeline/Pipeline.php(144): Illuminate\\Routing\\Router->Illuminate\\Routing\\{closure}(Object(Illuminate\\Http\\Request))
#23 /Applications/XAMPP/xamppfiles/htdocs/marketpro/app/Http/Middleware/IsAdmin.php(20): Illuminate\\Pipeline\\Pipeline->Illuminate\\Pipeline\\{closure}(Object(Illuminate\\Http\\Request))
#24 /Applications/XAMPP/xamppfiles/htdocs/marketpro/vendor/laravel/framework/src/Illuminate/Pipeline/Pipeline.php(183): App\\Http\\Middleware\\IsAdmin->handle(Object(Illuminate\\Http\\Request), Object(Closure))
#25 /Applications/XAMPP/xamppfiles/htdocs/marketpro/app/Http/Middleware/CheckForMaintenanceMode.php(58): Illuminate\\Pipeline\\Pipeline->Illuminate\\Pipeline\\{closure}(Object(Illuminate\\Http\\Request))
#26 /Applications/XAMPP/xamppfiles/htdocs/marketpro/vendor/laravel/framework/src/Illuminate/Pipeline/Pipeline.php(183): App\\Http\\Middleware\\CheckForMaintenanceMode->handle(Object(Illuminate\\Http\\Request), Object(Closure))
#27 /Applications/XAMPP/xamppfiles/htdocs/marketpro/app/Http/Middleware/HttpsProtocol.php(20): Illuminate\\Pipeline\\Pipeline->Illuminate\\Pipeline\\{closure}(Object(Illuminate\\Http\\Request))
#28 /Applications/XAMPP/xamppfiles/htdocs/marketpro/vendor/laravel/framework/src/Illuminate/Pipeline/Pipeline.php(183): App\\Http\\Middleware\\HttpsProtocol->handle(Object(Illuminate\\Http\\Request), Object(Closure))
#29 /Applications/XAMPP/xamppfiles/htdocs/marketpro/app/Http/Middleware/Language.php(31): Illuminate\\Pipeline\\Pipeline->Illuminate\\Pipeline\\{closure}(Object(Illuminate\\Http\\Request))
#30 /Applications/XAMPP/xamppfiles/htdocs/marketpro/vendor/laravel/framework/src/Illuminate/Pipeline/Pipeline.php(183): App\\Http\\Middleware\\Language->handle(Object(Illuminate\\Http\\Request), Object(Closure))
#31 /Applications/XAMPP/xamppfiles/htdocs/marketpro/vendor/laravel/framework/src/Illuminate/Routing/Middleware/SubstituteBindings.php(50): Illuminate\\Pipeline\\Pipeline->Illuminate\\Pipeline\\{closure}(Object(Illuminate\\Http\\Request))
#32 /Applications/XAMPP/xamppfiles/htdocs/marketpro/vendor/laravel/framework/src/Illuminate/Pipeline/Pipeline.php(183): Illuminate\\Routing\\Middleware\\SubstituteBindings->handle(Object(Illuminate\\Http\\Request), Object(Closure))
#33 /Applications/XAMPP/xamppfiles/htdocs/marketpro/vendor/laravel/framework/src/Illuminate/Auth/Middleware/Authenticate.php(57): Illuminate\\Pipeline\\Pipeline->Illuminate\\Pipeline\\{closure}(Object(Illuminate\\Http\\Request))
#34 /Applications/XAMPP/xamppfiles/htdocs/marketpro/vendor/laravel/framework/src/Illuminate/Pipeline/Pipeline.php(183): Illuminate\\Auth\\Middleware\\Authenticate->handle(Object(Illuminate\\Http\\Request), Object(Closure))
#35 /Applications/XAMPP/xamppfiles/htdocs/marketpro/vendor/laravel/framework/src/Illuminate/Foundation/Http/Middleware/VerifyCsrfToken.php(78): Illuminate\\Pipeline\\Pipeline->Illuminate\\Pipeline\\{closure}(Object(Illuminate\\Http\\Request))
#36 /Applications/XAMPP/xamppfiles/htdocs/marketpro/vendor/laravel/framework/src/Illuminate/Pipeline/Pipeline.php(183): Illuminate\\Foundation\\Http\\Middleware\\VerifyCsrfToken->handle(Object(Illuminate\\Http\\Request), Object(Closure))
#37 /Applications/XAMPP/xamppfiles/htdocs/marketpro/vendor/laravel/framework/src/Illuminate/View/Middleware/ShareErrorsFromSession.php(49): Illuminate\\Pipeline\\Pipeline->Illuminate\\Pipeline\\{closure}(Object(Illuminate\\Http\\Request))
#38 /Applications/XAMPP/xamppfiles/htdocs/marketpro/vendor/laravel/framework/src/Illuminate/Pipeline/Pipeline.php(183): Illuminate\\View\\Middleware\\ShareErrorsFromSession->handle(Object(Illuminate\\Http\\Request), Object(Closure))
#39 /Applications/XAMPP/xamppfiles/htdocs/marketpro/vendor/laravel/framework/src/Illuminate/Session/Middleware/StartSession.php(121): Illuminate\\Pipeline\\Pipeline->Illuminate\\Pipeline\\{closure}(Object(Illuminate\\Http\\Request))
#40 /Applications/XAMPP/xamppfiles/htdocs/marketpro/vendor/laravel/framework/src/Illuminate/Session/Middleware/StartSession.php(64): Illuminate\\Session\\Middleware\\StartSession->handleStatefulRequest(Object(Illuminate\\Http\\Request), Object(Illuminate\\Session\\Store), Object(Closure))
#41 /Applications/XAMPP/xamppfiles/htdocs/marketpro/vendor/laravel/framework/src/Illuminate/Pipeline/Pipeline.php(183): Illuminate\\Session\\Middleware\\StartSession->handle(Object(Illuminate\\Http\\Request), Object(Closure))
#42 /Applications/XAMPP/xamppfiles/htdocs/marketpro/vendor/laravel/framework/src/Illuminate/Cookie/Middleware/AddQueuedCookiesToResponse.php(37): Illuminate\\Pipeline\\Pipeline->Illuminate\\Pipeline\\{closure}(Object(Illuminate\\Http\\Request))
#43 /Applications/XAMPP/xamppfiles/htdocs/marketpro/vendor/laravel/framework/src/Illuminate/Pipeline/Pipeline.php(183): Illuminate\\Cookie\\Middleware\\AddQueuedCookiesToResponse->handle(Object(Illuminate\\Http\\Request), Object(Closure))
#44 /Applications/XAMPP/xamppfiles/htdocs/marketpro/vendor/laravel/framework/src/Illuminate/Pipeline/Pipeline.php(119): Illuminate\\Pipeline\\Pipeline->Illuminate\\Pipeline\\{closure}(Object(Illuminate\\Http\\Request))
#45 /Applications/XAMPP/xamppfiles/htdocs/marketpro/vendor/laravel/framework/src/Illuminate/Routing/Router.php(805): Illuminate\\Pipeline\\Pipeline->then(Object(Closure))
#46 /Applications/XAMPP/xamppfiles/htdocs/marketpro/vendor/laravel/framework/src/Illuminate/Routing/Router.php(784): Illuminate\\Routing\\Router->runRouteWithinStack(Object(Illuminate\\Routing\\Route), Object(Illuminate\\Http\\Request))
#47 /Applications/XAMPP/xamppfiles/htdocs/marketpro/vendor/laravel/framework/src/Illuminate/Routing/Router.php(748): Illuminate\\Routing\\Router->runRoute(Object(Illuminate\\Http\\Request), Object(Illuminate\\Routing\\Route))
#48 /Applications/XAMPP/xamppfiles/htdocs/marketpro/vendor/laravel/framework/src/Illuminate/Routing/Router.php(737): Illuminate\\Routing\\Router->dispatchToRoute(Object(Illuminate\\Http\\Request))
#49 /Applications/XAMPP/xamppfiles/htdocs/marketpro/vendor/laravel/framework/src/Illuminate/Foundation/Http/Kernel.php(200): Illuminate\\Routing\\Router->dispatch(Object(Illuminate\\Http\\Request))
#50 /Applications/XAMPP/xamppfiles/htdocs/marketpro/vendor/laravel/framework/src/Illuminate/Pipeline/Pipeline.php(144): Illuminate\\Foundation\\Http\\Kernel->Illuminate\\Foundation\\Http\\{closure}(Object(Illuminate\\Http\\Request))
#51 /Applications/XAMPP/xamppfiles/htdocs/marketpro/vendor/barryvdh/laravel-debugbar/src/Middleware/InjectDebugbar.php(66): Illuminate\\Pipeline\\Pipeline->Illuminate\\Pipeline\\{closure}(Object(Illuminate\\Http\\Request))
#52 /Applications/XAMPP/xamppfiles/htdocs/marketpro/vendor/laravel/framework/src/Illuminate/Pipeline/Pipeline.php(183): Barryvdh\\Debugbar\\Middleware\\InjectDebugbar->handle(Object(Illuminate\\Http\\Request), Object(Closure))
#53 /Applications/XAMPP/xamppfiles/htdocs/marketpro/vendor/laravel/framework/src/Illuminate/Http/Middleware/TrustProxies.php(39): Illuminate\\Pipeline\\Pipeline->Illuminate\\Pipeline\\{closure}(Object(Illuminate\\Http\\Request))
#54 /Applications/XAMPP/xamppfiles/htdocs/marketpro/vendor/laravel/framework/src/Illuminate/Pipeline/Pipeline.php(183): Illuminate\\Http\\Middleware\\TrustProxies->handle(Object(Illuminate\\Http\\Request), Object(Closure))
#55 /Applications/XAMPP/xamppfiles/htdocs/marketpro/vendor/laravel/framework/src/Illuminate/Foundation/Http/Middleware/TransformsRequest.php(21): Illuminate\\Pipeline\\Pipeline->Illuminate\\Pipeline\\{closure}(Object(Illuminate\\Http\\Request))
#56 /Applications/XAMPP/xamppfiles/htdocs/marketpro/vendor/laravel/framework/src/Illuminate/Foundation/Http/Middleware/ConvertEmptyStringsToNull.php(31): Illuminate\\Foundation\\Http\\Middleware\\TransformsRequest->handle(Object(Illuminate\\Http\\Request), Object(Closure))
#57 /Applications/XAMPP/xamppfiles/htdocs/marketpro/vendor/laravel/framework/src/Illuminate/Pipeline/Pipeline.php(183): Illuminate\\Foundation\\Http\\Middleware\\ConvertEmptyStringsToNull->handle(Object(Illuminate\\Http\\Request), Object(Closure))
#58 /Applications/XAMPP/xamppfiles/htdocs/marketpro/vendor/laravel/framework/src/Illuminate/Foundation/Http/Middleware/TransformsRequest.php(21): Illuminate\\Pipeline\\Pipeline->Illuminate\\Pipeline\\{closure}(Object(Illuminate\\Http\\Request))
#59 /Applications/XAMPP/xamppfiles/htdocs/marketpro/vendor/laravel/framework/src/Illuminate/Foundation/Http/Middleware/TrimStrings.php(40): Illuminate\\Foundation\\Http\\Middleware\\TransformsRequest->handle(Object(Illuminate\\Http\\Request), Object(Closure))
#60 /Applications/XAMPP/xamppfiles/htdocs/marketpro/vendor/laravel/framework/src/Illuminate/Pipeline/Pipeline.php(183): Illuminate\\Foundation\\Http\\Middleware\\TrimStrings->handle(Object(Illuminate\\Http\\Request), Object(Closure))
#61 /Applications/XAMPP/xamppfiles/htdocs/marketpro/vendor/laravel/framework/src/Illuminate/Foundation/Http/Middleware/ValidatePostSize.php(27): Illuminate\\Pipeline\\Pipeline->Illuminate\\Pipeline\\{closure}(Object(Illuminate\\Http\\Request))
#62 /Applications/XAMPP/xamppfiles/htdocs/marketpro/vendor/laravel/framework/src/Illuminate/Pipeline/Pipeline.php(183): Illuminate\\Foundation\\Http\\Middleware\\ValidatePostSize->handle(Object(Illuminate\\Http\\Request), Object(Closure))
#63 /Applications/XAMPP/xamppfiles/htdocs/marketpro/vendor/laravel/framework/src/Illuminate/Pipeline/Pipeline.php(119): Illuminate\\Pipeline\\Pipeline->Illuminate\\Pipeline\\{closure}(Object(Illuminate\\Http\\Request))
#64 /Applications/XAMPP/xamppfiles/htdocs/marketpro/vendor/laravel/framework/src/Illuminate/Foundation/Http/Kernel.php(175): Illuminate\\Pipeline\\Pipeline->then(Object(Closure))
#65 /Applications/XAMPP/xamppfiles/htdocs/marketpro/vendor/laravel/framework/src/Illuminate/Foundation/Http/Kernel.php(144): Illuminate\\Foundation\\Http\\Kernel->sendRequestThroughRouter(Object(Illuminate\\Http\\Request))
#66 /Applications/XAMPP/xamppfiles/htdocs/marketpro/index.php(57): Illuminate\\Foundation\\Http\\Kernel->handle(Object(Illuminate\\Http\\Request))
#67 {main}
"} 
