[2025-12-12 01:22:32] local.ERROR: SQLSTATE[42S22]: Column not found: 1054 Unknown column 'order_reference' in 'field list' (Connection: mysql, SQL: insert into `orders` (`user_id`, `code`, `order_reference`, `date`, `customer_type`, `personal_number`, `vat_number`, `payment_status`, `payment_type`, `payment_details`, `shipping_address`, `updated_at`, `created_at`) values (9, 20251212-01223233, Order #271, 2025-12-12 01:22:32, private, ?, ?, unpaid, Swish, Swish payment - manual verification required, {"billing":{"name":"dgfs dds","email":"dsd@gm.com","phone":"42342","address":"2342","city":"dd","country":"usa","zip":"323"},"shipping":{"name":"dgfs dds","email":"dsd@gm.com","phone":"42342","address":"2342","city":"dd","country":"usa","zip":"323"}}, 2025-12-12 01:22:32, 2025-12-12 01:22:32)) {"userId":9,"exception":"[object] (Illuminate\\Database\\QueryException(code: 42S22): SQLSTATE[42S22]: Column not found: 1054 Unknown column 'order_reference' in 'field list' (Connection: mysql, SQL: insert into `orders` (`user_id`, `code`, `order_reference`, `date`, `customer_type`, `personal_number`, `vat_number`, `payment_status`, `payment_type`, `payment_details`, `shipping_address`, `updated_at`, `created_at`) values (9, 20251212-01223233, Order #271, 2025-12-12 01:22:32, private, ?, ?, unpaid, Swish, Swish payment - manual verification required, {\"billing\":{\"name\":\"dgfs dds\",\"email\":\"dsd@gm.com\",\"phone\":\"42342\",\"address\":\"2342\",\"city\":\"dd\",\"country\":\"usa\",\"zip\":\"323\"},\"shipping\":{\"name\":\"dgfs dds\",\"email\":\"dsd@gm.com\",\"phone\":\"42342\",\"address\":\"2342\",\"city\":\"dd\",\"country\":\"usa\",\"zip\":\"323\"}}, 2025-12-12 01:22:32, 2025-12-12 01:22:32)) at /Applications/XAMPP/xamppfiles/htdocs/tmracing/vendor/laravel/framework/src/Illuminate/Database/Connection.php:829)
[stacktrace]
#0 /Applications/XAMPP/xamppfiles/htdocs/tmracing/vendor/laravel/framework/src/Illuminate/Database/Connection.php(783): Illuminate\\Database\\Connection->runQueryCallback('insert into `or...', Array, Object(Closure))
#1 /Applications/XAMPP/xamppfiles/htdocs/tmracing/vendor/laravel/framework/src/Illuminate/Database/Connection.php(576): Illuminate\\Database\\Connection->run('insert into `or...', Array, Object(Closure))
#2 /Applications/XAMPP/xamppfiles/htdocs/tmracing/vendor/laravel/framework/src/Illuminate/Database/Connection.php(540): Illuminate\\Database\\Connection->statement('insert into `or...', Array)
#3 /Applications/XAMPP/xamppfiles/htdocs/tmracing/vendor/laravel/framework/src/Illuminate/Database/Query/Processors/Processor.php(32): Illuminate\\Database\\Connection->insert('insert into `or...', Array)
#4 /Applications/XAMPP/xamppfiles/htdocs/tmracing/vendor/laravel/framework/src/Illuminate/Database/Query/Builder.php(3507): Illuminate\\Database\\Query\\Processors\\Processor->processInsertGetId(Object(Illuminate\\Database\\Query\\Builder), 'insert into `or...', Array, 'id')
#5 /Applications/XAMPP/xamppfiles/htdocs/tmracing/vendor/laravel/framework/src/Illuminate/Database/Eloquent/Builder.php(1982): Illuminate\\Database\\Query\\Builder->insertGetId(Array, 'id')
#6 /Applications/XAMPP/xamppfiles/htdocs/tmracing/vendor/laravel/framework/src/Illuminate/Database/Eloquent/Model.php(1333): Illuminate\\Database\\Eloquent\\Builder->__call('insertGetId', Array)
#7 /Applications/XAMPP/xamppfiles/htdocs/tmracing/vendor/laravel/framework/src/Illuminate/Database/Eloquent/Model.php(1298): Illuminate\\Database\\Eloquent\\Model->insertAndSetId(Object(Illuminate\\Database\\Eloquent\\Builder), Array)
#8 /Applications/XAMPP/xamppfiles/htdocs/tmracing/vendor/laravel/framework/src/Illuminate/Database/Eloquent/Model.php(1137): Illuminate\\Database\\Eloquent\\Model->performInsert(Object(Illuminate\\Database\\Eloquent\\Builder))
#9 /Applications/XAMPP/xamppfiles/htdocs/tmracing/app/Http/Controllers/FrontController.php(960): Illuminate\\Database\\Eloquent\\Model->save()
#10 /Applications/XAMPP/xamppfiles/htdocs/tmracing/vendor/laravel/framework/src/Illuminate/Routing/Controller.php(54): App\\Http\\Controllers\\FrontController->placeOrder(Object(Illuminate\\Http\\Request))
#11 /Applications/XAMPP/xamppfiles/htdocs/tmracing/vendor/laravel/framework/src/Illuminate/Routing/ControllerDispatcher.php(43): Illuminate\\Routing\\Controller->callAction('placeOrder', Array)
#12 /Applications/XAMPP/xamppfiles/htdocs/tmracing/vendor/laravel/framework/src/Illuminate/Routing/Route.php(259): Illuminate\\Routing\\ControllerDispatcher->dispatch(Object(Illuminate\\Routing\\Route), Object(App\\Http\\Controllers\\FrontController), 'placeOrder')
#13 /Applications/XAMPP/xamppfiles/htdocs/tmracing/vendor/laravel/framework/src/Illuminate/Routing/Route.php(205): Illuminate\\Routing\\Route->runController()
#14 /Applications/XAMPP/xamppfiles/htdocs/tmracing/vendor/laravel/framework/src/Illuminate/Routing/Router.php(806): Illuminate\\Routing\\Route->run()
#15 /Applications/XAMPP/xamppfiles/htdocs/tmracing/vendor/laravel/framework/src/Illuminate/Pipeline/Pipeline.php(144): Illuminate\\Routing\\Router->Illuminate\\Routing\\{closure}(Object(Illuminate\\Http\\Request))
#16 /Applications/XAMPP/xamppfiles/htdocs/tmracing/app/Http/Middleware/CheckForMaintenanceMode.php(58): Illuminate\\Pipeline\\Pipeline->Illuminate\\Pipeline\\{closure}(Object(Illuminate\\Http\\Request))
#17 /Applications/XAMPP/xamppfiles/htdocs/tmracing/vendor/laravel/framework/src/Illuminate/Pipeline/Pipeline.php(183): App\\Http\\Middleware\\CheckForMaintenanceMode->handle(Object(Illuminate\\Http\\Request), Object(Closure))
#18 /Applications/XAMPP/xamppfiles/htdocs/tmracing/app/Http/Middleware/HttpsProtocol.php(20): Illuminate\\Pipeline\\Pipeline->Illuminate\\Pipeline\\{closure}(Object(Illuminate\\Http\\Request))
#19 /Applications/XAMPP/xamppfiles/htdocs/tmracing/vendor/laravel/framework/src/Illuminate/Pipeline/Pipeline.php(183): App\\Http\\Middleware\\HttpsProtocol->handle(Object(Illuminate\\Http\\Request), Object(Closure))
#20 /Applications/XAMPP/xamppfiles/htdocs/tmracing/app/Http/Middleware/Language.php(31): Illuminate\\Pipeline\\Pipeline->Illuminate\\Pipeline\\{closure}(Object(Illuminate\\Http\\Request))
#21 /Applications/XAMPP/xamppfiles/htdocs/tmracing/vendor/laravel/framework/src/Illuminate/Pipeline/Pipeline.php(183): App\\Http\\Middleware\\Language->handle(Object(Illuminate\\Http\\Request), Object(Closure))
#22 /Applications/XAMPP/xamppfiles/htdocs/tmracing/vendor/laravel/framework/src/Illuminate/Routing/Middleware/SubstituteBindings.php(50): Illuminate\\Pipeline\\Pipeline->Illuminate\\Pipeline\\{closure}(Object(Illuminate\\Http\\Request))
#23 /Applications/XAMPP/xamppfiles/htdocs/tmracing/vendor/laravel/framework/src/Illuminate/Pipeline/Pipeline.php(183): Illuminate\\Routing\\Middleware\\SubstituteBindings->handle(Object(Illuminate\\Http\\Request), Object(Closure))
#24 /Applications/XAMPP/xamppfiles/htdocs/tmracing/vendor/laravel/framework/src/Illuminate/Foundation/Http/Middleware/VerifyCsrfToken.php(78): Illuminate\\Pipeline\\Pipeline->Illuminate\\Pipeline\\{closure}(Object(Illuminate\\Http\\Request))
#25 /Applications/XAMPP/xamppfiles/htdocs/tmracing/vendor/laravel/framework/src/Illuminate/Pipeline/Pipeline.php(183): Illuminate\\Foundation\\Http\\Middleware\\VerifyCsrfToken->handle(Object(Illuminate\\Http\\Request), Object(Closure))
#26 /Applications/XAMPP/xamppfiles/htdocs/tmracing/vendor/laravel/framework/src/Illuminate/View/Middleware/ShareErrorsFromSession.php(49): Illuminate\\Pipeline\\Pipeline->Illuminate\\Pipeline\\{closure}(Object(Illuminate\\Http\\Request))
#27 /Applications/XAMPP/xamppfiles/htdocs/tmracing/vendor/laravel/framework/src/Illuminate/Pipeline/Pipeline.php(183): Illuminate\\View\\Middleware\\ShareErrorsFromSession->handle(Object(Illuminate\\Http\\Request), Object(Closure))
#28 /Applications/XAMPP/xamppfiles/htdocs/tmracing/vendor/laravel/framework/src/Illuminate/Session/Middleware/StartSession.php(121): Illuminate\\Pipeline\\Pipeline->Illuminate\\Pipeline\\{closure}(Object(Illuminate\\Http\\Request))
#29 /Applications/XAMPP/xamppfiles/htdocs/tmracing/vendor/laravel/framework/src/Illuminate/Session/Middleware/StartSession.php(64): Illuminate\\Session\\Middleware\\StartSession->handleStatefulRequest(Object(Illuminate\\Http\\Request), Object(Illuminate\\Session\\Store), Object(Closure))
#30 /Applications/XAMPP/xamppfiles/htdocs/tmracing/vendor/laravel/framework/src/Illuminate/Pipeline/Pipeline.php(183): Illuminate\\Session\\Middleware\\StartSession->handle(Object(Illuminate\\Http\\Request), Object(Closure))
#31 /Applications/XAMPP/xamppfiles/htdocs/tmracing/vendor/laravel/framework/src/Illuminate/Cookie/Middleware/AddQueuedCookiesToResponse.php(37): Illuminate\\Pipeline\\Pipeline->Illuminate\\Pipeline\\{closure}(Object(Illuminate\\Http\\Request))
#32 /Applications/XAMPP/xamppfiles/htdocs/tmracing/vendor/laravel/framework/src/Illuminate/Pipeline/Pipeline.php(183): Illuminate\\Cookie\\Middleware\\AddQueuedCookiesToResponse->handle(Object(Illuminate\\Http\\Request), Object(Closure))
#33 /Applications/XAMPP/xamppfiles/htdocs/tmracing/vendor/laravel/framework/src/Illuminate/Pipeline/Pipeline.php(119): Illuminate\\Pipeline\\Pipeline->Illuminate\\Pipeline\\{closure}(Object(Illuminate\\Http\\Request))
#34 /Applications/XAMPP/xamppfiles/htdocs/tmracing/vendor/laravel/framework/src/Illuminate/Routing/Router.php(805): Illuminate\\Pipeline\\Pipeline->then(Object(Closure))
#35 /Applications/XAMPP/xamppfiles/htdocs/tmracing/vendor/laravel/framework/src/Illuminate/Routing/Router.php(784): Illuminate\\Routing\\Router->runRouteWithinStack(Object(Illuminate\\Routing\\Route), Object(Illuminate\\Http\\Request))
#36 /Applications/XAMPP/xamppfiles/htdocs/tmracing/vendor/laravel/framework/src/Illuminate/Routing/Router.php(748): Illuminate\\Routing\\Router->runRoute(Object(Illuminate\\Http\\Request), Object(Illuminate\\Routing\\Route))
#37 /Applications/XAMPP/xamppfiles/htdocs/tmracing/vendor/laravel/framework/src/Illuminate/Routing/Router.php(737): Illuminate\\Routing\\Router->dispatchToRoute(Object(Illuminate\\Http\\Request))
#38 /Applications/XAMPP/xamppfiles/htdocs/tmracing/vendor/laravel/framework/src/Illuminate/Foundation/Http/Kernel.php(200): Illuminate\\Routing\\Router->dispatch(Object(Illuminate\\Http\\Request))
#39 /Applications/XAMPP/xamppfiles/htdocs/tmracing/vendor/laravel/framework/src/Illuminate/Pipeline/Pipeline.php(144): Illuminate\\Foundation\\Http\\Kernel->Illuminate\\Foundation\\Http\\{closure}(Object(Illuminate\\Http\\Request))
#40 /Applications/XAMPP/xamppfiles/htdocs/tmracing/vendor/barryvdh/laravel-debugbar/src/Middleware/InjectDebugbar.php(66): Illuminate\\Pipeline\\Pipeline->Illuminate\\Pipeline\\{closure}(Object(Illuminate\\Http\\Request))
#41 /Applications/XAMPP/xamppfiles/htdocs/tmracing/vendor/laravel/framework/src/Illuminate/Pipeline/Pipeline.php(183): Barryvdh\\Debugbar\\Middleware\\InjectDebugbar->handle(Object(Illuminate\\Http\\Request), Object(Closure))
#42 /Applications/XAMPP/xamppfiles/htdocs/tmracing/vendor/laravel/framework/src/Illuminate/Http/Middleware/TrustProxies.php(39): Illuminate\\Pipeline\\Pipeline->Illuminate\\Pipeline\\{closure}(Object(Illuminate\\Http\\Request))
#43 /Applications/XAMPP/xamppfiles/htdocs/tmracing/vendor/laravel/framework/src/Illuminate/Pipeline/Pipeline.php(183): Illuminate\\Http\\Middleware\\TrustProxies->handle(Object(Illuminate\\Http\\Request), Object(Closure))
#44 /Applications/XAMPP/xamppfiles/htdocs/tmracing/vendor/laravel/framework/src/Illuminate/Foundation/Http/Middleware/TransformsRequest.php(21): Illuminate\\Pipeline\\Pipeline->Illuminate\\Pipeline\\{closure}(Object(Illuminate\\Http\\Request))
#45 /Applications/XAMPP/xamppfiles/htdocs/tmracing/vendor/laravel/framework/src/Illuminate/Foundation/Http/Middleware/ConvertEmptyStringsToNull.php(31): Illuminate\\Foundation\\Http\\Middleware\\TransformsRequest->handle(Object(Illuminate\\Http\\Request), Object(Closure))
#46 /Applications/XAMPP/xamppfiles/htdocs/tmracing/vendor/laravel/framework/src/Illuminate/Pipeline/Pipeline.php(183): Illuminate\\Foundation\\Http\\Middleware\\ConvertEmptyStringsToNull->handle(Object(Illuminate\\Http\\Request), Object(Closure))
#47 /Applications/XAMPP/xamppfiles/htdocs/tmracing/vendor/laravel/framework/src/Illuminate/Foundation/Http/Middleware/TransformsRequest.php(21): Illuminate\\Pipeline\\Pipeline->Illuminate\\Pipeline\\{closure}(Object(Illuminate\\Http\\Request))
#48 /Applications/XAMPP/xamppfiles/htdocs/tmracing/vendor/laravel/framework/src/Illuminate/Foundation/Http/Middleware/TrimStrings.php(40): Illuminate\\Foundation\\Http\\Middleware\\TransformsRequest->handle(Object(Illuminate\\Http\\Request), Object(Closure))
#49 /Applications/XAMPP/xamppfiles/htdocs/tmracing/vendor/laravel/framework/src/Illuminate/Pipeline/Pipeline.php(183): Illuminate\\Foundation\\Http\\Middleware\\TrimStrings->handle(Object(Illuminate\\Http\\Request), Object(Closure))
#50 /Applications/XAMPP/xamppfiles/htdocs/tmracing/vendor/laravel/framework/src/Illuminate/Foundation/Http/Middleware/ValidatePostSize.php(27): Illuminate\\Pipeline\\Pipeline->Illuminate\\Pipeline\\{closure}(Object(Illuminate\\Http\\Request))
#51 /Applications/XAMPP/xamppfiles/htdocs/tmracing/vendor/laravel/framework/src/Illuminate/Pipeline/Pipeline.php(183): Illuminate\\Foundation\\Http\\Middleware\\ValidatePostSize->handle(Object(Illuminate\\Http\\Request), Object(Closure))
#52 /Applications/XAMPP/xamppfiles/htdocs/tmracing/vendor/laravel/framework/src/Illuminate/Pipeline/Pipeline.php(119): Illuminate\\Pipeline\\Pipeline->Illuminate\\Pipeline\\{closure}(Object(Illuminate\\Http\\Request))
#53 /Applications/XAMPP/xamppfiles/htdocs/tmracing/vendor/laravel/framework/src/Illuminate/Foundation/Http/Kernel.php(175): Illuminate\\Pipeline\\Pipeline->then(Object(Closure))
#54 /Applications/XAMPP/xamppfiles/htdocs/tmracing/vendor/laravel/framework/src/Illuminate/Foundation/Http/Kernel.php(144): Illuminate\\Foundation\\Http\\Kernel->sendRequestThroughRouter(Object(Illuminate\\Http\\Request))
#55 /Applications/XAMPP/xamppfiles/htdocs/tmracing/index.php(57): Illuminate\\Foundation\\Http\\Kernel->handle(Object(Illuminate\\Http\\Request))
#56 {main}

[previous exception] [object] (PDOException(code: 42S22): SQLSTATE[42S22]: Column not found: 1054 Unknown column 'order_reference' in 'field list' at /Applications/XAMPP/xamppfiles/htdocs/tmracing/vendor/laravel/framework/src/Illuminate/Database/Connection.php:581)
[stacktrace]
#0 /Applications/XAMPP/xamppfiles/htdocs/tmracing/vendor/laravel/framework/src/Illuminate/Database/Connection.php(581): PDO->prepare('insert into `or...')
#1 /Applications/XAMPP/xamppfiles/htdocs/tmracing/vendor/laravel/framework/src/Illuminate/Database/Connection.php(816): Illuminate\\Database\\Connection->Illuminate\\Database\\{closure}('insert into `or...', Array)
#2 /Applications/XAMPP/xamppfiles/htdocs/tmracing/vendor/laravel/framework/src/Illuminate/Database/Connection.php(783): Illuminate\\Database\\Connection->runQueryCallback('insert into `or...', Array, Object(Closure))
#3 /Applications/XAMPP/xamppfiles/htdocs/tmracing/vendor/laravel/framework/src/Illuminate/Database/Connection.php(576): Illuminate\\Database\\Connection->run('insert into `or...', Array, Object(Closure))
#4 /Applications/XAMPP/xamppfiles/htdocs/tmracing/vendor/laravel/framework/src/Illuminate/Database/Connection.php(540): Illuminate\\Database\\Connection->statement('insert into `or...', Array)
#5 /Applications/XAMPP/xamppfiles/htdocs/tmracing/vendor/laravel/framework/src/Illuminate/Database/Query/Processors/Processor.php(32): Illuminate\\Database\\Connection->insert('insert into `or...', Array)
#6 /Applications/XAMPP/xamppfiles/htdocs/tmracing/vendor/laravel/framework/src/Illuminate/Database/Query/Builder.php(3507): Illuminate\\Database\\Query\\Processors\\Processor->processInsertGetId(Object(Illuminate\\Database\\Query\\Builder), 'insert into `or...', Array, 'id')
#7 /Applications/XAMPP/xamppfiles/htdocs/tmracing/vendor/laravel/framework/src/Illuminate/Database/Eloquent/Builder.php(1982): Illuminate\\Database\\Query\\Builder->insertGetId(Array, 'id')
#8 /Applications/XAMPP/xamppfiles/htdocs/tmracing/vendor/laravel/framework/src/Illuminate/Database/Eloquent/Model.php(1333): Illuminate\\Database\\Eloquent\\Builder->__call('insertGetId', Array)
#9 /Applications/XAMPP/xamppfiles/htdocs/tmracing/vendor/laravel/framework/src/Illuminate/Database/Eloquent/Model.php(1298): Illuminate\\Database\\Eloquent\\Model->insertAndSetId(Object(Illuminate\\Database\\Eloquent\\Builder), Array)
#10 /Applications/XAMPP/xamppfiles/htdocs/tmracing/vendor/laravel/framework/src/Illuminate/Database/Eloquent/Model.php(1137): Illuminate\\Database\\Eloquent\\Model->performInsert(Object(Illuminate\\Database\\Eloquent\\Builder))
#11 /Applications/XAMPP/xamppfiles/htdocs/tmracing/app/Http/Controllers/FrontController.php(960): Illuminate\\Database\\Eloquent\\Model->save()
#12 /Applications/XAMPP/xamppfiles/htdocs/tmracing/vendor/laravel/framework/src/Illuminate/Routing/Controller.php(54): App\\Http\\Controllers\\FrontController->placeOrder(Object(Illuminate\\Http\\Request))
#13 /Applications/XAMPP/xamppfiles/htdocs/tmracing/vendor/laravel/framework/src/Illuminate/Routing/ControllerDispatcher.php(43): Illuminate\\Routing\\Controller->callAction('placeOrder', Array)
#14 /Applications/XAMPP/xamppfiles/htdocs/tmracing/vendor/laravel/framework/src/Illuminate/Routing/Route.php(259): Illuminate\\Routing\\ControllerDispatcher->dispatch(Object(Illuminate\\Routing\\Route), Object(App\\Http\\Controllers\\FrontController), 'placeOrder')
#15 /Applications/XAMPP/xamppfiles/htdocs/tmracing/vendor/laravel/framework/src/Illuminate/Routing/Route.php(205): Illuminate\\Routing\\Route->runController()
#16 /Applications/XAMPP/xamppfiles/htdocs/tmracing/vendor/laravel/framework/src/Illuminate/Routing/Router.php(806): Illuminate\\Routing\\Route->run()
#17 /Applications/XAMPP/xamppfiles/htdocs/tmracing/vendor/laravel/framework/src/Illuminate/Pipeline/Pipeline.php(144): Illuminate\\Routing\\Router->Illuminate\\Routing\\{closure}(Object(Illuminate\\Http\\Request))
#18 /Applications/XAMPP/xamppfiles/htdocs/tmracing/app/Http/Middleware/CheckForMaintenanceMode.php(58): Illuminate\\Pipeline\\Pipeline->Illuminate\\Pipeline\\{closure}(Object(Illuminate\\Http\\Request))
#19 /Applications/XAMPP/xamppfiles/htdocs/tmracing/vendor/laravel/framework/src/Illuminate/Pipeline/Pipeline.php(183): App\\Http\\Middleware\\CheckForMaintenanceMode->handle(Object(Illuminate\\Http\\Request), Object(Closure))
#20 /Applications/XAMPP/xamppfiles/htdocs/tmracing/app/Http/Middleware/HttpsProtocol.php(20): Illuminate\\Pipeline\\Pipeline->Illuminate\\Pipeline\\{closure}(Object(Illuminate\\Http\\Request))
#21 /Applications/XAMPP/xamppfiles/htdocs/tmracing/vendor/laravel/framework/src/Illuminate/Pipeline/Pipeline.php(183): App\\Http\\Middleware\\HttpsProtocol->handle(Object(Illuminate\\Http\\Request), Object(Closure))
#22 /Applications/XAMPP/xamppfiles/htdocs/tmracing/app/Http/Middleware/Language.php(31): Illuminate\\Pipeline\\Pipeline->Illuminate\\Pipeline\\{closure}(Object(Illuminate\\Http\\Request))
#23 /Applications/XAMPP/xamppfiles/htdocs/tmracing/vendor/laravel/framework/src/Illuminate/Pipeline/Pipeline.php(183): App\\Http\\Middleware\\Language->handle(Object(Illuminate\\Http\\Request), Object(Closure))
#24 /Applications/XAMPP/xamppfiles/htdocs/tmracing/vendor/laravel/framework/src/Illuminate/Routing/Middleware/SubstituteBindings.php(50): Illuminate\\Pipeline\\Pipeline->Illuminate\\Pipeline\\{closure}(Object(Illuminate\\Http\\Request))
#25 /Applications/XAMPP/xamppfiles/htdocs/tmracing/vendor/laravel/framework/src/Illuminate/Pipeline/Pipeline.php(183): Illuminate\\Routing\\Middleware\\SubstituteBindings->handle(Object(Illuminate\\Http\\Request), Object(Closure))
#26 /Applications/XAMPP/xamppfiles/htdocs/tmracing/vendor/laravel/framework/src/Illuminate/Foundation/Http/Middleware/VerifyCsrfToken.php(78): Illuminate\\Pipeline\\Pipeline->Illuminate\\Pipeline\\{closure}(Object(Illuminate\\Http\\Request))
#27 /Applications/XAMPP/xamppfiles/htdocs/tmracing/vendor/laravel/framework/src/Illuminate/Pipeline/Pipeline.php(183): Illuminate\\Foundation\\Http\\Middleware\\VerifyCsrfToken->handle(Object(Illuminate\\Http\\Request), Object(Closure))
#28 /Applications/XAMPP/xamppfiles/htdocs/tmracing/vendor/laravel/framework/src/Illuminate/View/Middleware/ShareErrorsFromSession.php(49): Illuminate\\Pipeline\\Pipeline->Illuminate\\Pipeline\\{closure}(Object(Illuminate\\Http\\Request))
#29 /Applications/XAMPP/xamppfiles/htdocs/tmracing/vendor/laravel/framework/src/Illuminate/Pipeline/Pipeline.php(183): Illuminate\\View\\Middleware\\ShareErrorsFromSession->handle(Object(Illuminate\\Http\\Request), Object(Closure))
#30 /Applications/XAMPP/xamppfiles/htdocs/tmracing/vendor/laravel/framework/src/Illuminate/Session/Middleware/StartSession.php(121): Illuminate\\Pipeline\\Pipeline->Illuminate\\Pipeline\\{closure}(Object(Illuminate\\Http\\Request))
#31 /Applications/XAMPP/xamppfiles/htdocs/tmracing/vendor/laravel/framework/src/Illuminate/Session/Middleware/StartSession.php(64): Illuminate\\Session\\Middleware\\StartSession->handleStatefulRequest(Object(Illuminate\\Http\\Request), Object(Illuminate\\Session\\Store), Object(Closure))
#32 /Applications/XAMPP/xamppfiles/htdocs/tmracing/vendor/laravel/framework/src/Illuminate/Pipeline/Pipeline.php(183): Illuminate\\Session\\Middleware\\StartSession->handle(Object(Illuminate\\Http\\Request), Object(Closure))
#33 /Applications/XAMPP/xamppfiles/htdocs/tmracing/vendor/laravel/framework/src/Illuminate/Cookie/Middleware/AddQueuedCookiesToResponse.php(37): Illuminate\\Pipeline\\Pipeline->Illuminate\\Pipeline\\{closure}(Object(Illuminate\\Http\\Request))
#34 /Applications/XAMPP/xamppfiles/htdocs/tmracing/vendor/laravel/framework/src/Illuminate/Pipeline/Pipeline.php(183): Illuminate\\Cookie\\Middleware\\AddQueuedCookiesToResponse->handle(Object(Illuminate\\Http\\Request), Object(Closure))
#35 /Applications/XAMPP/xamppfiles/htdocs/tmracing/vendor/laravel/framework/src/Illuminate/Pipeline/Pipeline.php(119): Illuminate\\Pipeline\\Pipeline->Illuminate\\Pipeline\\{closure}(Object(Illuminate\\Http\\Request))
#36 /Applications/XAMPP/xamppfiles/htdocs/tmracing/vendor/laravel/framework/src/Illuminate/Routing/Router.php(805): Illuminate\\Pipeline\\Pipeline->then(Object(Closure))
#37 /Applications/XAMPP/xamppfiles/htdocs/tmracing/vendor/laravel/framework/src/Illuminate/Routing/Router.php(784): Illuminate\\Routing\\Router->runRouteWithinStack(Object(Illuminate\\Routing\\Route), Object(Illuminate\\Http\\Request))
#38 /Applications/XAMPP/xamppfiles/htdocs/tmracing/vendor/laravel/framework/src/Illuminate/Routing/Router.php(748): Illuminate\\Routing\\Router->runRoute(Object(Illuminate\\Http\\Request), Object(Illuminate\\Routing\\Route))
#39 /Applications/XAMPP/xamppfiles/htdocs/tmracing/vendor/laravel/framework/src/Illuminate/Routing/Router.php(737): Illuminate\\Routing\\Router->dispatchToRoute(Object(Illuminate\\Http\\Request))
#40 /Applications/XAMPP/xamppfiles/htdocs/tmracing/vendor/laravel/framework/src/Illuminate/Foundation/Http/Kernel.php(200): Illuminate\\Routing\\Router->dispatch(Object(Illuminate\\Http\\Request))
#41 /Applications/XAMPP/xamppfiles/htdocs/tmracing/vendor/laravel/framework/src/Illuminate/Pipeline/Pipeline.php(144): Illuminate\\Foundation\\Http\\Kernel->Illuminate\\Foundation\\Http\\{closure}(Object(Illuminate\\Http\\Request))
#42 /Applications/XAMPP/xamppfiles/htdocs/tmracing/vendor/barryvdh/laravel-debugbar/src/Middleware/InjectDebugbar.php(66): Illuminate\\Pipeline\\Pipeline->Illuminate\\Pipeline\\{closure}(Object(Illuminate\\Http\\Request))
#43 /Applications/XAMPP/xamppfiles/htdocs/tmracing/vendor/laravel/framework/src/Illuminate/Pipeline/Pipeline.php(183): Barryvdh\\Debugbar\\Middleware\\InjectDebugbar->handle(Object(Illuminate\\Http\\Request), Object(Closure))
#44 /Applications/XAMPP/xamppfiles/htdocs/tmracing/vendor/laravel/framework/src/Illuminate/Http/Middleware/TrustProxies.php(39): Illuminate\\Pipeline\\Pipeline->Illuminate\\Pipeline\\{closure}(Object(Illuminate\\Http\\Request))
#45 /Applications/XAMPP/xamppfiles/htdocs/tmracing/vendor/laravel/framework/src/Illuminate/Pipeline/Pipeline.php(183): Illuminate\\Http\\Middleware\\TrustProxies->handle(Object(Illuminate\\Http\\Request), Object(Closure))
#46 /Applications/XAMPP/xamppfiles/htdocs/tmracing/vendor/laravel/framework/src/Illuminate/Foundation/Http/Middleware/TransformsRequest.php(21): Illuminate\\Pipeline\\Pipeline->Illuminate\\Pipeline\\{closure}(Object(Illuminate\\Http\\Request))
#47 /Applications/XAMPP/xamppfiles/htdocs/tmracing/vendor/laravel/framework/src/Illuminate/Foundation/Http/Middleware/ConvertEmptyStringsToNull.php(31): Illuminate\\Foundation\\Http\\Middleware\\TransformsRequest->handle(Object(Illuminate\\Http\\Request), Object(Closure))
#48 /Applications/XAMPP/xamppfiles/htdocs/tmracing/vendor/laravel/framework/src/Illuminate/Pipeline/Pipeline.php(183): Illuminate\\Foundation\\Http\\Middleware\\ConvertEmptyStringsToNull->handle(Object(Illuminate\\Http\\Request), Object(Closure))
#49 /Applications/XAMPP/xamppfiles/htdocs/tmracing/vendor/laravel/framework/src/Illuminate/Foundation/Http/Middleware/TransformsRequest.php(21): Illuminate\\Pipeline\\Pipeline->Illuminate\\Pipeline\\{closure}(Object(Illuminate\\Http\\Request))
#50 /Applications/XAMPP/xamppfiles/htdocs/tmracing/vendor/laravel/framework/src/Illuminate/Foundation/Http/Middleware/TrimStrings.php(40): Illuminate\\Foundation\\Http\\Middleware\\TransformsRequest->handle(Object(Illuminate\\Http\\Request), Object(Closure))
#51 /Applications/XAMPP/xamppfiles/htdocs/tmracing/vendor/laravel/framework/src/Illuminate/Pipeline/Pipeline.php(183): Illuminate\\Foundation\\Http\\Middleware\\TrimStrings->handle(Object(Illuminate\\Http\\Request), Object(Closure))
#52 /Applications/XAMPP/xamppfiles/htdocs/tmracing/vendor/laravel/framework/src/Illuminate/Foundation/Http/Middleware/ValidatePostSize.php(27): Illuminate\\Pipeline\\Pipeline->Illuminate\\Pipeline\\{closure}(Object(Illuminate\\Http\\Request))
#53 /Applications/XAMPP/xamppfiles/htdocs/tmracing/vendor/laravel/framework/src/Illuminate/Pipeline/Pipeline.php(183): Illuminate\\Foundation\\Http\\Middleware\\ValidatePostSize->handle(Object(Illuminate\\Http\\Request), Object(Closure))
#54 /Applications/XAMPP/xamppfiles/htdocs/tmracing/vendor/laravel/framework/src/Illuminate/Pipeline/Pipeline.php(119): Illuminate\\Pipeline\\Pipeline->Illuminate\\Pipeline\\{closure}(Object(Illuminate\\Http\\Request))
#55 /Applications/XAMPP/xamppfiles/htdocs/tmracing/vendor/laravel/framework/src/Illuminate/Foundation/Http/Kernel.php(175): Illuminate\\Pipeline\\Pipeline->then(Object(Closure))
#56 /Applications/XAMPP/xamppfiles/htdocs/tmracing/vendor/laravel/framework/src/Illuminate/Foundation/Http/Kernel.php(144): Illuminate\\Foundation\\Http\\Kernel->sendRequestThroughRouter(Object(Illuminate\\Http\\Request))
#57 /Applications/XAMPP/xamppfiles/htdocs/tmracing/index.php(57): Illuminate\\Foundation\\Http\\Kernel->handle(Object(Illuminate\\Http\\Request))
#58 {main}
"} 
[2025-12-12 01:23:09] local.ERROR: SQLSTATE[42S22]: Column not found: 1054 Unknown column 'order_reference' in 'field list' (Connection: mysql, SQL: insert into `orders` (`user_id`, `code`, `order_reference`, `date`, `customer_type`, `personal_number`, `vat_number`, `payment_status`, `payment_type`, `payment_details`, `shipping_address`, `updated_at`, `created_at`) values (9, 20251212-01230971, Order #271, 2025-12-12 01:23:09, private, ?, ?, unpaid, Swish, Swish payment - manual verification required, {"billing":{"name":"dgfs dds","email":"dsd@gm.com","phone":"42342","address":"2342","city":"dd","country":"usa","zip":"323"},"shipping":{"name":"dgfs dds","email":"dsd@gm.com","phone":"42342","address":"2342","city":"dd","country":"usa","zip":"323"}}, 2025-12-12 01:23:09, 2025-12-12 01:23:09)) {"userId":9,"exception":"[object] (Illuminate\\Database\\QueryException(code: 42S22): SQLSTATE[42S22]: Column not found: 1054 Unknown column 'order_reference' in 'field list' (Connection: mysql, SQL: insert into `orders` (`user_id`, `code`, `order_reference`, `date`, `customer_type`, `personal_number`, `vat_number`, `payment_status`, `payment_type`, `payment_details`, `shipping_address`, `updated_at`, `created_at`) values (9, 20251212-01230971, Order #271, 2025-12-12 01:23:09, private, ?, ?, unpaid, Swish, Swish payment - manual verification required, {\"billing\":{\"name\":\"dgfs dds\",\"email\":\"dsd@gm.com\",\"phone\":\"42342\",\"address\":\"2342\",\"city\":\"dd\",\"country\":\"usa\",\"zip\":\"323\"},\"shipping\":{\"name\":\"dgfs dds\",\"email\":\"dsd@gm.com\",\"phone\":\"42342\",\"address\":\"2342\",\"city\":\"dd\",\"country\":\"usa\",\"zip\":\"323\"}}, 2025-12-12 01:23:09, 2025-12-12 01:23:09)) at /Applications/XAMPP/xamppfiles/htdocs/tmracing/vendor/laravel/framework/src/Illuminate/Database/Connection.php:829)
[stacktrace]
#0 /Applications/XAMPP/xamppfiles/htdocs/tmracing/vendor/laravel/framework/src/Illuminate/Database/Connection.php(783): Illuminate\\Database\\Connection->runQueryCallback('insert into `or...', Array, Object(Closure))
#1 /Applications/XAMPP/xamppfiles/htdocs/tmracing/vendor/laravel/framework/src/Illuminate/Database/Connection.php(576): Illuminate\\Database\\Connection->run('insert into `or...', Array, Object(Closure))
#2 /Applications/XAMPP/xamppfiles/htdocs/tmracing/vendor/laravel/framework/src/Illuminate/Database/Connection.php(540): Illuminate\\Database\\Connection->statement('insert into `or...', Array)
#3 /Applications/XAMPP/xamppfiles/htdocs/tmracing/vendor/laravel/framework/src/Illuminate/Database/Query/Processors/Processor.php(32): Illuminate\\Database\\Connection->insert('insert into `or...', Array)
#4 /Applications/XAMPP/xamppfiles/htdocs/tmracing/vendor/laravel/framework/src/Illuminate/Database/Query/Builder.php(3507): Illuminate\\Database\\Query\\Processors\\Processor->processInsertGetId(Object(Illuminate\\Database\\Query\\Builder), 'insert into `or...', Array, 'id')
#5 /Applications/XAMPP/xamppfiles/htdocs/tmracing/vendor/laravel/framework/src/Illuminate/Database/Eloquent/Builder.php(1982): Illuminate\\Database\\Query\\Builder->insertGetId(Array, 'id')
#6 /Applications/XAMPP/xamppfiles/htdocs/tmracing/vendor/laravel/framework/src/Illuminate/Database/Eloquent/Model.php(1333): Illuminate\\Database\\Eloquent\\Builder->__call('insertGetId', Array)
#7 /Applications/XAMPP/xamppfiles/htdocs/tmracing/vendor/laravel/framework/src/Illuminate/Database/Eloquent/Model.php(1298): Illuminate\\Database\\Eloquent\\Model->insertAndSetId(Object(Illuminate\\Database\\Eloquent\\Builder), Array)
#8 /Applications/XAMPP/xamppfiles/htdocs/tmracing/vendor/laravel/framework/src/Illuminate/Database/Eloquent/Model.php(1137): Illuminate\\Database\\Eloquent\\Model->performInsert(Object(Illuminate\\Database\\Eloquent\\Builder))
#9 /Applications/XAMPP/xamppfiles/htdocs/tmracing/app/Http/Controllers/FrontController.php(960): Illuminate\\Database\\Eloquent\\Model->save()
#10 /Applications/XAMPP/xamppfiles/htdocs/tmracing/vendor/laravel/framework/src/Illuminate/Routing/Controller.php(54): App\\Http\\Controllers\\FrontController->placeOrder(Object(Illuminate\\Http\\Request))
#11 /Applications/XAMPP/xamppfiles/htdocs/tmracing/vendor/laravel/framework/src/Illuminate/Routing/ControllerDispatcher.php(43): Illuminate\\Routing\\Controller->callAction('placeOrder', Array)
#12 /Applications/XAMPP/xamppfiles/htdocs/tmracing/vendor/laravel/framework/src/Illuminate/Routing/Route.php(259): Illuminate\\Routing\\ControllerDispatcher->dispatch(Object(Illuminate\\Routing\\Route), Object(App\\Http\\Controllers\\FrontController), 'placeOrder')
#13 /Applications/XAMPP/xamppfiles/htdocs/tmracing/vendor/laravel/framework/src/Illuminate/Routing/Route.php(205): Illuminate\\Routing\\Route->runController()
#14 /Applications/XAMPP/xamppfiles/htdocs/tmracing/vendor/laravel/framework/src/Illuminate/Routing/Router.php(806): Illuminate\\Routing\\Route->run()
#15 /Applications/XAMPP/xamppfiles/htdocs/tmracing/vendor/laravel/framework/src/Illuminate/Pipeline/Pipeline.php(144): Illuminate\\Routing\\Router->Illuminate\\Routing\\{closure}(Object(Illuminate\\Http\\Request))
#16 /Applications/XAMPP/xamppfiles/htdocs/tmracing/app/Http/Middleware/CheckForMaintenanceMode.php(58): Illuminate\\Pipeline\\Pipeline->Illuminate\\Pipeline\\{closure}(Object(Illuminate\\Http\\Request))
#17 /Applications/XAMPP/xamppfiles/htdocs/tmracing/vendor/laravel/framework/src/Illuminate/Pipeline/Pipeline.php(183): App\\Http\\Middleware\\CheckForMaintenanceMode->handle(Object(Illuminate\\Http\\Request), Object(Closure))
#18 /Applications/XAMPP/xamppfiles/htdocs/tmracing/app/Http/Middleware/HttpsProtocol.php(20): Illuminate\\Pipeline\\Pipeline->Illuminate\\Pipeline\\{closure}(Object(Illuminate\\Http\\Request))
#19 /Applications/XAMPP/xamppfiles/htdocs/tmracing/vendor/laravel/framework/src/Illuminate/Pipeline/Pipeline.php(183): App\\Http\\Middleware\\HttpsProtocol->handle(Object(Illuminate\\Http\\Request), Object(Closure))
#20 /Applications/XAMPP/xamppfiles/htdocs/tmracing/app/Http/Middleware/Language.php(31): Illuminate\\Pipeline\\Pipeline->Illuminate\\Pipeline\\{closure}(Object(Illuminate\\Http\\Request))
#21 /Applications/XAMPP/xamppfiles/htdocs/tmracing/vendor/laravel/framework/src/Illuminate/Pipeline/Pipeline.php(183): App\\Http\\Middleware\\Language->handle(Object(Illuminate\\Http\\Request), Object(Closure))
#22 /Applications/XAMPP/xamppfiles/htdocs/tmracing/vendor/laravel/framework/src/Illuminate/Routing/Middleware/SubstituteBindings.php(50): Illuminate\\Pipeline\\Pipeline->Illuminate\\Pipeline\\{closure}(Object(Illuminate\\Http\\Request))
#23 /Applications/XAMPP/xamppfiles/htdocs/tmracing/vendor/laravel/framework/src/Illuminate/Pipeline/Pipeline.php(183): Illuminate\\Routing\\Middleware\\SubstituteBindings->handle(Object(Illuminate\\Http\\Request), Object(Closure))
#24 /Applications/XAMPP/xamppfiles/htdocs/tmracing/vendor/laravel/framework/src/Illuminate/Foundation/Http/Middleware/VerifyCsrfToken.php(78): Illuminate\\Pipeline\\Pipeline->Illuminate\\Pipeline\\{closure}(Object(Illuminate\\Http\\Request))
#25 /Applications/XAMPP/xamppfiles/htdocs/tmracing/vendor/laravel/framework/src/Illuminate/Pipeline/Pipeline.php(183): Illuminate\\Foundation\\Http\\Middleware\\VerifyCsrfToken->handle(Object(Illuminate\\Http\\Request), Object(Closure))
#26 /Applications/XAMPP/xamppfiles/htdocs/tmracing/vendor/laravel/framework/src/Illuminate/View/Middleware/ShareErrorsFromSession.php(49): Illuminate\\Pipeline\\Pipeline->Illuminate\\Pipeline\\{closure}(Object(Illuminate\\Http\\Request))
#27 /Applications/XAMPP/xamppfiles/htdocs/tmracing/vendor/laravel/framework/src/Illuminate/Pipeline/Pipeline.php(183): Illuminate\\View\\Middleware\\ShareErrorsFromSession->handle(Object(Illuminate\\Http\\Request), Object(Closure))
#28 /Applications/XAMPP/xamppfiles/htdocs/tmracing/vendor/laravel/framework/src/Illuminate/Session/Middleware/StartSession.php(121): Illuminate\\Pipeline\\Pipeline->Illuminate\\Pipeline\\{closure}(Object(Illuminate\\Http\\Request))
#29 /Applications/XAMPP/xamppfiles/htdocs/tmracing/vendor/laravel/framework/src/Illuminate/Session/Middleware/StartSession.php(64): Illuminate\\Session\\Middleware\\StartSession->handleStatefulRequest(Object(Illuminate\\Http\\Request), Object(Illuminate\\Session\\Store), Object(Closure))
#30 /Applications/XAMPP/xamppfiles/htdocs/tmracing/vendor/laravel/framework/src/Illuminate/Pipeline/Pipeline.php(183): Illuminate\\Session\\Middleware\\StartSession->handle(Object(Illuminate\\Http\\Request), Object(Closure))
#31 /Applications/XAMPP/xamppfiles/htdocs/tmracing/vendor/laravel/framework/src/Illuminate/Cookie/Middleware/AddQueuedCookiesToResponse.php(37): Illuminate\\Pipeline\\Pipeline->Illuminate\\Pipeline\\{closure}(Object(Illuminate\\Http\\Request))
#32 /Applications/XAMPP/xamppfiles/htdocs/tmracing/vendor/laravel/framework/src/Illuminate/Pipeline/Pipeline.php(183): Illuminate\\Cookie\\Middleware\\AddQueuedCookiesToResponse->handle(Object(Illuminate\\Http\\Request), Object(Closure))
#33 /Applications/XAMPP/xamppfiles/htdocs/tmracing/vendor/laravel/framework/src/Illuminate/Pipeline/Pipeline.php(119): Illuminate\\Pipeline\\Pipeline->Illuminate\\Pipeline\\{closure}(Object(Illuminate\\Http\\Request))
#34 /Applications/XAMPP/xamppfiles/htdocs/tmracing/vendor/laravel/framework/src/Illuminate/Routing/Router.php(805): Illuminate\\Pipeline\\Pipeline->then(Object(Closure))
#35 /Applications/XAMPP/xamppfiles/htdocs/tmracing/vendor/laravel/framework/src/Illuminate/Routing/Router.php(784): Illuminate\\Routing\\Router->runRouteWithinStack(Object(Illuminate\\Routing\\Route), Object(Illuminate\\Http\\Request))
#36 /Applications/XAMPP/xamppfiles/htdocs/tmracing/vendor/laravel/framework/src/Illuminate/Routing/Router.php(748): Illuminate\\Routing\\Router->runRoute(Object(Illuminate\\Http\\Request), Object(Illuminate\\Routing\\Route))
#37 /Applications/XAMPP/xamppfiles/htdocs/tmracing/vendor/laravel/framework/src/Illuminate/Routing/Router.php(737): Illuminate\\Routing\\Router->dispatchToRoute(Object(Illuminate\\Http\\Request))
#38 /Applications/XAMPP/xamppfiles/htdocs/tmracing/vendor/laravel/framework/src/Illuminate/Foundation/Http/Kernel.php(200): Illuminate\\Routing\\Router->dispatch(Object(Illuminate\\Http\\Request))
#39 /Applications/XAMPP/xamppfiles/htdocs/tmracing/vendor/laravel/framework/src/Illuminate/Pipeline/Pipeline.php(144): Illuminate\\Foundation\\Http\\Kernel->Illuminate\\Foundation\\Http\\{closure}(Object(Illuminate\\Http\\Request))
#40 /Applications/XAMPP/xamppfiles/htdocs/tmracing/vendor/barryvdh/laravel-debugbar/src/Middleware/InjectDebugbar.php(66): Illuminate\\Pipeline\\Pipeline->Illuminate\\Pipeline\\{closure}(Object(Illuminate\\Http\\Request))
#41 /Applications/XAMPP/xamppfiles/htdocs/tmracing/vendor/laravel/framework/src/Illuminate/Pipeline/Pipeline.php(183): Barryvdh\\Debugbar\\Middleware\\InjectDebugbar->handle(Object(Illuminate\\Http\\Request), Object(Closure))
#42 /Applications/XAMPP/xamppfiles/htdocs/tmracing/vendor/laravel/framework/src/Illuminate/Http/Middleware/TrustProxies.php(39): Illuminate\\Pipeline\\Pipeline->Illuminate\\Pipeline\\{closure}(Object(Illuminate\\Http\\Request))
#43 /Applications/XAMPP/xamppfiles/htdocs/tmracing/vendor/laravel/framework/src/Illuminate/Pipeline/Pipeline.php(183): Illuminate\\Http\\Middleware\\TrustProxies->handle(Object(Illuminate\\Http\\Request), Object(Closure))
#44 /Applications/XAMPP/xamppfiles/htdocs/tmracing/vendor/laravel/framework/src/Illuminate/Foundation/Http/Middleware/TransformsRequest.php(21): Illuminate\\Pipeline\\Pipeline->Illuminate\\Pipeline\\{closure}(Object(Illuminate\\Http\\Request))
#45 /Applications/XAMPP/xamppfiles/htdocs/tmracing/vendor/laravel/framework/src/Illuminate/Foundation/Http/Middleware/ConvertEmptyStringsToNull.php(31): Illuminate\\Foundation\\Http\\Middleware\\TransformsRequest->handle(Object(Illuminate\\Http\\Request), Object(Closure))
#46 /Applications/XAMPP/xamppfiles/htdocs/tmracing/vendor/laravel/framework/src/Illuminate/Pipeline/Pipeline.php(183): Illuminate\\Foundation\\Http\\Middleware\\ConvertEmptyStringsToNull->handle(Object(Illuminate\\Http\\Request), Object(Closure))
#47 /Applications/XAMPP/xamppfiles/htdocs/tmracing/vendor/laravel/framework/src/Illuminate/Foundation/Http/Middleware/TransformsRequest.php(21): Illuminate\\Pipeline\\Pipeline->Illuminate\\Pipeline\\{closure}(Object(Illuminate\\Http\\Request))
#48 /Applications/XAMPP/xamppfiles/htdocs/tmracing/vendor/laravel/framework/src/Illuminate/Foundation/Http/Middleware/TrimStrings.php(40): Illuminate\\Foundation\\Http\\Middleware\\TransformsRequest->handle(Object(Illuminate\\Http\\Request), Object(Closure))
#49 /Applications/XAMPP/xamppfiles/htdocs/tmracing/vendor/laravel/framework/src/Illuminate/Pipeline/Pipeline.php(183): Illuminate\\Foundation\\Http\\Middleware\\TrimStrings->handle(Object(Illuminate\\Http\\Request), Object(Closure))
#50 /Applications/XAMPP/xamppfiles/htdocs/tmracing/vendor/laravel/framework/src/Illuminate/Foundation/Http/Middleware/ValidatePostSize.php(27): Illuminate\\Pipeline\\Pipeline->Illuminate\\Pipeline\\{closure}(Object(Illuminate\\Http\\Request))
#51 /Applications/XAMPP/xamppfiles/htdocs/tmracing/vendor/laravel/framework/src/Illuminate/Pipeline/Pipeline.php(183): Illuminate\\Foundation\\Http\\Middleware\\ValidatePostSize->handle(Object(Illuminate\\Http\\Request), Object(Closure))
#52 /Applications/XAMPP/xamppfiles/htdocs/tmracing/vendor/laravel/framework/src/Illuminate/Pipeline/Pipeline.php(119): Illuminate\\Pipeline\\Pipeline->Illuminate\\Pipeline\\{closure}(Object(Illuminate\\Http\\Request))
#53 /Applications/XAMPP/xamppfiles/htdocs/tmracing/vendor/laravel/framework/src/Illuminate/Foundation/Http/Kernel.php(175): Illuminate\\Pipeline\\Pipeline->then(Object(Closure))
#54 /Applications/XAMPP/xamppfiles/htdocs/tmracing/vendor/laravel/framework/src/Illuminate/Foundation/Http/Kernel.php(144): Illuminate\\Foundation\\Http\\Kernel->sendRequestThroughRouter(Object(Illuminate\\Http\\Request))
#55 /Applications/XAMPP/xamppfiles/htdocs/tmracing/index.php(57): Illuminate\\Foundation\\Http\\Kernel->handle(Object(Illuminate\\Http\\Request))
#56 {main}

[previous exception] [object] (PDOException(code: 42S22): SQLSTATE[42S22]: Column not found: 1054 Unknown column 'order_reference' in 'field list' at /Applications/XAMPP/xamppfiles/htdocs/tmracing/vendor/laravel/framework/src/Illuminate/Database/Connection.php:581)
[stacktrace]
#0 /Applications/XAMPP/xamppfiles/htdocs/tmracing/vendor/laravel/framework/src/Illuminate/Database/Connection.php(581): PDO->prepare('insert into `or...')
#1 /Applications/XAMPP/xamppfiles/htdocs/tmracing/vendor/laravel/framework/src/Illuminate/Database/Connection.php(816): Illuminate\\Database\\Connection->Illuminate\\Database\\{closure}('insert into `or...', Array)
#2 /Applications/XAMPP/xamppfiles/htdocs/tmracing/vendor/laravel/framework/src/Illuminate/Database/Connection.php(783): Illuminate\\Database\\Connection->runQueryCallback('insert into `or...', Array, Object(Closure))
#3 /Applications/XAMPP/xamppfiles/htdocs/tmracing/vendor/laravel/framework/src/Illuminate/Database/Connection.php(576): Illuminate\\Database\\Connection->run('insert into `or...', Array, Object(Closure))
#4 /Applications/XAMPP/xamppfiles/htdocs/tmracing/vendor/laravel/framework/src/Illuminate/Database/Connection.php(540): Illuminate\\Database\\Connection->statement('insert into `or...', Array)
#5 /Applications/XAMPP/xamppfiles/htdocs/tmracing/vendor/laravel/framework/src/Illuminate/Database/Query/Processors/Processor.php(32): Illuminate\\Database\\Connection->insert('insert into `or...', Array)
#6 /Applications/XAMPP/xamppfiles/htdocs/tmracing/vendor/laravel/framework/src/Illuminate/Database/Query/Builder.php(3507): Illuminate\\Database\\Query\\Processors\\Processor->processInsertGetId(Object(Illuminate\\Database\\Query\\Builder), 'insert into `or...', Array, 'id')
#7 /Applications/XAMPP/xamppfiles/htdocs/tmracing/vendor/laravel/framework/src/Illuminate/Database/Eloquent/Builder.php(1982): Illuminate\\Database\\Query\\Builder->insertGetId(Array, 'id')
#8 /Applications/XAMPP/xamppfiles/htdocs/tmracing/vendor/laravel/framework/src/Illuminate/Database/Eloquent/Model.php(1333): Illuminate\\Database\\Eloquent\\Builder->__call('insertGetId', Array)
#9 /Applications/XAMPP/xamppfiles/htdocs/tmracing/vendor/laravel/framework/src/Illuminate/Database/Eloquent/Model.php(1298): Illuminate\\Database\\Eloquent\\Model->insertAndSetId(Object(Illuminate\\Database\\Eloquent\\Builder), Array)
#10 /Applications/XAMPP/xamppfiles/htdocs/tmracing/vendor/laravel/framework/src/Illuminate/Database/Eloquent/Model.php(1137): Illuminate\\Database\\Eloquent\\Model->performInsert(Object(Illuminate\\Database\\Eloquent\\Builder))
#11 /Applications/XAMPP/xamppfiles/htdocs/tmracing/app/Http/Controllers/FrontController.php(960): Illuminate\\Database\\Eloquent\\Model->save()
#12 /Applications/XAMPP/xamppfiles/htdocs/tmracing/vendor/laravel/framework/src/Illuminate/Routing/Controller.php(54): App\\Http\\Controllers\\FrontController->placeOrder(Object(Illuminate\\Http\\Request))
#13 /Applications/XAMPP/xamppfiles/htdocs/tmracing/vendor/laravel/framework/src/Illuminate/Routing/ControllerDispatcher.php(43): Illuminate\\Routing\\Controller->callAction('placeOrder', Array)
#14 /Applications/XAMPP/xamppfiles/htdocs/tmracing/vendor/laravel/framework/src/Illuminate/Routing/Route.php(259): Illuminate\\Routing\\ControllerDispatcher->dispatch(Object(Illuminate\\Routing\\Route), Object(App\\Http\\Controllers\\FrontController), 'placeOrder')
#15 /Applications/XAMPP/xamppfiles/htdocs/tmracing/vendor/laravel/framework/src/Illuminate/Routing/Route.php(205): Illuminate\\Routing\\Route->runController()
#16 /Applications/XAMPP/xamppfiles/htdocs/tmracing/vendor/laravel/framework/src/Illuminate/Routing/Router.php(806): Illuminate\\Routing\\Route->run()
#17 /Applications/XAMPP/xamppfiles/htdocs/tmracing/vendor/laravel/framework/src/Illuminate/Pipeline/Pipeline.php(144): Illuminate\\Routing\\Router->Illuminate\\Routing\\{closure}(Object(Illuminate\\Http\\Request))
#18 /Applications/XAMPP/xamppfiles/htdocs/tmracing/app/Http/Middleware/CheckForMaintenanceMode.php(58): Illuminate\\Pipeline\\Pipeline->Illuminate\\Pipeline\\{closure}(Object(Illuminate\\Http\\Request))
#19 /Applications/XAMPP/xamppfiles/htdocs/tmracing/vendor/laravel/framework/src/Illuminate/Pipeline/Pipeline.php(183): App\\Http\\Middleware\\CheckForMaintenanceMode->handle(Object(Illuminate\\Http\\Request), Object(Closure))
#20 /Applications/XAMPP/xamppfiles/htdocs/tmracing/app/Http/Middleware/HttpsProtocol.php(20): Illuminate\\Pipeline\\Pipeline->Illuminate\\Pipeline\\{closure}(Object(Illuminate\\Http\\Request))
#21 /Applications/XAMPP/xamppfiles/htdocs/tmracing/vendor/laravel/framework/src/Illuminate/Pipeline/Pipeline.php(183): App\\Http\\Middleware\\HttpsProtocol->handle(Object(Illuminate\\Http\\Request), Object(Closure))
#22 /Applications/XAMPP/xamppfiles/htdocs/tmracing/app/Http/Middleware/Language.php(31): Illuminate\\Pipeline\\Pipeline->Illuminate\\Pipeline\\{closure}(Object(Illuminate\\Http\\Request))
#23 /Applications/XAMPP/xamppfiles/htdocs/tmracing/vendor/laravel/framework/src/Illuminate/Pipeline/Pipeline.php(183): App\\Http\\Middleware\\Language->handle(Object(Illuminate\\Http\\Request), Object(Closure))
#24 /Applications/XAMPP/xamppfiles/htdocs/tmracing/vendor/laravel/framework/src/Illuminate/Routing/Middleware/SubstituteBindings.php(50): Illuminate\\Pipeline\\Pipeline->Illuminate\\Pipeline\\{closure}(Object(Illuminate\\Http\\Request))
#25 /Applications/XAMPP/xamppfiles/htdocs/tmracing/vendor/laravel/framework/src/Illuminate/Pipeline/Pipeline.php(183): Illuminate\\Routing\\Middleware\\SubstituteBindings->handle(Object(Illuminate\\Http\\Request), Object(Closure))
#26 /Applications/XAMPP/xamppfiles/htdocs/tmracing/vendor/laravel/framework/src/Illuminate/Foundation/Http/Middleware/VerifyCsrfToken.php(78): Illuminate\\Pipeline\\Pipeline->Illuminate\\Pipeline\\{closure}(Object(Illuminate\\Http\\Request))
#27 /Applications/XAMPP/xamppfiles/htdocs/tmracing/vendor/laravel/framework/src/Illuminate/Pipeline/Pipeline.php(183): Illuminate\\Foundation\\Http\\Middleware\\VerifyCsrfToken->handle(Object(Illuminate\\Http\\Request), Object(Closure))
#28 /Applications/XAMPP/xamppfiles/htdocs/tmracing/vendor/laravel/framework/src/Illuminate/View/Middleware/ShareErrorsFromSession.php(49): Illuminate\\Pipeline\\Pipeline->Illuminate\\Pipeline\\{closure}(Object(Illuminate\\Http\\Request))
#29 /Applications/XAMPP/xamppfiles/htdocs/tmracing/vendor/laravel/framework/src/Illuminate/Pipeline/Pipeline.php(183): Illuminate\\View\\Middleware\\ShareErrorsFromSession->handle(Object(Illuminate\\Http\\Request), Object(Closure))
#30 /Applications/XAMPP/xamppfiles/htdocs/tmracing/vendor/laravel/framework/src/Illuminate/Session/Middleware/StartSession.php(121): Illuminate\\Pipeline\\Pipeline->Illuminate\\Pipeline\\{closure}(Object(Illuminate\\Http\\Request))
#31 /Applications/XAMPP/xamppfiles/htdocs/tmracing/vendor/laravel/framework/src/Illuminate/Session/Middleware/StartSession.php(64): Illuminate\\Session\\Middleware\\StartSession->handleStatefulRequest(Object(Illuminate\\Http\\Request), Object(Illuminate\\Session\\Store), Object(Closure))
#32 /Applications/XAMPP/xamppfiles/htdocs/tmracing/vendor/laravel/framework/src/Illuminate/Pipeline/Pipeline.php(183): Illuminate\\Session\\Middleware\\StartSession->handle(Object(Illuminate\\Http\\Request), Object(Closure))
#33 /Applications/XAMPP/xamppfiles/htdocs/tmracing/vendor/laravel/framework/src/Illuminate/Cookie/Middleware/AddQueuedCookiesToResponse.php(37): Illuminate\\Pipeline\\Pipeline->Illuminate\\Pipeline\\{closure}(Object(Illuminate\\Http\\Request))
#34 /Applications/XAMPP/xamppfiles/htdocs/tmracing/vendor/laravel/framework/src/Illuminate/Pipeline/Pipeline.php(183): Illuminate\\Cookie\\Middleware\\AddQueuedCookiesToResponse->handle(Object(Illuminate\\Http\\Request), Object(Closure))
#35 /Applications/XAMPP/xamppfiles/htdocs/tmracing/vendor/laravel/framework/src/Illuminate/Pipeline/Pipeline.php(119): Illuminate\\Pipeline\\Pipeline->Illuminate\\Pipeline\\{closure}(Object(Illuminate\\Http\\Request))
#36 /Applications/XAMPP/xamppfiles/htdocs/tmracing/vendor/laravel/framework/src/Illuminate/Routing/Router.php(805): Illuminate\\Pipeline\\Pipeline->then(Object(Closure))
#37 /Applications/XAMPP/xamppfiles/htdocs/tmracing/vendor/laravel/framework/src/Illuminate/Routing/Router.php(784): Illuminate\\Routing\\Router->runRouteWithinStack(Object(Illuminate\\Routing\\Route), Object(Illuminate\\Http\\Request))
#38 /Applications/XAMPP/xamppfiles/htdocs/tmracing/vendor/laravel/framework/src/Illuminate/Routing/Router.php(748): Illuminate\\Routing\\Router->runRoute(Object(Illuminate\\Http\\Request), Object(Illuminate\\Routing\\Route))
#39 /Applications/XAMPP/xamppfiles/htdocs/tmracing/vendor/laravel/framework/src/Illuminate/Routing/Router.php(737): Illuminate\\Routing\\Router->dispatchToRoute(Object(Illuminate\\Http\\Request))
#40 /Applications/XAMPP/xamppfiles/htdocs/tmracing/vendor/laravel/framework/src/Illuminate/Foundation/Http/Kernel.php(200): Illuminate\\Routing\\Router->dispatch(Object(Illuminate\\Http\\Request))
#41 /Applications/XAMPP/xamppfiles/htdocs/tmracing/vendor/laravel/framework/src/Illuminate/Pipeline/Pipeline.php(144): Illuminate\\Foundation\\Http\\Kernel->Illuminate\\Foundation\\Http\\{closure}(Object(Illuminate\\Http\\Request))
#42 /Applications/XAMPP/xamppfiles/htdocs/tmracing/vendor/barryvdh/laravel-debugbar/src/Middleware/InjectDebugbar.php(66): Illuminate\\Pipeline\\Pipeline->Illuminate\\Pipeline\\{closure}(Object(Illuminate\\Http\\Request))
#43 /Applications/XAMPP/xamppfiles/htdocs/tmracing/vendor/laravel/framework/src/Illuminate/Pipeline/Pipeline.php(183): Barryvdh\\Debugbar\\Middleware\\InjectDebugbar->handle(Object(Illuminate\\Http\\Request), Object(Closure))
#44 /Applications/XAMPP/xamppfiles/htdocs/tmracing/vendor/laravel/framework/src/Illuminate/Http/Middleware/TrustProxies.php(39): Illuminate\\Pipeline\\Pipeline->Illuminate\\Pipeline\\{closure}(Object(Illuminate\\Http\\Request))
#45 /Applications/XAMPP/xamppfiles/htdocs/tmracing/vendor/laravel/framework/src/Illuminate/Pipeline/Pipeline.php(183): Illuminate\\Http\\Middleware\\TrustProxies->handle(Object(Illuminate\\Http\\Request), Object(Closure))
#46 /Applications/XAMPP/xamppfiles/htdocs/tmracing/vendor/laravel/framework/src/Illuminate/Foundation/Http/Middleware/TransformsRequest.php(21): Illuminate\\Pipeline\\Pipeline->Illuminate\\Pipeline\\{closure}(Object(Illuminate\\Http\\Request))
#47 /Applications/XAMPP/xamppfiles/htdocs/tmracing/vendor/laravel/framework/src/Illuminate/Foundation/Http/Middleware/ConvertEmptyStringsToNull.php(31): Illuminate\\Foundation\\Http\\Middleware\\TransformsRequest->handle(Object(Illuminate\\Http\\Request), Object(Closure))
#48 /Applications/XAMPP/xamppfiles/htdocs/tmracing/vendor/laravel/framework/src/Illuminate/Pipeline/Pipeline.php(183): Illuminate\\Foundation\\Http\\Middleware\\ConvertEmptyStringsToNull->handle(Object(Illuminate\\Http\\Request), Object(Closure))
#49 /Applications/XAMPP/xamppfiles/htdocs/tmracing/vendor/laravel/framework/src/Illuminate/Foundation/Http/Middleware/TransformsRequest.php(21): Illuminate\\Pipeline\\Pipeline->Illuminate\\Pipeline\\{closure}(Object(Illuminate\\Http\\Request))
#50 /Applications/XAMPP/xamppfiles/htdocs/tmracing/vendor/laravel/framework/src/Illuminate/Foundation/Http/Middleware/TrimStrings.php(40): Illuminate\\Foundation\\Http\\Middleware\\TransformsRequest->handle(Object(Illuminate\\Http\\Request), Object(Closure))
#51 /Applications/XAMPP/xamppfiles/htdocs/tmracing/vendor/laravel/framework/src/Illuminate/Pipeline/Pipeline.php(183): Illuminate\\Foundation\\Http\\Middleware\\TrimStrings->handle(Object(Illuminate\\Http\\Request), Object(Closure))
#52 /Applications/XAMPP/xamppfiles/htdocs/tmracing/vendor/laravel/framework/src/Illuminate/Foundation/Http/Middleware/ValidatePostSize.php(27): Illuminate\\Pipeline\\Pipeline->Illuminate\\Pipeline\\{closure}(Object(Illuminate\\Http\\Request))
#53 /Applications/XAMPP/xamppfiles/htdocs/tmracing/vendor/laravel/framework/src/Illuminate/Pipeline/Pipeline.php(183): Illuminate\\Foundation\\Http\\Middleware\\ValidatePostSize->handle(Object(Illuminate\\Http\\Request), Object(Closure))
#54 /Applications/XAMPP/xamppfiles/htdocs/tmracing/vendor/laravel/framework/src/Illuminate/Pipeline/Pipeline.php(119): Illuminate\\Pipeline\\Pipeline->Illuminate\\Pipeline\\{closure}(Object(Illuminate\\Http\\Request))
#55 /Applications/XAMPP/xamppfiles/htdocs/tmracing/vendor/laravel/framework/src/Illuminate/Foundation/Http/Kernel.php(175): Illuminate\\Pipeline\\Pipeline->then(Object(Closure))
#56 /Applications/XAMPP/xamppfiles/htdocs/tmracing/vendor/laravel/framework/src/Illuminate/Foundation/Http/Kernel.php(144): Illuminate\\Foundation\\Http\\Kernel->sendRequestThroughRouter(Object(Illuminate\\Http\\Request))
#57 /Applications/XAMPP/xamppfiles/htdocs/tmracing/index.php(57): Illuminate\\Foundation\\Http\\Kernel->handle(Object(Illuminate\\Http\\Request))
#58 {main}
"} 
[2025-12-12 01:23:23] local.ERROR: SQLSTATE[42S22]: Column not found: 1054 Unknown column 'order_reference' in 'field list' (Connection: mysql, SQL: insert into `orders` (`user_id`, `code`, `order_reference`, `date`, `customer_type`, `personal_number`, `vat_number`, `payment_status`, `payment_type`, `payment_details`, `shipping_address`, `updated_at`, `created_at`) values (9, 20251212-01232366, Order #271, 2025-12-12 01:23:23, private, ?, ?, unpaid, Swish, Swish payment - manual verification required, {"billing":{"name":"dgfs dds","email":"dsd@gm.com","phone":"42342","address":"2342","city":"dd","country":"usa","zip":"323"},"shipping":{"name":"dgfs dds","email":"dsd@gm.com","phone":"42342","address":"2342","city":"dd","country":"usa","zip":"323"}}, 2025-12-12 01:23:23, 2025-12-12 01:23:23)) {"userId":9,"exception":"[object] (Illuminate\\Database\\QueryException(code: 42S22): SQLSTATE[42S22]: Column not found: 1054 Unknown column 'order_reference' in 'field list' (Connection: mysql, SQL: insert into `orders` (`user_id`, `code`, `order_reference`, `date`, `customer_type`, `personal_number`, `vat_number`, `payment_status`, `payment_type`, `payment_details`, `shipping_address`, `updated_at`, `created_at`) values (9, 20251212-01232366, Order #271, 2025-12-12 01:23:23, private, ?, ?, unpaid, Swish, Swish payment - manual verification required, {\"billing\":{\"name\":\"dgfs dds\",\"email\":\"dsd@gm.com\",\"phone\":\"42342\",\"address\":\"2342\",\"city\":\"dd\",\"country\":\"usa\",\"zip\":\"323\"},\"shipping\":{\"name\":\"dgfs dds\",\"email\":\"dsd@gm.com\",\"phone\":\"42342\",\"address\":\"2342\",\"city\":\"dd\",\"country\":\"usa\",\"zip\":\"323\"}}, 2025-12-12 01:23:23, 2025-12-12 01:23:23)) at /Applications/XAMPP/xamppfiles/htdocs/tmracing/vendor/laravel/framework/src/Illuminate/Database/Connection.php:829)
[stacktrace]
#0 /Applications/XAMPP/xamppfiles/htdocs/tmracing/vendor/laravel/framework/src/Illuminate/Database/Connection.php(783): Illuminate\\Database\\Connection->runQueryCallback('insert into `or...', Array, Object(Closure))
#1 /Applications/XAMPP/xamppfiles/htdocs/tmracing/vendor/laravel/framework/src/Illuminate/Database/Connection.php(576): Illuminate\\Database\\Connection->run('insert into `or...', Array, Object(Closure))
#2 /Applications/XAMPP/xamppfiles/htdocs/tmracing/vendor/laravel/framework/src/Illuminate/Database/Connection.php(540): Illuminate\\Database\\Connection->statement('insert into `or...', Array)
#3 /Applications/XAMPP/xamppfiles/htdocs/tmracing/vendor/laravel/framework/src/Illuminate/Database/Query/Processors/Processor.php(32): Illuminate\\Database\\Connection->insert('insert into `or...', Array)
#4 /Applications/XAMPP/xamppfiles/htdocs/tmracing/vendor/laravel/framework/src/Illuminate/Database/Query/Builder.php(3507): Illuminate\\Database\\Query\\Processors\\Processor->processInsertGetId(Object(Illuminate\\Database\\Query\\Builder), 'insert into `or...', Array, 'id')
#5 /Applications/XAMPP/xamppfiles/htdocs/tmracing/vendor/laravel/framework/src/Illuminate/Database/Eloquent/Builder.php(1982): Illuminate\\Database\\Query\\Builder->insertGetId(Array, 'id')
#6 /Applications/XAMPP/xamppfiles/htdocs/tmracing/vendor/laravel/framework/src/Illuminate/Database/Eloquent/Model.php(1333): Illuminate\\Database\\Eloquent\\Builder->__call('insertGetId', Array)
#7 /Applications/XAMPP/xamppfiles/htdocs/tmracing/vendor/laravel/framework/src/Illuminate/Database/Eloquent/Model.php(1298): Illuminate\\Database\\Eloquent\\Model->insertAndSetId(Object(Illuminate\\Database\\Eloquent\\Builder), Array)
#8 /Applications/XAMPP/xamppfiles/htdocs/tmracing/vendor/laravel/framework/src/Illuminate/Database/Eloquent/Model.php(1137): Illuminate\\Database\\Eloquent\\Model->performInsert(Object(Illuminate\\Database\\Eloquent\\Builder))
#9 /Applications/XAMPP/xamppfiles/htdocs/tmracing/app/Http/Controllers/FrontController.php(960): Illuminate\\Database\\Eloquent\\Model->save()
#10 /Applications/XAMPP/xamppfiles/htdocs/tmracing/vendor/laravel/framework/src/Illuminate/Routing/Controller.php(54): App\\Http\\Controllers\\FrontController->placeOrder(Object(Illuminate\\Http\\Request))
#11 /Applications/XAMPP/xamppfiles/htdocs/tmracing/vendor/laravel/framework/src/Illuminate/Routing/ControllerDispatcher.php(43): Illuminate\\Routing\\Controller->callAction('placeOrder', Array)
#12 /Applications/XAMPP/xamppfiles/htdocs/tmracing/vendor/laravel/framework/src/Illuminate/Routing/Route.php(259): Illuminate\\Routing\\ControllerDispatcher->dispatch(Object(Illuminate\\Routing\\Route), Object(App\\Http\\Controllers\\FrontController), 'placeOrder')
#13 /Applications/XAMPP/xamppfiles/htdocs/tmracing/vendor/laravel/framework/src/Illuminate/Routing/Route.php(205): Illuminate\\Routing\\Route->runController()
#14 /Applications/XAMPP/xamppfiles/htdocs/tmracing/vendor/laravel/framework/src/Illuminate/Routing/Router.php(806): Illuminate\\Routing\\Route->run()
#15 /Applications/XAMPP/xamppfiles/htdocs/tmracing/vendor/laravel/framework/src/Illuminate/Pipeline/Pipeline.php(144): Illuminate\\Routing\\Router->Illuminate\\Routing\\{closure}(Object(Illuminate\\Http\\Request))
#16 /Applications/XAMPP/xamppfiles/htdocs/tmracing/app/Http/Middleware/CheckForMaintenanceMode.php(58): Illuminate\\Pipeline\\Pipeline->Illuminate\\Pipeline\\{closure}(Object(Illuminate\\Http\\Request))
#17 /Applications/XAMPP/xamppfiles/htdocs/tmracing/vendor/laravel/framework/src/Illuminate/Pipeline/Pipeline.php(183): App\\Http\\Middleware\\CheckForMaintenanceMode->handle(Object(Illuminate\\Http\\Request), Object(Closure))
#18 /Applications/XAMPP/xamppfiles/htdocs/tmracing/app/Http/Middleware/HttpsProtocol.php(20): Illuminate\\Pipeline\\Pipeline->Illuminate\\Pipeline\\{closure}(Object(Illuminate\\Http\\Request))
#19 /Applications/XAMPP/xamppfiles/htdocs/tmracing/vendor/laravel/framework/src/Illuminate/Pipeline/Pipeline.php(183): App\\Http\\Middleware\\HttpsProtocol->handle(Object(Illuminate\\Http\\Request), Object(Closure))
#20 /Applications/XAMPP/xamppfiles/htdocs/tmracing/app/Http/Middleware/Language.php(31): Illuminate\\Pipeline\\Pipeline->Illuminate\\Pipeline\\{closure}(Object(Illuminate\\Http\\Request))
#21 /Applications/XAMPP/xamppfiles/htdocs/tmracing/vendor/laravel/framework/src/Illuminate/Pipeline/Pipeline.php(183): App\\Http\\Middleware\\Language->handle(Object(Illuminate\\Http\\Request), Object(Closure))
#22 /Applications/XAMPP/xamppfiles/htdocs/tmracing/vendor/laravel/framework/src/Illuminate/Routing/Middleware/SubstituteBindings.php(50): Illuminate\\Pipeline\\Pipeline->Illuminate\\Pipeline\\{closure}(Object(Illuminate\\Http\\Request))
#23 /Applications/XAMPP/xamppfiles/htdocs/tmracing/vendor/laravel/framework/src/Illuminate/Pipeline/Pipeline.php(183): Illuminate\\Routing\\Middleware\\SubstituteBindings->handle(Object(Illuminate\\Http\\Request), Object(Closure))
#24 /Applications/XAMPP/xamppfiles/htdocs/tmracing/vendor/laravel/framework/src/Illuminate/Foundation/Http/Middleware/VerifyCsrfToken.php(78): Illuminate\\Pipeline\\Pipeline->Illuminate\\Pipeline\\{closure}(Object(Illuminate\\Http\\Request))
#25 /Applications/XAMPP/xamppfiles/htdocs/tmracing/vendor/laravel/framework/src/Illuminate/Pipeline/Pipeline.php(183): Illuminate\\Foundation\\Http\\Middleware\\VerifyCsrfToken->handle(Object(Illuminate\\Http\\Request), Object(Closure))
#26 /Applications/XAMPP/xamppfiles/htdocs/tmracing/vendor/laravel/framework/src/Illuminate/View/Middleware/ShareErrorsFromSession.php(49): Illuminate\\Pipeline\\Pipeline->Illuminate\\Pipeline\\{closure}(Object(Illuminate\\Http\\Request))
#27 /Applications/XAMPP/xamppfiles/htdocs/tmracing/vendor/laravel/framework/src/Illuminate/Pipeline/Pipeline.php(183): Illuminate\\View\\Middleware\\ShareErrorsFromSession->handle(Object(Illuminate\\Http\\Request), Object(Closure))
#28 /Applications/XAMPP/xamppfiles/htdocs/tmracing/vendor/laravel/framework/src/Illuminate/Session/Middleware/StartSession.php(121): Illuminate\\Pipeline\\Pipeline->Illuminate\\Pipeline\\{closure}(Object(Illuminate\\Http\\Request))
#29 /Applications/XAMPP/xamppfiles/htdocs/tmracing/vendor/laravel/framework/src/Illuminate/Session/Middleware/StartSession.php(64): Illuminate\\Session\\Middleware\\StartSession->handleStatefulRequest(Object(Illuminate\\Http\\Request), Object(Illuminate\\Session\\Store), Object(Closure))
#30 /Applications/XAMPP/xamppfiles/htdocs/tmracing/vendor/laravel/framework/src/Illuminate/Pipeline/Pipeline.php(183): Illuminate\\Session\\Middleware\\StartSession->handle(Object(Illuminate\\Http\\Request), Object(Closure))
#31 /Applications/XAMPP/xamppfiles/htdocs/tmracing/vendor/laravel/framework/src/Illuminate/Cookie/Middleware/AddQueuedCookiesToResponse.php(37): Illuminate\\Pipeline\\Pipeline->Illuminate\\Pipeline\\{closure}(Object(Illuminate\\Http\\Request))
#32 /Applications/XAMPP/xamppfiles/htdocs/tmracing/vendor/laravel/framework/src/Illuminate/Pipeline/Pipeline.php(183): Illuminate\\Cookie\\Middleware\\AddQueuedCookiesToResponse->handle(Object(Illuminate\\Http\\Request), Object(Closure))
#33 /Applications/XAMPP/xamppfiles/htdocs/tmracing/vendor/laravel/framework/src/Illuminate/Pipeline/Pipeline.php(119): Illuminate\\Pipeline\\Pipeline->Illuminate\\Pipeline\\{closure}(Object(Illuminate\\Http\\Request))
#34 /Applications/XAMPP/xamppfiles/htdocs/tmracing/vendor/laravel/framework/src/Illuminate/Routing/Router.php(805): Illuminate\\Pipeline\\Pipeline->then(Object(Closure))
#35 /Applications/XAMPP/xamppfiles/htdocs/tmracing/vendor/laravel/framework/src/Illuminate/Routing/Router.php(784): Illuminate\\Routing\\Router->runRouteWithinStack(Object(Illuminate\\Routing\\Route), Object(Illuminate\\Http\\Request))
#36 /Applications/XAMPP/xamppfiles/htdocs/tmracing/vendor/laravel/framework/src/Illuminate/Routing/Router.php(748): Illuminate\\Routing\\Router->runRoute(Object(Illuminate\\Http\\Request), Object(Illuminate\\Routing\\Route))
#37 /Applications/XAMPP/xamppfiles/htdocs/tmracing/vendor/laravel/framework/src/Illuminate/Routing/Router.php(737): Illuminate\\Routing\\Router->dispatchToRoute(Object(Illuminate\\Http\\Request))
#38 /Applications/XAMPP/xamppfiles/htdocs/tmracing/vendor/laravel/framework/src/Illuminate/Foundation/Http/Kernel.php(200): Illuminate\\Routing\\Router->dispatch(Object(Illuminate\\Http\\Request))
#39 /Applications/XAMPP/xamppfiles/htdocs/tmracing/vendor/laravel/framework/src/Illuminate/Pipeline/Pipeline.php(144): Illuminate\\Foundation\\Http\\Kernel->Illuminate\\Foundation\\Http\\{closure}(Object(Illuminate\\Http\\Request))
#40 /Applications/XAMPP/xamppfiles/htdocs/tmracing/vendor/barryvdh/laravel-debugbar/src/Middleware/InjectDebugbar.php(66): Illuminate\\Pipeline\\Pipeline->Illuminate\\Pipeline\\{closure}(Object(Illuminate\\Http\\Request))
#41 /Applications/XAMPP/xamppfiles/htdocs/tmracing/vendor/laravel/framework/src/Illuminate/Pipeline/Pipeline.php(183): Barryvdh\\Debugbar\\Middleware\\InjectDebugbar->handle(Object(Illuminate\\Http\\Request), Object(Closure))
#42 /Applications/XAMPP/xamppfiles/htdocs/tmracing/vendor/laravel/framework/src/Illuminate/Http/Middleware/TrustProxies.php(39): Illuminate\\Pipeline\\Pipeline->Illuminate\\Pipeline\\{closure}(Object(Illuminate\\Http\\Request))
#43 /Applications/XAMPP/xamppfiles/htdocs/tmracing/vendor/laravel/framework/src/Illuminate/Pipeline/Pipeline.php(183): Illuminate\\Http\\Middleware\\TrustProxies->handle(Object(Illuminate\\Http\\Request), Object(Closure))
#44 /Applications/XAMPP/xamppfiles/htdocs/tmracing/vendor/laravel/framework/src/Illuminate/Foundation/Http/Middleware/TransformsRequest.php(21): Illuminate\\Pipeline\\Pipeline->Illuminate\\Pipeline\\{closure}(Object(Illuminate\\Http\\Request))
#45 /Applications/XAMPP/xamppfiles/htdocs/tmracing/vendor/laravel/framework/src/Illuminate/Foundation/Http/Middleware/ConvertEmptyStringsToNull.php(31): Illuminate\\Foundation\\Http\\Middleware\\TransformsRequest->handle(Object(Illuminate\\Http\\Request), Object(Closure))
#46 /Applications/XAMPP/xamppfiles/htdocs/tmracing/vendor/laravel/framework/src/Illuminate/Pipeline/Pipeline.php(183): Illuminate\\Foundation\\Http\\Middleware\\ConvertEmptyStringsToNull->handle(Object(Illuminate\\Http\\Request), Object(Closure))
#47 /Applications/XAMPP/xamppfiles/htdocs/tmracing/vendor/laravel/framework/src/Illuminate/Foundation/Http/Middleware/TransformsRequest.php(21): Illuminate\\Pipeline\\Pipeline->Illuminate\\Pipeline\\{closure}(Object(Illuminate\\Http\\Request))
#48 /Applications/XAMPP/xamppfiles/htdocs/tmracing/vendor/laravel/framework/src/Illuminate/Foundation/Http/Middleware/TrimStrings.php(40): Illuminate\\Foundation\\Http\\Middleware\\TransformsRequest->handle(Object(Illuminate\\Http\\Request), Object(Closure))
#49 /Applications/XAMPP/xamppfiles/htdocs/tmracing/vendor/laravel/framework/src/Illuminate/Pipeline/Pipeline.php(183): Illuminate\\Foundation\\Http\\Middleware\\TrimStrings->handle(Object(Illuminate\\Http\\Request), Object(Closure))
#50 /Applications/XAMPP/xamppfiles/htdocs/tmracing/vendor/laravel/framework/src/Illuminate/Foundation/Http/Middleware/ValidatePostSize.php(27): Illuminate\\Pipeline\\Pipeline->Illuminate\\Pipeline\\{closure}(Object(Illuminate\\Http\\Request))
#51 /Applications/XAMPP/xamppfiles/htdocs/tmracing/vendor/laravel/framework/src/Illuminate/Pipeline/Pipeline.php(183): Illuminate\\Foundation\\Http\\Middleware\\ValidatePostSize->handle(Object(Illuminate\\Http\\Request), Object(Closure))
#52 /Applications/XAMPP/xamppfiles/htdocs/tmracing/vendor/laravel/framework/src/Illuminate/Pipeline/Pipeline.php(119): Illuminate\\Pipeline\\Pipeline->Illuminate\\Pipeline\\{closure}(Object(Illuminate\\Http\\Request))
#53 /Applications/XAMPP/xamppfiles/htdocs/tmracing/vendor/laravel/framework/src/Illuminate/Foundation/Http/Kernel.php(175): Illuminate\\Pipeline\\Pipeline->then(Object(Closure))
#54 /Applications/XAMPP/xamppfiles/htdocs/tmracing/vendor/laravel/framework/src/Illuminate/Foundation/Http/Kernel.php(144): Illuminate\\Foundation\\Http\\Kernel->sendRequestThroughRouter(Object(Illuminate\\Http\\Request))
#55 /Applications/XAMPP/xamppfiles/htdocs/tmracing/index.php(57): Illuminate\\Foundation\\Http\\Kernel->handle(Object(Illuminate\\Http\\Request))
#56 {main}

[previous exception] [object] (PDOException(code: 42S22): SQLSTATE[42S22]: Column not found: 1054 Unknown column 'order_reference' in 'field list' at /Applications/XAMPP/xamppfiles/htdocs/tmracing/vendor/laravel/framework/src/Illuminate/Database/Connection.php:581)
[stacktrace]
#0 /Applications/XAMPP/xamppfiles/htdocs/tmracing/vendor/laravel/framework/src/Illuminate/Database/Connection.php(581): PDO->prepare('insert into `or...')
#1 /Applications/XAMPP/xamppfiles/htdocs/tmracing/vendor/laravel/framework/src/Illuminate/Database/Connection.php(816): Illuminate\\Database\\Connection->Illuminate\\Database\\{closure}('insert into `or...', Array)
#2 /Applications/XAMPP/xamppfiles/htdocs/tmracing/vendor/laravel/framework/src/Illuminate/Database/Connection.php(783): Illuminate\\Database\\Connection->runQueryCallback('insert into `or...', Array, Object(Closure))
#3 /Applications/XAMPP/xamppfiles/htdocs/tmracing/vendor/laravel/framework/src/Illuminate/Database/Connection.php(576): Illuminate\\Database\\Connection->run('insert into `or...', Array, Object(Closure))
#4 /Applications/XAMPP/xamppfiles/htdocs/tmracing/vendor/laravel/framework/src/Illuminate/Database/Connection.php(540): Illuminate\\Database\\Connection->statement('insert into `or...', Array)
#5 /Applications/XAMPP/xamppfiles/htdocs/tmracing/vendor/laravel/framework/src/Illuminate/Database/Query/Processors/Processor.php(32): Illuminate\\Database\\Connection->insert('insert into `or...', Array)
#6 /Applications/XAMPP/xamppfiles/htdocs/tmracing/vendor/laravel/framework/src/Illuminate/Database/Query/Builder.php(3507): Illuminate\\Database\\Query\\Processors\\Processor->processInsertGetId(Object(Illuminate\\Database\\Query\\Builder), 'insert into `or...', Array, 'id')
#7 /Applications/XAMPP/xamppfiles/htdocs/tmracing/vendor/laravel/framework/src/Illuminate/Database/Eloquent/Builder.php(1982): Illuminate\\Database\\Query\\Builder->insertGetId(Array, 'id')
#8 /Applications/XAMPP/xamppfiles/htdocs/tmracing/vendor/laravel/framework/src/Illuminate/Database/Eloquent/Model.php(1333): Illuminate\\Database\\Eloquent\\Builder->__call('insertGetId', Array)
#9 /Applications/XAMPP/xamppfiles/htdocs/tmracing/vendor/laravel/framework/src/Illuminate/Database/Eloquent/Model.php(1298): Illuminate\\Database\\Eloquent\\Model->insertAndSetId(Object(Illuminate\\Database\\Eloquent\\Builder), Array)
#10 /Applications/XAMPP/xamppfiles/htdocs/tmracing/vendor/laravel/framework/src/Illuminate/Database/Eloquent/Model.php(1137): Illuminate\\Database\\Eloquent\\Model->performInsert(Object(Illuminate\\Database\\Eloquent\\Builder))
#11 /Applications/XAMPP/xamppfiles/htdocs/tmracing/app/Http/Controllers/FrontController.php(960): Illuminate\\Database\\Eloquent\\Model->save()
#12 /Applications/XAMPP/xamppfiles/htdocs/tmracing/vendor/laravel/framework/src/Illuminate/Routing/Controller.php(54): App\\Http\\Controllers\\FrontController->placeOrder(Object(Illuminate\\Http\\Request))
#13 /Applications/XAMPP/xamppfiles/htdocs/tmracing/vendor/laravel/framework/src/Illuminate/Routing/ControllerDispatcher.php(43): Illuminate\\Routing\\Controller->callAction('placeOrder', Array)
#14 /Applications/XAMPP/xamppfiles/htdocs/tmracing/vendor/laravel/framework/src/Illuminate/Routing/Route.php(259): Illuminate\\Routing\\ControllerDispatcher->dispatch(Object(Illuminate\\Routing\\Route), Object(App\\Http\\Controllers\\FrontController), 'placeOrder')
#15 /Applications/XAMPP/xamppfiles/htdocs/tmracing/vendor/laravel/framework/src/Illuminate/Routing/Route.php(205): Illuminate\\Routing\\Route->runController()
#16 /Applications/XAMPP/xamppfiles/htdocs/tmracing/vendor/laravel/framework/src/Illuminate/Routing/Router.php(806): Illuminate\\Routing\\Route->run()
#17 /Applications/XAMPP/xamppfiles/htdocs/tmracing/vendor/laravel/framework/src/Illuminate/Pipeline/Pipeline.php(144): Illuminate\\Routing\\Router->Illuminate\\Routing\\{closure}(Object(Illuminate\\Http\\Request))
#18 /Applications/XAMPP/xamppfiles/htdocs/tmracing/app/Http/Middleware/CheckForMaintenanceMode.php(58): Illuminate\\Pipeline\\Pipeline->Illuminate\\Pipeline\\{closure}(Object(Illuminate\\Http\\Request))
#19 /Applications/XAMPP/xamppfiles/htdocs/tmracing/vendor/laravel/framework/src/Illuminate/Pipeline/Pipeline.php(183): App\\Http\\Middleware\\CheckForMaintenanceMode->handle(Object(Illuminate\\Http\\Request), Object(Closure))
#20 /Applications/XAMPP/xamppfiles/htdocs/tmracing/app/Http/Middleware/HttpsProtocol.php(20): Illuminate\\Pipeline\\Pipeline->Illuminate\\Pipeline\\{closure}(Object(Illuminate\\Http\\Request))
#21 /Applications/XAMPP/xamppfiles/htdocs/tmracing/vendor/laravel/framework/src/Illuminate/Pipeline/Pipeline.php(183): App\\Http\\Middleware\\HttpsProtocol->handle(Object(Illuminate\\Http\\Request), Object(Closure))
#22 /Applications/XAMPP/xamppfiles/htdocs/tmracing/app/Http/Middleware/Language.php(31): Illuminate\\Pipeline\\Pipeline->Illuminate\\Pipeline\\{closure}(Object(Illuminate\\Http\\Request))
#23 /Applications/XAMPP/xamppfiles/htdocs/tmracing/vendor/laravel/framework/src/Illuminate/Pipeline/Pipeline.php(183): App\\Http\\Middleware\\Language->handle(Object(Illuminate\\Http\\Request), Object(Closure))
#24 /Applications/XAMPP/xamppfiles/htdocs/tmracing/vendor/laravel/framework/src/Illuminate/Routing/Middleware/SubstituteBindings.php(50): Illuminate\\Pipeline\\Pipeline->Illuminate\\Pipeline\\{closure}(Object(Illuminate\\Http\\Request))
#25 /Applications/XAMPP/xamppfiles/htdocs/tmracing/vendor/laravel/framework/src/Illuminate/Pipeline/Pipeline.php(183): Illuminate\\Routing\\Middleware\\SubstituteBindings->handle(Object(Illuminate\\Http\\Request), Object(Closure))
#26 /Applications/XAMPP/xamppfiles/htdocs/tmracing/vendor/laravel/framework/src/Illuminate/Foundation/Http/Middleware/VerifyCsrfToken.php(78): Illuminate\\Pipeline\\Pipeline->Illuminate\\Pipeline\\{closure}(Object(Illuminate\\Http\\Request))
#27 /Applications/XAMPP/xamppfiles/htdocs/tmracing/vendor/laravel/framework/src/Illuminate/Pipeline/Pipeline.php(183): Illuminate\\Foundation\\Http\\Middleware\\VerifyCsrfToken->handle(Object(Illuminate\\Http\\Request), Object(Closure))
#28 /Applications/XAMPP/xamppfiles/htdocs/tmracing/vendor/laravel/framework/src/Illuminate/View/Middleware/ShareErrorsFromSession.php(49): Illuminate\\Pipeline\\Pipeline->Illuminate\\Pipeline\\{closure}(Object(Illuminate\\Http\\Request))
#29 /Applications/XAMPP/xamppfiles/htdocs/tmracing/vendor/laravel/framework/src/Illuminate/Pipeline/Pipeline.php(183): Illuminate\\View\\Middleware\\ShareErrorsFromSession->handle(Object(Illuminate\\Http\\Request), Object(Closure))
#30 /Applications/XAMPP/xamppfiles/htdocs/tmracing/vendor/laravel/framework/src/Illuminate/Session/Middleware/StartSession.php(121): Illuminate\\Pipeline\\Pipeline->Illuminate\\Pipeline\\{closure}(Object(Illuminate\\Http\\Request))
#31 /Applications/XAMPP/xamppfiles/htdocs/tmracing/vendor/laravel/framework/src/Illuminate/Session/Middleware/StartSession.php(64): Illuminate\\Session\\Middleware\\StartSession->handleStatefulRequest(Object(Illuminate\\Http\\Request), Object(Illuminate\\Session\\Store), Object(Closure))
#32 /Applications/XAMPP/xamppfiles/htdocs/tmracing/vendor/laravel/framework/src/Illuminate/Pipeline/Pipeline.php(183): Illuminate\\Session\\Middleware\\StartSession->handle(Object(Illuminate\\Http\\Request), Object(Closure))
#33 /Applications/XAMPP/xamppfiles/htdocs/tmracing/vendor/laravel/framework/src/Illuminate/Cookie/Middleware/AddQueuedCookiesToResponse.php(37): Illuminate\\Pipeline\\Pipeline->Illuminate\\Pipeline\\{closure}(Object(Illuminate\\Http\\Request))
#34 /Applications/XAMPP/xamppfiles/htdocs/tmracing/vendor/laravel/framework/src/Illuminate/Pipeline/Pipeline.php(183): Illuminate\\Cookie\\Middleware\\AddQueuedCookiesToResponse->handle(Object(Illuminate\\Http\\Request), Object(Closure))
#35 /Applications/XAMPP/xamppfiles/htdocs/tmracing/vendor/laravel/framework/src/Illuminate/Pipeline/Pipeline.php(119): Illuminate\\Pipeline\\Pipeline->Illuminate\\Pipeline\\{closure}(Object(Illuminate\\Http\\Request))
#36 /Applications/XAMPP/xamppfiles/htdocs/tmracing/vendor/laravel/framework/src/Illuminate/Routing/Router.php(805): Illuminate\\Pipeline\\Pipeline->then(Object(Closure))
#37 /Applications/XAMPP/xamppfiles/htdocs/tmracing/vendor/laravel/framework/src/Illuminate/Routing/Router.php(784): Illuminate\\Routing\\Router->runRouteWithinStack(Object(Illuminate\\Routing\\Route), Object(Illuminate\\Http\\Request))
#38 /Applications/XAMPP/xamppfiles/htdocs/tmracing/vendor/laravel/framework/src/Illuminate/Routing/Router.php(748): Illuminate\\Routing\\Router->runRoute(Object(Illuminate\\Http\\Request), Object(Illuminate\\Routing\\Route))
#39 /Applications/XAMPP/xamppfiles/htdocs/tmracing/vendor/laravel/framework/src/Illuminate/Routing/Router.php(737): Illuminate\\Routing\\Router->dispatchToRoute(Object(Illuminate\\Http\\Request))
#40 /Applications/XAMPP/xamppfiles/htdocs/tmracing/vendor/laravel/framework/src/Illuminate/Foundation/Http/Kernel.php(200): Illuminate\\Routing\\Router->dispatch(Object(Illuminate\\Http\\Request))
#41 /Applications/XAMPP/xamppfiles/htdocs/tmracing/vendor/laravel/framework/src/Illuminate/Pipeline/Pipeline.php(144): Illuminate\\Foundation\\Http\\Kernel->Illuminate\\Foundation\\Http\\{closure}(Object(Illuminate\\Http\\Request))
#42 /Applications/XAMPP/xamppfiles/htdocs/tmracing/vendor/barryvdh/laravel-debugbar/src/Middleware/InjectDebugbar.php(66): Illuminate\\Pipeline\\Pipeline->Illuminate\\Pipeline\\{closure}(Object(Illuminate\\Http\\Request))
#43 /Applications/XAMPP/xamppfiles/htdocs/tmracing/vendor/laravel/framework/src/Illuminate/Pipeline/Pipeline.php(183): Barryvdh\\Debugbar\\Middleware\\InjectDebugbar->handle(Object(Illuminate\\Http\\Request), Object(Closure))
#44 /Applications/XAMPP/xamppfiles/htdocs/tmracing/vendor/laravel/framework/src/Illuminate/Http/Middleware/TrustProxies.php(39): Illuminate\\Pipeline\\Pipeline->Illuminate\\Pipeline\\{closure}(Object(Illuminate\\Http\\Request))
#45 /Applications/XAMPP/xamppfiles/htdocs/tmracing/vendor/laravel/framework/src/Illuminate/Pipeline/Pipeline.php(183): Illuminate\\Http\\Middleware\\TrustProxies->handle(Object(Illuminate\\Http\\Request), Object(Closure))
#46 /Applications/XAMPP/xamppfiles/htdocs/tmracing/vendor/laravel/framework/src/Illuminate/Foundation/Http/Middleware/TransformsRequest.php(21): Illuminate\\Pipeline\\Pipeline->Illuminate\\Pipeline\\{closure}(Object(Illuminate\\Http\\Request))
#47 /Applications/XAMPP/xamppfiles/htdocs/tmracing/vendor/laravel/framework/src/Illuminate/Foundation/Http/Middleware/ConvertEmptyStringsToNull.php(31): Illuminate\\Foundation\\Http\\Middleware\\TransformsRequest->handle(Object(Illuminate\\Http\\Request), Object(Closure))
#48 /Applications/XAMPP/xamppfiles/htdocs/tmracing/vendor/laravel/framework/src/Illuminate/Pipeline/Pipeline.php(183): Illuminate\\Foundation\\Http\\Middleware\\ConvertEmptyStringsToNull->handle(Object(Illuminate\\Http\\Request), Object(Closure))
#49 /Applications/XAMPP/xamppfiles/htdocs/tmracing/vendor/laravel/framework/src/Illuminate/Foundation/Http/Middleware/TransformsRequest.php(21): Illuminate\\Pipeline\\Pipeline->Illuminate\\Pipeline\\{closure}(Object(Illuminate\\Http\\Request))
#50 /Applications/XAMPP/xamppfiles/htdocs/tmracing/vendor/laravel/framework/src/Illuminate/Foundation/Http/Middleware/TrimStrings.php(40): Illuminate\\Foundation\\Http\\Middleware\\TransformsRequest->handle(Object(Illuminate\\Http\\Request), Object(Closure))
#51 /Applications/XAMPP/xamppfiles/htdocs/tmracing/vendor/laravel/framework/src/Illuminate/Pipeline/Pipeline.php(183): Illuminate\\Foundation\\Http\\Middleware\\TrimStrings->handle(Object(Illuminate\\Http\\Request), Object(Closure))
#52 /Applications/XAMPP/xamppfiles/htdocs/tmracing/vendor/laravel/framework/src/Illuminate/Foundation/Http/Middleware/ValidatePostSize.php(27): Illuminate\\Pipeline\\Pipeline->Illuminate\\Pipeline\\{closure}(Object(Illuminate\\Http\\Request))
#53 /Applications/XAMPP/xamppfiles/htdocs/tmracing/vendor/laravel/framework/src/Illuminate/Pipeline/Pipeline.php(183): Illuminate\\Foundation\\Http\\Middleware\\ValidatePostSize->handle(Object(Illuminate\\Http\\Request), Object(Closure))
#54 /Applications/XAMPP/xamppfiles/htdocs/tmracing/vendor/laravel/framework/src/Illuminate/Pipeline/Pipeline.php(119): Illuminate\\Pipeline\\Pipeline->Illuminate\\Pipeline\\{closure}(Object(Illuminate\\Http\\Request))
#55 /Applications/XAMPP/xamppfiles/htdocs/tmracing/vendor/laravel/framework/src/Illuminate/Foundation/Http/Kernel.php(175): Illuminate\\Pipeline\\Pipeline->then(Object(Closure))
#56 /Applications/XAMPP/xamppfiles/htdocs/tmracing/vendor/laravel/framework/src/Illuminate/Foundation/Http/Kernel.php(144): Illuminate\\Foundation\\Http\\Kernel->sendRequestThroughRouter(Object(Illuminate\\Http\\Request))
#57 /Applications/XAMPP/xamppfiles/htdocs/tmracing/index.php(57): Illuminate\\Foundation\\Http\\Kernel->handle(Object(Illuminate\\Http\\Request))
#58 {main}
"} 
[2025-12-12 01:38:37] local.ERROR: Route [languages.index] not defined. (View: /Applications/XAMPP/xamppfiles/htdocs/tmracing/resources/views/backend/inc/admin_sidenav.blade.php) (View: /Applications/XAMPP/xamppfiles/htdocs/tmracing/resources/views/backend/inc/admin_sidenav.blade.php) (View: /Applications/XAMPP/xamppfiles/htdocs/tmracing/resources/views/backend/inc/admin_sidenav.blade.php) {"userId":9,"exception":"[object] (Illuminate\\View\\ViewException(code: 0): Route [languages.index] not defined. (View: /Applications/XAMPP/xamppfiles/htdocs/tmracing/resources/views/backend/inc/admin_sidenav.blade.php) (View: /Applications/XAMPP/xamppfiles/htdocs/tmracing/resources/views/backend/inc/admin_sidenav.blade.php) (View: /Applications/XAMPP/xamppfiles/htdocs/tmracing/resources/views/backend/inc/admin_sidenav.blade.php) at /Applications/XAMPP/xamppfiles/htdocs/tmracing/vendor/laravel/framework/src/Illuminate/Routing/UrlGenerator.php:477)
[stacktrace]
#0 /Applications/XAMPP/xamppfiles/htdocs/tmracing/vendor/laravel/framework/src/Illuminate/View/Engines/PhpEngine.php(60): Illuminate\\View\\Engines\\CompilerEngine->handleViewException(Object(Illuminate\\View\\ViewException), 1)
#1 /Applications/XAMPP/xamppfiles/htdocs/tmracing/vendor/laravel/framework/src/Illuminate/View/Engines/CompilerEngine.php(72): Illuminate\\View\\Engines\\PhpEngine->evaluatePath('/Applications/X...', Array)
#2 /Applications/XAMPP/xamppfiles/htdocs/tmracing/vendor/laravel/framework/src/Illuminate/View/View.php(207): Illuminate\\View\\Engines\\CompilerEngine->get('/Applications/X...', Array)
#3 /Applications/XAMPP/xamppfiles/htdocs/tmracing/vendor/laravel/framework/src/Illuminate/View/View.php(190): Illuminate\\View\\View->getContents()
#4 /Applications/XAMPP/xamppfiles/htdocs/tmracing/vendor/laravel/framework/src/Illuminate/View/View.php(159): Illuminate\\View\\View->renderContents()
#5 /Applications/XAMPP/xamppfiles/htdocs/tmracing/vendor/laravel/framework/src/Illuminate/Http/Response.php(69): Illuminate\\View\\View->render()
#6 /Applications/XAMPP/xamppfiles/htdocs/tmracing/vendor/laravel/framework/src/Illuminate/Http/Response.php(35): Illuminate\\Http\\Response->setContent(Object(Illuminate\\View\\View))
#7 /Applications/XAMPP/xamppfiles/htdocs/tmracing/vendor/laravel/framework/src/Illuminate/Routing/Router.php(918): Illuminate\\Http\\Response->__construct(Object(Illuminate\\View\\View), 200, Array)
#8 /Applications/XAMPP/xamppfiles/htdocs/tmracing/vendor/laravel/framework/src/Illuminate/Routing/Router.php(885): Illuminate\\Routing\\Router::toResponse(Object(Illuminate\\Http\\Request), Object(Illuminate\\View\\View))
#9 /Applications/XAMPP/xamppfiles/htdocs/tmracing/vendor/laravel/framework/src/Illuminate/Routing/Router.php(805): Illuminate\\Routing\\Router->prepareResponse(Object(Illuminate\\Http\\Request), Object(Illuminate\\View\\View))
#10 /Applications/XAMPP/xamppfiles/htdocs/tmracing/vendor/laravel/framework/src/Illuminate/Pipeline/Pipeline.php(144): Illuminate\\Routing\\Router->Illuminate\\Routing\\{closure}(Object(Illuminate\\Http\\Request))
#11 /Applications/XAMPP/xamppfiles/htdocs/tmracing/app/Http/Middleware/IsAdmin.php(20): Illuminate\\Pipeline\\Pipeline->Illuminate\\Pipeline\\{closure}(Object(Illuminate\\Http\\Request))
#12 /Applications/XAMPP/xamppfiles/htdocs/tmracing/vendor/laravel/framework/src/Illuminate/Pipeline/Pipeline.php(183): App\\Http\\Middleware\\IsAdmin->handle(Object(Illuminate\\Http\\Request), Object(Closure))
#13 /Applications/XAMPP/xamppfiles/htdocs/tmracing/app/Http/Middleware/CheckForMaintenanceMode.php(58): Illuminate\\Pipeline\\Pipeline->Illuminate\\Pipeline\\{closure}(Object(Illuminate\\Http\\Request))
#14 /Applications/XAMPP/xamppfiles/htdocs/tmracing/vendor/laravel/framework/src/Illuminate/Pipeline/Pipeline.php(183): App\\Http\\Middleware\\CheckForMaintenanceMode->handle(Object(Illuminate\\Http\\Request), Object(Closure))
#15 /Applications/XAMPP/xamppfiles/htdocs/tmracing/app/Http/Middleware/HttpsProtocol.php(20): Illuminate\\Pipeline\\Pipeline->Illuminate\\Pipeline\\{closure}(Object(Illuminate\\Http\\Request))
#16 /Applications/XAMPP/xamppfiles/htdocs/tmracing/vendor/laravel/framework/src/Illuminate/Pipeline/Pipeline.php(183): App\\Http\\Middleware\\HttpsProtocol->handle(Object(Illuminate\\Http\\Request), Object(Closure))
#17 /Applications/XAMPP/xamppfiles/htdocs/tmracing/app/Http/Middleware/Language.php(31): Illuminate\\Pipeline\\Pipeline->Illuminate\\Pipeline\\{closure}(Object(Illuminate\\Http\\Request))
#18 /Applications/XAMPP/xamppfiles/htdocs/tmracing/vendor/laravel/framework/src/Illuminate/Pipeline/Pipeline.php(183): App\\Http\\Middleware\\Language->handle(Object(Illuminate\\Http\\Request), Object(Closure))
#19 /Applications/XAMPP/xamppfiles/htdocs/tmracing/vendor/laravel/framework/src/Illuminate/Routing/Middleware/SubstituteBindings.php(50): Illuminate\\Pipeline\\Pipeline->Illuminate\\Pipeline\\{closure}(Object(Illuminate\\Http\\Request))
#20 /Applications/XAMPP/xamppfiles/htdocs/tmracing/vendor/laravel/framework/src/Illuminate/Pipeline/Pipeline.php(183): Illuminate\\Routing\\Middleware\\SubstituteBindings->handle(Object(Illuminate\\Http\\Request), Object(Closure))
#21 /Applications/XAMPP/xamppfiles/htdocs/tmracing/vendor/laravel/framework/src/Illuminate/Auth/Middleware/Authenticate.php(57): Illuminate\\Pipeline\\Pipeline->Illuminate\\Pipeline\\{closure}(Object(Illuminate\\Http\\Request))
#22 /Applications/XAMPP/xamppfiles/htdocs/tmracing/vendor/laravel/framework/src/Illuminate/Pipeline/Pipeline.php(183): Illuminate\\Auth\\Middleware\\Authenticate->handle(Object(Illuminate\\Http\\Request), Object(Closure))
#23 /Applications/XAMPP/xamppfiles/htdocs/tmracing/vendor/laravel/framework/src/Illuminate/Foundation/Http/Middleware/VerifyCsrfToken.php(78): Illuminate\\Pipeline\\Pipeline->Illuminate\\Pipeline\\{closure}(Object(Illuminate\\Http\\Request))
#24 /Applications/XAMPP/xamppfiles/htdocs/tmracing/vendor/laravel/framework/src/Illuminate/Pipeline/Pipeline.php(183): Illuminate\\Foundation\\Http\\Middleware\\VerifyCsrfToken->handle(Object(Illuminate\\Http\\Request), Object(Closure))
#25 /Applications/XAMPP/xamppfiles/htdocs/tmracing/vendor/laravel/framework/src/Illuminate/View/Middleware/ShareErrorsFromSession.php(49): Illuminate\\Pipeline\\Pipeline->Illuminate\\Pipeline\\{closure}(Object(Illuminate\\Http\\Request))
#26 /Applications/XAMPP/xamppfiles/htdocs/tmracing/vendor/laravel/framework/src/Illuminate/Pipeline/Pipeline.php(183): Illuminate\\View\\Middleware\\ShareErrorsFromSession->handle(Object(Illuminate\\Http\\Request), Object(Closure))
#27 /Applications/XAMPP/xamppfiles/htdocs/tmracing/vendor/laravel/framework/src/Illuminate/Session/Middleware/StartSession.php(121): Illuminate\\Pipeline\\Pipeline->Illuminate\\Pipeline\\{closure}(Object(Illuminate\\Http\\Request))
#28 /Applications/XAMPP/xamppfiles/htdocs/tmracing/vendor/laravel/framework/src/Illuminate/Session/Middleware/StartSession.php(64): Illuminate\\Session\\Middleware\\StartSession->handleStatefulRequest(Object(Illuminate\\Http\\Request), Object(Illuminate\\Session\\Store), Object(Closure))
#29 /Applications/XAMPP/xamppfiles/htdocs/tmracing/vendor/laravel/framework/src/Illuminate/Pipeline/Pipeline.php(183): Illuminate\\Session\\Middleware\\StartSession->handle(Object(Illuminate\\Http\\Request), Object(Closure))
#30 /Applications/XAMPP/xamppfiles/htdocs/tmracing/vendor/laravel/framework/src/Illuminate/Cookie/Middleware/AddQueuedCookiesToResponse.php(37): Illuminate\\Pipeline\\Pipeline->Illuminate\\Pipeline\\{closure}(Object(Illuminate\\Http\\Request))
#31 /Applications/XAMPP/xamppfiles/htdocs/tmracing/vendor/laravel/framework/src/Illuminate/Pipeline/Pipeline.php(183): Illuminate\\Cookie\\Middleware\\AddQueuedCookiesToResponse->handle(Object(Illuminate\\Http\\Request), Object(Closure))
#32 /Applications/XAMPP/xamppfiles/htdocs/tmracing/vendor/laravel/framework/src/Illuminate/Pipeline/Pipeline.php(119): Illuminate\\Pipeline\\Pipeline->Illuminate\\Pipeline\\{closure}(Object(Illuminate\\Http\\Request))
#33 /Applications/XAMPP/xamppfiles/htdocs/tmracing/vendor/laravel/framework/src/Illuminate/Routing/Router.php(805): Illuminate\\Pipeline\\Pipeline->then(Object(Closure))
#34 /Applications/XAMPP/xamppfiles/htdocs/tmracing/vendor/laravel/framework/src/Illuminate/Routing/Router.php(784): Illuminate\\Routing\\Router->runRouteWithinStack(Object(Illuminate\\Routing\\Route), Object(Illuminate\\Http\\Request))
#35 /Applications/XAMPP/xamppfiles/htdocs/tmracing/vendor/laravel/framework/src/Illuminate/Routing/Router.php(748): Illuminate\\Routing\\Router->runRoute(Object(Illuminate\\Http\\Request), Object(Illuminate\\Routing\\Route))
#36 /Applications/XAMPP/xamppfiles/htdocs/tmracing/vendor/laravel/framework/src/Illuminate/Routing/Router.php(737): Illuminate\\Routing\\Router->dispatchToRoute(Object(Illuminate\\Http\\Request))
#37 /Applications/XAMPP/xamppfiles/htdocs/tmracing/vendor/laravel/framework/src/Illuminate/Foundation/Http/Kernel.php(200): Illuminate\\Routing\\Router->dispatch(Object(Illuminate\\Http\\Request))
#38 /Applications/XAMPP/xamppfiles/htdocs/tmracing/vendor/laravel/framework/src/Illuminate/Pipeline/Pipeline.php(144): Illuminate\\Foundation\\Http\\Kernel->Illuminate\\Foundation\\Http\\{closure}(Object(Illuminate\\Http\\Request))
#39 /Applications/XAMPP/xamppfiles/htdocs/tmracing/vendor/barryvdh/laravel-debugbar/src/Middleware/InjectDebugbar.php(66): Illuminate\\Pipeline\\Pipeline->Illuminate\\Pipeline\\{closure}(Object(Illuminate\\Http\\Request))
#40 /Applications/XAMPP/xamppfiles/htdocs/tmracing/vendor/laravel/framework/src/Illuminate/Pipeline/Pipeline.php(183): Barryvdh\\Debugbar\\Middleware\\InjectDebugbar->handle(Object(Illuminate\\Http\\Request), Object(Closure))
#41 /Applications/XAMPP/xamppfiles/htdocs/tmracing/vendor/laravel/framework/src/Illuminate/Http/Middleware/TrustProxies.php(39): Illuminate\\Pipeline\\Pipeline->Illuminate\\Pipeline\\{closure}(Object(Illuminate\\Http\\Request))
#42 /Applications/XAMPP/xamppfiles/htdocs/tmracing/vendor/laravel/framework/src/Illuminate/Pipeline/Pipeline.php(183): Illuminate\\Http\\Middleware\\TrustProxies->handle(Object(Illuminate\\Http\\Request), Object(Closure))
#43 /Applications/XAMPP/xamppfiles/htdocs/tmracing/vendor/laravel/framework/src/Illuminate/Foundation/Http/Middleware/TransformsRequest.php(21): Illuminate\\Pipeline\\Pipeline->Illuminate\\Pipeline\\{closure}(Object(Illuminate\\Http\\Request))
#44 /Applications/XAMPP/xamppfiles/htdocs/tmracing/vendor/laravel/framework/src/Illuminate/Foundation/Http/Middleware/ConvertEmptyStringsToNull.php(31): Illuminate\\Foundation\\Http\\Middleware\\TransformsRequest->handle(Object(Illuminate\\Http\\Request), Object(Closure))
#45 /Applications/XAMPP/xamppfiles/htdocs/tmracing/vendor/laravel/framework/src/Illuminate/Pipeline/Pipeline.php(183): Illuminate\\Foundation\\Http\\Middleware\\ConvertEmptyStringsToNull->handle(Object(Illuminate\\Http\\Request), Object(Closure))
#46 /Applications/XAMPP/xamppfiles/htdocs/tmracing/vendor/laravel/framework/src/Illuminate/Foundation/Http/Middleware/TransformsRequest.php(21): Illuminate\\Pipeline\\Pipeline->Illuminate\\Pipeline\\{closure}(Object(Illuminate\\Http\\Request))
#47 /Applications/XAMPP/xamppfiles/htdocs/tmracing/vendor/laravel/framework/src/Illuminate/Foundation/Http/Middleware/TrimStrings.php(40): Illuminate\\Foundation\\Http\\Middleware\\TransformsRequest->handle(Object(Illuminate\\Http\\Request), Object(Closure))
#48 /Applications/XAMPP/xamppfiles/htdocs/tmracing/vendor/laravel/framework/src/Illuminate/Pipeline/Pipeline.php(183): Illuminate\\Foundation\\Http\\Middleware\\TrimStrings->handle(Object(Illuminate\\Http\\Request), Object(Closure))
#49 /Applications/XAMPP/xamppfiles/htdocs/tmracing/vendor/laravel/framework/src/Illuminate/Foundation/Http/Middleware/ValidatePostSize.php(27): Illuminate\\Pipeline\\Pipeline->Illuminate\\Pipeline\\{closure}(Object(Illuminate\\Http\\Request))
#50 /Applications/XAMPP/xamppfiles/htdocs/tmracing/vendor/laravel/framework/src/Illuminate/Pipeline/Pipeline.php(183): Illuminate\\Foundation\\Http\\Middleware\\ValidatePostSize->handle(Object(Illuminate\\Http\\Request), Object(Closure))
#51 /Applications/XAMPP/xamppfiles/htdocs/tmracing/vendor/laravel/framework/src/Illuminate/Pipeline/Pipeline.php(119): Illuminate\\Pipeline\\Pipeline->Illuminate\\Pipeline\\{closure}(Object(Illuminate\\Http\\Request))
#52 /Applications/XAMPP/xamppfiles/htdocs/tmracing/vendor/laravel/framework/src/Illuminate/Foundation/Http/Kernel.php(175): Illuminate\\Pipeline\\Pipeline->then(Object(Closure))
#53 /Applications/XAMPP/xamppfiles/htdocs/tmracing/vendor/laravel/framework/src/Illuminate/Foundation/Http/Kernel.php(144): Illuminate\\Foundation\\Http\\Kernel->sendRequestThroughRouter(Object(Illuminate\\Http\\Request))
#54 /Applications/XAMPP/xamppfiles/htdocs/tmracing/index.php(57): Illuminate\\Foundation\\Http\\Kernel->handle(Object(Illuminate\\Http\\Request))
#55 {main}

[previous exception] [object] (Illuminate\\View\\ViewException(code: 0): Route [languages.index] not defined. (View: /Applications/XAMPP/xamppfiles/htdocs/tmracing/resources/views/backend/inc/admin_sidenav.blade.php) (View: /Applications/XAMPP/xamppfiles/htdocs/tmracing/resources/views/backend/inc/admin_sidenav.blade.php) at /Applications/XAMPP/xamppfiles/htdocs/tmracing/vendor/laravel/framework/src/Illuminate/Routing/UrlGenerator.php:477)
[stacktrace]
#0 /Applications/XAMPP/xamppfiles/htdocs/tmracing/vendor/laravel/framework/src/Illuminate/View/Engines/PhpEngine.php(60): Illuminate\\View\\Engines\\CompilerEngine->handleViewException(Object(Illuminate\\View\\ViewException), 2)
#1 /Applications/XAMPP/xamppfiles/htdocs/tmracing/vendor/laravel/framework/src/Illuminate/View/Engines/CompilerEngine.php(72): Illuminate\\View\\Engines\\PhpEngine->evaluatePath('/Applications/X...', Array)
#2 /Applications/XAMPP/xamppfiles/htdocs/tmracing/vendor/laravel/framework/src/Illuminate/View/View.php(207): Illuminate\\View\\Engines\\CompilerEngine->get('/Applications/X...', Array)
#3 /Applications/XAMPP/xamppfiles/htdocs/tmracing/vendor/laravel/framework/src/Illuminate/View/View.php(190): Illuminate\\View\\View->getContents()
#4 /Applications/XAMPP/xamppfiles/htdocs/tmracing/vendor/laravel/framework/src/Illuminate/View/View.php(159): Illuminate\\View\\View->renderContents()
#5 /Applications/XAMPP/xamppfiles/htdocs/tmracing/storage/framework/views/2add04623f74d611fd5a0baea40cdc55.php(782): Illuminate\\View\\View->render()
#6 /Applications/XAMPP/xamppfiles/htdocs/tmracing/vendor/laravel/framework/src/Illuminate/Filesystem/Filesystem.php(123): require('/Applications/X...')
#7 /Applications/XAMPP/xamppfiles/htdocs/tmracing/vendor/laravel/framework/src/Illuminate/Filesystem/Filesystem.php(124): Illuminate\\Filesystem\\Filesystem::Illuminate\\Filesystem\\{closure}()
#8 /Applications/XAMPP/xamppfiles/htdocs/tmracing/vendor/laravel/framework/src/Illuminate/View/Engines/PhpEngine.php(58): Illuminate\\Filesystem\\Filesystem->getRequire('/Applications/X...', Array)
#9 /Applications/XAMPP/xamppfiles/htdocs/tmracing/vendor/laravel/framework/src/Illuminate/View/Engines/CompilerEngine.php(72): Illuminate\\View\\Engines\\PhpEngine->evaluatePath('/Applications/X...', Array)
#10 /Applications/XAMPP/xamppfiles/htdocs/tmracing/vendor/laravel/framework/src/Illuminate/View/View.php(207): Illuminate\\View\\Engines\\CompilerEngine->get('/Applications/X...', Array)
#11 /Applications/XAMPP/xamppfiles/htdocs/tmracing/vendor/laravel/framework/src/Illuminate/View/View.php(190): Illuminate\\View\\View->getContents()
#12 /Applications/XAMPP/xamppfiles/htdocs/tmracing/vendor/laravel/framework/src/Illuminate/View/View.php(159): Illuminate\\View\\View->renderContents()
#13 /Applications/XAMPP/xamppfiles/htdocs/tmracing/vendor/laravel/framework/src/Illuminate/Http/Response.php(69): Illuminate\\View\\View->render()
#14 /Applications/XAMPP/xamppfiles/htdocs/tmracing/vendor/laravel/framework/src/Illuminate/Http/Response.php(35): Illuminate\\Http\\Response->setContent(Object(Illuminate\\View\\View))
#15 /Applications/XAMPP/xamppfiles/htdocs/tmracing/vendor/laravel/framework/src/Illuminate/Routing/Router.php(918): Illuminate\\Http\\Response->__construct(Object(Illuminate\\View\\View), 200, Array)
#16 /Applications/XAMPP/xamppfiles/htdocs/tmracing/vendor/laravel/framework/src/Illuminate/Routing/Router.php(885): Illuminate\\Routing\\Router::toResponse(Object(Illuminate\\Http\\Request), Object(Illuminate\\View\\View))
#17 /Applications/XAMPP/xamppfiles/htdocs/tmracing/vendor/laravel/framework/src/Illuminate/Routing/Router.php(805): Illuminate\\Routing\\Router->prepareResponse(Object(Illuminate\\Http\\Request), Object(Illuminate\\View\\View))
#18 /Applications/XAMPP/xamppfiles/htdocs/tmracing/vendor/laravel/framework/src/Illuminate/Pipeline/Pipeline.php(144): Illuminate\\Routing\\Router->Illuminate\\Routing\\{closure}(Object(Illuminate\\Http\\Request))
#19 /Applications/XAMPP/xamppfiles/htdocs/tmracing/app/Http/Middleware/IsAdmin.php(20): Illuminate\\Pipeline\\Pipeline->Illuminate\\Pipeline\\{closure}(Object(Illuminate\\Http\\Request))
#20 /Applications/XAMPP/xamppfiles/htdocs/tmracing/vendor/laravel/framework/src/Illuminate/Pipeline/Pipeline.php(183): App\\Http\\Middleware\\IsAdmin->handle(Object(Illuminate\\Http\\Request), Object(Closure))
#21 /Applications/XAMPP/xamppfiles/htdocs/tmracing/app/Http/Middleware/CheckForMaintenanceMode.php(58): Illuminate\\Pipeline\\Pipeline->Illuminate\\Pipeline\\{closure}(Object(Illuminate\\Http\\Request))
#22 /Applications/XAMPP/xamppfiles/htdocs/tmracing/vendor/laravel/framework/src/Illuminate/Pipeline/Pipeline.php(183): App\\Http\\Middleware\\CheckForMaintenanceMode->handle(Object(Illuminate\\Http\\Request), Object(Closure))
#23 /Applications/XAMPP/xamppfiles/htdocs/tmracing/app/Http/Middleware/HttpsProtocol.php(20): Illuminate\\Pipeline\\Pipeline->Illuminate\\Pipeline\\{closure}(Object(Illuminate\\Http\\Request))
#24 /Applications/XAMPP/xamppfiles/htdocs/tmracing/vendor/laravel/framework/src/Illuminate/Pipeline/Pipeline.php(183): App\\Http\\Middleware\\HttpsProtocol->handle(Object(Illuminate\\Http\\Request), Object(Closure))
#25 /Applications/XAMPP/xamppfiles/htdocs/tmracing/app/Http/Middleware/Language.php(31): Illuminate\\Pipeline\\Pipeline->Illuminate\\Pipeline\\{closure}(Object(Illuminate\\Http\\Request))
#26 /Applications/XAMPP/xamppfiles/htdocs/tmracing/vendor/laravel/framework/src/Illuminate/Pipeline/Pipeline.php(183): App\\Http\\Middleware\\Language->handle(Object(Illuminate\\Http\\Request), Object(Closure))
#27 /Applications/XAMPP/xamppfiles/htdocs/tmracing/vendor/laravel/framework/src/Illuminate/Routing/Middleware/SubstituteBindings.php(50): Illuminate\\Pipeline\\Pipeline->Illuminate\\Pipeline\\{closure}(Object(Illuminate\\Http\\Request))
#28 /Applications/XAMPP/xamppfiles/htdocs/tmracing/vendor/laravel/framework/src/Illuminate/Pipeline/Pipeline.php(183): Illuminate\\Routing\\Middleware\\SubstituteBindings->handle(Object(Illuminate\\Http\\Request), Object(Closure))
#29 /Applications/XAMPP/xamppfiles/htdocs/tmracing/vendor/laravel/framework/src/Illuminate/Auth/Middleware/Authenticate.php(57): Illuminate\\Pipeline\\Pipeline->Illuminate\\Pipeline\\{closure}(Object(Illuminate\\Http\\Request))
#30 /Applications/XAMPP/xamppfiles/htdocs/tmracing/vendor/laravel/framework/src/Illuminate/Pipeline/Pipeline.php(183): Illuminate\\Auth\\Middleware\\Authenticate->handle(Object(Illuminate\\Http\\Request), Object(Closure))
#31 /Applications/XAMPP/xamppfiles/htdocs/tmracing/vendor/laravel/framework/src/Illuminate/Foundation/Http/Middleware/VerifyCsrfToken.php(78): Illuminate\\Pipeline\\Pipeline->Illuminate\\Pipeline\\{closure}(Object(Illuminate\\Http\\Request))
#32 /Applications/XAMPP/xamppfiles/htdocs/tmracing/vendor/laravel/framework/src/Illuminate/Pipeline/Pipeline.php(183): Illuminate\\Foundation\\Http\\Middleware\\VerifyCsrfToken->handle(Object(Illuminate\\Http\\Request), Object(Closure))
#33 /Applications/XAMPP/xamppfiles/htdocs/tmracing/vendor/laravel/framework/src/Illuminate/View/Middleware/ShareErrorsFromSession.php(49): Illuminate\\Pipeline\\Pipeline->Illuminate\\Pipeline\\{closure}(Object(Illuminate\\Http\\Request))
#34 /Applications/XAMPP/xamppfiles/htdocs/tmracing/vendor/laravel/framework/src/Illuminate/Pipeline/Pipeline.php(183): Illuminate\\View\\Middleware\\ShareErrorsFromSession->handle(Object(Illuminate\\Http\\Request), Object(Closure))
#35 /Applications/XAMPP/xamppfiles/htdocs/tmracing/vendor/laravel/framework/src/Illuminate/Session/Middleware/StartSession.php(121): Illuminate\\Pipeline\\Pipeline->Illuminate\\Pipeline\\{closure}(Object(Illuminate\\Http\\Request))
#36 /Applications/XAMPP/xamppfiles/htdocs/tmracing/vendor/laravel/framework/src/Illuminate/Session/Middleware/StartSession.php(64): Illuminate\\Session\\Middleware\\StartSession->handleStatefulRequest(Object(Illuminate\\Http\\Request), Object(Illuminate\\Session\\Store), Object(Closure))
#37 /Applications/XAMPP/xamppfiles/htdocs/tmracing/vendor/laravel/framework/src/Illuminate/Pipeline/Pipeline.php(183): Illuminate\\Session\\Middleware\\StartSession->handle(Object(Illuminate\\Http\\Request), Object(Closure))
#38 /Applications/XAMPP/xamppfiles/htdocs/tmracing/vendor/laravel/framework/src/Illuminate/Cookie/Middleware/AddQueuedCookiesToResponse.php(37): Illuminate\\Pipeline\\Pipeline->Illuminate\\Pipeline\\{closure}(Object(Illuminate\\Http\\Request))
#39 /Applications/XAMPP/xamppfiles/htdocs/tmracing/vendor/laravel/framework/src/Illuminate/Pipeline/Pipeline.php(183): Illuminate\\Cookie\\Middleware\\AddQueuedCookiesToResponse->handle(Object(Illuminate\\Http\\Request), Object(Closure))
#40 /Applications/XAMPP/xamppfiles/htdocs/tmracing/vendor/laravel/framework/src/Illuminate/Pipeline/Pipeline.php(119): Illuminate\\Pipeline\\Pipeline->Illuminate\\Pipeline\\{closure}(Object(Illuminate\\Http\\Request))
#41 /Applications/XAMPP/xamppfiles/htdocs/tmracing/vendor/laravel/framework/src/Illuminate/Routing/Router.php(805): Illuminate\\Pipeline\\Pipeline->then(Object(Closure))
#42 /Applications/XAMPP/xamppfiles/htdocs/tmracing/vendor/laravel/framework/src/Illuminate/Routing/Router.php(784): Illuminate\\Routing\\Router->runRouteWithinStack(Object(Illuminate\\Routing\\Route), Object(Illuminate\\Http\\Request))
#43 /Applications/XAMPP/xamppfiles/htdocs/tmracing/vendor/laravel/framework/src/Illuminate/Routing/Router.php(748): Illuminate\\Routing\\Router->runRoute(Object(Illuminate\\Http\\Request), Object(Illuminate\\Routing\\Route))
#44 /Applications/XAMPP/xamppfiles/htdocs/tmracing/vendor/laravel/framework/src/Illuminate/Routing/Router.php(737): Illuminate\\Routing\\Router->dispatchToRoute(Object(Illuminate\\Http\\Request))
#45 /Applications/XAMPP/xamppfiles/htdocs/tmracing/vendor/laravel/framework/src/Illuminate/Foundation/Http/Kernel.php(200): Illuminate\\Routing\\Router->dispatch(Object(Illuminate\\Http\\Request))
#46 /Applications/XAMPP/xamppfiles/htdocs/tmracing/vendor/laravel/framework/src/Illuminate/Pipeline/Pipeline.php(144): Illuminate\\Foundation\\Http\\Kernel->Illuminate\\Foundation\\Http\\{closure}(Object(Illuminate\\Http\\Request))
#47 /Applications/XAMPP/xamppfiles/htdocs/tmracing/vendor/barryvdh/laravel-debugbar/src/Middleware/InjectDebugbar.php(66): Illuminate\\Pipeline\\Pipeline->Illuminate\\Pipeline\\{closure}(Object(Illuminate\\Http\\Request))
#48 /Applications/XAMPP/xamppfiles/htdocs/tmracing/vendor/laravel/framework/src/Illuminate/Pipeline/Pipeline.php(183): Barryvdh\\Debugbar\\Middleware\\InjectDebugbar->handle(Object(Illuminate\\Http\\Request), Object(Closure))
#49 /Applications/XAMPP/xamppfiles/htdocs/tmracing/vendor/laravel/framework/src/Illuminate/Http/Middleware/TrustProxies.php(39): Illuminate\\Pipeline\\Pipeline->Illuminate\\Pipeline\\{closure}(Object(Illuminate\\Http\\Request))
#50 /Applications/XAMPP/xamppfiles/htdocs/tmracing/vendor/laravel/framework/src/Illuminate/Pipeline/Pipeline.php(183): Illuminate\\Http\\Middleware\\TrustProxies->handle(Object(Illuminate\\Http\\Request), Object(Closure))
#51 /Applications/XAMPP/xamppfiles/htdocs/tmracing/vendor/laravel/framework/src/Illuminate/Foundation/Http/Middleware/TransformsRequest.php(21): Illuminate\\Pipeline\\Pipeline->Illuminate\\Pipeline\\{closure}(Object(Illuminate\\Http\\Request))
#52 /Applications/XAMPP/xamppfiles/htdocs/tmracing/vendor/laravel/framework/src/Illuminate/Foundation/Http/Middleware/ConvertEmptyStringsToNull.php(31): Illuminate\\Foundation\\Http\\Middleware\\TransformsRequest->handle(Object(Illuminate\\Http\\Request), Object(Closure))
#53 /Applications/XAMPP/xamppfiles/htdocs/tmracing/vendor/laravel/framework/src/Illuminate/Pipeline/Pipeline.php(183): Illuminate\\Foundation\\Http\\Middleware\\ConvertEmptyStringsToNull->handle(Object(Illuminate\\Http\\Request), Object(Closure))
#54 /Applications/XAMPP/xamppfiles/htdocs/tmracing/vendor/laravel/framework/src/Illuminate/Foundation/Http/Middleware/TransformsRequest.php(21): Illuminate\\Pipeline\\Pipeline->Illuminate\\Pipeline\\{closure}(Object(Illuminate\\Http\\Request))
#55 /Applications/XAMPP/xamppfiles/htdocs/tmracing/vendor/laravel/framework/src/Illuminate/Foundation/Http/Middleware/TrimStrings.php(40): Illuminate\\Foundation\\Http\\Middleware\\TransformsRequest->handle(Object(Illuminate\\Http\\Request), Object(Closure))
#56 /Applications/XAMPP/xamppfiles/htdocs/tmracing/vendor/laravel/framework/src/Illuminate/Pipeline/Pipeline.php(183): Illuminate\\Foundation\\Http\\Middleware\\TrimStrings->handle(Object(Illuminate\\Http\\Request), Object(Closure))
#57 /Applications/XAMPP/xamppfiles/htdocs/tmracing/vendor/laravel/framework/src/Illuminate/Foundation/Http/Middleware/ValidatePostSize.php(27): Illuminate\\Pipeline\\Pipeline->Illuminate\\Pipeline\\{closure}(Object(Illuminate\\Http\\Request))
#58 /Applications/XAMPP/xamppfiles/htdocs/tmracing/vendor/laravel/framework/src/Illuminate/Pipeline/Pipeline.php(183): Illuminate\\Foundation\\Http\\Middleware\\ValidatePostSize->handle(Object(Illuminate\\Http\\Request), Object(Closure))
#59 /Applications/XAMPP/xamppfiles/htdocs/tmracing/vendor/laravel/framework/src/Illuminate/Pipeline/Pipeline.php(119): Illuminate\\Pipeline\\Pipeline->Illuminate\\Pipeline\\{closure}(Object(Illuminate\\Http\\Request))
#60 /Applications/XAMPP/xamppfiles/htdocs/tmracing/vendor/laravel/framework/src/Illuminate/Foundation/Http/Kernel.php(175): Illuminate\\Pipeline\\Pipeline->then(Object(Closure))
#61 /Applications/XAMPP/xamppfiles/htdocs/tmracing/vendor/laravel/framework/src/Illuminate/Foundation/Http/Kernel.php(144): Illuminate\\Foundation\\Http\\Kernel->sendRequestThroughRouter(Object(Illuminate\\Http\\Request))
#62 /Applications/XAMPP/xamppfiles/htdocs/tmracing/index.php(57): Illuminate\\Foundation\\Http\\Kernel->handle(Object(Illuminate\\Http\\Request))
#63 {main}

[previous exception] [object] (Illuminate\\View\\ViewException(code: 0): Route [languages.index] not defined. (View: /Applications/XAMPP/xamppfiles/htdocs/tmracing/resources/views/backend/inc/admin_sidenav.blade.php) at /Applications/XAMPP/xamppfiles/htdocs/tmracing/vendor/laravel/framework/src/Illuminate/Routing/UrlGenerator.php:477)
[stacktrace]
#0 /Applications/XAMPP/xamppfiles/htdocs/tmracing/vendor/laravel/framework/src/Illuminate/View/Engines/PhpEngine.php(60): Illuminate\\View\\Engines\\CompilerEngine->handleViewException(Object(Symfony\\Component\\Routing\\Exception\\RouteNotFoundException), 3)
#1 /Applications/XAMPP/xamppfiles/htdocs/tmracing/vendor/laravel/framework/src/Illuminate/View/Engines/CompilerEngine.php(72): Illuminate\\View\\Engines\\PhpEngine->evaluatePath('/Applications/X...', Array)
#2 /Applications/XAMPP/xamppfiles/htdocs/tmracing/vendor/laravel/framework/src/Illuminate/View/View.php(207): Illuminate\\View\\Engines\\CompilerEngine->get('/Applications/X...', Array)
#3 /Applications/XAMPP/xamppfiles/htdocs/tmracing/vendor/laravel/framework/src/Illuminate/View/View.php(190): Illuminate\\View\\View->getContents()
#4 /Applications/XAMPP/xamppfiles/htdocs/tmracing/vendor/laravel/framework/src/Illuminate/View/View.php(159): Illuminate\\View\\View->renderContents()
#5 /Applications/XAMPP/xamppfiles/htdocs/tmracing/storage/framework/views/f12bd46b3566fa17f0743101a73f7750.php(109): Illuminate\\View\\View->render()
#6 /Applications/XAMPP/xamppfiles/htdocs/tmracing/vendor/laravel/framework/src/Illuminate/Filesystem/Filesystem.php(123): require('/Applications/X...')
#7 /Applications/XAMPP/xamppfiles/htdocs/tmracing/vendor/laravel/framework/src/Illuminate/Filesystem/Filesystem.php(124): Illuminate\\Filesystem\\Filesystem::Illuminate\\Filesystem\\{closure}()
#8 /Applications/XAMPP/xamppfiles/htdocs/tmracing/vendor/laravel/framework/src/Illuminate/View/Engines/PhpEngine.php(58): Illuminate\\Filesystem\\Filesystem->getRequire('/Applications/X...', Array)
#9 /Applications/XAMPP/xamppfiles/htdocs/tmracing/vendor/laravel/framework/src/Illuminate/View/Engines/CompilerEngine.php(72): Illuminate\\View\\Engines\\PhpEngine->evaluatePath('/Applications/X...', Array)
#10 /Applications/XAMPP/xamppfiles/htdocs/tmracing/vendor/laravel/framework/src/Illuminate/View/View.php(207): Illuminate\\View\\Engines\\CompilerEngine->get('/Applications/X...', Array)
#11 /Applications/XAMPP/xamppfiles/htdocs/tmracing/vendor/laravel/framework/src/Illuminate/View/View.php(190): Illuminate\\View\\View->getContents()
#12 /Applications/XAMPP/xamppfiles/htdocs/tmracing/vendor/laravel/framework/src/Illuminate/View/View.php(159): Illuminate\\View\\View->renderContents()
#13 /Applications/XAMPP/xamppfiles/htdocs/tmracing/storage/framework/views/2add04623f74d611fd5a0baea40cdc55.php(782): Illuminate\\View\\View->render()
#14 /Applications/XAMPP/xamppfiles/htdocs/tmracing/vendor/laravel/framework/src/Illuminate/Filesystem/Filesystem.php(123): require('/Applications/X...')
#15 /Applications/XAMPP/xamppfiles/htdocs/tmracing/vendor/laravel/framework/src/Illuminate/Filesystem/Filesystem.php(124): Illuminate\\Filesystem\\Filesystem::Illuminate\\Filesystem\\{closure}()
#16 /Applications/XAMPP/xamppfiles/htdocs/tmracing/vendor/laravel/framework/src/Illuminate/View/Engines/PhpEngine.php(58): Illuminate\\Filesystem\\Filesystem->getRequire('/Applications/X...', Array)
#17 /Applications/XAMPP/xamppfiles/htdocs/tmracing/vendor/laravel/framework/src/Illuminate/View/Engines/CompilerEngine.php(72): Illuminate\\View\\Engines\\PhpEngine->evaluatePath('/Applications/X...', Array)
#18 /Applications/XAMPP/xamppfiles/htdocs/tmracing/vendor/laravel/framework/src/Illuminate/View/View.php(207): Illuminate\\View\\Engines\\CompilerEngine->get('/Applications/X...', Array)
#19 /Applications/XAMPP/xamppfiles/htdocs/tmracing/vendor/laravel/framework/src/Illuminate/View/View.php(190): Illuminate\\View\\View->getContents()
#20 /Applications/XAMPP/xamppfiles/htdocs/tmracing/vendor/laravel/framework/src/Illuminate/View/View.php(159): Illuminate\\View\\View->renderContents()
#21 /Applications/XAMPP/xamppfiles/htdocs/tmracing/vendor/laravel/framework/src/Illuminate/Http/Response.php(69): Illuminate\\View\\View->render()
#22 /Applications/XAMPP/xamppfiles/htdocs/tmracing/vendor/laravel/framework/src/Illuminate/Http/Response.php(35): Illuminate\\Http\\Response->setContent(Object(Illuminate\\View\\View))
#23 /Applications/XAMPP/xamppfiles/htdocs/tmracing/vendor/laravel/framework/src/Illuminate/Routing/Router.php(918): Illuminate\\Http\\Response->__construct(Object(Illuminate\\View\\View), 200, Array)
#24 /Applications/XAMPP/xamppfiles/htdocs/tmracing/vendor/laravel/framework/src/Illuminate/Routing/Router.php(885): Illuminate\\Routing\\Router::toResponse(Object(Illuminate\\Http\\Request), Object(Illuminate\\View\\View))
#25 /Applications/XAMPP/xamppfiles/htdocs/tmracing/vendor/laravel/framework/src/Illuminate/Routing/Router.php(805): Illuminate\\Routing\\Router->prepareResponse(Object(Illuminate\\Http\\Request), Object(Illuminate\\View\\View))
#26 /Applications/XAMPP/xamppfiles/htdocs/tmracing/vendor/laravel/framework/src/Illuminate/Pipeline/Pipeline.php(144): Illuminate\\Routing\\Router->Illuminate\\Routing\\{closure}(Object(Illuminate\\Http\\Request))
#27 /Applications/XAMPP/xamppfiles/htdocs/tmracing/app/Http/Middleware/IsAdmin.php(20): Illuminate\\Pipeline\\Pipeline->Illuminate\\Pipeline\\{closure}(Object(Illuminate\\Http\\Request))
#28 /Applications/XAMPP/xamppfiles/htdocs/tmracing/vendor/laravel/framework/src/Illuminate/Pipeline/Pipeline.php(183): App\\Http\\Middleware\\IsAdmin->handle(Object(Illuminate\\Http\\Request), Object(Closure))
#29 /Applications/XAMPP/xamppfiles/htdocs/tmracing/app/Http/Middleware/CheckForMaintenanceMode.php(58): Illuminate\\Pipeline\\Pipeline->Illuminate\\Pipeline\\{closure}(Object(Illuminate\\Http\\Request))
#30 /Applications/XAMPP/xamppfiles/htdocs/tmracing/vendor/laravel/framework/src/Illuminate/Pipeline/Pipeline.php(183): App\\Http\\Middleware\\CheckForMaintenanceMode->handle(Object(Illuminate\\Http\\Request), Object(Closure))
#31 /Applications/XAMPP/xamppfiles/htdocs/tmracing/app/Http/Middleware/HttpsProtocol.php(20): Illuminate\\Pipeline\\Pipeline->Illuminate\\Pipeline\\{closure}(Object(Illuminate\\Http\\Request))
#32 /Applications/XAMPP/xamppfiles/htdocs/tmracing/vendor/laravel/framework/src/Illuminate/Pipeline/Pipeline.php(183): App\\Http\\Middleware\\HttpsProtocol->handle(Object(Illuminate\\Http\\Request), Object(Closure))
#33 /Applications/XAMPP/xamppfiles/htdocs/tmracing/app/Http/Middleware/Language.php(31): Illuminate\\Pipeline\\Pipeline->Illuminate\\Pipeline\\{closure}(Object(Illuminate\\Http\\Request))
#34 /Applications/XAMPP/xamppfiles/htdocs/tmracing/vendor/laravel/framework/src/Illuminate/Pipeline/Pipeline.php(183): App\\Http\\Middleware\\Language->handle(Object(Illuminate\\Http\\Request), Object(Closure))
#35 /Applications/XAMPP/xamppfiles/htdocs/tmracing/vendor/laravel/framework/src/Illuminate/Routing/Middleware/SubstituteBindings.php(50): Illuminate\\Pipeline\\Pipeline->Illuminate\\Pipeline\\{closure}(Object(Illuminate\\Http\\Request))
#36 /Applications/XAMPP/xamppfiles/htdocs/tmracing/vendor/laravel/framework/src/Illuminate/Pipeline/Pipeline.php(183): Illuminate\\Routing\\Middleware\\SubstituteBindings->handle(Object(Illuminate\\Http\\Request), Object(Closure))
#37 /Applications/XAMPP/xamppfiles/htdocs/tmracing/vendor/laravel/framework/src/Illuminate/Auth/Middleware/Authenticate.php(57): Illuminate\\Pipeline\\Pipeline->Illuminate\\Pipeline\\{closure}(Object(Illuminate\\Http\\Request))
#38 /Applications/XAMPP/xamppfiles/htdocs/tmracing/vendor/laravel/framework/src/Illuminate/Pipeline/Pipeline.php(183): Illuminate\\Auth\\Middleware\\Authenticate->handle(Object(Illuminate\\Http\\Request), Object(Closure))
#39 /Applications/XAMPP/xamppfiles/htdocs/tmracing/vendor/laravel/framework/src/Illuminate/Foundation/Http/Middleware/VerifyCsrfToken.php(78): Illuminate\\Pipeline\\Pipeline->Illuminate\\Pipeline\\{closure}(Object(Illuminate\\Http\\Request))
#40 /Applications/XAMPP/xamppfiles/htdocs/tmracing/vendor/laravel/framework/src/Illuminate/Pipeline/Pipeline.php(183): Illuminate\\Foundation\\Http\\Middleware\\VerifyCsrfToken->handle(Object(Illuminate\\Http\\Request), Object(Closure))
#41 /Applications/XAMPP/xamppfiles/htdocs/tmracing/vendor/laravel/framework/src/Illuminate/View/Middleware/ShareErrorsFromSession.php(49): Illuminate\\Pipeline\\Pipeline->Illuminate\\Pipeline\\{closure}(Object(Illuminate\\Http\\Request))
#42 /Applications/XAMPP/xamppfiles/htdocs/tmracing/vendor/laravel/framework/src/Illuminate/Pipeline/Pipeline.php(183): Illuminate\\View\\Middleware\\ShareErrorsFromSession->handle(Object(Illuminate\\Http\\Request), Object(Closure))
#43 /Applications/XAMPP/xamppfiles/htdocs/tmracing/vendor/laravel/framework/src/Illuminate/Session/Middleware/StartSession.php(121): Illuminate\\Pipeline\\Pipeline->Illuminate\\Pipeline\\{closure}(Object(Illuminate\\Http\\Request))
#44 /Applications/XAMPP/xamppfiles/htdocs/tmracing/vendor/laravel/framework/src/Illuminate/Session/Middleware/StartSession.php(64): Illuminate\\Session\\Middleware\\StartSession->handleStatefulRequest(Object(Illuminate\\Http\\Request), Object(Illuminate\\Session\\Store), Object(Closure))
#45 /Applications/XAMPP/xamppfiles/htdocs/tmracing/vendor/laravel/framework/src/Illuminate/Pipeline/Pipeline.php(183): Illuminate\\Session\\Middleware\\StartSession->handle(Object(Illuminate\\Http\\Request), Object(Closure))
#46 /Applications/XAMPP/xamppfiles/htdocs/tmracing/vendor/laravel/framework/src/Illuminate/Cookie/Middleware/AddQueuedCookiesToResponse.php(37): Illuminate\\Pipeline\\Pipeline->Illuminate\\Pipeline\\{closure}(Object(Illuminate\\Http\\Request))
#47 /Applications/XAMPP/xamppfiles/htdocs/tmracing/vendor/laravel/framework/src/Illuminate/Pipeline/Pipeline.php(183): Illuminate\\Cookie\\Middleware\\AddQueuedCookiesToResponse->handle(Object(Illuminate\\Http\\Request), Object(Closure))
#48 /Applications/XAMPP/xamppfiles/htdocs/tmracing/vendor/laravel/framework/src/Illuminate/Pipeline/Pipeline.php(119): Illuminate\\Pipeline\\Pipeline->Illuminate\\Pipeline\\{closure}(Object(Illuminate\\Http\\Request))
#49 /Applications/XAMPP/xamppfiles/htdocs/tmracing/vendor/laravel/framework/src/Illuminate/Routing/Router.php(805): Illuminate\\Pipeline\\Pipeline->then(Object(Closure))
#50 /Applications/XAMPP/xamppfiles/htdocs/tmracing/vendor/laravel/framework/src/Illuminate/Routing/Router.php(784): Illuminate\\Routing\\Router->runRouteWithinStack(Object(Illuminate\\Routing\\Route), Object(Illuminate\\Http\\Request))
#51 /Applications/XAMPP/xamppfiles/htdocs/tmracing/vendor/laravel/framework/src/Illuminate/Routing/Router.php(748): Illuminate\\Routing\\Router->runRoute(Object(Illuminate\\Http\\Request), Object(Illuminate\\Routing\\Route))
#52 /Applications/XAMPP/xamppfiles/htdocs/tmracing/vendor/laravel/framework/src/Illuminate/Routing/Router.php(737): Illuminate\\Routing\\Router->dispatchToRoute(Object(Illuminate\\Http\\Request))
#53 /Applications/XAMPP/xamppfiles/htdocs/tmracing/vendor/laravel/framework/src/Illuminate/Foundation/Http/Kernel.php(200): Illuminate\\Routing\\Router->dispatch(Object(Illuminate\\Http\\Request))
#54 /Applications/XAMPP/xamppfiles/htdocs/tmracing/vendor/laravel/framework/src/Illuminate/Pipeline/Pipeline.php(144): Illuminate\\Foundation\\Http\\Kernel->Illuminate\\Foundation\\Http\\{closure}(Object(Illuminate\\Http\\Request))
#55 /Applications/XAMPP/xamppfiles/htdocs/tmracing/vendor/barryvdh/laravel-debugbar/src/Middleware/InjectDebugbar.php(66): Illuminate\\Pipeline\\Pipeline->Illuminate\\Pipeline\\{closure}(Object(Illuminate\\Http\\Request))
#56 /Applications/XAMPP/xamppfiles/htdocs/tmracing/vendor/laravel/framework/src/Illuminate/Pipeline/Pipeline.php(183): Barryvdh\\Debugbar\\Middleware\\InjectDebugbar->handle(Object(Illuminate\\Http\\Request), Object(Closure))
#57 /Applications/XAMPP/xamppfiles/htdocs/tmracing/vendor/laravel/framework/src/Illuminate/Http/Middleware/TrustProxies.php(39): Illuminate\\Pipeline\\Pipeline->Illuminate\\Pipeline\\{closure}(Object(Illuminate\\Http\\Request))
#58 /Applications/XAMPP/xamppfiles/htdocs/tmracing/vendor/laravel/framework/src/Illuminate/Pipeline/Pipeline.php(183): Illuminate\\Http\\Middleware\\TrustProxies->handle(Object(Illuminate\\Http\\Request), Object(Closure))
#59 /Applications/XAMPP/xamppfiles/htdocs/tmracing/vendor/laravel/framework/src/Illuminate/Foundation/Http/Middleware/TransformsRequest.php(21): Illuminate\\Pipeline\\Pipeline->Illuminate\\Pipeline\\{closure}(Object(Illuminate\\Http\\Request))
#60 /Applications/XAMPP/xamppfiles/htdocs/tmracing/vendor/laravel/framework/src/Illuminate/Foundation/Http/Middleware/ConvertEmptyStringsToNull.php(31): Illuminate\\Foundation\\Http\\Middleware\\TransformsRequest->handle(Object(Illuminate\\Http\\Request), Object(Closure))
#61 /Applications/XAMPP/xamppfiles/htdocs/tmracing/vendor/laravel/framework/src/Illuminate/Pipeline/Pipeline.php(183): Illuminate\\Foundation\\Http\\Middleware\\ConvertEmptyStringsToNull->handle(Object(Illuminate\\Http\\Request), Object(Closure))
#62 /Applications/XAMPP/xamppfiles/htdocs/tmracing/vendor/laravel/framework/src/Illuminate/Foundation/Http/Middleware/TransformsRequest.php(21): Illuminate\\Pipeline\\Pipeline->Illuminate\\Pipeline\\{closure}(Object(Illuminate\\Http\\Request))
#63 /Applications/XAMPP/xamppfiles/htdocs/tmracing/vendor/laravel/framework/src/Illuminate/Foundation/Http/Middleware/TrimStrings.php(40): Illuminate\\Foundation\\Http\\Middleware\\TransformsRequest->handle(Object(Illuminate\\Http\\Request), Object(Closure))
#64 /Applications/XAMPP/xamppfiles/htdocs/tmracing/vendor/laravel/framework/src/Illuminate/Pipeline/Pipeline.php(183): Illuminate\\Foundation\\Http\\Middleware\\TrimStrings->handle(Object(Illuminate\\Http\\Request), Object(Closure))
#65 /Applications/XAMPP/xamppfiles/htdocs/tmracing/vendor/laravel/framework/src/Illuminate/Foundation/Http/Middleware/ValidatePostSize.php(27): Illuminate\\Pipeline\\Pipeline->Illuminate\\Pipeline\\{closure}(Object(Illuminate\\Http\\Request))
#66 /Applications/XAMPP/xamppfiles/htdocs/tmracing/vendor/laravel/framework/src/Illuminate/Pipeline/Pipeline.php(183): Illuminate\\Foundation\\Http\\Middleware\\ValidatePostSize->handle(Object(Illuminate\\Http\\Request), Object(Closure))
#67 /Applications/XAMPP/xamppfiles/htdocs/tmracing/vendor/laravel/framework/src/Illuminate/Pipeline/Pipeline.php(119): Illuminate\\Pipeline\\Pipeline->Illuminate\\Pipeline\\{closure}(Object(Illuminate\\Http\\Request))
#68 /Applications/XAMPP/xamppfiles/htdocs/tmracing/vendor/laravel/framework/src/Illuminate/Foundation/Http/Kernel.php(175): Illuminate\\Pipeline\\Pipeline->then(Object(Closure))
#69 /Applications/XAMPP/xamppfiles/htdocs/tmracing/vendor/laravel/framework/src/Illuminate/Foundation/Http/Kernel.php(144): Illuminate\\Foundation\\Http\\Kernel->sendRequestThroughRouter(Object(Illuminate\\Http\\Request))
#70 /Applications/XAMPP/xamppfiles/htdocs/tmracing/index.php(57): Illuminate\\Foundation\\Http\\Kernel->handle(Object(Illuminate\\Http\\Request))
#71 {main}

[previous exception] [object] (Symfony\\Component\\Routing\\Exception\\RouteNotFoundException(code: 0): Route [languages.index] not defined. at /Applications/XAMPP/xamppfiles/htdocs/tmracing/vendor/laravel/framework/src/Illuminate/Routing/UrlGenerator.php:477)
[stacktrace]
#0 /Applications/XAMPP/xamppfiles/htdocs/tmracing/vendor/laravel/framework/src/Illuminate/Foundation/helpers.php(811): Illuminate\\Routing\\UrlGenerator->route('languages.index', Array, true)
#1 /Applications/XAMPP/xamppfiles/htdocs/tmracing/storage/framework/views/da67c365180f7100f9c4c2a3feb76c43.php(349): route('languages.index')
#2 /Applications/XAMPP/xamppfiles/htdocs/tmracing/vendor/laravel/framework/src/Illuminate/Filesystem/Filesystem.php(123): require('/Applications/X...')
#3 /Applications/XAMPP/xamppfiles/htdocs/tmracing/vendor/laravel/framework/src/Illuminate/Filesystem/Filesystem.php(124): Illuminate\\Filesystem\\Filesystem::Illuminate\\Filesystem\\{closure}()
#4 /Applications/XAMPP/xamppfiles/htdocs/tmracing/vendor/laravel/framework/src/Illuminate/View/Engines/PhpEngine.php(58): Illuminate\\Filesystem\\Filesystem->getRequire('/Applications/X...', Array)
#5 /Applications/XAMPP/xamppfiles/htdocs/tmracing/vendor/laravel/framework/src/Illuminate/View/Engines/CompilerEngine.php(72): Illuminate\\View\\Engines\\PhpEngine->evaluatePath('/Applications/X...', Array)
#6 /Applications/XAMPP/xamppfiles/htdocs/tmracing/vendor/laravel/framework/src/Illuminate/View/View.php(207): Illuminate\\View\\Engines\\CompilerEngine->get('/Applications/X...', Array)
#7 /Applications/XAMPP/xamppfiles/htdocs/tmracing/vendor/laravel/framework/src/Illuminate/View/View.php(190): Illuminate\\View\\View->getContents()
#8 /Applications/XAMPP/xamppfiles/htdocs/tmracing/vendor/laravel/framework/src/Illuminate/View/View.php(159): Illuminate\\View\\View->renderContents()
#9 /Applications/XAMPP/xamppfiles/htdocs/tmracing/storage/framework/views/f12bd46b3566fa17f0743101a73f7750.php(109): Illuminate\\View\\View->render()
#10 /Applications/XAMPP/xamppfiles/htdocs/tmracing/vendor/laravel/framework/src/Illuminate/Filesystem/Filesystem.php(123): require('/Applications/X...')
#11 /Applications/XAMPP/xamppfiles/htdocs/tmracing/vendor/laravel/framework/src/Illuminate/Filesystem/Filesystem.php(124): Illuminate\\Filesystem\\Filesystem::Illuminate\\Filesystem\\{closure}()
#12 /Applications/XAMPP/xamppfiles/htdocs/tmracing/vendor/laravel/framework/src/Illuminate/View/Engines/PhpEngine.php(58): Illuminate\\Filesystem\\Filesystem->getRequire('/Applications/X...', Array)
#13 /Applications/XAMPP/xamppfiles/htdocs/tmracing/vendor/laravel/framework/src/Illuminate/View/Engines/CompilerEngine.php(72): Illuminate\\View\\Engines\\PhpEngine->evaluatePath('/Applications/X...', Array)
#14 /Applications/XAMPP/xamppfiles/htdocs/tmracing/vendor/laravel/framework/src/Illuminate/View/View.php(207): Illuminate\\View\\Engines\\CompilerEngine->get('/Applications/X...', Array)
#15 /Applications/XAMPP/xamppfiles/htdocs/tmracing/vendor/laravel/framework/src/Illuminate/View/View.php(190): Illuminate\\View\\View->getContents()
#16 /Applications/XAMPP/xamppfiles/htdocs/tmracing/vendor/laravel/framework/src/Illuminate/View/View.php(159): Illuminate\\View\\View->renderContents()
#17 /Applications/XAMPP/xamppfiles/htdocs/tmracing/storage/framework/views/2add04623f74d611fd5a0baea40cdc55.php(782): Illuminate\\View\\View->render()
#18 /Applications/XAMPP/xamppfiles/htdocs/tmracing/vendor/laravel/framework/src/Illuminate/Filesystem/Filesystem.php(123): require('/Applications/X...')
#19 /Applications/XAMPP/xamppfiles/htdocs/tmracing/vendor/laravel/framework/src/Illuminate/Filesystem/Filesystem.php(124): Illuminate\\Filesystem\\Filesystem::Illuminate\\Filesystem\\{closure}()
#20 /Applications/XAMPP/xamppfiles/htdocs/tmracing/vendor/laravel/framework/src/Illuminate/View/Engines/PhpEngine.php(58): Illuminate\\Filesystem\\Filesystem->getRequire('/Applications/X...', Array)
#21 /Applications/XAMPP/xamppfiles/htdocs/tmracing/vendor/laravel/framework/src/Illuminate/View/Engines/CompilerEngine.php(72): Illuminate\\View\\Engines\\PhpEngine->evaluatePath('/Applications/X...', Array)
#22 /Applications/XAMPP/xamppfiles/htdocs/tmracing/vendor/laravel/framework/src/Illuminate/View/View.php(207): Illuminate\\View\\Engines\\CompilerEngine->get('/Applications/X...', Array)
#23 /Applications/XAMPP/xamppfiles/htdocs/tmracing/vendor/laravel/framework/src/Illuminate/View/View.php(190): Illuminate\\View\\View->getContents()
#24 /Applications/XAMPP/xamppfiles/htdocs/tmracing/vendor/laravel/framework/src/Illuminate/View/View.php(159): Illuminate\\View\\View->renderContents()
#25 /Applications/XAMPP/xamppfiles/htdocs/tmracing/vendor/laravel/framework/src/Illuminate/Http/Response.php(69): Illuminate\\View\\View->render()
#26 /Applications/XAMPP/xamppfiles/htdocs/tmracing/vendor/laravel/framework/src/Illuminate/Http/Response.php(35): Illuminate\\Http\\Response->setContent(Object(Illuminate\\View\\View))
#27 /Applications/XAMPP/xamppfiles/htdocs/tmracing/vendor/laravel/framework/src/Illuminate/Routing/Router.php(918): Illuminate\\Http\\Response->__construct(Object(Illuminate\\View\\View), 200, Array)
#28 /Applications/XAMPP/xamppfiles/htdocs/tmracing/vendor/laravel/framework/src/Illuminate/Routing/Router.php(885): Illuminate\\Routing\\Router::toResponse(Object(Illuminate\\Http\\Request), Object(Illuminate\\View\\View))
#29 /Applications/XAMPP/xamppfiles/htdocs/tmracing/vendor/laravel/framework/src/Illuminate/Routing/Router.php(805): Illuminate\\Routing\\Router->prepareResponse(Object(Illuminate\\Http\\Request), Object(Illuminate\\View\\View))
#30 /Applications/XAMPP/xamppfiles/htdocs/tmracing/vendor/laravel/framework/src/Illuminate/Pipeline/Pipeline.php(144): Illuminate\\Routing\\Router->Illuminate\\Routing\\{closure}(Object(Illuminate\\Http\\Request))
#31 /Applications/XAMPP/xamppfiles/htdocs/tmracing/app/Http/Middleware/IsAdmin.php(20): Illuminate\\Pipeline\\Pipeline->Illuminate\\Pipeline\\{closure}(Object(Illuminate\\Http\\Request))
#32 /Applications/XAMPP/xamppfiles/htdocs/tmracing/vendor/laravel/framework/src/Illuminate/Pipeline/Pipeline.php(183): App\\Http\\Middleware\\IsAdmin->handle(Object(Illuminate\\Http\\Request), Object(Closure))
#33 /Applications/XAMPP/xamppfiles/htdocs/tmracing/app/Http/Middleware/CheckForMaintenanceMode.php(58): Illuminate\\Pipeline\\Pipeline->Illuminate\\Pipeline\\{closure}(Object(Illuminate\\Http\\Request))
#34 /Applications/XAMPP/xamppfiles/htdocs/tmracing/vendor/laravel/framework/src/Illuminate/Pipeline/Pipeline.php(183): App\\Http\\Middleware\\CheckForMaintenanceMode->handle(Object(Illuminate\\Http\\Request), Object(Closure))
#35 /Applications/XAMPP/xamppfiles/htdocs/tmracing/app/Http/Middleware/HttpsProtocol.php(20): Illuminate\\Pipeline\\Pipeline->Illuminate\\Pipeline\\{closure}(Object(Illuminate\\Http\\Request))
#36 /Applications/XAMPP/xamppfiles/htdocs/tmracing/vendor/laravel/framework/src/Illuminate/Pipeline/Pipeline.php(183): App\\Http\\Middleware\\HttpsProtocol->handle(Object(Illuminate\\Http\\Request), Object(Closure))
#37 /Applications/XAMPP/xamppfiles/htdocs/tmracing/app/Http/Middleware/Language.php(31): Illuminate\\Pipeline\\Pipeline->Illuminate\\Pipeline\\{closure}(Object(Illuminate\\Http\\Request))
#38 /Applications/XAMPP/xamppfiles/htdocs/tmracing/vendor/laravel/framework/src/Illuminate/Pipeline/Pipeline.php(183): App\\Http\\Middleware\\Language->handle(Object(Illuminate\\Http\\Request), Object(Closure))
#39 /Applications/XAMPP/xamppfiles/htdocs/tmracing/vendor/laravel/framework/src/Illuminate/Routing/Middleware/SubstituteBindings.php(50): Illuminate\\Pipeline\\Pipeline->Illuminate\\Pipeline\\{closure}(Object(Illuminate\\Http\\Request))
#40 /Applications/XAMPP/xamppfiles/htdocs/tmracing/vendor/laravel/framework/src/Illuminate/Pipeline/Pipeline.php(183): Illuminate\\Routing\\Middleware\\SubstituteBindings->handle(Object(Illuminate\\Http\\Request), Object(Closure))
#41 /Applications/XAMPP/xamppfiles/htdocs/tmracing/vendor/laravel/framework/src/Illuminate/Auth/Middleware/Authenticate.php(57): Illuminate\\Pipeline\\Pipeline->Illuminate\\Pipeline\\{closure}(Object(Illuminate\\Http\\Request))
#42 /Applications/XAMPP/xamppfiles/htdocs/tmracing/vendor/laravel/framework/src/Illuminate/Pipeline/Pipeline.php(183): Illuminate\\Auth\\Middleware\\Authenticate->handle(Object(Illuminate\\Http\\Request), Object(Closure))
#43 /Applications/XAMPP/xamppfiles/htdocs/tmracing/vendor/laravel/framework/src/Illuminate/Foundation/Http/Middleware/VerifyCsrfToken.php(78): Illuminate\\Pipeline\\Pipeline->Illuminate\\Pipeline\\{closure}(Object(Illuminate\\Http\\Request))
#44 /Applications/XAMPP/xamppfiles/htdocs/tmracing/vendor/laravel/framework/src/Illuminate/Pipeline/Pipeline.php(183): Illuminate\\Foundation\\Http\\Middleware\\VerifyCsrfToken->handle(Object(Illuminate\\Http\\Request), Object(Closure))
#45 /Applications/XAMPP/xamppfiles/htdocs/tmracing/vendor/laravel/framework/src/Illuminate/View/Middleware/ShareErrorsFromSession.php(49): Illuminate\\Pipeline\\Pipeline->Illuminate\\Pipeline\\{closure}(Object(Illuminate\\Http\\Request))
#46 /Applications/XAMPP/xamppfiles/htdocs/tmracing/vendor/laravel/framework/src/Illuminate/Pipeline/Pipeline.php(183): Illuminate\\View\\Middleware\\ShareErrorsFromSession->handle(Object(Illuminate\\Http\\Request), Object(Closure))
#47 /Applications/XAMPP/xamppfiles/htdocs/tmracing/vendor/laravel/framework/src/Illuminate/Session/Middleware/StartSession.php(121): Illuminate\\Pipeline\\Pipeline->Illuminate\\Pipeline\\{closure}(Object(Illuminate\\Http\\Request))
#48 /Applications/XAMPP/xamppfiles/htdocs/tmracing/vendor/laravel/framework/src/Illuminate/Session/Middleware/StartSession.php(64): Illuminate\\Session\\Middleware\\StartSession->handleStatefulRequest(Object(Illuminate\\Http\\Request), Object(Illuminate\\Session\\Store), Object(Closure))
#49 /Applications/XAMPP/xamppfiles/htdocs/tmracing/vendor/laravel/framework/src/Illuminate/Pipeline/Pipeline.php(183): Illuminate\\Session\\Middleware\\StartSession->handle(Object(Illuminate\\Http\\Request), Object(Closure))
#50 /Applications/XAMPP/xamppfiles/htdocs/tmracing/vendor/laravel/framework/src/Illuminate/Cookie/Middleware/AddQueuedCookiesToResponse.php(37): Illuminate\\Pipeline\\Pipeline->Illuminate\\Pipeline\\{closure}(Object(Illuminate\\Http\\Request))
#51 /Applications/XAMPP/xamppfiles/htdocs/tmracing/vendor/laravel/framework/src/Illuminate/Pipeline/Pipeline.php(183): Illuminate\\Cookie\\Middleware\\AddQueuedCookiesToResponse->handle(Object(Illuminate\\Http\\Request), Object(Closure))
#52 /Applications/XAMPP/xamppfiles/htdocs/tmracing/vendor/laravel/framework/src/Illuminate/Pipeline/Pipeline.php(119): Illuminate\\Pipeline\\Pipeline->Illuminate\\Pipeline\\{closure}(Object(Illuminate\\Http\\Request))
#53 /Applications/XAMPP/xamppfiles/htdocs/tmracing/vendor/laravel/framework/src/Illuminate/Routing/Router.php(805): Illuminate\\Pipeline\\Pipeline->then(Object(Closure))
#54 /Applications/XAMPP/xamppfiles/htdocs/tmracing/vendor/laravel/framework/src/Illuminate/Routing/Router.php(784): Illuminate\\Routing\\Router->runRouteWithinStack(Object(Illuminate\\Routing\\Route), Object(Illuminate\\Http\\Request))
#55 /Applications/XAMPP/xamppfiles/htdocs/tmracing/vendor/laravel/framework/src/Illuminate/Routing/Router.php(748): Illuminate\\Routing\\Router->runRoute(Object(Illuminate\\Http\\Request), Object(Illuminate\\Routing\\Route))
#56 /Applications/XAMPP/xamppfiles/htdocs/tmracing/vendor/laravel/framework/src/Illuminate/Routing/Router.php(737): Illuminate\\Routing\\Router->dispatchToRoute(Object(Illuminate\\Http\\Request))
#57 /Applications/XAMPP/xamppfiles/htdocs/tmracing/vendor/laravel/framework/src/Illuminate/Foundation/Http/Kernel.php(200): Illuminate\\Routing\\Router->dispatch(Object(Illuminate\\Http\\Request))
#58 /Applications/XAMPP/xamppfiles/htdocs/tmracing/vendor/laravel/framework/src/Illuminate/Pipeline/Pipeline.php(144): Illuminate\\Foundation\\Http\\Kernel->Illuminate\\Foundation\\Http\\{closure}(Object(Illuminate\\Http\\Request))
#59 /Applications/XAMPP/xamppfiles/htdocs/tmracing/vendor/barryvdh/laravel-debugbar/src/Middleware/InjectDebugbar.php(66): Illuminate\\Pipeline\\Pipeline->Illuminate\\Pipeline\\{closure}(Object(Illuminate\\Http\\Request))
#60 /Applications/XAMPP/xamppfiles/htdocs/tmracing/vendor/laravel/framework/src/Illuminate/Pipeline/Pipeline.php(183): Barryvdh\\Debugbar\\Middleware\\InjectDebugbar->handle(Object(Illuminate\\Http\\Request), Object(Closure))
#61 /Applications/XAMPP/xamppfiles/htdocs/tmracing/vendor/laravel/framework/src/Illuminate/Http/Middleware/TrustProxies.php(39): Illuminate\\Pipeline\\Pipeline->Illuminate\\Pipeline\\{closure}(Object(Illuminate\\Http\\Request))
#62 /Applications/XAMPP/xamppfiles/htdocs/tmracing/vendor/laravel/framework/src/Illuminate/Pipeline/Pipeline.php(183): Illuminate\\Http\\Middleware\\TrustProxies->handle(Object(Illuminate\\Http\\Request), Object(Closure))
#63 /Applications/XAMPP/xamppfiles/htdocs/tmracing/vendor/laravel/framework/src/Illuminate/Foundation/Http/Middleware/TransformsRequest.php(21): Illuminate\\Pipeline\\Pipeline->Illuminate\\Pipeline\\{closure}(Object(Illuminate\\Http\\Request))
#64 /Applications/XAMPP/xamppfiles/htdocs/tmracing/vendor/laravel/framework/src/Illuminate/Foundation/Http/Middleware/ConvertEmptyStringsToNull.php(31): Illuminate\\Foundation\\Http\\Middleware\\TransformsRequest->handle(Object(Illuminate\\Http\\Request), Object(Closure))
#65 /Applications/XAMPP/xamppfiles/htdocs/tmracing/vendor/laravel/framework/src/Illuminate/Pipeline/Pipeline.php(183): Illuminate\\Foundation\\Http\\Middleware\\ConvertEmptyStringsToNull->handle(Object(Illuminate\\Http\\Request), Object(Closure))
#66 /Applications/XAMPP/xamppfiles/htdocs/tmracing/vendor/laravel/framework/src/Illuminate/Foundation/Http/Middleware/TransformsRequest.php(21): Illuminate\\Pipeline\\Pipeline->Illuminate\\Pipeline\\{closure}(Object(Illuminate\\Http\\Request))
#67 /Applications/XAMPP/xamppfiles/htdocs/tmracing/vendor/laravel/framework/src/Illuminate/Foundation/Http/Middleware/TrimStrings.php(40): Illuminate\\Foundation\\Http\\Middleware\\TransformsRequest->handle(Object(Illuminate\\Http\\Request), Object(Closure))
#68 /Applications/XAMPP/xamppfiles/htdocs/tmracing/vendor/laravel/framework/src/Illuminate/Pipeline/Pipeline.php(183): Illuminate\\Foundation\\Http\\Middleware\\TrimStrings->handle(Object(Illuminate\\Http\\Request), Object(Closure))
#69 /Applications/XAMPP/xamppfiles/htdocs/tmracing/vendor/laravel/framework/src/Illuminate/Foundation/Http/Middleware/ValidatePostSize.php(27): Illuminate\\Pipeline\\Pipeline->Illuminate\\Pipeline\\{closure}(Object(Illuminate\\Http\\Request))
#70 /Applications/XAMPP/xamppfiles/htdocs/tmracing/vendor/laravel/framework/src/Illuminate/Pipeline/Pipeline.php(183): Illuminate\\Foundation\\Http\\Middleware\\ValidatePostSize->handle(Object(Illuminate\\Http\\Request), Object(Closure))
#71 /Applications/XAMPP/xamppfiles/htdocs/tmracing/vendor/laravel/framework/src/Illuminate/Pipeline/Pipeline.php(119): Illuminate\\Pipeline\\Pipeline->Illuminate\\Pipeline\\{closure}(Object(Illuminate\\Http\\Request))
#72 /Applications/XAMPP/xamppfiles/htdocs/tmracing/vendor/laravel/framework/src/Illuminate/Foundation/Http/Kernel.php(175): Illuminate\\Pipeline\\Pipeline->then(Object(Closure))
#73 /Applications/XAMPP/xamppfiles/htdocs/tmracing/vendor/laravel/framework/src/Illuminate/Foundation/Http/Kernel.php(144): Illuminate\\Foundation\\Http\\Kernel->sendRequestThroughRouter(Object(Illuminate\\Http\\Request))
#74 /Applications/XAMPP/xamppfiles/htdocs/tmracing/index.php(57): Illuminate\\Foundation\\Http\\Kernel->handle(Object(Illuminate\\Http\\Request))
#75 {main}
"} 
[2025-12-12 01:41:03] local.ERROR: Route [facebook_chat.index] not defined. (View: /Applications/XAMPP/xamppfiles/htdocs/tmracing/resources/views/backend/inc/admin_sidenav.blade.php) (View: /Applications/XAMPP/xamppfiles/htdocs/tmracing/resources/views/backend/inc/admin_sidenav.blade.php) (View: /Applications/XAMPP/xamppfiles/htdocs/tmracing/resources/views/backend/inc/admin_sidenav.blade.php) {"userId":9,"exception":"[object] (Illuminate\\View\\ViewException(code: 0): Route [facebook_chat.index] not defined. (View: /Applications/XAMPP/xamppfiles/htdocs/tmracing/resources/views/backend/inc/admin_sidenav.blade.php) (View: /Applications/XAMPP/xamppfiles/htdocs/tmracing/resources/views/backend/inc/admin_sidenav.blade.php) (View: /Applications/XAMPP/xamppfiles/htdocs/tmracing/resources/views/backend/inc/admin_sidenav.blade.php) at /Applications/XAMPP/xamppfiles/htdocs/tmracing/vendor/laravel/framework/src/Illuminate/Routing/UrlGenerator.php:477)
[stacktrace]
#0 /Applications/XAMPP/xamppfiles/htdocs/tmracing/vendor/laravel/framework/src/Illuminate/View/Engines/PhpEngine.php(60): Illuminate\\View\\Engines\\CompilerEngine->handleViewException(Object(Illuminate\\View\\ViewException), 1)
#1 /Applications/XAMPP/xamppfiles/htdocs/tmracing/vendor/laravel/framework/src/Illuminate/View/Engines/CompilerEngine.php(72): Illuminate\\View\\Engines\\PhpEngine->evaluatePath('/Applications/X...', Array)
#2 /Applications/XAMPP/xamppfiles/htdocs/tmracing/vendor/laravel/framework/src/Illuminate/View/View.php(207): Illuminate\\View\\Engines\\CompilerEngine->get('/Applications/X...', Array)
#3 /Applications/XAMPP/xamppfiles/htdocs/tmracing/vendor/laravel/framework/src/Illuminate/View/View.php(190): Illuminate\\View\\View->getContents()
#4 /Applications/XAMPP/xamppfiles/htdocs/tmracing/vendor/laravel/framework/src/Illuminate/View/View.php(159): Illuminate\\View\\View->renderContents()
#5 /Applications/XAMPP/xamppfiles/htdocs/tmracing/vendor/laravel/framework/src/Illuminate/Http/Response.php(69): Illuminate\\View\\View->render()
#6 /Applications/XAMPP/xamppfiles/htdocs/tmracing/vendor/laravel/framework/src/Illuminate/Http/Response.php(35): Illuminate\\Http\\Response->setContent(Object(Illuminate\\View\\View))
#7 /Applications/XAMPP/xamppfiles/htdocs/tmracing/vendor/laravel/framework/src/Illuminate/Routing/Router.php(918): Illuminate\\Http\\Response->__construct(Object(Illuminate\\View\\View), 200, Array)
#8 /Applications/XAMPP/xamppfiles/htdocs/tmracing/vendor/laravel/framework/src/Illuminate/Routing/Router.php(885): Illuminate\\Routing\\Router::toResponse(Object(Illuminate\\Http\\Request), Object(Illuminate\\View\\View))
#9 /Applications/XAMPP/xamppfiles/htdocs/tmracing/vendor/laravel/framework/src/Illuminate/Routing/Router.php(805): Illuminate\\Routing\\Router->prepareResponse(Object(Illuminate\\Http\\Request), Object(Illuminate\\View\\View))
#10 /Applications/XAMPP/xamppfiles/htdocs/tmracing/vendor/laravel/framework/src/Illuminate/Pipeline/Pipeline.php(144): Illuminate\\Routing\\Router->Illuminate\\Routing\\{closure}(Object(Illuminate\\Http\\Request))
#11 /Applications/XAMPP/xamppfiles/htdocs/tmracing/app/Http/Middleware/IsAdmin.php(20): Illuminate\\Pipeline\\Pipeline->Illuminate\\Pipeline\\{closure}(Object(Illuminate\\Http\\Request))
#12 /Applications/XAMPP/xamppfiles/htdocs/tmracing/vendor/laravel/framework/src/Illuminate/Pipeline/Pipeline.php(183): App\\Http\\Middleware\\IsAdmin->handle(Object(Illuminate\\Http\\Request), Object(Closure))
#13 /Applications/XAMPP/xamppfiles/htdocs/tmracing/app/Http/Middleware/CheckForMaintenanceMode.php(58): Illuminate\\Pipeline\\Pipeline->Illuminate\\Pipeline\\{closure}(Object(Illuminate\\Http\\Request))
#14 /Applications/XAMPP/xamppfiles/htdocs/tmracing/vendor/laravel/framework/src/Illuminate/Pipeline/Pipeline.php(183): App\\Http\\Middleware\\CheckForMaintenanceMode->handle(Object(Illuminate\\Http\\Request), Object(Closure))
#15 /Applications/XAMPP/xamppfiles/htdocs/tmracing/app/Http/Middleware/HttpsProtocol.php(20): Illuminate\\Pipeline\\Pipeline->Illuminate\\Pipeline\\{closure}(Object(Illuminate\\Http\\Request))
#16 /Applications/XAMPP/xamppfiles/htdocs/tmracing/vendor/laravel/framework/src/Illuminate/Pipeline/Pipeline.php(183): App\\Http\\Middleware\\HttpsProtocol->handle(Object(Illuminate\\Http\\Request), Object(Closure))
#17 /Applications/XAMPP/xamppfiles/htdocs/tmracing/app/Http/Middleware/Language.php(31): Illuminate\\Pipeline\\Pipeline->Illuminate\\Pipeline\\{closure}(Object(Illuminate\\Http\\Request))
#18 /Applications/XAMPP/xamppfiles/htdocs/tmracing/vendor/laravel/framework/src/Illuminate/Pipeline/Pipeline.php(183): App\\Http\\Middleware\\Language->handle(Object(Illuminate\\Http\\Request), Object(Closure))
#19 /Applications/XAMPP/xamppfiles/htdocs/tmracing/vendor/laravel/framework/src/Illuminate/Routing/Middleware/SubstituteBindings.php(50): Illuminate\\Pipeline\\Pipeline->Illuminate\\Pipeline\\{closure}(Object(Illuminate\\Http\\Request))
#20 /Applications/XAMPP/xamppfiles/htdocs/tmracing/vendor/laravel/framework/src/Illuminate/Pipeline/Pipeline.php(183): Illuminate\\Routing\\Middleware\\SubstituteBindings->handle(Object(Illuminate\\Http\\Request), Object(Closure))
#21 /Applications/XAMPP/xamppfiles/htdocs/tmracing/vendor/laravel/framework/src/Illuminate/Auth/Middleware/Authenticate.php(57): Illuminate\\Pipeline\\Pipeline->Illuminate\\Pipeline\\{closure}(Object(Illuminate\\Http\\Request))
#22 /Applications/XAMPP/xamppfiles/htdocs/tmracing/vendor/laravel/framework/src/Illuminate/Pipeline/Pipeline.php(183): Illuminate\\Auth\\Middleware\\Authenticate->handle(Object(Illuminate\\Http\\Request), Object(Closure))
#23 /Applications/XAMPP/xamppfiles/htdocs/tmracing/vendor/laravel/framework/src/Illuminate/Foundation/Http/Middleware/VerifyCsrfToken.php(78): Illuminate\\Pipeline\\Pipeline->Illuminate\\Pipeline\\{closure}(Object(Illuminate\\Http\\Request))
#24 /Applications/XAMPP/xamppfiles/htdocs/tmracing/vendor/laravel/framework/src/Illuminate/Pipeline/Pipeline.php(183): Illuminate\\Foundation\\Http\\Middleware\\VerifyCsrfToken->handle(Object(Illuminate\\Http\\Request), Object(Closure))
#25 /Applications/XAMPP/xamppfiles/htdocs/tmracing/vendor/laravel/framework/src/Illuminate/View/Middleware/ShareErrorsFromSession.php(49): Illuminate\\Pipeline\\Pipeline->Illuminate\\Pipeline\\{closure}(Object(Illuminate\\Http\\Request))
#26 /Applications/XAMPP/xamppfiles/htdocs/tmracing/vendor/laravel/framework/src/Illuminate/Pipeline/Pipeline.php(183): Illuminate\\View\\Middleware\\ShareErrorsFromSession->handle(Object(Illuminate\\Http\\Request), Object(Closure))
#27 /Applications/XAMPP/xamppfiles/htdocs/tmracing/vendor/laravel/framework/src/Illuminate/Session/Middleware/StartSession.php(121): Illuminate\\Pipeline\\Pipeline->Illuminate\\Pipeline\\{closure}(Object(Illuminate\\Http\\Request))
#28 /Applications/XAMPP/xamppfiles/htdocs/tmracing/vendor/laravel/framework/src/Illuminate/Session/Middleware/StartSession.php(64): Illuminate\\Session\\Middleware\\StartSession->handleStatefulRequest(Object(Illuminate\\Http\\Request), Object(Illuminate\\Session\\Store), Object(Closure))
#29 /Applications/XAMPP/xamppfiles/htdocs/tmracing/vendor/laravel/framework/src/Illuminate/Pipeline/Pipeline.php(183): Illuminate\\Session\\Middleware\\StartSession->handle(Object(Illuminate\\Http\\Request), Object(Closure))
#30 /Applications/XAMPP/xamppfiles/htdocs/tmracing/vendor/laravel/framework/src/Illuminate/Cookie/Middleware/AddQueuedCookiesToResponse.php(37): Illuminate\\Pipeline\\Pipeline->Illuminate\\Pipeline\\{closure}(Object(Illuminate\\Http\\Request))
#31 /Applications/XAMPP/xamppfiles/htdocs/tmracing/vendor/laravel/framework/src/Illuminate/Pipeline/Pipeline.php(183): Illuminate\\Cookie\\Middleware\\AddQueuedCookiesToResponse->handle(Object(Illuminate\\Http\\Request), Object(Closure))
#32 /Applications/XAMPP/xamppfiles/htdocs/tmracing/vendor/laravel/framework/src/Illuminate/Pipeline/Pipeline.php(119): Illuminate\\Pipeline\\Pipeline->Illuminate\\Pipeline\\{closure}(Object(Illuminate\\Http\\Request))
#33 /Applications/XAMPP/xamppfiles/htdocs/tmracing/vendor/laravel/framework/src/Illuminate/Routing/Router.php(805): Illuminate\\Pipeline\\Pipeline->then(Object(Closure))
#34 /Applications/XAMPP/xamppfiles/htdocs/tmracing/vendor/laravel/framework/src/Illuminate/Routing/Router.php(784): Illuminate\\Routing\\Router->runRouteWithinStack(Object(Illuminate\\Routing\\Route), Object(Illuminate\\Http\\Request))
#35 /Applications/XAMPP/xamppfiles/htdocs/tmracing/vendor/laravel/framework/src/Illuminate/Routing/Router.php(748): Illuminate\\Routing\\Router->runRoute(Object(Illuminate\\Http\\Request), Object(Illuminate\\Routing\\Route))
#36 /Applications/XAMPP/xamppfiles/htdocs/tmracing/vendor/laravel/framework/src/Illuminate/Routing/Router.php(737): Illuminate\\Routing\\Router->dispatchToRoute(Object(Illuminate\\Http\\Request))
#37 /Applications/XAMPP/xamppfiles/htdocs/tmracing/vendor/laravel/framework/src/Illuminate/Foundation/Http/Kernel.php(200): Illuminate\\Routing\\Router->dispatch(Object(Illuminate\\Http\\Request))
#38 /Applications/XAMPP/xamppfiles/htdocs/tmracing/vendor/laravel/framework/src/Illuminate/Pipeline/Pipeline.php(144): Illuminate\\Foundation\\Http\\Kernel->Illuminate\\Foundation\\Http\\{closure}(Object(Illuminate\\Http\\Request))
#39 /Applications/XAMPP/xamppfiles/htdocs/tmracing/vendor/barryvdh/laravel-debugbar/src/Middleware/InjectDebugbar.php(66): Illuminate\\Pipeline\\Pipeline->Illuminate\\Pipeline\\{closure}(Object(Illuminate\\Http\\Request))
#40 /Applications/XAMPP/xamppfiles/htdocs/tmracing/vendor/laravel/framework/src/Illuminate/Pipeline/Pipeline.php(183): Barryvdh\\Debugbar\\Middleware\\InjectDebugbar->handle(Object(Illuminate\\Http\\Request), Object(Closure))
#41 /Applications/XAMPP/xamppfiles/htdocs/tmracing/vendor/laravel/framework/src/Illuminate/Http/Middleware/TrustProxies.php(39): Illuminate\\Pipeline\\Pipeline->Illuminate\\Pipeline\\{closure}(Object(Illuminate\\Http\\Request))
#42 /Applications/XAMPP/xamppfiles/htdocs/tmracing/vendor/laravel/framework/src/Illuminate/Pipeline/Pipeline.php(183): Illuminate\\Http\\Middleware\\TrustProxies->handle(Object(Illuminate\\Http\\Request), Object(Closure))
#43 /Applications/XAMPP/xamppfiles/htdocs/tmracing/vendor/laravel/framework/src/Illuminate/Foundation/Http/Middleware/TransformsRequest.php(21): Illuminate\\Pipeline\\Pipeline->Illuminate\\Pipeline\\{closure}(Object(Illuminate\\Http\\Request))
#44 /Applications/XAMPP/xamppfiles/htdocs/tmracing/vendor/laravel/framework/src/Illuminate/Foundation/Http/Middleware/ConvertEmptyStringsToNull.php(31): Illuminate\\Foundation\\Http\\Middleware\\TransformsRequest->handle(Object(Illuminate\\Http\\Request), Object(Closure))
#45 /Applications/XAMPP/xamppfiles/htdocs/tmracing/vendor/laravel/framework/src/Illuminate/Pipeline/Pipeline.php(183): Illuminate\\Foundation\\Http\\Middleware\\ConvertEmptyStringsToNull->handle(Object(Illuminate\\Http\\Request), Object(Closure))
#46 /Applications/XAMPP/xamppfiles/htdocs/tmracing/vendor/laravel/framework/src/Illuminate/Foundation/Http/Middleware/TransformsRequest.php(21): Illuminate\\Pipeline\\Pipeline->Illuminate\\Pipeline\\{closure}(Object(Illuminate\\Http\\Request))
#47 /Applications/XAMPP/xamppfiles/htdocs/tmracing/vendor/laravel/framework/src/Illuminate/Foundation/Http/Middleware/TrimStrings.php(40): Illuminate\\Foundation\\Http\\Middleware\\TransformsRequest->handle(Object(Illuminate\\Http\\Request), Object(Closure))
#48 /Applications/XAMPP/xamppfiles/htdocs/tmracing/vendor/laravel/framework/src/Illuminate/Pipeline/Pipeline.php(183): Illuminate\\Foundation\\Http\\Middleware\\TrimStrings->handle(Object(Illuminate\\Http\\Request), Object(Closure))
#49 /Applications/XAMPP/xamppfiles/htdocs/tmracing/vendor/laravel/framework/src/Illuminate/Foundation/Http/Middleware/ValidatePostSize.php(27): Illuminate\\Pipeline\\Pipeline->Illuminate\\Pipeline\\{closure}(Object(Illuminate\\Http\\Request))
#50 /Applications/XAMPP/xamppfiles/htdocs/tmracing/vendor/laravel/framework/src/Illuminate/Pipeline/Pipeline.php(183): Illuminate\\Foundation\\Http\\Middleware\\ValidatePostSize->handle(Object(Illuminate\\Http\\Request), Object(Closure))
#51 /Applications/XAMPP/xamppfiles/htdocs/tmracing/vendor/laravel/framework/src/Illuminate/Pipeline/Pipeline.php(119): Illuminate\\Pipeline\\Pipeline->Illuminate\\Pipeline\\{closure}(Object(Illuminate\\Http\\Request))
#52 /Applications/XAMPP/xamppfiles/htdocs/tmracing/vendor/laravel/framework/src/Illuminate/Foundation/Http/Kernel.php(175): Illuminate\\Pipeline\\Pipeline->then(Object(Closure))
#53 /Applications/XAMPP/xamppfiles/htdocs/tmracing/vendor/laravel/framework/src/Illuminate/Foundation/Http/Kernel.php(144): Illuminate\\Foundation\\Http\\Kernel->sendRequestThroughRouter(Object(Illuminate\\Http\\Request))
#54 /Applications/XAMPP/xamppfiles/htdocs/tmracing/index.php(57): Illuminate\\Foundation\\Http\\Kernel->handle(Object(Illuminate\\Http\\Request))
#55 {main}

[previous exception] [object] (Illuminate\\View\\ViewException(code: 0): Route [facebook_chat.index] not defined. (View: /Applications/XAMPP/xamppfiles/htdocs/tmracing/resources/views/backend/inc/admin_sidenav.blade.php) (View: /Applications/XAMPP/xamppfiles/htdocs/tmracing/resources/views/backend/inc/admin_sidenav.blade.php) at /Applications/XAMPP/xamppfiles/htdocs/tmracing/vendor/laravel/framework/src/Illuminate/Routing/UrlGenerator.php:477)
[stacktrace]
#0 /Applications/XAMPP/xamppfiles/htdocs/tmracing/vendor/laravel/framework/src/Illuminate/View/Engines/PhpEngine.php(60): Illuminate\\View\\Engines\\CompilerEngine->handleViewException(Object(Illuminate\\View\\ViewException), 2)
#1 /Applications/XAMPP/xamppfiles/htdocs/tmracing/vendor/laravel/framework/src/Illuminate/View/Engines/CompilerEngine.php(72): Illuminate\\View\\Engines\\PhpEngine->evaluatePath('/Applications/X...', Array)
#2 /Applications/XAMPP/xamppfiles/htdocs/tmracing/vendor/laravel/framework/src/Illuminate/View/View.php(207): Illuminate\\View\\Engines\\CompilerEngine->get('/Applications/X...', Array)
#3 /Applications/XAMPP/xamppfiles/htdocs/tmracing/vendor/laravel/framework/src/Illuminate/View/View.php(190): Illuminate\\View\\View->getContents()
#4 /Applications/XAMPP/xamppfiles/htdocs/tmracing/vendor/laravel/framework/src/Illuminate/View/View.php(159): Illuminate\\View\\View->renderContents()
#5 /Applications/XAMPP/xamppfiles/htdocs/tmracing/storage/framework/views/2add04623f74d611fd5a0baea40cdc55.php(782): Illuminate\\View\\View->render()
#6 /Applications/XAMPP/xamppfiles/htdocs/tmracing/vendor/laravel/framework/src/Illuminate/Filesystem/Filesystem.php(123): require('/Applications/X...')
#7 /Applications/XAMPP/xamppfiles/htdocs/tmracing/vendor/laravel/framework/src/Illuminate/Filesystem/Filesystem.php(124): Illuminate\\Filesystem\\Filesystem::Illuminate\\Filesystem\\{closure}()
#8 /Applications/XAMPP/xamppfiles/htdocs/tmracing/vendor/laravel/framework/src/Illuminate/View/Engines/PhpEngine.php(58): Illuminate\\Filesystem\\Filesystem->getRequire('/Applications/X...', Array)
#9 /Applications/XAMPP/xamppfiles/htdocs/tmracing/vendor/laravel/framework/src/Illuminate/View/Engines/CompilerEngine.php(72): Illuminate\\View\\Engines\\PhpEngine->evaluatePath('/Applications/X...', Array)
#10 /Applications/XAMPP/xamppfiles/htdocs/tmracing/vendor/laravel/framework/src/Illuminate/View/View.php(207): Illuminate\\View\\Engines\\CompilerEngine->get('/Applications/X...', Array)
#11 /Applications/XAMPP/xamppfiles/htdocs/tmracing/vendor/laravel/framework/src/Illuminate/View/View.php(190): Illuminate\\View\\View->getContents()
#12 /Applications/XAMPP/xamppfiles/htdocs/tmracing/vendor/laravel/framework/src/Illuminate/View/View.php(159): Illuminate\\View\\View->renderContents()
#13 /Applications/XAMPP/xamppfiles/htdocs/tmracing/vendor/laravel/framework/src/Illuminate/Http/Response.php(69): Illuminate\\View\\View->render()
#14 /Applications/XAMPP/xamppfiles/htdocs/tmracing/vendor/laravel/framework/src/Illuminate/Http/Response.php(35): Illuminate\\Http\\Response->setContent(Object(Illuminate\\View\\View))
#15 /Applications/XAMPP/xamppfiles/htdocs/tmracing/vendor/laravel/framework/src/Illuminate/Routing/Router.php(918): Illuminate\\Http\\Response->__construct(Object(Illuminate\\View\\View), 200, Array)
#16 /Applications/XAMPP/xamppfiles/htdocs/tmracing/vendor/laravel/framework/src/Illuminate/Routing/Router.php(885): Illuminate\\Routing\\Router::toResponse(Object(Illuminate\\Http\\Request), Object(Illuminate\\View\\View))
#17 /Applications/XAMPP/xamppfiles/htdocs/tmracing/vendor/laravel/framework/src/Illuminate/Routing/Router.php(805): Illuminate\\Routing\\Router->prepareResponse(Object(Illuminate\\Http\\Request), Object(Illuminate\\View\\View))
#18 /Applications/XAMPP/xamppfiles/htdocs/tmracing/vendor/laravel/framework/src/Illuminate/Pipeline/Pipeline.php(144): Illuminate\\Routing\\Router->Illuminate\\Routing\\{closure}(Object(Illuminate\\Http\\Request))
#19 /Applications/XAMPP/xamppfiles/htdocs/tmracing/app/Http/Middleware/IsAdmin.php(20): Illuminate\\Pipeline\\Pipeline->Illuminate\\Pipeline\\{closure}(Object(Illuminate\\Http\\Request))
#20 /Applications/XAMPP/xamppfiles/htdocs/tmracing/vendor/laravel/framework/src/Illuminate/Pipeline/Pipeline.php(183): App\\Http\\Middleware\\IsAdmin->handle(Object(Illuminate\\Http\\Request), Object(Closure))
#21 /Applications/XAMPP/xamppfiles/htdocs/tmracing/app/Http/Middleware/CheckForMaintenanceMode.php(58): Illuminate\\Pipeline\\Pipeline->Illuminate\\Pipeline\\{closure}(Object(Illuminate\\Http\\Request))
#22 /Applications/XAMPP/xamppfiles/htdocs/tmracing/vendor/laravel/framework/src/Illuminate/Pipeline/Pipeline.php(183): App\\Http\\Middleware\\CheckForMaintenanceMode->handle(Object(Illuminate\\Http\\Request), Object(Closure))
#23 /Applications/XAMPP/xamppfiles/htdocs/tmracing/app/Http/Middleware/HttpsProtocol.php(20): Illuminate\\Pipeline\\Pipeline->Illuminate\\Pipeline\\{closure}(Object(Illuminate\\Http\\Request))
#24 /Applications/XAMPP/xamppfiles/htdocs/tmracing/vendor/laravel/framework/src/Illuminate/Pipeline/Pipeline.php(183): App\\Http\\Middleware\\HttpsProtocol->handle(Object(Illuminate\\Http\\Request), Object(Closure))
#25 /Applications/XAMPP/xamppfiles/htdocs/tmracing/app/Http/Middleware/Language.php(31): Illuminate\\Pipeline\\Pipeline->Illuminate\\Pipeline\\{closure}(Object(Illuminate\\Http\\Request))
#26 /Applications/XAMPP/xamppfiles/htdocs/tmracing/vendor/laravel/framework/src/Illuminate/Pipeline/Pipeline.php(183): App\\Http\\Middleware\\Language->handle(Object(Illuminate\\Http\\Request), Object(Closure))
#27 /Applications/XAMPP/xamppfiles/htdocs/tmracing/vendor/laravel/framework/src/Illuminate/Routing/Middleware/SubstituteBindings.php(50): Illuminate\\Pipeline\\Pipeline->Illuminate\\Pipeline\\{closure}(Object(Illuminate\\Http\\Request))
#28 /Applications/XAMPP/xamppfiles/htdocs/tmracing/vendor/laravel/framework/src/Illuminate/Pipeline/Pipeline.php(183): Illuminate\\Routing\\Middleware\\SubstituteBindings->handle(Object(Illuminate\\Http\\Request), Object(Closure))
#29 /Applications/XAMPP/xamppfiles/htdocs/tmracing/vendor/laravel/framework/src/Illuminate/Auth/Middleware/Authenticate.php(57): Illuminate\\Pipeline\\Pipeline->Illuminate\\Pipeline\\{closure}(Object(Illuminate\\Http\\Request))
#30 /Applications/XAMPP/xamppfiles/htdocs/tmracing/vendor/laravel/framework/src/Illuminate/Pipeline/Pipeline.php(183): Illuminate\\Auth\\Middleware\\Authenticate->handle(Object(Illuminate\\Http\\Request), Object(Closure))
#31 /Applications/XAMPP/xamppfiles/htdocs/tmracing/vendor/laravel/framework/src/Illuminate/Foundation/Http/Middleware/VerifyCsrfToken.php(78): Illuminate\\Pipeline\\Pipeline->Illuminate\\Pipeline\\{closure}(Object(Illuminate\\Http\\Request))
#32 /Applications/XAMPP/xamppfiles/htdocs/tmracing/vendor/laravel/framework/src/Illuminate/Pipeline/Pipeline.php(183): Illuminate\\Foundation\\Http\\Middleware\\VerifyCsrfToken->handle(Object(Illuminate\\Http\\Request), Object(Closure))
#33 /Applications/XAMPP/xamppfiles/htdocs/tmracing/vendor/laravel/framework/src/Illuminate/View/Middleware/ShareErrorsFromSession.php(49): Illuminate\\Pipeline\\Pipeline->Illuminate\\Pipeline\\{closure}(Object(Illuminate\\Http\\Request))
#34 /Applications/XAMPP/xamppfiles/htdocs/tmracing/vendor/laravel/framework/src/Illuminate/Pipeline/Pipeline.php(183): Illuminate\\View\\Middleware\\ShareErrorsFromSession->handle(Object(Illuminate\\Http\\Request), Object(Closure))
#35 /Applications/XAMPP/xamppfiles/htdocs/tmracing/vendor/laravel/framework/src/Illuminate/Session/Middleware/StartSession.php(121): Illuminate\\Pipeline\\Pipeline->Illuminate\\Pipeline\\{closure}(Object(Illuminate\\Http\\Request))
#36 /Applications/XAMPP/xamppfiles/htdocs/tmracing/vendor/laravel/framework/src/Illuminate/Session/Middleware/StartSession.php(64): Illuminate\\Session\\Middleware\\StartSession->handleStatefulRequest(Object(Illuminate\\Http\\Request), Object(Illuminate\\Session\\Store), Object(Closure))
#37 /Applications/XAMPP/xamppfiles/htdocs/tmracing/vendor/laravel/framework/src/Illuminate/Pipeline/Pipeline.php(183): Illuminate\\Session\\Middleware\\StartSession->handle(Object(Illuminate\\Http\\Request), Object(Closure))
#38 /Applications/XAMPP/xamppfiles/htdocs/tmracing/vendor/laravel/framework/src/Illuminate/Cookie/Middleware/AddQueuedCookiesToResponse.php(37): Illuminate\\Pipeline\\Pipeline->Illuminate\\Pipeline\\{closure}(Object(Illuminate\\Http\\Request))
#39 /Applications/XAMPP/xamppfiles/htdocs/tmracing/vendor/laravel/framework/src/Illuminate/Pipeline/Pipeline.php(183): Illuminate\\Cookie\\Middleware\\AddQueuedCookiesToResponse->handle(Object(Illuminate\\Http\\Request), Object(Closure))
#40 /Applications/XAMPP/xamppfiles/htdocs/tmracing/vendor/laravel/framework/src/Illuminate/Pipeline/Pipeline.php(119): Illuminate\\Pipeline\\Pipeline->Illuminate\\Pipeline\\{closure}(Object(Illuminate\\Http\\Request))
#41 /Applications/XAMPP/xamppfiles/htdocs/tmracing/vendor/laravel/framework/src/Illuminate/Routing/Router.php(805): Illuminate\\Pipeline\\Pipeline->then(Object(Closure))
#42 /Applications/XAMPP/xamppfiles/htdocs/tmracing/vendor/laravel/framework/src/Illuminate/Routing/Router.php(784): Illuminate\\Routing\\Router->runRouteWithinStack(Object(Illuminate\\Routing\\Route), Object(Illuminate\\Http\\Request))
#43 /Applications/XAMPP/xamppfiles/htdocs/tmracing/vendor/laravel/framework/src/Illuminate/Routing/Router.php(748): Illuminate\\Routing\\Router->runRoute(Object(Illuminate\\Http\\Request), Object(Illuminate\\Routing\\Route))
#44 /Applications/XAMPP/xamppfiles/htdocs/tmracing/vendor/laravel/framework/src/Illuminate/Routing/Router.php(737): Illuminate\\Routing\\Router->dispatchToRoute(Object(Illuminate\\Http\\Request))
#45 /Applications/XAMPP/xamppfiles/htdocs/tmracing/vendor/laravel/framework/src/Illuminate/Foundation/Http/Kernel.php(200): Illuminate\\Routing\\Router->dispatch(Object(Illuminate\\Http\\Request))
#46 /Applications/XAMPP/xamppfiles/htdocs/tmracing/vendor/laravel/framework/src/Illuminate/Pipeline/Pipeline.php(144): Illuminate\\Foundation\\Http\\Kernel->Illuminate\\Foundation\\Http\\{closure}(Object(Illuminate\\Http\\Request))
#47 /Applications/XAMPP/xamppfiles/htdocs/tmracing/vendor/barryvdh/laravel-debugbar/src/Middleware/InjectDebugbar.php(66): Illuminate\\Pipeline\\Pipeline->Illuminate\\Pipeline\\{closure}(Object(Illuminate\\Http\\Request))
#48 /Applications/XAMPP/xamppfiles/htdocs/tmracing/vendor/laravel/framework/src/Illuminate/Pipeline/Pipeline.php(183): Barryvdh\\Debugbar\\Middleware\\InjectDebugbar->handle(Object(Illuminate\\Http\\Request), Object(Closure))
#49 /Applications/XAMPP/xamppfiles/htdocs/tmracing/vendor/laravel/framework/src/Illuminate/Http/Middleware/TrustProxies.php(39): Illuminate\\Pipeline\\Pipeline->Illuminate\\Pipeline\\{closure}(Object(Illuminate\\Http\\Request))
#50 /Applications/XAMPP/xamppfiles/htdocs/tmracing/vendor/laravel/framework/src/Illuminate/Pipeline/Pipeline.php(183): Illuminate\\Http\\Middleware\\TrustProxies->handle(Object(Illuminate\\Http\\Request), Object(Closure))
#51 /Applications/XAMPP/xamppfiles/htdocs/tmracing/vendor/laravel/framework/src/Illuminate/Foundation/Http/Middleware/TransformsRequest.php(21): Illuminate\\Pipeline\\Pipeline->Illuminate\\Pipeline\\{closure}(Object(Illuminate\\Http\\Request))
#52 /Applications/XAMPP/xamppfiles/htdocs/tmracing/vendor/laravel/framework/src/Illuminate/Foundation/Http/Middleware/ConvertEmptyStringsToNull.php(31): Illuminate\\Foundation\\Http\\Middleware\\TransformsRequest->handle(Object(Illuminate\\Http\\Request), Object(Closure))
#53 /Applications/XAMPP/xamppfiles/htdocs/tmracing/vendor/laravel/framework/src/Illuminate/Pipeline/Pipeline.php(183): Illuminate\\Foundation\\Http\\Middleware\\ConvertEmptyStringsToNull->handle(Object(Illuminate\\Http\\Request), Object(Closure))
#54 /Applications/XAMPP/xamppfiles/htdocs/tmracing/vendor/laravel/framework/src/Illuminate/Foundation/Http/Middleware/TransformsRequest.php(21): Illuminate\\Pipeline\\Pipeline->Illuminate\\Pipeline\\{closure}(Object(Illuminate\\Http\\Request))
#55 /Applications/XAMPP/xamppfiles/htdocs/tmracing/vendor/laravel/framework/src/Illuminate/Foundation/Http/Middleware/TrimStrings.php(40): Illuminate\\Foundation\\Http\\Middleware\\TransformsRequest->handle(Object(Illuminate\\Http\\Request), Object(Closure))
#56 /Applications/XAMPP/xamppfiles/htdocs/tmracing/vendor/laravel/framework/src/Illuminate/Pipeline/Pipeline.php(183): Illuminate\\Foundation\\Http\\Middleware\\TrimStrings->handle(Object(Illuminate\\Http\\Request), Object(Closure))
#57 /Applications/XAMPP/xamppfiles/htdocs/tmracing/vendor/laravel/framework/src/Illuminate/Foundation/Http/Middleware/ValidatePostSize.php(27): Illuminate\\Pipeline\\Pipeline->Illuminate\\Pipeline\\{closure}(Object(Illuminate\\Http\\Request))
#58 /Applications/XAMPP/xamppfiles/htdocs/tmracing/vendor/laravel/framework/src/Illuminate/Pipeline/Pipeline.php(183): Illuminate\\Foundation\\Http\\Middleware\\ValidatePostSize->handle(Object(Illuminate\\Http\\Request), Object(Closure))
#59 /Applications/XAMPP/xamppfiles/htdocs/tmracing/vendor/laravel/framework/src/Illuminate/Pipeline/Pipeline.php(119): Illuminate\\Pipeline\\Pipeline->Illuminate\\Pipeline\\{closure}(Object(Illuminate\\Http\\Request))
#60 /Applications/XAMPP/xamppfiles/htdocs/tmracing/vendor/laravel/framework/src/Illuminate/Foundation/Http/Kernel.php(175): Illuminate\\Pipeline\\Pipeline->then(Object(Closure))
#61 /Applications/XAMPP/xamppfiles/htdocs/tmracing/vendor/laravel/framework/src/Illuminate/Foundation/Http/Kernel.php(144): Illuminate\\Foundation\\Http\\Kernel->sendRequestThroughRouter(Object(Illuminate\\Http\\Request))
#62 /Applications/XAMPP/xamppfiles/htdocs/tmracing/index.php(57): Illuminate\\Foundation\\Http\\Kernel->handle(Object(Illuminate\\Http\\Request))
#63 {main}

[previous exception] [object] (Illuminate\\View\\ViewException(code: 0): Route [facebook_chat.index] not defined. (View: /Applications/XAMPP/xamppfiles/htdocs/tmracing/resources/views/backend/inc/admin_sidenav.blade.php) at /Applications/XAMPP/xamppfiles/htdocs/tmracing/vendor/laravel/framework/src/Illuminate/Routing/UrlGenerator.php:477)
[stacktrace]
#0 /Applications/XAMPP/xamppfiles/htdocs/tmracing/vendor/laravel/framework/src/Illuminate/View/Engines/PhpEngine.php(60): Illuminate\\View\\Engines\\CompilerEngine->handleViewException(Object(Symfony\\Component\\Routing\\Exception\\RouteNotFoundException), 3)
#1 /Applications/XAMPP/xamppfiles/htdocs/tmracing/vendor/laravel/framework/src/Illuminate/View/Engines/CompilerEngine.php(72): Illuminate\\View\\Engines\\PhpEngine->evaluatePath('/Applications/X...', Array)
#2 /Applications/XAMPP/xamppfiles/htdocs/tmracing/vendor/laravel/framework/src/Illuminate/View/View.php(207): Illuminate\\View\\Engines\\CompilerEngine->get('/Applications/X...', Array)
#3 /Applications/XAMPP/xamppfiles/htdocs/tmracing/vendor/laravel/framework/src/Illuminate/View/View.php(190): Illuminate\\View\\View->getContents()
#4 /Applications/XAMPP/xamppfiles/htdocs/tmracing/vendor/laravel/framework/src/Illuminate/View/View.php(159): Illuminate\\View\\View->renderContents()
#5 /Applications/XAMPP/xamppfiles/htdocs/tmracing/storage/framework/views/f12bd46b3566fa17f0743101a73f7750.php(109): Illuminate\\View\\View->render()
#6 /Applications/XAMPP/xamppfiles/htdocs/tmracing/vendor/laravel/framework/src/Illuminate/Filesystem/Filesystem.php(123): require('/Applications/X...')
#7 /Applications/XAMPP/xamppfiles/htdocs/tmracing/vendor/laravel/framework/src/Illuminate/Filesystem/Filesystem.php(124): Illuminate\\Filesystem\\Filesystem::Illuminate\\Filesystem\\{closure}()
#8 /Applications/XAMPP/xamppfiles/htdocs/tmracing/vendor/laravel/framework/src/Illuminate/View/Engines/PhpEngine.php(58): Illuminate\\Filesystem\\Filesystem->getRequire('/Applications/X...', Array)
#9 /Applications/XAMPP/xamppfiles/htdocs/tmracing/vendor/laravel/framework/src/Illuminate/View/Engines/CompilerEngine.php(72): Illuminate\\View\\Engines\\PhpEngine->evaluatePath('/Applications/X...', Array)
#10 /Applications/XAMPP/xamppfiles/htdocs/tmracing/vendor/laravel/framework/src/Illuminate/View/View.php(207): Illuminate\\View\\Engines\\CompilerEngine->get('/Applications/X...', Array)
#11 /Applications/XAMPP/xamppfiles/htdocs/tmracing/vendor/laravel/framework/src/Illuminate/View/View.php(190): Illuminate\\View\\View->getContents()
#12 /Applications/XAMPP/xamppfiles/htdocs/tmracing/vendor/laravel/framework/src/Illuminate/View/View.php(159): Illuminate\\View\\View->renderContents()
#13 /Applications/XAMPP/xamppfiles/htdocs/tmracing/storage/framework/views/2add04623f74d611fd5a0baea40cdc55.php(782): Illuminate\\View\\View->render()
#14 /Applications/XAMPP/xamppfiles/htdocs/tmracing/vendor/laravel/framework/src/Illuminate/Filesystem/Filesystem.php(123): require('/Applications/X...')
#15 /Applications/XAMPP/xamppfiles/htdocs/tmracing/vendor/laravel/framework/src/Illuminate/Filesystem/Filesystem.php(124): Illuminate\\Filesystem\\Filesystem::Illuminate\\Filesystem\\{closure}()
#16 /Applications/XAMPP/xamppfiles/htdocs/tmracing/vendor/laravel/framework/src/Illuminate/View/Engines/PhpEngine.php(58): Illuminate\\Filesystem\\Filesystem->getRequire('/Applications/X...', Array)
#17 /Applications/XAMPP/xamppfiles/htdocs/tmracing/vendor/laravel/framework/src/Illuminate/View/Engines/CompilerEngine.php(72): Illuminate\\View\\Engines\\PhpEngine->evaluatePath('/Applications/X...', Array)
#18 /Applications/XAMPP/xamppfiles/htdocs/tmracing/vendor/laravel/framework/src/Illuminate/View/View.php(207): Illuminate\\View\\Engines\\CompilerEngine->get('/Applications/X...', Array)
#19 /Applications/XAMPP/xamppfiles/htdocs/tmracing/vendor/laravel/framework/src/Illuminate/View/View.php(190): Illuminate\\View\\View->getContents()
#20 /Applications/XAMPP/xamppfiles/htdocs/tmracing/vendor/laravel/framework/src/Illuminate/View/View.php(159): Illuminate\\View\\View->renderContents()
#21 /Applications/XAMPP/xamppfiles/htdocs/tmracing/vendor/laravel/framework/src/Illuminate/Http/Response.php(69): Illuminate\\View\\View->render()
#22 /Applications/XAMPP/xamppfiles/htdocs/tmracing/vendor/laravel/framework/src/Illuminate/Http/Response.php(35): Illuminate\\Http\\Response->setContent(Object(Illuminate\\View\\View))
#23 /Applications/XAMPP/xamppfiles/htdocs/tmracing/vendor/laravel/framework/src/Illuminate/Routing/Router.php(918): Illuminate\\Http\\Response->__construct(Object(Illuminate\\View\\View), 200, Array)
#24 /Applications/XAMPP/xamppfiles/htdocs/tmracing/vendor/laravel/framework/src/Illuminate/Routing/Router.php(885): Illuminate\\Routing\\Router::toResponse(Object(Illuminate\\Http\\Request), Object(Illuminate\\View\\View))
#25 /Applications/XAMPP/xamppfiles/htdocs/tmracing/vendor/laravel/framework/src/Illuminate/Routing/Router.php(805): Illuminate\\Routing\\Router->prepareResponse(Object(Illuminate\\Http\\Request), Object(Illuminate\\View\\View))
#26 /Applications/XAMPP/xamppfiles/htdocs/tmracing/vendor/laravel/framework/src/Illuminate/Pipeline/Pipeline.php(144): Illuminate\\Routing\\Router->Illuminate\\Routing\\{closure}(Object(Illuminate\\Http\\Request))
#27 /Applications/XAMPP/xamppfiles/htdocs/tmracing/app/Http/Middleware/IsAdmin.php(20): Illuminate\\Pipeline\\Pipeline->Illuminate\\Pipeline\\{closure}(Object(Illuminate\\Http\\Request))
#28 /Applications/XAMPP/xamppfiles/htdocs/tmracing/vendor/laravel/framework/src/Illuminate/Pipeline/Pipeline.php(183): App\\Http\\Middleware\\IsAdmin->handle(Object(Illuminate\\Http\\Request), Object(Closure))
#29 /Applications/XAMPP/xamppfiles/htdocs/tmracing/app/Http/Middleware/CheckForMaintenanceMode.php(58): Illuminate\\Pipeline\\Pipeline->Illuminate\\Pipeline\\{closure}(Object(Illuminate\\Http\\Request))
#30 /Applications/XAMPP/xamppfiles/htdocs/tmracing/vendor/laravel/framework/src/Illuminate/Pipeline/Pipeline.php(183): App\\Http\\Middleware\\CheckForMaintenanceMode->handle(Object(Illuminate\\Http\\Request), Object(Closure))
#31 /Applications/XAMPP/xamppfiles/htdocs/tmracing/app/Http/Middleware/HttpsProtocol.php(20): Illuminate\\Pipeline\\Pipeline->Illuminate\\Pipeline\\{closure}(Object(Illuminate\\Http\\Request))
#32 /Applications/XAMPP/xamppfiles/htdocs/tmracing/vendor/laravel/framework/src/Illuminate/Pipeline/Pipeline.php(183): App\\Http\\Middleware\\HttpsProtocol->handle(Object(Illuminate\\Http\\Request), Object(Closure))
#33 /Applications/XAMPP/xamppfiles/htdocs/tmracing/app/Http/Middleware/Language.php(31): Illuminate\\Pipeline\\Pipeline->Illuminate\\Pipeline\\{closure}(Object(Illuminate\\Http\\Request))
#34 /Applications/XAMPP/xamppfiles/htdocs/tmracing/vendor/laravel/framework/src/Illuminate/Pipeline/Pipeline.php(183): App\\Http\\Middleware\\Language->handle(Object(Illuminate\\Http\\Request), Object(Closure))
#35 /Applications/XAMPP/xamppfiles/htdocs/tmracing/vendor/laravel/framework/src/Illuminate/Routing/Middleware/SubstituteBindings.php(50): Illuminate\\Pipeline\\Pipeline->Illuminate\\Pipeline\\{closure}(Object(Illuminate\\Http\\Request))
#36 /Applications/XAMPP/xamppfiles/htdocs/tmracing/vendor/laravel/framework/src/Illuminate/Pipeline/Pipeline.php(183): Illuminate\\Routing\\Middleware\\SubstituteBindings->handle(Object(Illuminate\\Http\\Request), Object(Closure))
#37 /Applications/XAMPP/xamppfiles/htdocs/tmracing/vendor/laravel/framework/src/Illuminate/Auth/Middleware/Authenticate.php(57): Illuminate\\Pipeline\\Pipeline->Illuminate\\Pipeline\\{closure}(Object(Illuminate\\Http\\Request))
#38 /Applications/XAMPP/xamppfiles/htdocs/tmracing/vendor/laravel/framework/src/Illuminate/Pipeline/Pipeline.php(183): Illuminate\\Auth\\Middleware\\Authenticate->handle(Object(Illuminate\\Http\\Request), Object(Closure))
#39 /Applications/XAMPP/xamppfiles/htdocs/tmracing/vendor/laravel/framework/src/Illuminate/Foundation/Http/Middleware/VerifyCsrfToken.php(78): Illuminate\\Pipeline\\Pipeline->Illuminate\\Pipeline\\{closure}(Object(Illuminate\\Http\\Request))
#40 /Applications/XAMPP/xamppfiles/htdocs/tmracing/vendor/laravel/framework/src/Illuminate/Pipeline/Pipeline.php(183): Illuminate\\Foundation\\Http\\Middleware\\VerifyCsrfToken->handle(Object(Illuminate\\Http\\Request), Object(Closure))
#41 /Applications/XAMPP/xamppfiles/htdocs/tmracing/vendor/laravel/framework/src/Illuminate/View/Middleware/ShareErrorsFromSession.php(49): Illuminate\\Pipeline\\Pipeline->Illuminate\\Pipeline\\{closure}(Object(Illuminate\\Http\\Request))
#42 /Applications/XAMPP/xamppfiles/htdocs/tmracing/vendor/laravel/framework/src/Illuminate/Pipeline/Pipeline.php(183): Illuminate\\View\\Middleware\\ShareErrorsFromSession->handle(Object(Illuminate\\Http\\Request), Object(Closure))
#43 /Applications/XAMPP/xamppfiles/htdocs/tmracing/vendor/laravel/framework/src/Illuminate/Session/Middleware/StartSession.php(121): Illuminate\\Pipeline\\Pipeline->Illuminate\\Pipeline\\{closure}(Object(Illuminate\\Http\\Request))
#44 /Applications/XAMPP/xamppfiles/htdocs/tmracing/vendor/laravel/framework/src/Illuminate/Session/Middleware/StartSession.php(64): Illuminate\\Session\\Middleware\\StartSession->handleStatefulRequest(Object(Illuminate\\Http\\Request), Object(Illuminate\\Session\\Store), Object(Closure))
#45 /Applications/XAMPP/xamppfiles/htdocs/tmracing/vendor/laravel/framework/src/Illuminate/Pipeline/Pipeline.php(183): Illuminate\\Session\\Middleware\\StartSession->handle(Object(Illuminate\\Http\\Request), Object(Closure))
#46 /Applications/XAMPP/xamppfiles/htdocs/tmracing/vendor/laravel/framework/src/Illuminate/Cookie/Middleware/AddQueuedCookiesToResponse.php(37): Illuminate\\Pipeline\\Pipeline->Illuminate\\Pipeline\\{closure}(Object(Illuminate\\Http\\Request))
#47 /Applications/XAMPP/xamppfiles/htdocs/tmracing/vendor/laravel/framework/src/Illuminate/Pipeline/Pipeline.php(183): Illuminate\\Cookie\\Middleware\\AddQueuedCookiesToResponse->handle(Object(Illuminate\\Http\\Request), Object(Closure))
#48 /Applications/XAMPP/xamppfiles/htdocs/tmracing/vendor/laravel/framework/src/Illuminate/Pipeline/Pipeline.php(119): Illuminate\\Pipeline\\Pipeline->Illuminate\\Pipeline\\{closure}(Object(Illuminate\\Http\\Request))
#49 /Applications/XAMPP/xamppfiles/htdocs/tmracing/vendor/laravel/framework/src/Illuminate/Routing/Router.php(805): Illuminate\\Pipeline\\Pipeline->then(Object(Closure))
#50 /Applications/XAMPP/xamppfiles/htdocs/tmracing/vendor/laravel/framework/src/Illuminate/Routing/Router.php(784): Illuminate\\Routing\\Router->runRouteWithinStack(Object(Illuminate\\Routing\\Route), Object(Illuminate\\Http\\Request))
#51 /Applications/XAMPP/xamppfiles/htdocs/tmracing/vendor/laravel/framework/src/Illuminate/Routing/Router.php(748): Illuminate\\Routing\\Router->runRoute(Object(Illuminate\\Http\\Request), Object(Illuminate\\Routing\\Route))
#52 /Applications/XAMPP/xamppfiles/htdocs/tmracing/vendor/laravel/framework/src/Illuminate/Routing/Router.php(737): Illuminate\\Routing\\Router->dispatchToRoute(Object(Illuminate\\Http\\Request))
#53 /Applications/XAMPP/xamppfiles/htdocs/tmracing/vendor/laravel/framework/src/Illuminate/Foundation/Http/Kernel.php(200): Illuminate\\Routing\\Router->dispatch(Object(Illuminate\\Http\\Request))
#54 /Applications/XAMPP/xamppfiles/htdocs/tmracing/vendor/laravel/framework/src/Illuminate/Pipeline/Pipeline.php(144): Illuminate\\Foundation\\Http\\Kernel->Illuminate\\Foundation\\Http\\{closure}(Object(Illuminate\\Http\\Request))
#55 /Applications/XAMPP/xamppfiles/htdocs/tmracing/vendor/barryvdh/laravel-debugbar/src/Middleware/InjectDebugbar.php(66): Illuminate\\Pipeline\\Pipeline->Illuminate\\Pipeline\\{closure}(Object(Illuminate\\Http\\Request))
#56 /Applications/XAMPP/xamppfiles/htdocs/tmracing/vendor/laravel/framework/src/Illuminate/Pipeline/Pipeline.php(183): Barryvdh\\Debugbar\\Middleware\\InjectDebugbar->handle(Object(Illuminate\\Http\\Request), Object(Closure))
#57 /Applications/XAMPP/xamppfiles/htdocs/tmracing/vendor/laravel/framework/src/Illuminate/Http/Middleware/TrustProxies.php(39): Illuminate\\Pipeline\\Pipeline->Illuminate\\Pipeline\\{closure}(Object(Illuminate\\Http\\Request))
#58 /Applications/XAMPP/xamppfiles/htdocs/tmracing/vendor/laravel/framework/src/Illuminate/Pipeline/Pipeline.php(183): Illuminate\\Http\\Middleware\\TrustProxies->handle(Object(Illuminate\\Http\\Request), Object(Closure))
#59 /Applications/XAMPP/xamppfiles/htdocs/tmracing/vendor/laravel/framework/src/Illuminate/Foundation/Http/Middleware/TransformsRequest.php(21): Illuminate\\Pipeline\\Pipeline->Illuminate\\Pipeline\\{closure}(Object(Illuminate\\Http\\Request))
#60 /Applications/XAMPP/xamppfiles/htdocs/tmracing/vendor/laravel/framework/src/Illuminate/Foundation/Http/Middleware/ConvertEmptyStringsToNull.php(31): Illuminate\\Foundation\\Http\\Middleware\\TransformsRequest->handle(Object(Illuminate\\Http\\Request), Object(Closure))
#61 /Applications/XAMPP/xamppfiles/htdocs/tmracing/vendor/laravel/framework/src/Illuminate/Pipeline/Pipeline.php(183): Illuminate\\Foundation\\Http\\Middleware\\ConvertEmptyStringsToNull->handle(Object(Illuminate\\Http\\Request), Object(Closure))
#62 /Applications/XAMPP/xamppfiles/htdocs/tmracing/vendor/laravel/framework/src/Illuminate/Foundation/Http/Middleware/TransformsRequest.php(21): Illuminate\\Pipeline\\Pipeline->Illuminate\\Pipeline\\{closure}(Object(Illuminate\\Http\\Request))
#63 /Applications/XAMPP/xamppfiles/htdocs/tmracing/vendor/laravel/framework/src/Illuminate/Foundation/Http/Middleware/TrimStrings.php(40): Illuminate\\Foundation\\Http\\Middleware\\TransformsRequest->handle(Object(Illuminate\\Http\\Request), Object(Closure))
#64 /Applications/XAMPP/xamppfiles/htdocs/tmracing/vendor/laravel/framework/src/Illuminate/Pipeline/Pipeline.php(183): Illuminate\\Foundation\\Http\\Middleware\\TrimStrings->handle(Object(Illuminate\\Http\\Request), Object(Closure))
#65 /Applications/XAMPP/xamppfiles/htdocs/tmracing/vendor/laravel/framework/src/Illuminate/Foundation/Http/Middleware/ValidatePostSize.php(27): Illuminate\\Pipeline\\Pipeline->Illuminate\\Pipeline\\{closure}(Object(Illuminate\\Http\\Request))
#66 /Applications/XAMPP/xamppfiles/htdocs/tmracing/vendor/laravel/framework/src/Illuminate/Pipeline/Pipeline.php(183): Illuminate\\Foundation\\Http\\Middleware\\ValidatePostSize->handle(Object(Illuminate\\Http\\Request), Object(Closure))
#67 /Applications/XAMPP/xamppfiles/htdocs/tmracing/vendor/laravel/framework/src/Illuminate/Pipeline/Pipeline.php(119): Illuminate\\Pipeline\\Pipeline->Illuminate\\Pipeline\\{closure}(Object(Illuminate\\Http\\Request))
#68 /Applications/XAMPP/xamppfiles/htdocs/tmracing/vendor/laravel/framework/src/Illuminate/Foundation/Http/Kernel.php(175): Illuminate\\Pipeline\\Pipeline->then(Object(Closure))
#69 /Applications/XAMPP/xamppfiles/htdocs/tmracing/vendor/laravel/framework/src/Illuminate/Foundation/Http/Kernel.php(144): Illuminate\\Foundation\\Http\\Kernel->sendRequestThroughRouter(Object(Illuminate\\Http\\Request))
#70 /Applications/XAMPP/xamppfiles/htdocs/tmracing/index.php(57): Illuminate\\Foundation\\Http\\Kernel->handle(Object(Illuminate\\Http\\Request))
#71 {main}

[previous exception] [object] (Symfony\\Component\\Routing\\Exception\\RouteNotFoundException(code: 0): Route [facebook_chat.index] not defined. at /Applications/XAMPP/xamppfiles/htdocs/tmracing/vendor/laravel/framework/src/Illuminate/Routing/UrlGenerator.php:477)
[stacktrace]
#0 /Applications/XAMPP/xamppfiles/htdocs/tmracing/vendor/laravel/framework/src/Illuminate/Foundation/helpers.php(811): Illuminate\\Routing\\UrlGenerator->route('facebook_chat.i...', Array, true)
#1 /Applications/XAMPP/xamppfiles/htdocs/tmracing/storage/framework/views/da67c365180f7100f9c4c2a3feb76c43.php(403): route('facebook_chat.i...')
#2 /Applications/XAMPP/xamppfiles/htdocs/tmracing/vendor/laravel/framework/src/Illuminate/Filesystem/Filesystem.php(123): require('/Applications/X...')
#3 /Applications/XAMPP/xamppfiles/htdocs/tmracing/vendor/laravel/framework/src/Illuminate/Filesystem/Filesystem.php(124): Illuminate\\Filesystem\\Filesystem::Illuminate\\Filesystem\\{closure}()
#4 /Applications/XAMPP/xamppfiles/htdocs/tmracing/vendor/laravel/framework/src/Illuminate/View/Engines/PhpEngine.php(58): Illuminate\\Filesystem\\Filesystem->getRequire('/Applications/X...', Array)
#5 /Applications/XAMPP/xamppfiles/htdocs/tmracing/vendor/laravel/framework/src/Illuminate/View/Engines/CompilerEngine.php(72): Illuminate\\View\\Engines\\PhpEngine->evaluatePath('/Applications/X...', Array)
#6 /Applications/XAMPP/xamppfiles/htdocs/tmracing/vendor/laravel/framework/src/Illuminate/View/View.php(207): Illuminate\\View\\Engines\\CompilerEngine->get('/Applications/X...', Array)
#7 /Applications/XAMPP/xamppfiles/htdocs/tmracing/vendor/laravel/framework/src/Illuminate/View/View.php(190): Illuminate\\View\\View->getContents()
#8 /Applications/XAMPP/xamppfiles/htdocs/tmracing/vendor/laravel/framework/src/Illuminate/View/View.php(159): Illuminate\\View\\View->renderContents()
#9 /Applications/XAMPP/xamppfiles/htdocs/tmracing/storage/framework/views/f12bd46b3566fa17f0743101a73f7750.php(109): Illuminate\\View\\View->render()
#10 /Applications/XAMPP/xamppfiles/htdocs/tmracing/vendor/laravel/framework/src/Illuminate/Filesystem/Filesystem.php(123): require('/Applications/X...')
#11 /Applications/XAMPP/xamppfiles/htdocs/tmracing/vendor/laravel/framework/src/Illuminate/Filesystem/Filesystem.php(124): Illuminate\\Filesystem\\Filesystem::Illuminate\\Filesystem\\{closure}()
#12 /Applications/XAMPP/xamppfiles/htdocs/tmracing/vendor/laravel/framework/src/Illuminate/View/Engines/PhpEngine.php(58): Illuminate\\Filesystem\\Filesystem->getRequire('/Applications/X...', Array)
#13 /Applications/XAMPP/xamppfiles/htdocs/tmracing/vendor/laravel/framework/src/Illuminate/View/Engines/CompilerEngine.php(72): Illuminate\\View\\Engines\\PhpEngine->evaluatePath('/Applications/X...', Array)
#14 /Applications/XAMPP/xamppfiles/htdocs/tmracing/vendor/laravel/framework/src/Illuminate/View/View.php(207): Illuminate\\View\\Engines\\CompilerEngine->get('/Applications/X...', Array)
#15 /Applications/XAMPP/xamppfiles/htdocs/tmracing/vendor/laravel/framework/src/Illuminate/View/View.php(190): Illuminate\\View\\View->getContents()
#16 /Applications/XAMPP/xamppfiles/htdocs/tmracing/vendor/laravel/framework/src/Illuminate/View/View.php(159): Illuminate\\View\\View->renderContents()
#17 /Applications/XAMPP/xamppfiles/htdocs/tmracing/storage/framework/views/2add04623f74d611fd5a0baea40cdc55.php(782): Illuminate\\View\\View->render()
#18 /Applications/XAMPP/xamppfiles/htdocs/tmracing/vendor/laravel/framework/src/Illuminate/Filesystem/Filesystem.php(123): require('/Applications/X...')
#19 /Applications/XAMPP/xamppfiles/htdocs/tmracing/vendor/laravel/framework/src/Illuminate/Filesystem/Filesystem.php(124): Illuminate\\Filesystem\\Filesystem::Illuminate\\Filesystem\\{closure}()
#20 /Applications/XAMPP/xamppfiles/htdocs/tmracing/vendor/laravel/framework/src/Illuminate/View/Engines/PhpEngine.php(58): Illuminate\\Filesystem\\Filesystem->getRequire('/Applications/X...', Array)
#21 /Applications/XAMPP/xamppfiles/htdocs/tmracing/vendor/laravel/framework/src/Illuminate/View/Engines/CompilerEngine.php(72): Illuminate\\View\\Engines\\PhpEngine->evaluatePath('/Applications/X...', Array)
#22 /Applications/XAMPP/xamppfiles/htdocs/tmracing/vendor/laravel/framework/src/Illuminate/View/View.php(207): Illuminate\\View\\Engines\\CompilerEngine->get('/Applications/X...', Array)
#23 /Applications/XAMPP/xamppfiles/htdocs/tmracing/vendor/laravel/framework/src/Illuminate/View/View.php(190): Illuminate\\View\\View->getContents()
#24 /Applications/XAMPP/xamppfiles/htdocs/tmracing/vendor/laravel/framework/src/Illuminate/View/View.php(159): Illuminate\\View\\View->renderContents()
#25 /Applications/XAMPP/xamppfiles/htdocs/tmracing/vendor/laravel/framework/src/Illuminate/Http/Response.php(69): Illuminate\\View\\View->render()
#26 /Applications/XAMPP/xamppfiles/htdocs/tmracing/vendor/laravel/framework/src/Illuminate/Http/Response.php(35): Illuminate\\Http\\Response->setContent(Object(Illuminate\\View\\View))
#27 /Applications/XAMPP/xamppfiles/htdocs/tmracing/vendor/laravel/framework/src/Illuminate/Routing/Router.php(918): Illuminate\\Http\\Response->__construct(Object(Illuminate\\View\\View), 200, Array)
#28 /Applications/XAMPP/xamppfiles/htdocs/tmracing/vendor/laravel/framework/src/Illuminate/Routing/Router.php(885): Illuminate\\Routing\\Router::toResponse(Object(Illuminate\\Http\\Request), Object(Illuminate\\View\\View))
#29 /Applications/XAMPP/xamppfiles/htdocs/tmracing/vendor/laravel/framework/src/Illuminate/Routing/Router.php(805): Illuminate\\Routing\\Router->prepareResponse(Object(Illuminate\\Http\\Request), Object(Illuminate\\View\\View))
#30 /Applications/XAMPP/xamppfiles/htdocs/tmracing/vendor/laravel/framework/src/Illuminate/Pipeline/Pipeline.php(144): Illuminate\\Routing\\Router->Illuminate\\Routing\\{closure}(Object(Illuminate\\Http\\Request))
#31 /Applications/XAMPP/xamppfiles/htdocs/tmracing/app/Http/Middleware/IsAdmin.php(20): Illuminate\\Pipeline\\Pipeline->Illuminate\\Pipeline\\{closure}(Object(Illuminate\\Http\\Request))
#32 /Applications/XAMPP/xamppfiles/htdocs/tmracing/vendor/laravel/framework/src/Illuminate/Pipeline/Pipeline.php(183): App\\Http\\Middleware\\IsAdmin->handle(Object(Illuminate\\Http\\Request), Object(Closure))
#33 /Applications/XAMPP/xamppfiles/htdocs/tmracing/app/Http/Middleware/CheckForMaintenanceMode.php(58): Illuminate\\Pipeline\\Pipeline->Illuminate\\Pipeline\\{closure}(Object(Illuminate\\Http\\Request))
#34 /Applications/XAMPP/xamppfiles/htdocs/tmracing/vendor/laravel/framework/src/Illuminate/Pipeline/Pipeline.php(183): App\\Http\\Middleware\\CheckForMaintenanceMode->handle(Object(Illuminate\\Http\\Request), Object(Closure))
#35 /Applications/XAMPP/xamppfiles/htdocs/tmracing/app/Http/Middleware/HttpsProtocol.php(20): Illuminate\\Pipeline\\Pipeline->Illuminate\\Pipeline\\{closure}(Object(Illuminate\\Http\\Request))
#36 /Applications/XAMPP/xamppfiles/htdocs/tmracing/vendor/laravel/framework/src/Illuminate/Pipeline/Pipeline.php(183): App\\Http\\Middleware\\HttpsProtocol->handle(Object(Illuminate\\Http\\Request), Object(Closure))
#37 /Applications/XAMPP/xamppfiles/htdocs/tmracing/app/Http/Middleware/Language.php(31): Illuminate\\Pipeline\\Pipeline->Illuminate\\Pipeline\\{closure}(Object(Illuminate\\Http\\Request))
#38 /Applications/XAMPP/xamppfiles/htdocs/tmracing/vendor/laravel/framework/src/Illuminate/Pipeline/Pipeline.php(183): App\\Http\\Middleware\\Language->handle(Object(Illuminate\\Http\\Request), Object(Closure))
#39 /Applications/XAMPP/xamppfiles/htdocs/tmracing/vendor/laravel/framework/src/Illuminate/Routing/Middleware/SubstituteBindings.php(50): Illuminate\\Pipeline\\Pipeline->Illuminate\\Pipeline\\{closure}(Object(Illuminate\\Http\\Request))
#40 /Applications/XAMPP/xamppfiles/htdocs/tmracing/vendor/laravel/framework/src/Illuminate/Pipeline/Pipeline.php(183): Illuminate\\Routing\\Middleware\\SubstituteBindings->handle(Object(Illuminate\\Http\\Request), Object(Closure))
#41 /Applications/XAMPP/xamppfiles/htdocs/tmracing/vendor/laravel/framework/src/Illuminate/Auth/Middleware/Authenticate.php(57): Illuminate\\Pipeline\\Pipeline->Illuminate\\Pipeline\\{closure}(Object(Illuminate\\Http\\Request))
#42 /Applications/XAMPP/xamppfiles/htdocs/tmracing/vendor/laravel/framework/src/Illuminate/Pipeline/Pipeline.php(183): Illuminate\\Auth\\Middleware\\Authenticate->handle(Object(Illuminate\\Http\\Request), Object(Closure))
#43 /Applications/XAMPP/xamppfiles/htdocs/tmracing/vendor/laravel/framework/src/Illuminate/Foundation/Http/Middleware/VerifyCsrfToken.php(78): Illuminate\\Pipeline\\Pipeline->Illuminate\\Pipeline\\{closure}(Object(Illuminate\\Http\\Request))
#44 /Applications/XAMPP/xamppfiles/htdocs/tmracing/vendor/laravel/framework/src/Illuminate/Pipeline/Pipeline.php(183): Illuminate\\Foundation\\Http\\Middleware\\VerifyCsrfToken->handle(Object(Illuminate\\Http\\Request), Object(Closure))
#45 /Applications/XAMPP/xamppfiles/htdocs/tmracing/vendor/laravel/framework/src/Illuminate/View/Middleware/ShareErrorsFromSession.php(49): Illuminate\\Pipeline\\Pipeline->Illuminate\\Pipeline\\{closure}(Object(Illuminate\\Http\\Request))
#46 /Applications/XAMPP/xamppfiles/htdocs/tmracing/vendor/laravel/framework/src/Illuminate/Pipeline/Pipeline.php(183): Illuminate\\View\\Middleware\\ShareErrorsFromSession->handle(Object(Illuminate\\Http\\Request), Object(Closure))
#47 /Applications/XAMPP/xamppfiles/htdocs/tmracing/vendor/laravel/framework/src/Illuminate/Session/Middleware/StartSession.php(121): Illuminate\\Pipeline\\Pipeline->Illuminate\\Pipeline\\{closure}(Object(Illuminate\\Http\\Request))
#48 /Applications/XAMPP/xamppfiles/htdocs/tmracing/vendor/laravel/framework/src/Illuminate/Session/Middleware/StartSession.php(64): Illuminate\\Session\\Middleware\\StartSession->handleStatefulRequest(Object(Illuminate\\Http\\Request), Object(Illuminate\\Session\\Store), Object(Closure))
#49 /Applications/XAMPP/xamppfiles/htdocs/tmracing/vendor/laravel/framework/src/Illuminate/Pipeline/Pipeline.php(183): Illuminate\\Session\\Middleware\\StartSession->handle(Object(Illuminate\\Http\\Request), Object(Closure))
#50 /Applications/XAMPP/xamppfiles/htdocs/tmracing/vendor/laravel/framework/src/Illuminate/Cookie/Middleware/AddQueuedCookiesToResponse.php(37): Illuminate\\Pipeline\\Pipeline->Illuminate\\Pipeline\\{closure}(Object(Illuminate\\Http\\Request))
#51 /Applications/XAMPP/xamppfiles/htdocs/tmracing/vendor/laravel/framework/src/Illuminate/Pipeline/Pipeline.php(183): Illuminate\\Cookie\\Middleware\\AddQueuedCookiesToResponse->handle(Object(Illuminate\\Http\\Request), Object(Closure))
#52 /Applications/XAMPP/xamppfiles/htdocs/tmracing/vendor/laravel/framework/src/Illuminate/Pipeline/Pipeline.php(119): Illuminate\\Pipeline\\Pipeline->Illuminate\\Pipeline\\{closure}(Object(Illuminate\\Http\\Request))
#53 /Applications/XAMPP/xamppfiles/htdocs/tmracing/vendor/laravel/framework/src/Illuminate/Routing/Router.php(805): Illuminate\\Pipeline\\Pipeline->then(Object(Closure))
#54 /Applications/XAMPP/xamppfiles/htdocs/tmracing/vendor/laravel/framework/src/Illuminate/Routing/Router.php(784): Illuminate\\Routing\\Router->runRouteWithinStack(Object(Illuminate\\Routing\\Route), Object(Illuminate\\Http\\Request))
#55 /Applications/XAMPP/xamppfiles/htdocs/tmracing/vendor/laravel/framework/src/Illuminate/Routing/Router.php(748): Illuminate\\Routing\\Router->runRoute(Object(Illuminate\\Http\\Request), Object(Illuminate\\Routing\\Route))
#56 /Applications/XAMPP/xamppfiles/htdocs/tmracing/vendor/laravel/framework/src/Illuminate/Routing/Router.php(737): Illuminate\\Routing\\Router->dispatchToRoute(Object(Illuminate\\Http\\Request))
#57 /Applications/XAMPP/xamppfiles/htdocs/tmracing/vendor/laravel/framework/src/Illuminate/Foundation/Http/Kernel.php(200): Illuminate\\Routing\\Router->dispatch(Object(Illuminate\\Http\\Request))
#58 /Applications/XAMPP/xamppfiles/htdocs/tmracing/vendor/laravel/framework/src/Illuminate/Pipeline/Pipeline.php(144): Illuminate\\Foundation\\Http\\Kernel->Illuminate\\Foundation\\Http\\{closure}(Object(Illuminate\\Http\\Request))
#59 /Applications/XAMPP/xamppfiles/htdocs/tmracing/vendor/barryvdh/laravel-debugbar/src/Middleware/InjectDebugbar.php(66): Illuminate\\Pipeline\\Pipeline->Illuminate\\Pipeline\\{closure}(Object(Illuminate\\Http\\Request))
#60 /Applications/XAMPP/xamppfiles/htdocs/tmracing/vendor/laravel/framework/src/Illuminate/Pipeline/Pipeline.php(183): Barryvdh\\Debugbar\\Middleware\\InjectDebugbar->handle(Object(Illuminate\\Http\\Request), Object(Closure))
#61 /Applications/XAMPP/xamppfiles/htdocs/tmracing/vendor/laravel/framework/src/Illuminate/Http/Middleware/TrustProxies.php(39): Illuminate\\Pipeline\\Pipeline->Illuminate\\Pipeline\\{closure}(Object(Illuminate\\Http\\Request))
#62 /Applications/XAMPP/xamppfiles/htdocs/tmracing/vendor/laravel/framework/src/Illuminate/Pipeline/Pipeline.php(183): Illuminate\\Http\\Middleware\\TrustProxies->handle(Object(Illuminate\\Http\\Request), Object(Closure))
#63 /Applications/XAMPP/xamppfiles/htdocs/tmracing/vendor/laravel/framework/src/Illuminate/Foundation/Http/Middleware/TransformsRequest.php(21): Illuminate\\Pipeline\\Pipeline->Illuminate\\Pipeline\\{closure}(Object(Illuminate\\Http\\Request))
#64 /Applications/XAMPP/xamppfiles/htdocs/tmracing/vendor/laravel/framework/src/Illuminate/Foundation/Http/Middleware/ConvertEmptyStringsToNull.php(31): Illuminate\\Foundation\\Http\\Middleware\\TransformsRequest->handle(Object(Illuminate\\Http\\Request), Object(Closure))
#65 /Applications/XAMPP/xamppfiles/htdocs/tmracing/vendor/laravel/framework/src/Illuminate/Pipeline/Pipeline.php(183): Illuminate\\Foundation\\Http\\Middleware\\ConvertEmptyStringsToNull->handle(Object(Illuminate\\Http\\Request), Object(Closure))
#66 /Applications/XAMPP/xamppfiles/htdocs/tmracing/vendor/laravel/framework/src/Illuminate/Foundation/Http/Middleware/TransformsRequest.php(21): Illuminate\\Pipeline\\Pipeline->Illuminate\\Pipeline\\{closure}(Object(Illuminate\\Http\\Request))
#67 /Applications/XAMPP/xamppfiles/htdocs/tmracing/vendor/laravel/framework/src/Illuminate/Foundation/Http/Middleware/TrimStrings.php(40): Illuminate\\Foundation\\Http\\Middleware\\TransformsRequest->handle(Object(Illuminate\\Http\\Request), Object(Closure))
#68 /Applications/XAMPP/xamppfiles/htdocs/tmracing/vendor/laravel/framework/src/Illuminate/Pipeline/Pipeline.php(183): Illuminate\\Foundation\\Http\\Middleware\\TrimStrings->handle(Object(Illuminate\\Http\\Request), Object(Closure))
#69 /Applications/XAMPP/xamppfiles/htdocs/tmracing/vendor/laravel/framework/src/Illuminate/Foundation/Http/Middleware/ValidatePostSize.php(27): Illuminate\\Pipeline\\Pipeline->Illuminate\\Pipeline\\{closure}(Object(Illuminate\\Http\\Request))
#70 /Applications/XAMPP/xamppfiles/htdocs/tmracing/vendor/laravel/framework/src/Illuminate/Pipeline/Pipeline.php(183): Illuminate\\Foundation\\Http\\Middleware\\ValidatePostSize->handle(Object(Illuminate\\Http\\Request), Object(Closure))
#71 /Applications/XAMPP/xamppfiles/htdocs/tmracing/vendor/laravel/framework/src/Illuminate/Pipeline/Pipeline.php(119): Illuminate\\Pipeline\\Pipeline->Illuminate\\Pipeline\\{closure}(Object(Illuminate\\Http\\Request))
#72 /Applications/XAMPP/xamppfiles/htdocs/tmracing/vendor/laravel/framework/src/Illuminate/Foundation/Http/Kernel.php(175): Illuminate\\Pipeline\\Pipeline->then(Object(Closure))
#73 /Applications/XAMPP/xamppfiles/htdocs/tmracing/vendor/laravel/framework/src/Illuminate/Foundation/Http/Kernel.php(144): Illuminate\\Foundation\\Http\\Kernel->sendRequestThroughRouter(Object(Illuminate\\Http\\Request))
#74 /Applications/XAMPP/xamppfiles/htdocs/tmracing/index.php(57): Illuminate\\Foundation\\Http\\Kernel->handle(Object(Illuminate\\Http\\Request))
#75 {main}
"} 
[2025-12-12 01:41:14] local.ERROR: Route [facebook_chat.index] not defined. (View: /Applications/XAMPP/xamppfiles/htdocs/tmracing/resources/views/backend/inc/admin_sidenav.blade.php) (View: /Applications/XAMPP/xamppfiles/htdocs/tmracing/resources/views/backend/inc/admin_sidenav.blade.php) (View: /Applications/XAMPP/xamppfiles/htdocs/tmracing/resources/views/backend/inc/admin_sidenav.blade.php) {"userId":9,"exception":"[object] (Illuminate\\View\\ViewException(code: 0): Route [facebook_chat.index] not defined. (View: /Applications/XAMPP/xamppfiles/htdocs/tmracing/resources/views/backend/inc/admin_sidenav.blade.php) (View: /Applications/XAMPP/xamppfiles/htdocs/tmracing/resources/views/backend/inc/admin_sidenav.blade.php) (View: /Applications/XAMPP/xamppfiles/htdocs/tmracing/resources/views/backend/inc/admin_sidenav.blade.php) at /Applications/XAMPP/xamppfiles/htdocs/tmracing/vendor/laravel/framework/src/Illuminate/Routing/UrlGenerator.php:477)
[stacktrace]
#0 /Applications/XAMPP/xamppfiles/htdocs/tmracing/vendor/laravel/framework/src/Illuminate/View/Engines/PhpEngine.php(60): Illuminate\\View\\Engines\\CompilerEngine->handleViewException(Object(Illuminate\\View\\ViewException), 1)
#1 /Applications/XAMPP/xamppfiles/htdocs/tmracing/vendor/laravel/framework/src/Illuminate/View/Engines/CompilerEngine.php(72): Illuminate\\View\\Engines\\PhpEngine->evaluatePath('/Applications/X...', Array)
#2 /Applications/XAMPP/xamppfiles/htdocs/tmracing/vendor/laravel/framework/src/Illuminate/View/View.php(207): Illuminate\\View\\Engines\\CompilerEngine->get('/Applications/X...', Array)
#3 /Applications/XAMPP/xamppfiles/htdocs/tmracing/vendor/laravel/framework/src/Illuminate/View/View.php(190): Illuminate\\View\\View->getContents()
#4 /Applications/XAMPP/xamppfiles/htdocs/tmracing/vendor/laravel/framework/src/Illuminate/View/View.php(159): Illuminate\\View\\View->renderContents()
#5 /Applications/XAMPP/xamppfiles/htdocs/tmracing/vendor/laravel/framework/src/Illuminate/Http/Response.php(69): Illuminate\\View\\View->render()
#6 /Applications/XAMPP/xamppfiles/htdocs/tmracing/vendor/laravel/framework/src/Illuminate/Http/Response.php(35): Illuminate\\Http\\Response->setContent(Object(Illuminate\\View\\View))
#7 /Applications/XAMPP/xamppfiles/htdocs/tmracing/vendor/laravel/framework/src/Illuminate/Routing/Router.php(918): Illuminate\\Http\\Response->__construct(Object(Illuminate\\View\\View), 200, Array)
#8 /Applications/XAMPP/xamppfiles/htdocs/tmracing/vendor/laravel/framework/src/Illuminate/Routing/Router.php(885): Illuminate\\Routing\\Router::toResponse(Object(Illuminate\\Http\\Request), Object(Illuminate\\View\\View))
#9 /Applications/XAMPP/xamppfiles/htdocs/tmracing/vendor/laravel/framework/src/Illuminate/Routing/Router.php(805): Illuminate\\Routing\\Router->prepareResponse(Object(Illuminate\\Http\\Request), Object(Illuminate\\View\\View))
#10 /Applications/XAMPP/xamppfiles/htdocs/tmracing/vendor/laravel/framework/src/Illuminate/Pipeline/Pipeline.php(144): Illuminate\\Routing\\Router->Illuminate\\Routing\\{closure}(Object(Illuminate\\Http\\Request))
#11 /Applications/XAMPP/xamppfiles/htdocs/tmracing/app/Http/Middleware/IsAdmin.php(20): Illuminate\\Pipeline\\Pipeline->Illuminate\\Pipeline\\{closure}(Object(Illuminate\\Http\\Request))
#12 /Applications/XAMPP/xamppfiles/htdocs/tmracing/vendor/laravel/framework/src/Illuminate/Pipeline/Pipeline.php(183): App\\Http\\Middleware\\IsAdmin->handle(Object(Illuminate\\Http\\Request), Object(Closure))
#13 /Applications/XAMPP/xamppfiles/htdocs/tmracing/app/Http/Middleware/CheckForMaintenanceMode.php(58): Illuminate\\Pipeline\\Pipeline->Illuminate\\Pipeline\\{closure}(Object(Illuminate\\Http\\Request))
#14 /Applications/XAMPP/xamppfiles/htdocs/tmracing/vendor/laravel/framework/src/Illuminate/Pipeline/Pipeline.php(183): App\\Http\\Middleware\\CheckForMaintenanceMode->handle(Object(Illuminate\\Http\\Request), Object(Closure))
#15 /Applications/XAMPP/xamppfiles/htdocs/tmracing/app/Http/Middleware/HttpsProtocol.php(20): Illuminate\\Pipeline\\Pipeline->Illuminate\\Pipeline\\{closure}(Object(Illuminate\\Http\\Request))
#16 /Applications/XAMPP/xamppfiles/htdocs/tmracing/vendor/laravel/framework/src/Illuminate/Pipeline/Pipeline.php(183): App\\Http\\Middleware\\HttpsProtocol->handle(Object(Illuminate\\Http\\Request), Object(Closure))
#17 /Applications/XAMPP/xamppfiles/htdocs/tmracing/app/Http/Middleware/Language.php(31): Illuminate\\Pipeline\\Pipeline->Illuminate\\Pipeline\\{closure}(Object(Illuminate\\Http\\Request))
#18 /Applications/XAMPP/xamppfiles/htdocs/tmracing/vendor/laravel/framework/src/Illuminate/Pipeline/Pipeline.php(183): App\\Http\\Middleware\\Language->handle(Object(Illuminate\\Http\\Request), Object(Closure))
#19 /Applications/XAMPP/xamppfiles/htdocs/tmracing/vendor/laravel/framework/src/Illuminate/Routing/Middleware/SubstituteBindings.php(50): Illuminate\\Pipeline\\Pipeline->Illuminate\\Pipeline\\{closure}(Object(Illuminate\\Http\\Request))
#20 /Applications/XAMPP/xamppfiles/htdocs/tmracing/vendor/laravel/framework/src/Illuminate/Pipeline/Pipeline.php(183): Illuminate\\Routing\\Middleware\\SubstituteBindings->handle(Object(Illuminate\\Http\\Request), Object(Closure))
#21 /Applications/XAMPP/xamppfiles/htdocs/tmracing/vendor/laravel/framework/src/Illuminate/Auth/Middleware/Authenticate.php(57): Illuminate\\Pipeline\\Pipeline->Illuminate\\Pipeline\\{closure}(Object(Illuminate\\Http\\Request))
#22 /Applications/XAMPP/xamppfiles/htdocs/tmracing/vendor/laravel/framework/src/Illuminate/Pipeline/Pipeline.php(183): Illuminate\\Auth\\Middleware\\Authenticate->handle(Object(Illuminate\\Http\\Request), Object(Closure))
#23 /Applications/XAMPP/xamppfiles/htdocs/tmracing/vendor/laravel/framework/src/Illuminate/Foundation/Http/Middleware/VerifyCsrfToken.php(78): Illuminate\\Pipeline\\Pipeline->Illuminate\\Pipeline\\{closure}(Object(Illuminate\\Http\\Request))
#24 /Applications/XAMPP/xamppfiles/htdocs/tmracing/vendor/laravel/framework/src/Illuminate/Pipeline/Pipeline.php(183): Illuminate\\Foundation\\Http\\Middleware\\VerifyCsrfToken->handle(Object(Illuminate\\Http\\Request), Object(Closure))
#25 /Applications/XAMPP/xamppfiles/htdocs/tmracing/vendor/laravel/framework/src/Illuminate/View/Middleware/ShareErrorsFromSession.php(49): Illuminate\\Pipeline\\Pipeline->Illuminate\\Pipeline\\{closure}(Object(Illuminate\\Http\\Request))
#26 /Applications/XAMPP/xamppfiles/htdocs/tmracing/vendor/laravel/framework/src/Illuminate/Pipeline/Pipeline.php(183): Illuminate\\View\\Middleware\\ShareErrorsFromSession->handle(Object(Illuminate\\Http\\Request), Object(Closure))
#27 /Applications/XAMPP/xamppfiles/htdocs/tmracing/vendor/laravel/framework/src/Illuminate/Session/Middleware/StartSession.php(121): Illuminate\\Pipeline\\Pipeline->Illuminate\\Pipeline\\{closure}(Object(Illuminate\\Http\\Request))
#28 /Applications/XAMPP/xamppfiles/htdocs/tmracing/vendor/laravel/framework/src/Illuminate/Session/Middleware/StartSession.php(64): Illuminate\\Session\\Middleware\\StartSession->handleStatefulRequest(Object(Illuminate\\Http\\Request), Object(Illuminate\\Session\\Store), Object(Closure))
#29 /Applications/XAMPP/xamppfiles/htdocs/tmracing/vendor/laravel/framework/src/Illuminate/Pipeline/Pipeline.php(183): Illuminate\\Session\\Middleware\\StartSession->handle(Object(Illuminate\\Http\\Request), Object(Closure))
#30 /Applications/XAMPP/xamppfiles/htdocs/tmracing/vendor/laravel/framework/src/Illuminate/Cookie/Middleware/AddQueuedCookiesToResponse.php(37): Illuminate\\Pipeline\\Pipeline->Illuminate\\Pipeline\\{closure}(Object(Illuminate\\Http\\Request))
#31 /Applications/XAMPP/xamppfiles/htdocs/tmracing/vendor/laravel/framework/src/Illuminate/Pipeline/Pipeline.php(183): Illuminate\\Cookie\\Middleware\\AddQueuedCookiesToResponse->handle(Object(Illuminate\\Http\\Request), Object(Closure))
#32 /Applications/XAMPP/xamppfiles/htdocs/tmracing/vendor/laravel/framework/src/Illuminate/Pipeline/Pipeline.php(119): Illuminate\\Pipeline\\Pipeline->Illuminate\\Pipeline\\{closure}(Object(Illuminate\\Http\\Request))
#33 /Applications/XAMPP/xamppfiles/htdocs/tmracing/vendor/laravel/framework/src/Illuminate/Routing/Router.php(805): Illuminate\\Pipeline\\Pipeline->then(Object(Closure))
#34 /Applications/XAMPP/xamppfiles/htdocs/tmracing/vendor/laravel/framework/src/Illuminate/Routing/Router.php(784): Illuminate\\Routing\\Router->runRouteWithinStack(Object(Illuminate\\Routing\\Route), Object(Illuminate\\Http\\Request))
#35 /Applications/XAMPP/xamppfiles/htdocs/tmracing/vendor/laravel/framework/src/Illuminate/Routing/Router.php(748): Illuminate\\Routing\\Router->runRoute(Object(Illuminate\\Http\\Request), Object(Illuminate\\Routing\\Route))
#36 /Applications/XAMPP/xamppfiles/htdocs/tmracing/vendor/laravel/framework/src/Illuminate/Routing/Router.php(737): Illuminate\\Routing\\Router->dispatchToRoute(Object(Illuminate\\Http\\Request))
#37 /Applications/XAMPP/xamppfiles/htdocs/tmracing/vendor/laravel/framework/src/Illuminate/Foundation/Http/Kernel.php(200): Illuminate\\Routing\\Router->dispatch(Object(Illuminate\\Http\\Request))
#38 /Applications/XAMPP/xamppfiles/htdocs/tmracing/vendor/laravel/framework/src/Illuminate/Pipeline/Pipeline.php(144): Illuminate\\Foundation\\Http\\Kernel->Illuminate\\Foundation\\Http\\{closure}(Object(Illuminate\\Http\\Request))
#39 /Applications/XAMPP/xamppfiles/htdocs/tmracing/vendor/barryvdh/laravel-debugbar/src/Middleware/InjectDebugbar.php(66): Illuminate\\Pipeline\\Pipeline->Illuminate\\Pipeline\\{closure}(Object(Illuminate\\Http\\Request))
#40 /Applications/XAMPP/xamppfiles/htdocs/tmracing/vendor/laravel/framework/src/Illuminate/Pipeline/Pipeline.php(183): Barryvdh\\Debugbar\\Middleware\\InjectDebugbar->handle(Object(Illuminate\\Http\\Request), Object(Closure))
#41 /Applications/XAMPP/xamppfiles/htdocs/tmracing/vendor/laravel/framework/src/Illuminate/Http/Middleware/TrustProxies.php(39): Illuminate\\Pipeline\\Pipeline->Illuminate\\Pipeline\\{closure}(Object(Illuminate\\Http\\Request))
#42 /Applications/XAMPP/xamppfiles/htdocs/tmracing/vendor/laravel/framework/src/Illuminate/Pipeline/Pipeline.php(183): Illuminate\\Http\\Middleware\\TrustProxies->handle(Object(Illuminate\\Http\\Request), Object(Closure))
#43 /Applications/XAMPP/xamppfiles/htdocs/tmracing/vendor/laravel/framework/src/Illuminate/Foundation/Http/Middleware/TransformsRequest.php(21): Illuminate\\Pipeline\\Pipeline->Illuminate\\Pipeline\\{closure}(Object(Illuminate\\Http\\Request))
#44 /Applications/XAMPP/xamppfiles/htdocs/tmracing/vendor/laravel/framework/src/Illuminate/Foundation/Http/Middleware/ConvertEmptyStringsToNull.php(31): Illuminate\\Foundation\\Http\\Middleware\\TransformsRequest->handle(Object(Illuminate\\Http\\Request), Object(Closure))
#45 /Applications/XAMPP/xamppfiles/htdocs/tmracing/vendor/laravel/framework/src/Illuminate/Pipeline/Pipeline.php(183): Illuminate\\Foundation\\Http\\Middleware\\ConvertEmptyStringsToNull->handle(Object(Illuminate\\Http\\Request), Object(Closure))
#46 /Applications/XAMPP/xamppfiles/htdocs/tmracing/vendor/laravel/framework/src/Illuminate/Foundation/Http/Middleware/TransformsRequest.php(21): Illuminate\\Pipeline\\Pipeline->Illuminate\\Pipeline\\{closure}(Object(Illuminate\\Http\\Request))
#47 /Applications/XAMPP/xamppfiles/htdocs/tmracing/vendor/laravel/framework/src/Illuminate/Foundation/Http/Middleware/TrimStrings.php(40): Illuminate\\Foundation\\Http\\Middleware\\TransformsRequest->handle(Object(Illuminate\\Http\\Request), Object(Closure))
#48 /Applications/XAMPP/xamppfiles/htdocs/tmracing/vendor/laravel/framework/src/Illuminate/Pipeline/Pipeline.php(183): Illuminate\\Foundation\\Http\\Middleware\\TrimStrings->handle(Object(Illuminate\\Http\\Request), Object(Closure))
#49 /Applications/XAMPP/xamppfiles/htdocs/tmracing/vendor/laravel/framework/src/Illuminate/Foundation/Http/Middleware/ValidatePostSize.php(27): Illuminate\\Pipeline\\Pipeline->Illuminate\\Pipeline\\{closure}(Object(Illuminate\\Http\\Request))
#50 /Applications/XAMPP/xamppfiles/htdocs/tmracing/vendor/laravel/framework/src/Illuminate/Pipeline/Pipeline.php(183): Illuminate\\Foundation\\Http\\Middleware\\ValidatePostSize->handle(Object(Illuminate\\Http\\Request), Object(Closure))
#51 /Applications/XAMPP/xamppfiles/htdocs/tmracing/vendor/laravel/framework/src/Illuminate/Pipeline/Pipeline.php(119): Illuminate\\Pipeline\\Pipeline->Illuminate\\Pipeline\\{closure}(Object(Illuminate\\Http\\Request))
#52 /Applications/XAMPP/xamppfiles/htdocs/tmracing/vendor/laravel/framework/src/Illuminate/Foundation/Http/Kernel.php(175): Illuminate\\Pipeline\\Pipeline->then(Object(Closure))
#53 /Applications/XAMPP/xamppfiles/htdocs/tmracing/vendor/laravel/framework/src/Illuminate/Foundation/Http/Kernel.php(144): Illuminate\\Foundation\\Http\\Kernel->sendRequestThroughRouter(Object(Illuminate\\Http\\Request))
#54 /Applications/XAMPP/xamppfiles/htdocs/tmracing/index.php(57): Illuminate\\Foundation\\Http\\Kernel->handle(Object(Illuminate\\Http\\Request))
#55 {main}

[previous exception] [object] (Illuminate\\View\\ViewException(code: 0): Route [facebook_chat.index] not defined. (View: /Applications/XAMPP/xamppfiles/htdocs/tmracing/resources/views/backend/inc/admin_sidenav.blade.php) (View: /Applications/XAMPP/xamppfiles/htdocs/tmracing/resources/views/backend/inc/admin_sidenav.blade.php) at /Applications/XAMPP/xamppfiles/htdocs/tmracing/vendor/laravel/framework/src/Illuminate/Routing/UrlGenerator.php:477)
[stacktrace]
#0 /Applications/XAMPP/xamppfiles/htdocs/tmracing/vendor/laravel/framework/src/Illuminate/View/Engines/PhpEngine.php(60): Illuminate\\View\\Engines\\CompilerEngine->handleViewException(Object(Illuminate\\View\\ViewException), 2)
#1 /Applications/XAMPP/xamppfiles/htdocs/tmracing/vendor/laravel/framework/src/Illuminate/View/Engines/CompilerEngine.php(72): Illuminate\\View\\Engines\\PhpEngine->evaluatePath('/Applications/X...', Array)
#2 /Applications/XAMPP/xamppfiles/htdocs/tmracing/vendor/laravel/framework/src/Illuminate/View/View.php(207): Illuminate\\View\\Engines\\CompilerEngine->get('/Applications/X...', Array)
#3 /Applications/XAMPP/xamppfiles/htdocs/tmracing/vendor/laravel/framework/src/Illuminate/View/View.php(190): Illuminate\\View\\View->getContents()
#4 /Applications/XAMPP/xamppfiles/htdocs/tmracing/vendor/laravel/framework/src/Illuminate/View/View.php(159): Illuminate\\View\\View->renderContents()
#5 /Applications/XAMPP/xamppfiles/htdocs/tmracing/storage/framework/views/2add04623f74d611fd5a0baea40cdc55.php(782): Illuminate\\View\\View->render()
#6 /Applications/XAMPP/xamppfiles/htdocs/tmracing/vendor/laravel/framework/src/Illuminate/Filesystem/Filesystem.php(123): require('/Applications/X...')
#7 /Applications/XAMPP/xamppfiles/htdocs/tmracing/vendor/laravel/framework/src/Illuminate/Filesystem/Filesystem.php(124): Illuminate\\Filesystem\\Filesystem::Illuminate\\Filesystem\\{closure}()
#8 /Applications/XAMPP/xamppfiles/htdocs/tmracing/vendor/laravel/framework/src/Illuminate/View/Engines/PhpEngine.php(58): Illuminate\\Filesystem\\Filesystem->getRequire('/Applications/X...', Array)
#9 /Applications/XAMPP/xamppfiles/htdocs/tmracing/vendor/laravel/framework/src/Illuminate/View/Engines/CompilerEngine.php(72): Illuminate\\View\\Engines\\PhpEngine->evaluatePath('/Applications/X...', Array)
#10 /Applications/XAMPP/xamppfiles/htdocs/tmracing/vendor/laravel/framework/src/Illuminate/View/View.php(207): Illuminate\\View\\Engines\\CompilerEngine->get('/Applications/X...', Array)
#11 /Applications/XAMPP/xamppfiles/htdocs/tmracing/vendor/laravel/framework/src/Illuminate/View/View.php(190): Illuminate\\View\\View->getContents()
#12 /Applications/XAMPP/xamppfiles/htdocs/tmracing/vendor/laravel/framework/src/Illuminate/View/View.php(159): Illuminate\\View\\View->renderContents()
#13 /Applications/XAMPP/xamppfiles/htdocs/tmracing/vendor/laravel/framework/src/Illuminate/Http/Response.php(69): Illuminate\\View\\View->render()
#14 /Applications/XAMPP/xamppfiles/htdocs/tmracing/vendor/laravel/framework/src/Illuminate/Http/Response.php(35): Illuminate\\Http\\Response->setContent(Object(Illuminate\\View\\View))
#15 /Applications/XAMPP/xamppfiles/htdocs/tmracing/vendor/laravel/framework/src/Illuminate/Routing/Router.php(918): Illuminate\\Http\\Response->__construct(Object(Illuminate\\View\\View), 200, Array)
#16 /Applications/XAMPP/xamppfiles/htdocs/tmracing/vendor/laravel/framework/src/Illuminate/Routing/Router.php(885): Illuminate\\Routing\\Router::toResponse(Object(Illuminate\\Http\\Request), Object(Illuminate\\View\\View))
#17 /Applications/XAMPP/xamppfiles/htdocs/tmracing/vendor/laravel/framework/src/Illuminate/Routing/Router.php(805): Illuminate\\Routing\\Router->prepareResponse(Object(Illuminate\\Http\\Request), Object(Illuminate\\View\\View))
#18 /Applications/XAMPP/xamppfiles/htdocs/tmracing/vendor/laravel/framework/src/Illuminate/Pipeline/Pipeline.php(144): Illuminate\\Routing\\Router->Illuminate\\Routing\\{closure}(Object(Illuminate\\Http\\Request))
#19 /Applications/XAMPP/xamppfiles/htdocs/tmracing/app/Http/Middleware/IsAdmin.php(20): Illuminate\\Pipeline\\Pipeline->Illuminate\\Pipeline\\{closure}(Object(Illuminate\\Http\\Request))
#20 /Applications/XAMPP/xamppfiles/htdocs/tmracing/vendor/laravel/framework/src/Illuminate/Pipeline/Pipeline.php(183): App\\Http\\Middleware\\IsAdmin->handle(Object(Illuminate\\Http\\Request), Object(Closure))
#21 /Applications/XAMPP/xamppfiles/htdocs/tmracing/app/Http/Middleware/CheckForMaintenanceMode.php(58): Illuminate\\Pipeline\\Pipeline->Illuminate\\Pipeline\\{closure}(Object(Illuminate\\Http\\Request))
#22 /Applications/XAMPP/xamppfiles/htdocs/tmracing/vendor/laravel/framework/src/Illuminate/Pipeline/Pipeline.php(183): App\\Http\\Middleware\\CheckForMaintenanceMode->handle(Object(Illuminate\\Http\\Request), Object(Closure))
#23 /Applications/XAMPP/xamppfiles/htdocs/tmracing/app/Http/Middleware/HttpsProtocol.php(20): Illuminate\\Pipeline\\Pipeline->Illuminate\\Pipeline\\{closure}(Object(Illuminate\\Http\\Request))
#24 /Applications/XAMPP/xamppfiles/htdocs/tmracing/vendor/laravel/framework/src/Illuminate/Pipeline/Pipeline.php(183): App\\Http\\Middleware\\HttpsProtocol->handle(Object(Illuminate\\Http\\Request), Object(Closure))
#25 /Applications/XAMPP/xamppfiles/htdocs/tmracing/app/Http/Middleware/Language.php(31): Illuminate\\Pipeline\\Pipeline->Illuminate\\Pipeline\\{closure}(Object(Illuminate\\Http\\Request))
#26 /Applications/XAMPP/xamppfiles/htdocs/tmracing/vendor/laravel/framework/src/Illuminate/Pipeline/Pipeline.php(183): App\\Http\\Middleware\\Language->handle(Object(Illuminate\\Http\\Request), Object(Closure))
#27 /Applications/XAMPP/xamppfiles/htdocs/tmracing/vendor/laravel/framework/src/Illuminate/Routing/Middleware/SubstituteBindings.php(50): Illuminate\\Pipeline\\Pipeline->Illuminate\\Pipeline\\{closure}(Object(Illuminate\\Http\\Request))
#28 /Applications/XAMPP/xamppfiles/htdocs/tmracing/vendor/laravel/framework/src/Illuminate/Pipeline/Pipeline.php(183): Illuminate\\Routing\\Middleware\\SubstituteBindings->handle(Object(Illuminate\\Http\\Request), Object(Closure))
#29 /Applications/XAMPP/xamppfiles/htdocs/tmracing/vendor/laravel/framework/src/Illuminate/Auth/Middleware/Authenticate.php(57): Illuminate\\Pipeline\\Pipeline->Illuminate\\Pipeline\\{closure}(Object(Illuminate\\Http\\Request))
#30 /Applications/XAMPP/xamppfiles/htdocs/tmracing/vendor/laravel/framework/src/Illuminate/Pipeline/Pipeline.php(183): Illuminate\\Auth\\Middleware\\Authenticate->handle(Object(Illuminate\\Http\\Request), Object(Closure))
#31 /Applications/XAMPP/xamppfiles/htdocs/tmracing/vendor/laravel/framework/src/Illuminate/Foundation/Http/Middleware/VerifyCsrfToken.php(78): Illuminate\\Pipeline\\Pipeline->Illuminate\\Pipeline\\{closure}(Object(Illuminate\\Http\\Request))
#32 /Applications/XAMPP/xamppfiles/htdocs/tmracing/vendor/laravel/framework/src/Illuminate/Pipeline/Pipeline.php(183): Illuminate\\Foundation\\Http\\Middleware\\VerifyCsrfToken->handle(Object(Illuminate\\Http\\Request), Object(Closure))
#33 /Applications/XAMPP/xamppfiles/htdocs/tmracing/vendor/laravel/framework/src/Illuminate/View/Middleware/ShareErrorsFromSession.php(49): Illuminate\\Pipeline\\Pipeline->Illuminate\\Pipeline\\{closure}(Object(Illuminate\\Http\\Request))
#34 /Applications/XAMPP/xamppfiles/htdocs/tmracing/vendor/laravel/framework/src/Illuminate/Pipeline/Pipeline.php(183): Illuminate\\View\\Middleware\\ShareErrorsFromSession->handle(Object(Illuminate\\Http\\Request), Object(Closure))
#35 /Applications/XAMPP/xamppfiles/htdocs/tmracing/vendor/laravel/framework/src/Illuminate/Session/Middleware/StartSession.php(121): Illuminate\\Pipeline\\Pipeline->Illuminate\\Pipeline\\{closure}(Object(Illuminate\\Http\\Request))
#36 /Applications/XAMPP/xamppfiles/htdocs/tmracing/vendor/laravel/framework/src/Illuminate/Session/Middleware/StartSession.php(64): Illuminate\\Session\\Middleware\\StartSession->handleStatefulRequest(Object(Illuminate\\Http\\Request), Object(Illuminate\\Session\\Store), Object(Closure))
#37 /Applications/XAMPP/xamppfiles/htdocs/tmracing/vendor/laravel/framework/src/Illuminate/Pipeline/Pipeline.php(183): Illuminate\\Session\\Middleware\\StartSession->handle(Object(Illuminate\\Http\\Request), Object(Closure))
#38 /Applications/XAMPP/xamppfiles/htdocs/tmracing/vendor/laravel/framework/src/Illuminate/Cookie/Middleware/AddQueuedCookiesToResponse.php(37): Illuminate\\Pipeline\\Pipeline->Illuminate\\Pipeline\\{closure}(Object(Illuminate\\Http\\Request))
#39 /Applications/XAMPP/xamppfiles/htdocs/tmracing/vendor/laravel/framework/src/Illuminate/Pipeline/Pipeline.php(183): Illuminate\\Cookie\\Middleware\\AddQueuedCookiesToResponse->handle(Object(Illuminate\\Http\\Request), Object(Closure))
#40 /Applications/XAMPP/xamppfiles/htdocs/tmracing/vendor/laravel/framework/src/Illuminate/Pipeline/Pipeline.php(119): Illuminate\\Pipeline\\Pipeline->Illuminate\\Pipeline\\{closure}(Object(Illuminate\\Http\\Request))
#41 /Applications/XAMPP/xamppfiles/htdocs/tmracing/vendor/laravel/framework/src/Illuminate/Routing/Router.php(805): Illuminate\\Pipeline\\Pipeline->then(Object(Closure))
#42 /Applications/XAMPP/xamppfiles/htdocs/tmracing/vendor/laravel/framework/src/Illuminate/Routing/Router.php(784): Illuminate\\Routing\\Router->runRouteWithinStack(Object(Illuminate\\Routing\\Route), Object(Illuminate\\Http\\Request))
#43 /Applications/XAMPP/xamppfiles/htdocs/tmracing/vendor/laravel/framework/src/Illuminate/Routing/Router.php(748): Illuminate\\Routing\\Router->runRoute(Object(Illuminate\\Http\\Request), Object(Illuminate\\Routing\\Route))
#44 /Applications/XAMPP/xamppfiles/htdocs/tmracing/vendor/laravel/framework/src/Illuminate/Routing/Router.php(737): Illuminate\\Routing\\Router->dispatchToRoute(Object(Illuminate\\Http\\Request))
#45 /Applications/XAMPP/xamppfiles/htdocs/tmracing/vendor/laravel/framework/src/Illuminate/Foundation/Http/Kernel.php(200): Illuminate\\Routing\\Router->dispatch(Object(Illuminate\\Http\\Request))
#46 /Applications/XAMPP/xamppfiles/htdocs/tmracing/vendor/laravel/framework/src/Illuminate/Pipeline/Pipeline.php(144): Illuminate\\Foundation\\Http\\Kernel->Illuminate\\Foundation\\Http\\{closure}(Object(Illuminate\\Http\\Request))
#47 /Applications/XAMPP/xamppfiles/htdocs/tmracing/vendor/barryvdh/laravel-debugbar/src/Middleware/InjectDebugbar.php(66): Illuminate\\Pipeline\\Pipeline->Illuminate\\Pipeline\\{closure}(Object(Illuminate\\Http\\Request))
#48 /Applications/XAMPP/xamppfiles/htdocs/tmracing/vendor/laravel/framework/src/Illuminate/Pipeline/Pipeline.php(183): Barryvdh\\Debugbar\\Middleware\\InjectDebugbar->handle(Object(Illuminate\\Http\\Request), Object(Closure))
#49 /Applications/XAMPP/xamppfiles/htdocs/tmracing/vendor/laravel/framework/src/Illuminate/Http/Middleware/TrustProxies.php(39): Illuminate\\Pipeline\\Pipeline->Illuminate\\Pipeline\\{closure}(Object(Illuminate\\Http\\Request))
#50 /Applications/XAMPP/xamppfiles/htdocs/tmracing/vendor/laravel/framework/src/Illuminate/Pipeline/Pipeline.php(183): Illuminate\\Http\\Middleware\\TrustProxies->handle(Object(Illuminate\\Http\\Request), Object(Closure))
#51 /Applications/XAMPP/xamppfiles/htdocs/tmracing/vendor/laravel/framework/src/Illuminate/Foundation/Http/Middleware/TransformsRequest.php(21): Illuminate\\Pipeline\\Pipeline->Illuminate\\Pipeline\\{closure}(Object(Illuminate\\Http\\Request))
#52 /Applications/XAMPP/xamppfiles/htdocs/tmracing/vendor/laravel/framework/src/Illuminate/Foundation/Http/Middleware/ConvertEmptyStringsToNull.php(31): Illuminate\\Foundation\\Http\\Middleware\\TransformsRequest->handle(Object(Illuminate\\Http\\Request), Object(Closure))
#53 /Applications/XAMPP/xamppfiles/htdocs/tmracing/vendor/laravel/framework/src/Illuminate/Pipeline/Pipeline.php(183): Illuminate\\Foundation\\Http\\Middleware\\ConvertEmptyStringsToNull->handle(Object(Illuminate\\Http\\Request), Object(Closure))
#54 /Applications/XAMPP/xamppfiles/htdocs/tmracing/vendor/laravel/framework/src/Illuminate/Foundation/Http/Middleware/TransformsRequest.php(21): Illuminate\\Pipeline\\Pipeline->Illuminate\\Pipeline\\{closure}(Object(Illuminate\\Http\\Request))
#55 /Applications/XAMPP/xamppfiles/htdocs/tmracing/vendor/laravel/framework/src/Illuminate/Foundation/Http/Middleware/TrimStrings.php(40): Illuminate\\Foundation\\Http\\Middleware\\TransformsRequest->handle(Object(Illuminate\\Http\\Request), Object(Closure))
#56 /Applications/XAMPP/xamppfiles/htdocs/tmracing/vendor/laravel/framework/src/Illuminate/Pipeline/Pipeline.php(183): Illuminate\\Foundation\\Http\\Middleware\\TrimStrings->handle(Object(Illuminate\\Http\\Request), Object(Closure))
#57 /Applications/XAMPP/xamppfiles/htdocs/tmracing/vendor/laravel/framework/src/Illuminate/Foundation/Http/Middleware/ValidatePostSize.php(27): Illuminate\\Pipeline\\Pipeline->Illuminate\\Pipeline\\{closure}(Object(Illuminate\\Http\\Request))
#58 /Applications/XAMPP/xamppfiles/htdocs/tmracing/vendor/laravel/framework/src/Illuminate/Pipeline/Pipeline.php(183): Illuminate\\Foundation\\Http\\Middleware\\ValidatePostSize->handle(Object(Illuminate\\Http\\Request), Object(Closure))
#59 /Applications/XAMPP/xamppfiles/htdocs/tmracing/vendor/laravel/framework/src/Illuminate/Pipeline/Pipeline.php(119): Illuminate\\Pipeline\\Pipeline->Illuminate\\Pipeline\\{closure}(Object(Illuminate\\Http\\Request))
#60 /Applications/XAMPP/xamppfiles/htdocs/tmracing/vendor/laravel/framework/src/Illuminate/Foundation/Http/Kernel.php(175): Illuminate\\Pipeline\\Pipeline->then(Object(Closure))
#61 /Applications/XAMPP/xamppfiles/htdocs/tmracing/vendor/laravel/framework/src/Illuminate/Foundation/Http/Kernel.php(144): Illuminate\\Foundation\\Http\\Kernel->sendRequestThroughRouter(Object(Illuminate\\Http\\Request))
#62 /Applications/XAMPP/xamppfiles/htdocs/tmracing/index.php(57): Illuminate\\Foundation\\Http\\Kernel->handle(Object(Illuminate\\Http\\Request))
#63 {main}

[previous exception] [object] (Illuminate\\View\\ViewException(code: 0): Route [facebook_chat.index] not defined. (View: /Applications/XAMPP/xamppfiles/htdocs/tmracing/resources/views/backend/inc/admin_sidenav.blade.php) at /Applications/XAMPP/xamppfiles/htdocs/tmracing/vendor/laravel/framework/src/Illuminate/Routing/UrlGenerator.php:477)
[stacktrace]
#0 /Applications/XAMPP/xamppfiles/htdocs/tmracing/vendor/laravel/framework/src/Illuminate/View/Engines/PhpEngine.php(60): Illuminate\\View\\Engines\\CompilerEngine->handleViewException(Object(Symfony\\Component\\Routing\\Exception\\RouteNotFoundException), 3)
#1 /Applications/XAMPP/xamppfiles/htdocs/tmracing/vendor/laravel/framework/src/Illuminate/View/Engines/CompilerEngine.php(72): Illuminate\\View\\Engines\\PhpEngine->evaluatePath('/Applications/X...', Array)
#2 /Applications/XAMPP/xamppfiles/htdocs/tmracing/vendor/laravel/framework/src/Illuminate/View/View.php(207): Illuminate\\View\\Engines\\CompilerEngine->get('/Applications/X...', Array)
#3 /Applications/XAMPP/xamppfiles/htdocs/tmracing/vendor/laravel/framework/src/Illuminate/View/View.php(190): Illuminate\\View\\View->getContents()
#4 /Applications/XAMPP/xamppfiles/htdocs/tmracing/vendor/laravel/framework/src/Illuminate/View/View.php(159): Illuminate\\View\\View->renderContents()
#5 /Applications/XAMPP/xamppfiles/htdocs/tmracing/storage/framework/views/f12bd46b3566fa17f0743101a73f7750.php(109): Illuminate\\View\\View->render()
#6 /Applications/XAMPP/xamppfiles/htdocs/tmracing/vendor/laravel/framework/src/Illuminate/Filesystem/Filesystem.php(123): require('/Applications/X...')
#7 /Applications/XAMPP/xamppfiles/htdocs/tmracing/vendor/laravel/framework/src/Illuminate/Filesystem/Filesystem.php(124): Illuminate\\Filesystem\\Filesystem::Illuminate\\Filesystem\\{closure}()
#8 /Applications/XAMPP/xamppfiles/htdocs/tmracing/vendor/laravel/framework/src/Illuminate/View/Engines/PhpEngine.php(58): Illuminate\\Filesystem\\Filesystem->getRequire('/Applications/X...', Array)
#9 /Applications/XAMPP/xamppfiles/htdocs/tmracing/vendor/laravel/framework/src/Illuminate/View/Engines/CompilerEngine.php(72): Illuminate\\View\\Engines\\PhpEngine->evaluatePath('/Applications/X...', Array)
#10 /Applications/XAMPP/xamppfiles/htdocs/tmracing/vendor/laravel/framework/src/Illuminate/View/View.php(207): Illuminate\\View\\Engines\\CompilerEngine->get('/Applications/X...', Array)
#11 /Applications/XAMPP/xamppfiles/htdocs/tmracing/vendor/laravel/framework/src/Illuminate/View/View.php(190): Illuminate\\View\\View->getContents()
#12 /Applications/XAMPP/xamppfiles/htdocs/tmracing/vendor/laravel/framework/src/Illuminate/View/View.php(159): Illuminate\\View\\View->renderContents()
#13 /Applications/XAMPP/xamppfiles/htdocs/tmracing/storage/framework/views/2add04623f74d611fd5a0baea40cdc55.php(782): Illuminate\\View\\View->render()
#14 /Applications/XAMPP/xamppfiles/htdocs/tmracing/vendor/laravel/framework/src/Illuminate/Filesystem/Filesystem.php(123): require('/Applications/X...')
#15 /Applications/XAMPP/xamppfiles/htdocs/tmracing/vendor/laravel/framework/src/Illuminate/Filesystem/Filesystem.php(124): Illuminate\\Filesystem\\Filesystem::Illuminate\\Filesystem\\{closure}()
#16 /Applications/XAMPP/xamppfiles/htdocs/tmracing/vendor/laravel/framework/src/Illuminate/View/Engines/PhpEngine.php(58): Illuminate\\Filesystem\\Filesystem->getRequire('/Applications/X...', Array)
#17 /Applications/XAMPP/xamppfiles/htdocs/tmracing/vendor/laravel/framework/src/Illuminate/View/Engines/CompilerEngine.php(72): Illuminate\\View\\Engines\\PhpEngine->evaluatePath('/Applications/X...', Array)
#18 /Applications/XAMPP/xamppfiles/htdocs/tmracing/vendor/laravel/framework/src/Illuminate/View/View.php(207): Illuminate\\View\\Engines\\CompilerEngine->get('/Applications/X...', Array)
#19 /Applications/XAMPP/xamppfiles/htdocs/tmracing/vendor/laravel/framework/src/Illuminate/View/View.php(190): Illuminate\\View\\View->getContents()
#20 /Applications/XAMPP/xamppfiles/htdocs/tmracing/vendor/laravel/framework/src/Illuminate/View/View.php(159): Illuminate\\View\\View->renderContents()
#21 /Applications/XAMPP/xamppfiles/htdocs/tmracing/vendor/laravel/framework/src/Illuminate/Http/Response.php(69): Illuminate\\View\\View->render()
#22 /Applications/XAMPP/xamppfiles/htdocs/tmracing/vendor/laravel/framework/src/Illuminate/Http/Response.php(35): Illuminate\\Http\\Response->setContent(Object(Illuminate\\View\\View))
#23 /Applications/XAMPP/xamppfiles/htdocs/tmracing/vendor/laravel/framework/src/Illuminate/Routing/Router.php(918): Illuminate\\Http\\Response->__construct(Object(Illuminate\\View\\View), 200, Array)
#24 /Applications/XAMPP/xamppfiles/htdocs/tmracing/vendor/laravel/framework/src/Illuminate/Routing/Router.php(885): Illuminate\\Routing\\Router::toResponse(Object(Illuminate\\Http\\Request), Object(Illuminate\\View\\View))
#25 /Applications/XAMPP/xamppfiles/htdocs/tmracing/vendor/laravel/framework/src/Illuminate/Routing/Router.php(805): Illuminate\\Routing\\Router->prepareResponse(Object(Illuminate\\Http\\Request), Object(Illuminate\\View\\View))
#26 /Applications/XAMPP/xamppfiles/htdocs/tmracing/vendor/laravel/framework/src/Illuminate/Pipeline/Pipeline.php(144): Illuminate\\Routing\\Router->Illuminate\\Routing\\{closure}(Object(Illuminate\\Http\\Request))
#27 /Applications/XAMPP/xamppfiles/htdocs/tmracing/app/Http/Middleware/IsAdmin.php(20): Illuminate\\Pipeline\\Pipeline->Illuminate\\Pipeline\\{closure}(Object(Illuminate\\Http\\Request))
#28 /Applications/XAMPP/xamppfiles/htdocs/tmracing/vendor/laravel/framework/src/Illuminate/Pipeline/Pipeline.php(183): App\\Http\\Middleware\\IsAdmin->handle(Object(Illuminate\\Http\\Request), Object(Closure))
#29 /Applications/XAMPP/xamppfiles/htdocs/tmracing/app/Http/Middleware/CheckForMaintenanceMode.php(58): Illuminate\\Pipeline\\Pipeline->Illuminate\\Pipeline\\{closure}(Object(Illuminate\\Http\\Request))
#30 /Applications/XAMPP/xamppfiles/htdocs/tmracing/vendor/laravel/framework/src/Illuminate/Pipeline/Pipeline.php(183): App\\Http\\Middleware\\CheckForMaintenanceMode->handle(Object(Illuminate\\Http\\Request), Object(Closure))
#31 /Applications/XAMPP/xamppfiles/htdocs/tmracing/app/Http/Middleware/HttpsProtocol.php(20): Illuminate\\Pipeline\\Pipeline->Illuminate\\Pipeline\\{closure}(Object(Illuminate\\Http\\Request))
#32 /Applications/XAMPP/xamppfiles/htdocs/tmracing/vendor/laravel/framework/src/Illuminate/Pipeline/Pipeline.php(183): App\\Http\\Middleware\\HttpsProtocol->handle(Object(Illuminate\\Http\\Request), Object(Closure))
#33 /Applications/XAMPP/xamppfiles/htdocs/tmracing/app/Http/Middleware/Language.php(31): Illuminate\\Pipeline\\Pipeline->Illuminate\\Pipeline\\{closure}(Object(Illuminate\\Http\\Request))
#34 /Applications/XAMPP/xamppfiles/htdocs/tmracing/vendor/laravel/framework/src/Illuminate/Pipeline/Pipeline.php(183): App\\Http\\Middleware\\Language->handle(Object(Illuminate\\Http\\Request), Object(Closure))
#35 /Applications/XAMPP/xamppfiles/htdocs/tmracing/vendor/laravel/framework/src/Illuminate/Routing/Middleware/SubstituteBindings.php(50): Illuminate\\Pipeline\\Pipeline->Illuminate\\Pipeline\\{closure}(Object(Illuminate\\Http\\Request))
#36 /Applications/XAMPP/xamppfiles/htdocs/tmracing/vendor/laravel/framework/src/Illuminate/Pipeline/Pipeline.php(183): Illuminate\\Routing\\Middleware\\SubstituteBindings->handle(Object(Illuminate\\Http\\Request), Object(Closure))
#37 /Applications/XAMPP/xamppfiles/htdocs/tmracing/vendor/laravel/framework/src/Illuminate/Auth/Middleware/Authenticate.php(57): Illuminate\\Pipeline\\Pipeline->Illuminate\\Pipeline\\{closure}(Object(Illuminate\\Http\\Request))
#38 /Applications/XAMPP/xamppfiles/htdocs/tmracing/vendor/laravel/framework/src/Illuminate/Pipeline/Pipeline.php(183): Illuminate\\Auth\\Middleware\\Authenticate->handle(Object(Illuminate\\Http\\Request), Object(Closure))
#39 /Applications/XAMPP/xamppfiles/htdocs/tmracing/vendor/laravel/framework/src/Illuminate/Foundation/Http/Middleware/VerifyCsrfToken.php(78): Illuminate\\Pipeline\\Pipeline->Illuminate\\Pipeline\\{closure}(Object(Illuminate\\Http\\Request))
#40 /Applications/XAMPP/xamppfiles/htdocs/tmracing/vendor/laravel/framework/src/Illuminate/Pipeline/Pipeline.php(183): Illuminate\\Foundation\\Http\\Middleware\\VerifyCsrfToken->handle(Object(Illuminate\\Http\\Request), Object(Closure))
#41 /Applications/XAMPP/xamppfiles/htdocs/tmracing/vendor/laravel/framework/src/Illuminate/View/Middleware/ShareErrorsFromSession.php(49): Illuminate\\Pipeline\\Pipeline->Illuminate\\Pipeline\\{closure}(Object(Illuminate\\Http\\Request))
#42 /Applications/XAMPP/xamppfiles/htdocs/tmracing/vendor/laravel/framework/src/Illuminate/Pipeline/Pipeline.php(183): Illuminate\\View\\Middleware\\ShareErrorsFromSession->handle(Object(Illuminate\\Http\\Request), Object(Closure))
#43 /Applications/XAMPP/xamppfiles/htdocs/tmracing/vendor/laravel/framework/src/Illuminate/Session/Middleware/StartSession.php(121): Illuminate\\Pipeline\\Pipeline->Illuminate\\Pipeline\\{closure}(Object(Illuminate\\Http\\Request))
#44 /Applications/XAMPP/xamppfiles/htdocs/tmracing/vendor/laravel/framework/src/Illuminate/Session/Middleware/StartSession.php(64): Illuminate\\Session\\Middleware\\StartSession->handleStatefulRequest(Object(Illuminate\\Http\\Request), Object(Illuminate\\Session\\Store), Object(Closure))
#45 /Applications/XAMPP/xamppfiles/htdocs/tmracing/vendor/laravel/framework/src/Illuminate/Pipeline/Pipeline.php(183): Illuminate\\Session\\Middleware\\StartSession->handle(Object(Illuminate\\Http\\Request), Object(Closure))
#46 /Applications/XAMPP/xamppfiles/htdocs/tmracing/vendor/laravel/framework/src/Illuminate/Cookie/Middleware/AddQueuedCookiesToResponse.php(37): Illuminate\\Pipeline\\Pipeline->Illuminate\\Pipeline\\{closure}(Object(Illuminate\\Http\\Request))
#47 /Applications/XAMPP/xamppfiles/htdocs/tmracing/vendor/laravel/framework/src/Illuminate/Pipeline/Pipeline.php(183): Illuminate\\Cookie\\Middleware\\AddQueuedCookiesToResponse->handle(Object(Illuminate\\Http\\Request), Object(Closure))
#48 /Applications/XAMPP/xamppfiles/htdocs/tmracing/vendor/laravel/framework/src/Illuminate/Pipeline/Pipeline.php(119): Illuminate\\Pipeline\\Pipeline->Illuminate\\Pipeline\\{closure}(Object(Illuminate\\Http\\Request))
#49 /Applications/XAMPP/xamppfiles/htdocs/tmracing/vendor/laravel/framework/src/Illuminate/Routing/Router.php(805): Illuminate\\Pipeline\\Pipeline->then(Object(Closure))
#50 /Applications/XAMPP/xamppfiles/htdocs/tmracing/vendor/laravel/framework/src/Illuminate/Routing/Router.php(784): Illuminate\\Routing\\Router->runRouteWithinStack(Object(Illuminate\\Routing\\Route), Object(Illuminate\\Http\\Request))
#51 /Applications/XAMPP/xamppfiles/htdocs/tmracing/vendor/laravel/framework/src/Illuminate/Routing/Router.php(748): Illuminate\\Routing\\Router->runRoute(Object(Illuminate\\Http\\Request), Object(Illuminate\\Routing\\Route))
#52 /Applications/XAMPP/xamppfiles/htdocs/tmracing/vendor/laravel/framework/src/Illuminate/Routing/Router.php(737): Illuminate\\Routing\\Router->dispatchToRoute(Object(Illuminate\\Http\\Request))
#53 /Applications/XAMPP/xamppfiles/htdocs/tmracing/vendor/laravel/framework/src/Illuminate/Foundation/Http/Kernel.php(200): Illuminate\\Routing\\Router->dispatch(Object(Illuminate\\Http\\Request))
#54 /Applications/XAMPP/xamppfiles/htdocs/tmracing/vendor/laravel/framework/src/Illuminate/Pipeline/Pipeline.php(144): Illuminate\\Foundation\\Http\\Kernel->Illuminate\\Foundation\\Http\\{closure}(Object(Illuminate\\Http\\Request))
#55 /Applications/XAMPP/xamppfiles/htdocs/tmracing/vendor/barryvdh/laravel-debugbar/src/Middleware/InjectDebugbar.php(66): Illuminate\\Pipeline\\Pipeline->Illuminate\\Pipeline\\{closure}(Object(Illuminate\\Http\\Request))
#56 /Applications/XAMPP/xamppfiles/htdocs/tmracing/vendor/laravel/framework/src/Illuminate/Pipeline/Pipeline.php(183): Barryvdh\\Debugbar\\Middleware\\InjectDebugbar->handle(Object(Illuminate\\Http\\Request), Object(Closure))
#57 /Applications/XAMPP/xamppfiles/htdocs/tmracing/vendor/laravel/framework/src/Illuminate/Http/Middleware/TrustProxies.php(39): Illuminate\\Pipeline\\Pipeline->Illuminate\\Pipeline\\{closure}(Object(Illuminate\\Http\\Request))
#58 /Applications/XAMPP/xamppfiles/htdocs/tmracing/vendor/laravel/framework/src/Illuminate/Pipeline/Pipeline.php(183): Illuminate\\Http\\Middleware\\TrustProxies->handle(Object(Illuminate\\Http\\Request), Object(Closure))
#59 /Applications/XAMPP/xamppfiles/htdocs/tmracing/vendor/laravel/framework/src/Illuminate/Foundation/Http/Middleware/TransformsRequest.php(21): Illuminate\\Pipeline\\Pipeline->Illuminate\\Pipeline\\{closure}(Object(Illuminate\\Http\\Request))
#60 /Applications/XAMPP/xamppfiles/htdocs/tmracing/vendor/laravel/framework/src/Illuminate/Foundation/Http/Middleware/ConvertEmptyStringsToNull.php(31): Illuminate\\Foundation\\Http\\Middleware\\TransformsRequest->handle(Object(Illuminate\\Http\\Request), Object(Closure))
#61 /Applications/XAMPP/xamppfiles/htdocs/tmracing/vendor/laravel/framework/src/Illuminate/Pipeline/Pipeline.php(183): Illuminate\\Foundation\\Http\\Middleware\\ConvertEmptyStringsToNull->handle(Object(Illuminate\\Http\\Request), Object(Closure))
#62 /Applications/XAMPP/xamppfiles/htdocs/tmracing/vendor/laravel/framework/src/Illuminate/Foundation/Http/Middleware/TransformsRequest.php(21): Illuminate\\Pipeline\\Pipeline->Illuminate\\Pipeline\\{closure}(Object(Illuminate\\Http\\Request))
#63 /Applications/XAMPP/xamppfiles/htdocs/tmracing/vendor/laravel/framework/src/Illuminate/Foundation/Http/Middleware/TrimStrings.php(40): Illuminate\\Foundation\\Http\\Middleware\\TransformsRequest->handle(Object(Illuminate\\Http\\Request), Object(Closure))
#64 /Applications/XAMPP/xamppfiles/htdocs/tmracing/vendor/laravel/framework/src/Illuminate/Pipeline/Pipeline.php(183): Illuminate\\Foundation\\Http\\Middleware\\TrimStrings->handle(Object(Illuminate\\Http\\Request), Object(Closure))
#65 /Applications/XAMPP/xamppfiles/htdocs/tmracing/vendor/laravel/framework/src/Illuminate/Foundation/Http/Middleware/ValidatePostSize.php(27): Illuminate\\Pipeline\\Pipeline->Illuminate\\Pipeline\\{closure}(Object(Illuminate\\Http\\Request))
#66 /Applications/XAMPP/xamppfiles/htdocs/tmracing/vendor/laravel/framework/src/Illuminate/Pipeline/Pipeline.php(183): Illuminate\\Foundation\\Http\\Middleware\\ValidatePostSize->handle(Object(Illuminate\\Http\\Request), Object(Closure))
#67 /Applications/XAMPP/xamppfiles/htdocs/tmracing/vendor/laravel/framework/src/Illuminate/Pipeline/Pipeline.php(119): Illuminate\\Pipeline\\Pipeline->Illuminate\\Pipeline\\{closure}(Object(Illuminate\\Http\\Request))
#68 /Applications/XAMPP/xamppfiles/htdocs/tmracing/vendor/laravel/framework/src/Illuminate/Foundation/Http/Kernel.php(175): Illuminate\\Pipeline\\Pipeline->then(Object(Closure))
#69 /Applications/XAMPP/xamppfiles/htdocs/tmracing/vendor/laravel/framework/src/Illuminate/Foundation/Http/Kernel.php(144): Illuminate\\Foundation\\Http\\Kernel->sendRequestThroughRouter(Object(Illuminate\\Http\\Request))
#70 /Applications/XAMPP/xamppfiles/htdocs/tmracing/index.php(57): Illuminate\\Foundation\\Http\\Kernel->handle(Object(Illuminate\\Http\\Request))
#71 {main}

[previous exception] [object] (Symfony\\Component\\Routing\\Exception\\RouteNotFoundException(code: 0): Route [facebook_chat.index] not defined. at /Applications/XAMPP/xamppfiles/htdocs/tmracing/vendor/laravel/framework/src/Illuminate/Routing/UrlGenerator.php:477)
[stacktrace]
#0 /Applications/XAMPP/xamppfiles/htdocs/tmracing/vendor/laravel/framework/src/Illuminate/Foundation/helpers.php(811): Illuminate\\Routing\\UrlGenerator->route('facebook_chat.i...', Array, true)
#1 /Applications/XAMPP/xamppfiles/htdocs/tmracing/storage/framework/views/da67c365180f7100f9c4c2a3feb76c43.php(403): route('facebook_chat.i...')
#2 /Applications/XAMPP/xamppfiles/htdocs/tmracing/vendor/laravel/framework/src/Illuminate/Filesystem/Filesystem.php(123): require('/Applications/X...')
#3 /Applications/XAMPP/xamppfiles/htdocs/tmracing/vendor/laravel/framework/src/Illuminate/Filesystem/Filesystem.php(124): Illuminate\\Filesystem\\Filesystem::Illuminate\\Filesystem\\{closure}()
#4 /Applications/XAMPP/xamppfiles/htdocs/tmracing/vendor/laravel/framework/src/Illuminate/View/Engines/PhpEngine.php(58): Illuminate\\Filesystem\\Filesystem->getRequire('/Applications/X...', Array)
#5 /Applications/XAMPP/xamppfiles/htdocs/tmracing/vendor/laravel/framework/src/Illuminate/View/Engines/CompilerEngine.php(72): Illuminate\\View\\Engines\\PhpEngine->evaluatePath('/Applications/X...', Array)
#6 /Applications/XAMPP/xamppfiles/htdocs/tmracing/vendor/laravel/framework/src/Illuminate/View/View.php(207): Illuminate\\View\\Engines\\CompilerEngine->get('/Applications/X...', Array)
#7 /Applications/XAMPP/xamppfiles/htdocs/tmracing/vendor/laravel/framework/src/Illuminate/View/View.php(190): Illuminate\\View\\View->getContents()
#8 /Applications/XAMPP/xamppfiles/htdocs/tmracing/vendor/laravel/framework/src/Illuminate/View/View.php(159): Illuminate\\View\\View->renderContents()
#9 /Applications/XAMPP/xamppfiles/htdocs/tmracing/storage/framework/views/f12bd46b3566fa17f0743101a73f7750.php(109): Illuminate\\View\\View->render()
#10 /Applications/XAMPP/xamppfiles/htdocs/tmracing/vendor/laravel/framework/src/Illuminate/Filesystem/Filesystem.php(123): require('/Applications/X...')
#11 /Applications/XAMPP/xamppfiles/htdocs/tmracing/vendor/laravel/framework/src/Illuminate/Filesystem/Filesystem.php(124): Illuminate\\Filesystem\\Filesystem::Illuminate\\Filesystem\\{closure}()
#12 /Applications/XAMPP/xamppfiles/htdocs/tmracing/vendor/laravel/framework/src/Illuminate/View/Engines/PhpEngine.php(58): Illuminate\\Filesystem\\Filesystem->getRequire('/Applications/X...', Array)
#13 /Applications/XAMPP/xamppfiles/htdocs/tmracing/vendor/laravel/framework/src/Illuminate/View/Engines/CompilerEngine.php(72): Illuminate\\View\\Engines\\PhpEngine->evaluatePath('/Applications/X...', Array)
#14 /Applications/XAMPP/xamppfiles/htdocs/tmracing/vendor/laravel/framework/src/Illuminate/View/View.php(207): Illuminate\\View\\Engines\\CompilerEngine->get('/Applications/X...', Array)
#15 /Applications/XAMPP/xamppfiles/htdocs/tmracing/vendor/laravel/framework/src/Illuminate/View/View.php(190): Illuminate\\View\\View->getContents()
#16 /Applications/XAMPP/xamppfiles/htdocs/tmracing/vendor/laravel/framework/src/Illuminate/View/View.php(159): Illuminate\\View\\View->renderContents()
#17 /Applications/XAMPP/xamppfiles/htdocs/tmracing/storage/framework/views/2add04623f74d611fd5a0baea40cdc55.php(782): Illuminate\\View\\View->render()
#18 /Applications/XAMPP/xamppfiles/htdocs/tmracing/vendor/laravel/framework/src/Illuminate/Filesystem/Filesystem.php(123): require('/Applications/X...')
#19 /Applications/XAMPP/xamppfiles/htdocs/tmracing/vendor/laravel/framework/src/Illuminate/Filesystem/Filesystem.php(124): Illuminate\\Filesystem\\Filesystem::Illuminate\\Filesystem\\{closure}()
#20 /Applications/XAMPP/xamppfiles/htdocs/tmracing/vendor/laravel/framework/src/Illuminate/View/Engines/PhpEngine.php(58): Illuminate\\Filesystem\\Filesystem->getRequire('/Applications/X...', Array)
#21 /Applications/XAMPP/xamppfiles/htdocs/tmracing/vendor/laravel/framework/src/Illuminate/View/Engines/CompilerEngine.php(72): Illuminate\\View\\Engines\\PhpEngine->evaluatePath('/Applications/X...', Array)
#22 /Applications/XAMPP/xamppfiles/htdocs/tmracing/vendor/laravel/framework/src/Illuminate/View/View.php(207): Illuminate\\View\\Engines\\CompilerEngine->get('/Applications/X...', Array)
#23 /Applications/XAMPP/xamppfiles/htdocs/tmracing/vendor/laravel/framework/src/Illuminate/View/View.php(190): Illuminate\\View\\View->getContents()
#24 /Applications/XAMPP/xamppfiles/htdocs/tmracing/vendor/laravel/framework/src/Illuminate/View/View.php(159): Illuminate\\View\\View->renderContents()
#25 /Applications/XAMPP/xamppfiles/htdocs/tmracing/vendor/laravel/framework/src/Illuminate/Http/Response.php(69): Illuminate\\View\\View->render()
#26 /Applications/XAMPP/xamppfiles/htdocs/tmracing/vendor/laravel/framework/src/Illuminate/Http/Response.php(35): Illuminate\\Http\\Response->setContent(Object(Illuminate\\View\\View))
#27 /Applications/XAMPP/xamppfiles/htdocs/tmracing/vendor/laravel/framework/src/Illuminate/Routing/Router.php(918): Illuminate\\Http\\Response->__construct(Object(Illuminate\\View\\View), 200, Array)
#28 /Applications/XAMPP/xamppfiles/htdocs/tmracing/vendor/laravel/framework/src/Illuminate/Routing/Router.php(885): Illuminate\\Routing\\Router::toResponse(Object(Illuminate\\Http\\Request), Object(Illuminate\\View\\View))
#29 /Applications/XAMPP/xamppfiles/htdocs/tmracing/vendor/laravel/framework/src/Illuminate/Routing/Router.php(805): Illuminate\\Routing\\Router->prepareResponse(Object(Illuminate\\Http\\Request), Object(Illuminate\\View\\View))
#30 /Applications/XAMPP/xamppfiles/htdocs/tmracing/vendor/laravel/framework/src/Illuminate/Pipeline/Pipeline.php(144): Illuminate\\Routing\\Router->Illuminate\\Routing\\{closure}(Object(Illuminate\\Http\\Request))
#31 /Applications/XAMPP/xamppfiles/htdocs/tmracing/app/Http/Middleware/IsAdmin.php(20): Illuminate\\Pipeline\\Pipeline->Illuminate\\Pipeline\\{closure}(Object(Illuminate\\Http\\Request))
#32 /Applications/XAMPP/xamppfiles/htdocs/tmracing/vendor/laravel/framework/src/Illuminate/Pipeline/Pipeline.php(183): App\\Http\\Middleware\\IsAdmin->handle(Object(Illuminate\\Http\\Request), Object(Closure))
#33 /Applications/XAMPP/xamppfiles/htdocs/tmracing/app/Http/Middleware/CheckForMaintenanceMode.php(58): Illuminate\\Pipeline\\Pipeline->Illuminate\\Pipeline\\{closure}(Object(Illuminate\\Http\\Request))
#34 /Applications/XAMPP/xamppfiles/htdocs/tmracing/vendor/laravel/framework/src/Illuminate/Pipeline/Pipeline.php(183): App\\Http\\Middleware\\CheckForMaintenanceMode->handle(Object(Illuminate\\Http\\Request), Object(Closure))
#35 /Applications/XAMPP/xamppfiles/htdocs/tmracing/app/Http/Middleware/HttpsProtocol.php(20): Illuminate\\Pipeline\\Pipeline->Illuminate\\Pipeline\\{closure}(Object(Illuminate\\Http\\Request))
#36 /Applications/XAMPP/xamppfiles/htdocs/tmracing/vendor/laravel/framework/src/Illuminate/Pipeline/Pipeline.php(183): App\\Http\\Middleware\\HttpsProtocol->handle(Object(Illuminate\\Http\\Request), Object(Closure))
#37 /Applications/XAMPP/xamppfiles/htdocs/tmracing/app/Http/Middleware/Language.php(31): Illuminate\\Pipeline\\Pipeline->Illuminate\\Pipeline\\{closure}(Object(Illuminate\\Http\\Request))
#38 /Applications/XAMPP/xamppfiles/htdocs/tmracing/vendor/laravel/framework/src/Illuminate/Pipeline/Pipeline.php(183): App\\Http\\Middleware\\Language->handle(Object(Illuminate\\Http\\Request), Object(Closure))
#39 /Applications/XAMPP/xamppfiles/htdocs/tmracing/vendor/laravel/framework/src/Illuminate/Routing/Middleware/SubstituteBindings.php(50): Illuminate\\Pipeline\\Pipeline->Illuminate\\Pipeline\\{closure}(Object(Illuminate\\Http\\Request))
#40 /Applications/XAMPP/xamppfiles/htdocs/tmracing/vendor/laravel/framework/src/Illuminate/Pipeline/Pipeline.php(183): Illuminate\\Routing\\Middleware\\SubstituteBindings->handle(Object(Illuminate\\Http\\Request), Object(Closure))
#41 /Applications/XAMPP/xamppfiles/htdocs/tmracing/vendor/laravel/framework/src/Illuminate/Auth/Middleware/Authenticate.php(57): Illuminate\\Pipeline\\Pipeline->Illuminate\\Pipeline\\{closure}(Object(Illuminate\\Http\\Request))
#42 /Applications/XAMPP/xamppfiles/htdocs/tmracing/vendor/laravel/framework/src/Illuminate/Pipeline/Pipeline.php(183): Illuminate\\Auth\\Middleware\\Authenticate->handle(Object(Illuminate\\Http\\Request), Object(Closure))
#43 /Applications/XAMPP/xamppfiles/htdocs/tmracing/vendor/laravel/framework/src/Illuminate/Foundation/Http/Middleware/VerifyCsrfToken.php(78): Illuminate\\Pipeline\\Pipeline->Illuminate\\Pipeline\\{closure}(Object(Illuminate\\Http\\Request))
#44 /Applications/XAMPP/xamppfiles/htdocs/tmracing/vendor/laravel/framework/src/Illuminate/Pipeline/Pipeline.php(183): Illuminate\\Foundation\\Http\\Middleware\\VerifyCsrfToken->handle(Object(Illuminate\\Http\\Request), Object(Closure))
#45 /Applications/XAMPP/xamppfiles/htdocs/tmracing/vendor/laravel/framework/src/Illuminate/View/Middleware/ShareErrorsFromSession.php(49): Illuminate\\Pipeline\\Pipeline->Illuminate\\Pipeline\\{closure}(Object(Illuminate\\Http\\Request))
#46 /Applications/XAMPP/xamppfiles/htdocs/tmracing/vendor/laravel/framework/src/Illuminate/Pipeline/Pipeline.php(183): Illuminate\\View\\Middleware\\ShareErrorsFromSession->handle(Object(Illuminate\\Http\\Request), Object(Closure))
#47 /Applications/XAMPP/xamppfiles/htdocs/tmracing/vendor/laravel/framework/src/Illuminate/Session/Middleware/StartSession.php(121): Illuminate\\Pipeline\\Pipeline->Illuminate\\Pipeline\\{closure}(Object(Illuminate\\Http\\Request))
#48 /Applications/XAMPP/xamppfiles/htdocs/tmracing/vendor/laravel/framework/src/Illuminate/Session/Middleware/StartSession.php(64): Illuminate\\Session\\Middleware\\StartSession->handleStatefulRequest(Object(Illuminate\\Http\\Request), Object(Illuminate\\Session\\Store), Object(Closure))
#49 /Applications/XAMPP/xamppfiles/htdocs/tmracing/vendor/laravel/framework/src/Illuminate/Pipeline/Pipeline.php(183): Illuminate\\Session\\Middleware\\StartSession->handle(Object(Illuminate\\Http\\Request), Object(Closure))
#50 /Applications/XAMPP/xamppfiles/htdocs/tmracing/vendor/laravel/framework/src/Illuminate/Cookie/Middleware/AddQueuedCookiesToResponse.php(37): Illuminate\\Pipeline\\Pipeline->Illuminate\\Pipeline\\{closure}(Object(Illuminate\\Http\\Request))
#51 /Applications/XAMPP/xamppfiles/htdocs/tmracing/vendor/laravel/framework/src/Illuminate/Pipeline/Pipeline.php(183): Illuminate\\Cookie\\Middleware\\AddQueuedCookiesToResponse->handle(Object(Illuminate\\Http\\Request), Object(Closure))
#52 /Applications/XAMPP/xamppfiles/htdocs/tmracing/vendor/laravel/framework/src/Illuminate/Pipeline/Pipeline.php(119): Illuminate\\Pipeline\\Pipeline->Illuminate\\Pipeline\\{closure}(Object(Illuminate\\Http\\Request))
#53 /Applications/XAMPP/xamppfiles/htdocs/tmracing/vendor/laravel/framework/src/Illuminate/Routing/Router.php(805): Illuminate\\Pipeline\\Pipeline->then(Object(Closure))
#54 /Applications/XAMPP/xamppfiles/htdocs/tmracing/vendor/laravel/framework/src/Illuminate/Routing/Router.php(784): Illuminate\\Routing\\Router->runRouteWithinStack(Object(Illuminate\\Routing\\Route), Object(Illuminate\\Http\\Request))
#55 /Applications/XAMPP/xamppfiles/htdocs/tmracing/vendor/laravel/framework/src/Illuminate/Routing/Router.php(748): Illuminate\\Routing\\Router->runRoute(Object(Illuminate\\Http\\Request), Object(Illuminate\\Routing\\Route))
#56 /Applications/XAMPP/xamppfiles/htdocs/tmracing/vendor/laravel/framework/src/Illuminate/Routing/Router.php(737): Illuminate\\Routing\\Router->dispatchToRoute(Object(Illuminate\\Http\\Request))
#57 /Applications/XAMPP/xamppfiles/htdocs/tmracing/vendor/laravel/framework/src/Illuminate/Foundation/Http/Kernel.php(200): Illuminate\\Routing\\Router->dispatch(Object(Illuminate\\Http\\Request))
#58 /Applications/XAMPP/xamppfiles/htdocs/tmracing/vendor/laravel/framework/src/Illuminate/Pipeline/Pipeline.php(144): Illuminate\\Foundation\\Http\\Kernel->Illuminate\\Foundation\\Http\\{closure}(Object(Illuminate\\Http\\Request))
#59 /Applications/XAMPP/xamppfiles/htdocs/tmracing/vendor/barryvdh/laravel-debugbar/src/Middleware/InjectDebugbar.php(66): Illuminate\\Pipeline\\Pipeline->Illuminate\\Pipeline\\{closure}(Object(Illuminate\\Http\\Request))
#60 /Applications/XAMPP/xamppfiles/htdocs/tmracing/vendor/laravel/framework/src/Illuminate/Pipeline/Pipeline.php(183): Barryvdh\\Debugbar\\Middleware\\InjectDebugbar->handle(Object(Illuminate\\Http\\Request), Object(Closure))
#61 /Applications/XAMPP/xamppfiles/htdocs/tmracing/vendor/laravel/framework/src/Illuminate/Http/Middleware/TrustProxies.php(39): Illuminate\\Pipeline\\Pipeline->Illuminate\\Pipeline\\{closure}(Object(Illuminate\\Http\\Request))
#62 /Applications/XAMPP/xamppfiles/htdocs/tmracing/vendor/laravel/framework/src/Illuminate/Pipeline/Pipeline.php(183): Illuminate\\Http\\Middleware\\TrustProxies->handle(Object(Illuminate\\Http\\Request), Object(Closure))
#63 /Applications/XAMPP/xamppfiles/htdocs/tmracing/vendor/laravel/framework/src/Illuminate/Foundation/Http/Middleware/TransformsRequest.php(21): Illuminate\\Pipeline\\Pipeline->Illuminate\\Pipeline\\{closure}(Object(Illuminate\\Http\\Request))
#64 /Applications/XAMPP/xamppfiles/htdocs/tmracing/vendor/laravel/framework/src/Illuminate/Foundation/Http/Middleware/ConvertEmptyStringsToNull.php(31): Illuminate\\Foundation\\Http\\Middleware\\TransformsRequest->handle(Object(Illuminate\\Http\\Request), Object(Closure))
#65 /Applications/XAMPP/xamppfiles/htdocs/tmracing/vendor/laravel/framework/src/Illuminate/Pipeline/Pipeline.php(183): Illuminate\\Foundation\\Http\\Middleware\\ConvertEmptyStringsToNull->handle(Object(Illuminate\\Http\\Request), Object(Closure))
#66 /Applications/XAMPP/xamppfiles/htdocs/tmracing/vendor/laravel/framework/src/Illuminate/Foundation/Http/Middleware/TransformsRequest.php(21): Illuminate\\Pipeline\\Pipeline->Illuminate\\Pipeline\\{closure}(Object(Illuminate\\Http\\Request))
#67 /Applications/XAMPP/xamppfiles/htdocs/tmracing/vendor/laravel/framework/src/Illuminate/Foundation/Http/Middleware/TrimStrings.php(40): Illuminate\\Foundation\\Http\\Middleware\\TransformsRequest->handle(Object(Illuminate\\Http\\Request), Object(Closure))
#68 /Applications/XAMPP/xamppfiles/htdocs/tmracing/vendor/laravel/framework/src/Illuminate/Pipeline/Pipeline.php(183): Illuminate\\Foundation\\Http\\Middleware\\TrimStrings->handle(Object(Illuminate\\Http\\Request), Object(Closure))
#69 /Applications/XAMPP/xamppfiles/htdocs/tmracing/vendor/laravel/framework/src/Illuminate/Foundation/Http/Middleware/ValidatePostSize.php(27): Illuminate\\Pipeline\\Pipeline->Illuminate\\Pipeline\\{closure}(Object(Illuminate\\Http\\Request))
#70 /Applications/XAMPP/xamppfiles/htdocs/tmracing/vendor/laravel/framework/src/Illuminate/Pipeline/Pipeline.php(183): Illuminate\\Foundation\\Http\\Middleware\\ValidatePostSize->handle(Object(Illuminate\\Http\\Request), Object(Closure))
#71 /Applications/XAMPP/xamppfiles/htdocs/tmracing/vendor/laravel/framework/src/Illuminate/Pipeline/Pipeline.php(119): Illuminate\\Pipeline\\Pipeline->Illuminate\\Pipeline\\{closure}(Object(Illuminate\\Http\\Request))
#72 /Applications/XAMPP/xamppfiles/htdocs/tmracing/vendor/laravel/framework/src/Illuminate/Foundation/Http/Kernel.php(175): Illuminate\\Pipeline\\Pipeline->then(Object(Closure))
#73 /Applications/XAMPP/xamppfiles/htdocs/tmracing/vendor/laravel/framework/src/Illuminate/Foundation/Http/Kernel.php(144): Illuminate\\Foundation\\Http\\Kernel->sendRequestThroughRouter(Object(Illuminate\\Http\\Request))
#74 /Applications/XAMPP/xamppfiles/htdocs/tmracing/index.php(57): Illuminate\\Foundation\\Http\\Kernel->handle(Object(Illuminate\\Http\\Request))
#75 {main}
"} 
[2025-12-12 02:24:21] local.ERROR: Route [facebook_chat.index] not defined. (View: /Applications/XAMPP/xamppfiles/htdocs/tmracing/resources/views/backend/inc/admin_sidenav.blade.php) (View: /Applications/XAMPP/xamppfiles/htdocs/tmracing/resources/views/backend/inc/admin_sidenav.blade.php) (View: /Applications/XAMPP/xamppfiles/htdocs/tmracing/resources/views/backend/inc/admin_sidenav.blade.php) {"userId":9,"exception":"[object] (Illuminate\\View\\ViewException(code: 0): Route [facebook_chat.index] not defined. (View: /Applications/XAMPP/xamppfiles/htdocs/tmracing/resources/views/backend/inc/admin_sidenav.blade.php) (View: /Applications/XAMPP/xamppfiles/htdocs/tmracing/resources/views/backend/inc/admin_sidenav.blade.php) (View: /Applications/XAMPP/xamppfiles/htdocs/tmracing/resources/views/backend/inc/admin_sidenav.blade.php) at /Applications/XAMPP/xamppfiles/htdocs/tmracing/vendor/laravel/framework/src/Illuminate/Routing/UrlGenerator.php:477)
[stacktrace]
#0 /Applications/XAMPP/xamppfiles/htdocs/tmracing/vendor/laravel/framework/src/Illuminate/View/Engines/PhpEngine.php(60): Illuminate\\View\\Engines\\CompilerEngine->handleViewException(Object(Illuminate\\View\\ViewException), 1)
#1 /Applications/XAMPP/xamppfiles/htdocs/tmracing/vendor/laravel/framework/src/Illuminate/View/Engines/CompilerEngine.php(72): Illuminate\\View\\Engines\\PhpEngine->evaluatePath('/Applications/X...', Array)
#2 /Applications/XAMPP/xamppfiles/htdocs/tmracing/vendor/laravel/framework/src/Illuminate/View/View.php(207): Illuminate\\View\\Engines\\CompilerEngine->get('/Applications/X...', Array)
#3 /Applications/XAMPP/xamppfiles/htdocs/tmracing/vendor/laravel/framework/src/Illuminate/View/View.php(190): Illuminate\\View\\View->getContents()
#4 /Applications/XAMPP/xamppfiles/htdocs/tmracing/vendor/laravel/framework/src/Illuminate/View/View.php(159): Illuminate\\View\\View->renderContents()
#5 /Applications/XAMPP/xamppfiles/htdocs/tmracing/vendor/laravel/framework/src/Illuminate/Http/Response.php(69): Illuminate\\View\\View->render()
#6 /Applications/XAMPP/xamppfiles/htdocs/tmracing/vendor/laravel/framework/src/Illuminate/Http/Response.php(35): Illuminate\\Http\\Response->setContent(Object(Illuminate\\View\\View))
#7 /Applications/XAMPP/xamppfiles/htdocs/tmracing/vendor/laravel/framework/src/Illuminate/Routing/Router.php(918): Illuminate\\Http\\Response->__construct(Object(Illuminate\\View\\View), 200, Array)
#8 /Applications/XAMPP/xamppfiles/htdocs/tmracing/vendor/laravel/framework/src/Illuminate/Routing/Router.php(885): Illuminate\\Routing\\Router::toResponse(Object(Illuminate\\Http\\Request), Object(Illuminate\\View\\View))
#9 /Applications/XAMPP/xamppfiles/htdocs/tmracing/vendor/laravel/framework/src/Illuminate/Routing/Router.php(805): Illuminate\\Routing\\Router->prepareResponse(Object(Illuminate\\Http\\Request), Object(Illuminate\\View\\View))
#10 /Applications/XAMPP/xamppfiles/htdocs/tmracing/vendor/laravel/framework/src/Illuminate/Pipeline/Pipeline.php(144): Illuminate\\Routing\\Router->Illuminate\\Routing\\{closure}(Object(Illuminate\\Http\\Request))
#11 /Applications/XAMPP/xamppfiles/htdocs/tmracing/app/Http/Middleware/IsAdmin.php(20): Illuminate\\Pipeline\\Pipeline->Illuminate\\Pipeline\\{closure}(Object(Illuminate\\Http\\Request))
#12 /Applications/XAMPP/xamppfiles/htdocs/tmracing/vendor/laravel/framework/src/Illuminate/Pipeline/Pipeline.php(183): App\\Http\\Middleware\\IsAdmin->handle(Object(Illuminate\\Http\\Request), Object(Closure))
#13 /Applications/XAMPP/xamppfiles/htdocs/tmracing/app/Http/Middleware/CheckForMaintenanceMode.php(58): Illuminate\\Pipeline\\Pipeline->Illuminate\\Pipeline\\{closure}(Object(Illuminate\\Http\\Request))
#14 /Applications/XAMPP/xamppfiles/htdocs/tmracing/vendor/laravel/framework/src/Illuminate/Pipeline/Pipeline.php(183): App\\Http\\Middleware\\CheckForMaintenanceMode->handle(Object(Illuminate\\Http\\Request), Object(Closure))
#15 /Applications/XAMPP/xamppfiles/htdocs/tmracing/app/Http/Middleware/HttpsProtocol.php(20): Illuminate\\Pipeline\\Pipeline->Illuminate\\Pipeline\\{closure}(Object(Illuminate\\Http\\Request))
#16 /Applications/XAMPP/xamppfiles/htdocs/tmracing/vendor/laravel/framework/src/Illuminate/Pipeline/Pipeline.php(183): App\\Http\\Middleware\\HttpsProtocol->handle(Object(Illuminate\\Http\\Request), Object(Closure))
#17 /Applications/XAMPP/xamppfiles/htdocs/tmracing/app/Http/Middleware/Language.php(31): Illuminate\\Pipeline\\Pipeline->Illuminate\\Pipeline\\{closure}(Object(Illuminate\\Http\\Request))
#18 /Applications/XAMPP/xamppfiles/htdocs/tmracing/vendor/laravel/framework/src/Illuminate/Pipeline/Pipeline.php(183): App\\Http\\Middleware\\Language->handle(Object(Illuminate\\Http\\Request), Object(Closure))
#19 /Applications/XAMPP/xamppfiles/htdocs/tmracing/vendor/laravel/framework/src/Illuminate/Routing/Middleware/SubstituteBindings.php(50): Illuminate\\Pipeline\\Pipeline->Illuminate\\Pipeline\\{closure}(Object(Illuminate\\Http\\Request))
#20 /Applications/XAMPP/xamppfiles/htdocs/tmracing/vendor/laravel/framework/src/Illuminate/Pipeline/Pipeline.php(183): Illuminate\\Routing\\Middleware\\SubstituteBindings->handle(Object(Illuminate\\Http\\Request), Object(Closure))
#21 /Applications/XAMPP/xamppfiles/htdocs/tmracing/vendor/laravel/framework/src/Illuminate/Auth/Middleware/Authenticate.php(57): Illuminate\\Pipeline\\Pipeline->Illuminate\\Pipeline\\{closure}(Object(Illuminate\\Http\\Request))
#22 /Applications/XAMPP/xamppfiles/htdocs/tmracing/vendor/laravel/framework/src/Illuminate/Pipeline/Pipeline.php(183): Illuminate\\Auth\\Middleware\\Authenticate->handle(Object(Illuminate\\Http\\Request), Object(Closure))
#23 /Applications/XAMPP/xamppfiles/htdocs/tmracing/vendor/laravel/framework/src/Illuminate/Foundation/Http/Middleware/VerifyCsrfToken.php(78): Illuminate\\Pipeline\\Pipeline->Illuminate\\Pipeline\\{closure}(Object(Illuminate\\Http\\Request))
#24 /Applications/XAMPP/xamppfiles/htdocs/tmracing/vendor/laravel/framework/src/Illuminate/Pipeline/Pipeline.php(183): Illuminate\\Foundation\\Http\\Middleware\\VerifyCsrfToken->handle(Object(Illuminate\\Http\\Request), Object(Closure))
#25 /Applications/XAMPP/xamppfiles/htdocs/tmracing/vendor/laravel/framework/src/Illuminate/View/Middleware/ShareErrorsFromSession.php(49): Illuminate\\Pipeline\\Pipeline->Illuminate\\Pipeline\\{closure}(Object(Illuminate\\Http\\Request))
#26 /Applications/XAMPP/xamppfiles/htdocs/tmracing/vendor/laravel/framework/src/Illuminate/Pipeline/Pipeline.php(183): Illuminate\\View\\Middleware\\ShareErrorsFromSession->handle(Object(Illuminate\\Http\\Request), Object(Closure))
#27 /Applications/XAMPP/xamppfiles/htdocs/tmracing/vendor/laravel/framework/src/Illuminate/Session/Middleware/StartSession.php(121): Illuminate\\Pipeline\\Pipeline->Illuminate\\Pipeline\\{closure}(Object(Illuminate\\Http\\Request))
#28 /Applications/XAMPP/xamppfiles/htdocs/tmracing/vendor/laravel/framework/src/Illuminate/Session/Middleware/StartSession.php(64): Illuminate\\Session\\Middleware\\StartSession->handleStatefulRequest(Object(Illuminate\\Http\\Request), Object(Illuminate\\Session\\Store), Object(Closure))
#29 /Applications/XAMPP/xamppfiles/htdocs/tmracing/vendor/laravel/framework/src/Illuminate/Pipeline/Pipeline.php(183): Illuminate\\Session\\Middleware\\StartSession->handle(Object(Illuminate\\Http\\Request), Object(Closure))
#30 /Applications/XAMPP/xamppfiles/htdocs/tmracing/vendor/laravel/framework/src/Illuminate/Cookie/Middleware/AddQueuedCookiesToResponse.php(37): Illuminate\\Pipeline\\Pipeline->Illuminate\\Pipeline\\{closure}(Object(Illuminate\\Http\\Request))
#31 /Applications/XAMPP/xamppfiles/htdocs/tmracing/vendor/laravel/framework/src/Illuminate/Pipeline/Pipeline.php(183): Illuminate\\Cookie\\Middleware\\AddQueuedCookiesToResponse->handle(Object(Illuminate\\Http\\Request), Object(Closure))
#32 /Applications/XAMPP/xamppfiles/htdocs/tmracing/vendor/laravel/framework/src/Illuminate/Pipeline/Pipeline.php(119): Illuminate\\Pipeline\\Pipeline->Illuminate\\Pipeline\\{closure}(Object(Illuminate\\Http\\Request))
#33 /Applications/XAMPP/xamppfiles/htdocs/tmracing/vendor/laravel/framework/src/Illuminate/Routing/Router.php(805): Illuminate\\Pipeline\\Pipeline->then(Object(Closure))
#34 /Applications/XAMPP/xamppfiles/htdocs/tmracing/vendor/laravel/framework/src/Illuminate/Routing/Router.php(784): Illuminate\\Routing\\Router->runRouteWithinStack(Object(Illuminate\\Routing\\Route), Object(Illuminate\\Http\\Request))
#35 /Applications/XAMPP/xamppfiles/htdocs/tmracing/vendor/laravel/framework/src/Illuminate/Routing/Router.php(748): Illuminate\\Routing\\Router->runRoute(Object(Illuminate\\Http\\Request), Object(Illuminate\\Routing\\Route))
#36 /Applications/XAMPP/xamppfiles/htdocs/tmracing/vendor/laravel/framework/src/Illuminate/Routing/Router.php(737): Illuminate\\Routing\\Router->dispatchToRoute(Object(Illuminate\\Http\\Request))
#37 /Applications/XAMPP/xamppfiles/htdocs/tmracing/vendor/laravel/framework/src/Illuminate/Foundation/Http/Kernel.php(200): Illuminate\\Routing\\Router->dispatch(Object(Illuminate\\Http\\Request))
#38 /Applications/XAMPP/xamppfiles/htdocs/tmracing/vendor/laravel/framework/src/Illuminate/Pipeline/Pipeline.php(144): Illuminate\\Foundation\\Http\\Kernel->Illuminate\\Foundation\\Http\\{closure}(Object(Illuminate\\Http\\Request))
#39 /Applications/XAMPP/xamppfiles/htdocs/tmracing/vendor/barryvdh/laravel-debugbar/src/Middleware/InjectDebugbar.php(66): Illuminate\\Pipeline\\Pipeline->Illuminate\\Pipeline\\{closure}(Object(Illuminate\\Http\\Request))
#40 /Applications/XAMPP/xamppfiles/htdocs/tmracing/vendor/laravel/framework/src/Illuminate/Pipeline/Pipeline.php(183): Barryvdh\\Debugbar\\Middleware\\InjectDebugbar->handle(Object(Illuminate\\Http\\Request), Object(Closure))
#41 /Applications/XAMPP/xamppfiles/htdocs/tmracing/vendor/laravel/framework/src/Illuminate/Http/Middleware/TrustProxies.php(39): Illuminate\\Pipeline\\Pipeline->Illuminate\\Pipeline\\{closure}(Object(Illuminate\\Http\\Request))
#42 /Applications/XAMPP/xamppfiles/htdocs/tmracing/vendor/laravel/framework/src/Illuminate/Pipeline/Pipeline.php(183): Illuminate\\Http\\Middleware\\TrustProxies->handle(Object(Illuminate\\Http\\Request), Object(Closure))
#43 /Applications/XAMPP/xamppfiles/htdocs/tmracing/vendor/laravel/framework/src/Illuminate/Foundation/Http/Middleware/TransformsRequest.php(21): Illuminate\\Pipeline\\Pipeline->Illuminate\\Pipeline\\{closure}(Object(Illuminate\\Http\\Request))
#44 /Applications/XAMPP/xamppfiles/htdocs/tmracing/vendor/laravel/framework/src/Illuminate/Foundation/Http/Middleware/ConvertEmptyStringsToNull.php(31): Illuminate\\Foundation\\Http\\Middleware\\TransformsRequest->handle(Object(Illuminate\\Http\\Request), Object(Closure))
#45 /Applications/XAMPP/xamppfiles/htdocs/tmracing/vendor/laravel/framework/src/Illuminate/Pipeline/Pipeline.php(183): Illuminate\\Foundation\\Http\\Middleware\\ConvertEmptyStringsToNull->handle(Object(Illuminate\\Http\\Request), Object(Closure))
#46 /Applications/XAMPP/xamppfiles/htdocs/tmracing/vendor/laravel/framework/src/Illuminate/Foundation/Http/Middleware/TransformsRequest.php(21): Illuminate\\Pipeline\\Pipeline->Illuminate\\Pipeline\\{closure}(Object(Illuminate\\Http\\Request))
#47 /Applications/XAMPP/xamppfiles/htdocs/tmracing/vendor/laravel/framework/src/Illuminate/Foundation/Http/Middleware/TrimStrings.php(40): Illuminate\\Foundation\\Http\\Middleware\\TransformsRequest->handle(Object(Illuminate\\Http\\Request), Object(Closure))
#48 /Applications/XAMPP/xamppfiles/htdocs/tmracing/vendor/laravel/framework/src/Illuminate/Pipeline/Pipeline.php(183): Illuminate\\Foundation\\Http\\Middleware\\TrimStrings->handle(Object(Illuminate\\Http\\Request), Object(Closure))
#49 /Applications/XAMPP/xamppfiles/htdocs/tmracing/vendor/laravel/framework/src/Illuminate/Foundation/Http/Middleware/ValidatePostSize.php(27): Illuminate\\Pipeline\\Pipeline->Illuminate\\Pipeline\\{closure}(Object(Illuminate\\Http\\Request))
#50 /Applications/XAMPP/xamppfiles/htdocs/tmracing/vendor/laravel/framework/src/Illuminate/Pipeline/Pipeline.php(183): Illuminate\\Foundation\\Http\\Middleware\\ValidatePostSize->handle(Object(Illuminate\\Http\\Request), Object(Closure))
#51 /Applications/XAMPP/xamppfiles/htdocs/tmracing/vendor/laravel/framework/src/Illuminate/Pipeline/Pipeline.php(119): Illuminate\\Pipeline\\Pipeline->Illuminate\\Pipeline\\{closure}(Object(Illuminate\\Http\\Request))
#52 /Applications/XAMPP/xamppfiles/htdocs/tmracing/vendor/laravel/framework/src/Illuminate/Foundation/Http/Kernel.php(175): Illuminate\\Pipeline\\Pipeline->then(Object(Closure))
#53 /Applications/XAMPP/xamppfiles/htdocs/tmracing/vendor/laravel/framework/src/Illuminate/Foundation/Http/Kernel.php(144): Illuminate\\Foundation\\Http\\Kernel->sendRequestThroughRouter(Object(Illuminate\\Http\\Request))
#54 /Applications/XAMPP/xamppfiles/htdocs/tmracing/index.php(57): Illuminate\\Foundation\\Http\\Kernel->handle(Object(Illuminate\\Http\\Request))
#55 {main}

[previous exception] [object] (Illuminate\\View\\ViewException(code: 0): Route [facebook_chat.index] not defined. (View: /Applications/XAMPP/xamppfiles/htdocs/tmracing/resources/views/backend/inc/admin_sidenav.blade.php) (View: /Applications/XAMPP/xamppfiles/htdocs/tmracing/resources/views/backend/inc/admin_sidenav.blade.php) at /Applications/XAMPP/xamppfiles/htdocs/tmracing/vendor/laravel/framework/src/Illuminate/Routing/UrlGenerator.php:477)
[stacktrace]
#0 /Applications/XAMPP/xamppfiles/htdocs/tmracing/vendor/laravel/framework/src/Illuminate/View/Engines/PhpEngine.php(60): Illuminate\\View\\Engines\\CompilerEngine->handleViewException(Object(Illuminate\\View\\ViewException), 2)
#1 /Applications/XAMPP/xamppfiles/htdocs/tmracing/vendor/laravel/framework/src/Illuminate/View/Engines/CompilerEngine.php(72): Illuminate\\View\\Engines\\PhpEngine->evaluatePath('/Applications/X...', Array)
#2 /Applications/XAMPP/xamppfiles/htdocs/tmracing/vendor/laravel/framework/src/Illuminate/View/View.php(207): Illuminate\\View\\Engines\\CompilerEngine->get('/Applications/X...', Array)
#3 /Applications/XAMPP/xamppfiles/htdocs/tmracing/vendor/laravel/framework/src/Illuminate/View/View.php(190): Illuminate\\View\\View->getContents()
#4 /Applications/XAMPP/xamppfiles/htdocs/tmracing/vendor/laravel/framework/src/Illuminate/View/View.php(159): Illuminate\\View\\View->renderContents()
#5 /Applications/XAMPP/xamppfiles/htdocs/tmracing/storage/framework/views/2add04623f74d611fd5a0baea40cdc55.php(163): Illuminate\\View\\View->render()
#6 /Applications/XAMPP/xamppfiles/htdocs/tmracing/vendor/laravel/framework/src/Illuminate/Filesystem/Filesystem.php(123): require('/Applications/X...')
#7 /Applications/XAMPP/xamppfiles/htdocs/tmracing/vendor/laravel/framework/src/Illuminate/Filesystem/Filesystem.php(124): Illuminate\\Filesystem\\Filesystem::Illuminate\\Filesystem\\{closure}()
#8 /Applications/XAMPP/xamppfiles/htdocs/tmracing/vendor/laravel/framework/src/Illuminate/View/Engines/PhpEngine.php(58): Illuminate\\Filesystem\\Filesystem->getRequire('/Applications/X...', Array)
#9 /Applications/XAMPP/xamppfiles/htdocs/tmracing/vendor/laravel/framework/src/Illuminate/View/Engines/CompilerEngine.php(72): Illuminate\\View\\Engines\\PhpEngine->evaluatePath('/Applications/X...', Array)
#10 /Applications/XAMPP/xamppfiles/htdocs/tmracing/vendor/laravel/framework/src/Illuminate/View/View.php(207): Illuminate\\View\\Engines\\CompilerEngine->get('/Applications/X...', Array)
#11 /Applications/XAMPP/xamppfiles/htdocs/tmracing/vendor/laravel/framework/src/Illuminate/View/View.php(190): Illuminate\\View\\View->getContents()
#12 /Applications/XAMPP/xamppfiles/htdocs/tmracing/vendor/laravel/framework/src/Illuminate/View/View.php(159): Illuminate\\View\\View->renderContents()
#13 /Applications/XAMPP/xamppfiles/htdocs/tmracing/vendor/laravel/framework/src/Illuminate/Http/Response.php(69): Illuminate\\View\\View->render()
#14 /Applications/XAMPP/xamppfiles/htdocs/tmracing/vendor/laravel/framework/src/Illuminate/Http/Response.php(35): Illuminate\\Http\\Response->setContent(Object(Illuminate\\View\\View))
#15 /Applications/XAMPP/xamppfiles/htdocs/tmracing/vendor/laravel/framework/src/Illuminate/Routing/Router.php(918): Illuminate\\Http\\Response->__construct(Object(Illuminate\\View\\View), 200, Array)
#16 /Applications/XAMPP/xamppfiles/htdocs/tmracing/vendor/laravel/framework/src/Illuminate/Routing/Router.php(885): Illuminate\\Routing\\Router::toResponse(Object(Illuminate\\Http\\Request), Object(Illuminate\\View\\View))
#17 /Applications/XAMPP/xamppfiles/htdocs/tmracing/vendor/laravel/framework/src/Illuminate/Routing/Router.php(805): Illuminate\\Routing\\Router->prepareResponse(Object(Illuminate\\Http\\Request), Object(Illuminate\\View\\View))
#18 /Applications/XAMPP/xamppfiles/htdocs/tmracing/vendor/laravel/framework/src/Illuminate/Pipeline/Pipeline.php(144): Illuminate\\Routing\\Router->Illuminate\\Routing\\{closure}(Object(Illuminate\\Http\\Request))
#19 /Applications/XAMPP/xamppfiles/htdocs/tmracing/app/Http/Middleware/IsAdmin.php(20): Illuminate\\Pipeline\\Pipeline->Illuminate\\Pipeline\\{closure}(Object(Illuminate\\Http\\Request))
#20 /Applications/XAMPP/xamppfiles/htdocs/tmracing/vendor/laravel/framework/src/Illuminate/Pipeline/Pipeline.php(183): App\\Http\\Middleware\\IsAdmin->handle(Object(Illuminate\\Http\\Request), Object(Closure))
#21 /Applications/XAMPP/xamppfiles/htdocs/tmracing/app/Http/Middleware/CheckForMaintenanceMode.php(58): Illuminate\\Pipeline\\Pipeline->Illuminate\\Pipeline\\{closure}(Object(Illuminate\\Http\\Request))
#22 /Applications/XAMPP/xamppfiles/htdocs/tmracing/vendor/laravel/framework/src/Illuminate/Pipeline/Pipeline.php(183): App\\Http\\Middleware\\CheckForMaintenanceMode->handle(Object(Illuminate\\Http\\Request), Object(Closure))
#23 /Applications/XAMPP/xamppfiles/htdocs/tmracing/app/Http/Middleware/HttpsProtocol.php(20): Illuminate\\Pipeline\\Pipeline->Illuminate\\Pipeline\\{closure}(Object(Illuminate\\Http\\Request))
#24 /Applications/XAMPP/xamppfiles/htdocs/tmracing/vendor/laravel/framework/src/Illuminate/Pipeline/Pipeline.php(183): App\\Http\\Middleware\\HttpsProtocol->handle(Object(Illuminate\\Http\\Request), Object(Closure))
#25 /Applications/XAMPP/xamppfiles/htdocs/tmracing/app/Http/Middleware/Language.php(31): Illuminate\\Pipeline\\Pipeline->Illuminate\\Pipeline\\{closure}(Object(Illuminate\\Http\\Request))
#26 /Applications/XAMPP/xamppfiles/htdocs/tmracing/vendor/laravel/framework/src/Illuminate/Pipeline/Pipeline.php(183): App\\Http\\Middleware\\Language->handle(Object(Illuminate\\Http\\Request), Object(Closure))
#27 /Applications/XAMPP/xamppfiles/htdocs/tmracing/vendor/laravel/framework/src/Illuminate/Routing/Middleware/SubstituteBindings.php(50): Illuminate\\Pipeline\\Pipeline->Illuminate\\Pipeline\\{closure}(Object(Illuminate\\Http\\Request))
#28 /Applications/XAMPP/xamppfiles/htdocs/tmracing/vendor/laravel/framework/src/Illuminate/Pipeline/Pipeline.php(183): Illuminate\\Routing\\Middleware\\SubstituteBindings->handle(Object(Illuminate\\Http\\Request), Object(Closure))
#29 /Applications/XAMPP/xamppfiles/htdocs/tmracing/vendor/laravel/framework/src/Illuminate/Auth/Middleware/Authenticate.php(57): Illuminate\\Pipeline\\Pipeline->Illuminate\\Pipeline\\{closure}(Object(Illuminate\\Http\\Request))
#30 /Applications/XAMPP/xamppfiles/htdocs/tmracing/vendor/laravel/framework/src/Illuminate/Pipeline/Pipeline.php(183): Illuminate\\Auth\\Middleware\\Authenticate->handle(Object(Illuminate\\Http\\Request), Object(Closure))
#31 /Applications/XAMPP/xamppfiles/htdocs/tmracing/vendor/laravel/framework/src/Illuminate/Foundation/Http/Middleware/VerifyCsrfToken.php(78): Illuminate\\Pipeline\\Pipeline->Illuminate\\Pipeline\\{closure}(Object(Illuminate\\Http\\Request))
#32 /Applications/XAMPP/xamppfiles/htdocs/tmracing/vendor/laravel/framework/src/Illuminate/Pipeline/Pipeline.php(183): Illuminate\\Foundation\\Http\\Middleware\\VerifyCsrfToken->handle(Object(Illuminate\\Http\\Request), Object(Closure))
#33 /Applications/XAMPP/xamppfiles/htdocs/tmracing/vendor/laravel/framework/src/Illuminate/View/Middleware/ShareErrorsFromSession.php(49): Illuminate\\Pipeline\\Pipeline->Illuminate\\Pipeline\\{closure}(Object(Illuminate\\Http\\Request))
#34 /Applications/XAMPP/xamppfiles/htdocs/tmracing/vendor/laravel/framework/src/Illuminate/Pipeline/Pipeline.php(183): Illuminate\\View\\Middleware\\ShareErrorsFromSession->handle(Object(Illuminate\\Http\\Request), Object(Closure))
#35 /Applications/XAMPP/xamppfiles/htdocs/tmracing/vendor/laravel/framework/src/Illuminate/Session/Middleware/StartSession.php(121): Illuminate\\Pipeline\\Pipeline->Illuminate\\Pipeline\\{closure}(Object(Illuminate\\Http\\Request))
#36 /Applications/XAMPP/xamppfiles/htdocs/tmracing/vendor/laravel/framework/src/Illuminate/Session/Middleware/StartSession.php(64): Illuminate\\Session\\Middleware\\StartSession->handleStatefulRequest(Object(Illuminate\\Http\\Request), Object(Illuminate\\Session\\Store), Object(Closure))
#37 /Applications/XAMPP/xamppfiles/htdocs/tmracing/vendor/laravel/framework/src/Illuminate/Pipeline/Pipeline.php(183): Illuminate\\Session\\Middleware\\StartSession->handle(Object(Illuminate\\Http\\Request), Object(Closure))
#38 /Applications/XAMPP/xamppfiles/htdocs/tmracing/vendor/laravel/framework/src/Illuminate/Cookie/Middleware/AddQueuedCookiesToResponse.php(37): Illuminate\\Pipeline\\Pipeline->Illuminate\\Pipeline\\{closure}(Object(Illuminate\\Http\\Request))
#39 /Applications/XAMPP/xamppfiles/htdocs/tmracing/vendor/laravel/framework/src/Illuminate/Pipeline/Pipeline.php(183): Illuminate\\Cookie\\Middleware\\AddQueuedCookiesToResponse->handle(Object(Illuminate\\Http\\Request), Object(Closure))
#40 /Applications/XAMPP/xamppfiles/htdocs/tmracing/vendor/laravel/framework/src/Illuminate/Pipeline/Pipeline.php(119): Illuminate\\Pipeline\\Pipeline->Illuminate\\Pipeline\\{closure}(Object(Illuminate\\Http\\Request))
#41 /Applications/XAMPP/xamppfiles/htdocs/tmracing/vendor/laravel/framework/src/Illuminate/Routing/Router.php(805): Illuminate\\Pipeline\\Pipeline->then(Object(Closure))
#42 /Applications/XAMPP/xamppfiles/htdocs/tmracing/vendor/laravel/framework/src/Illuminate/Routing/Router.php(784): Illuminate\\Routing\\Router->runRouteWithinStack(Object(Illuminate\\Routing\\Route), Object(Illuminate\\Http\\Request))
#43 /Applications/XAMPP/xamppfiles/htdocs/tmracing/vendor/laravel/framework/src/Illuminate/Routing/Router.php(748): Illuminate\\Routing\\Router->runRoute(Object(Illuminate\\Http\\Request), Object(Illuminate\\Routing\\Route))
#44 /Applications/XAMPP/xamppfiles/htdocs/tmracing/vendor/laravel/framework/src/Illuminate/Routing/Router.php(737): Illuminate\\Routing\\Router->dispatchToRoute(Object(Illuminate\\Http\\Request))
#45 /Applications/XAMPP/xamppfiles/htdocs/tmracing/vendor/laravel/framework/src/Illuminate/Foundation/Http/Kernel.php(200): Illuminate\\Routing\\Router->dispatch(Object(Illuminate\\Http\\Request))
#46 /Applications/XAMPP/xamppfiles/htdocs/tmracing/vendor/laravel/framework/src/Illuminate/Pipeline/Pipeline.php(144): Illuminate\\Foundation\\Http\\Kernel->Illuminate\\Foundation\\Http\\{closure}(Object(Illuminate\\Http\\Request))
#47 /Applications/XAMPP/xamppfiles/htdocs/tmracing/vendor/barryvdh/laravel-debugbar/src/Middleware/InjectDebugbar.php(66): Illuminate\\Pipeline\\Pipeline->Illuminate\\Pipeline\\{closure}(Object(Illuminate\\Http\\Request))
#48 /Applications/XAMPP/xamppfiles/htdocs/tmracing/vendor/laravel/framework/src/Illuminate/Pipeline/Pipeline.php(183): Barryvdh\\Debugbar\\Middleware\\InjectDebugbar->handle(Object(Illuminate\\Http\\Request), Object(Closure))
#49 /Applications/XAMPP/xamppfiles/htdocs/tmracing/vendor/laravel/framework/src/Illuminate/Http/Middleware/TrustProxies.php(39): Illuminate\\Pipeline\\Pipeline->Illuminate\\Pipeline\\{closure}(Object(Illuminate\\Http\\Request))
#50 /Applications/XAMPP/xamppfiles/htdocs/tmracing/vendor/laravel/framework/src/Illuminate/Pipeline/Pipeline.php(183): Illuminate\\Http\\Middleware\\TrustProxies->handle(Object(Illuminate\\Http\\Request), Object(Closure))
#51 /Applications/XAMPP/xamppfiles/htdocs/tmracing/vendor/laravel/framework/src/Illuminate/Foundation/Http/Middleware/TransformsRequest.php(21): Illuminate\\Pipeline\\Pipeline->Illuminate\\Pipeline\\{closure}(Object(Illuminate\\Http\\Request))
#52 /Applications/XAMPP/xamppfiles/htdocs/tmracing/vendor/laravel/framework/src/Illuminate/Foundation/Http/Middleware/ConvertEmptyStringsToNull.php(31): Illuminate\\Foundation\\Http\\Middleware\\TransformsRequest->handle(Object(Illuminate\\Http\\Request), Object(Closure))
#53 /Applications/XAMPP/xamppfiles/htdocs/tmracing/vendor/laravel/framework/src/Illuminate/Pipeline/Pipeline.php(183): Illuminate\\Foundation\\Http\\Middleware\\ConvertEmptyStringsToNull->handle(Object(Illuminate\\Http\\Request), Object(Closure))
#54 /Applications/XAMPP/xamppfiles/htdocs/tmracing/vendor/laravel/framework/src/Illuminate/Foundation/Http/Middleware/TransformsRequest.php(21): Illuminate\\Pipeline\\Pipeline->Illuminate\\Pipeline\\{closure}(Object(Illuminate\\Http\\Request))
#55 /Applications/XAMPP/xamppfiles/htdocs/tmracing/vendor/laravel/framework/src/Illuminate/Foundation/Http/Middleware/TrimStrings.php(40): Illuminate\\Foundation\\Http\\Middleware\\TransformsRequest->handle(Object(Illuminate\\Http\\Request), Object(Closure))
#56 /Applications/XAMPP/xamppfiles/htdocs/tmracing/vendor/laravel/framework/src/Illuminate/Pipeline/Pipeline.php(183): Illuminate\\Foundation\\Http\\Middleware\\TrimStrings->handle(Object(Illuminate\\Http\\Request), Object(Closure))
#57 /Applications/XAMPP/xamppfiles/htdocs/tmracing/vendor/laravel/framework/src/Illuminate/Foundation/Http/Middleware/ValidatePostSize.php(27): Illuminate\\Pipeline\\Pipeline->Illuminate\\Pipeline\\{closure}(Object(Illuminate\\Http\\Request))
#58 /Applications/XAMPP/xamppfiles/htdocs/tmracing/vendor/laravel/framework/src/Illuminate/Pipeline/Pipeline.php(183): Illuminate\\Foundation\\Http\\Middleware\\ValidatePostSize->handle(Object(Illuminate\\Http\\Request), Object(Closure))
#59 /Applications/XAMPP/xamppfiles/htdocs/tmracing/vendor/laravel/framework/src/Illuminate/Pipeline/Pipeline.php(119): Illuminate\\Pipeline\\Pipeline->Illuminate\\Pipeline\\{closure}(Object(Illuminate\\Http\\Request))
#60 /Applications/XAMPP/xamppfiles/htdocs/tmracing/vendor/laravel/framework/src/Illuminate/Foundation/Http/Kernel.php(175): Illuminate\\Pipeline\\Pipeline->then(Object(Closure))
#61 /Applications/XAMPP/xamppfiles/htdocs/tmracing/vendor/laravel/framework/src/Illuminate/Foundation/Http/Kernel.php(144): Illuminate\\Foundation\\Http\\Kernel->sendRequestThroughRouter(Object(Illuminate\\Http\\Request))
#62 /Applications/XAMPP/xamppfiles/htdocs/tmracing/index.php(57): Illuminate\\Foundation\\Http\\Kernel->handle(Object(Illuminate\\Http\\Request))
#63 {main}

[previous exception] [object] (Illuminate\\View\\ViewException(code: 0): Route [facebook_chat.index] not defined. (View: /Applications/XAMPP/xamppfiles/htdocs/tmracing/resources/views/backend/inc/admin_sidenav.blade.php) at /Applications/XAMPP/xamppfiles/htdocs/tmracing/vendor/laravel/framework/src/Illuminate/Routing/UrlGenerator.php:477)
[stacktrace]
#0 /Applications/XAMPP/xamppfiles/htdocs/tmracing/vendor/laravel/framework/src/Illuminate/View/Engines/PhpEngine.php(60): Illuminate\\View\\Engines\\CompilerEngine->handleViewException(Object(Symfony\\Component\\Routing\\Exception\\RouteNotFoundException), 3)
#1 /Applications/XAMPP/xamppfiles/htdocs/tmracing/vendor/laravel/framework/src/Illuminate/View/Engines/CompilerEngine.php(72): Illuminate\\View\\Engines\\PhpEngine->evaluatePath('/Applications/X...', Array)
#2 /Applications/XAMPP/xamppfiles/htdocs/tmracing/vendor/laravel/framework/src/Illuminate/View/View.php(207): Illuminate\\View\\Engines\\CompilerEngine->get('/Applications/X...', Array)
#3 /Applications/XAMPP/xamppfiles/htdocs/tmracing/vendor/laravel/framework/src/Illuminate/View/View.php(190): Illuminate\\View\\View->getContents()
#4 /Applications/XAMPP/xamppfiles/htdocs/tmracing/vendor/laravel/framework/src/Illuminate/View/View.php(159): Illuminate\\View\\View->renderContents()
#5 /Applications/XAMPP/xamppfiles/htdocs/tmracing/storage/framework/views/f12bd46b3566fa17f0743101a73f7750.php(109): Illuminate\\View\\View->render()
#6 /Applications/XAMPP/xamppfiles/htdocs/tmracing/vendor/laravel/framework/src/Illuminate/Filesystem/Filesystem.php(123): require('/Applications/X...')
#7 /Applications/XAMPP/xamppfiles/htdocs/tmracing/vendor/laravel/framework/src/Illuminate/Filesystem/Filesystem.php(124): Illuminate\\Filesystem\\Filesystem::Illuminate\\Filesystem\\{closure}()
#8 /Applications/XAMPP/xamppfiles/htdocs/tmracing/vendor/laravel/framework/src/Illuminate/View/Engines/PhpEngine.php(58): Illuminate\\Filesystem\\Filesystem->getRequire('/Applications/X...', Array)
#9 /Applications/XAMPP/xamppfiles/htdocs/tmracing/vendor/laravel/framework/src/Illuminate/View/Engines/CompilerEngine.php(72): Illuminate\\View\\Engines\\PhpEngine->evaluatePath('/Applications/X...', Array)
#10 /Applications/XAMPP/xamppfiles/htdocs/tmracing/vendor/laravel/framework/src/Illuminate/View/View.php(207): Illuminate\\View\\Engines\\CompilerEngine->get('/Applications/X...', Array)
#11 /Applications/XAMPP/xamppfiles/htdocs/tmracing/vendor/laravel/framework/src/Illuminate/View/View.php(190): Illuminate\\View\\View->getContents()
#12 /Applications/XAMPP/xamppfiles/htdocs/tmracing/vendor/laravel/framework/src/Illuminate/View/View.php(159): Illuminate\\View\\View->renderContents()
#13 /Applications/XAMPP/xamppfiles/htdocs/tmracing/storage/framework/views/2add04623f74d611fd5a0baea40cdc55.php(163): Illuminate\\View\\View->render()
#14 /Applications/XAMPP/xamppfiles/htdocs/tmracing/vendor/laravel/framework/src/Illuminate/Filesystem/Filesystem.php(123): require('/Applications/X...')
#15 /Applications/XAMPP/xamppfiles/htdocs/tmracing/vendor/laravel/framework/src/Illuminate/Filesystem/Filesystem.php(124): Illuminate\\Filesystem\\Filesystem::Illuminate\\Filesystem\\{closure}()
#16 /Applications/XAMPP/xamppfiles/htdocs/tmracing/vendor/laravel/framework/src/Illuminate/View/Engines/PhpEngine.php(58): Illuminate\\Filesystem\\Filesystem->getRequire('/Applications/X...', Array)
#17 /Applications/XAMPP/xamppfiles/htdocs/tmracing/vendor/laravel/framework/src/Illuminate/View/Engines/CompilerEngine.php(72): Illuminate\\View\\Engines\\PhpEngine->evaluatePath('/Applications/X...', Array)
#18 /Applications/XAMPP/xamppfiles/htdocs/tmracing/vendor/laravel/framework/src/Illuminate/View/View.php(207): Illuminate\\View\\Engines\\CompilerEngine->get('/Applications/X...', Array)
#19 /Applications/XAMPP/xamppfiles/htdocs/tmracing/vendor/laravel/framework/src/Illuminate/View/View.php(190): Illuminate\\View\\View->getContents()
#20 /Applications/XAMPP/xamppfiles/htdocs/tmracing/vendor/laravel/framework/src/Illuminate/View/View.php(159): Illuminate\\View\\View->renderContents()
#21 /Applications/XAMPP/xamppfiles/htdocs/tmracing/vendor/laravel/framework/src/Illuminate/Http/Response.php(69): Illuminate\\View\\View->render()
#22 /Applications/XAMPP/xamppfiles/htdocs/tmracing/vendor/laravel/framework/src/Illuminate/Http/Response.php(35): Illuminate\\Http\\Response->setContent(Object(Illuminate\\View\\View))
#23 /Applications/XAMPP/xamppfiles/htdocs/tmracing/vendor/laravel/framework/src/Illuminate/Routing/Router.php(918): Illuminate\\Http\\Response->__construct(Object(Illuminate\\View\\View), 200, Array)
#24 /Applications/XAMPP/xamppfiles/htdocs/tmracing/vendor/laravel/framework/src/Illuminate/Routing/Router.php(885): Illuminate\\Routing\\Router::toResponse(Object(Illuminate\\Http\\Request), Object(Illuminate\\View\\View))
#25 /Applications/XAMPP/xamppfiles/htdocs/tmracing/vendor/laravel/framework/src/Illuminate/Routing/Router.php(805): Illuminate\\Routing\\Router->prepareResponse(Object(Illuminate\\Http\\Request), Object(Illuminate\\View\\View))
#26 /Applications/XAMPP/xamppfiles/htdocs/tmracing/vendor/laravel/framework/src/Illuminate/Pipeline/Pipeline.php(144): Illuminate\\Routing\\Router->Illuminate\\Routing\\{closure}(Object(Illuminate\\Http\\Request))
#27 /Applications/XAMPP/xamppfiles/htdocs/tmracing/app/Http/Middleware/IsAdmin.php(20): Illuminate\\Pipeline\\Pipeline->Illuminate\\Pipeline\\{closure}(Object(Illuminate\\Http\\Request))
#28 /Applications/XAMPP/xamppfiles/htdocs/tmracing/vendor/laravel/framework/src/Illuminate/Pipeline/Pipeline.php(183): App\\Http\\Middleware\\IsAdmin->handle(Object(Illuminate\\Http\\Request), Object(Closure))
#29 /Applications/XAMPP/xamppfiles/htdocs/tmracing/app/Http/Middleware/CheckForMaintenanceMode.php(58): Illuminate\\Pipeline\\Pipeline->Illuminate\\Pipeline\\{closure}(Object(Illuminate\\Http\\Request))
#30 /Applications/XAMPP/xamppfiles/htdocs/tmracing/vendor/laravel/framework/src/Illuminate/Pipeline/Pipeline.php(183): App\\Http\\Middleware\\CheckForMaintenanceMode->handle(Object(Illuminate\\Http\\Request), Object(Closure))
#31 /Applications/XAMPP/xamppfiles/htdocs/tmracing/app/Http/Middleware/HttpsProtocol.php(20): Illuminate\\Pipeline\\Pipeline->Illuminate\\Pipeline\\{closure}(Object(Illuminate\\Http\\Request))
#32 /Applications/XAMPP/xamppfiles/htdocs/tmracing/vendor/laravel/framework/src/Illuminate/Pipeline/Pipeline.php(183): App\\Http\\Middleware\\HttpsProtocol->handle(Object(Illuminate\\Http\\Request), Object(Closure))
#33 /Applications/XAMPP/xamppfiles/htdocs/tmracing/app/Http/Middleware/Language.php(31): Illuminate\\Pipeline\\Pipeline->Illuminate\\Pipeline\\{closure}(Object(Illuminate\\Http\\Request))
#34 /Applications/XAMPP/xamppfiles/htdocs/tmracing/vendor/laravel/framework/src/Illuminate/Pipeline/Pipeline.php(183): App\\Http\\Middleware\\Language->handle(Object(Illuminate\\Http\\Request), Object(Closure))
#35 /Applications/XAMPP/xamppfiles/htdocs/tmracing/vendor/laravel/framework/src/Illuminate/Routing/Middleware/SubstituteBindings.php(50): Illuminate\\Pipeline\\Pipeline->Illuminate\\Pipeline\\{closure}(Object(Illuminate\\Http\\Request))
#36 /Applications/XAMPP/xamppfiles/htdocs/tmracing/vendor/laravel/framework/src/Illuminate/Pipeline/Pipeline.php(183): Illuminate\\Routing\\Middleware\\SubstituteBindings->handle(Object(Illuminate\\Http\\Request), Object(Closure))
#37 /Applications/XAMPP/xamppfiles/htdocs/tmracing/vendor/laravel/framework/src/Illuminate/Auth/Middleware/Authenticate.php(57): Illuminate\\Pipeline\\Pipeline->Illuminate\\Pipeline\\{closure}(Object(Illuminate\\Http\\Request))
#38 /Applications/XAMPP/xamppfiles/htdocs/tmracing/vendor/laravel/framework/src/Illuminate/Pipeline/Pipeline.php(183): Illuminate\\Auth\\Middleware\\Authenticate->handle(Object(Illuminate\\Http\\Request), Object(Closure))
#39 /Applications/XAMPP/xamppfiles/htdocs/tmracing/vendor/laravel/framework/src/Illuminate/Foundation/Http/Middleware/VerifyCsrfToken.php(78): Illuminate\\Pipeline\\Pipeline->Illuminate\\Pipeline\\{closure}(Object(Illuminate\\Http\\Request))
#40 /Applications/XAMPP/xamppfiles/htdocs/tmracing/vendor/laravel/framework/src/Illuminate/Pipeline/Pipeline.php(183): Illuminate\\Foundation\\Http\\Middleware\\VerifyCsrfToken->handle(Object(Illuminate\\Http\\Request), Object(Closure))
#41 /Applications/XAMPP/xamppfiles/htdocs/tmracing/vendor/laravel/framework/src/Illuminate/View/Middleware/ShareErrorsFromSession.php(49): Illuminate\\Pipeline\\Pipeline->Illuminate\\Pipeline\\{closure}(Object(Illuminate\\Http\\Request))
#42 /Applications/XAMPP/xamppfiles/htdocs/tmracing/vendor/laravel/framework/src/Illuminate/Pipeline/Pipeline.php(183): Illuminate\\View\\Middleware\\ShareErrorsFromSession->handle(Object(Illuminate\\Http\\Request), Object(Closure))
#43 /Applications/XAMPP/xamppfiles/htdocs/tmracing/vendor/laravel/framework/src/Illuminate/Session/Middleware/StartSession.php(121): Illuminate\\Pipeline\\Pipeline->Illuminate\\Pipeline\\{closure}(Object(Illuminate\\Http\\Request))
#44 /Applications/XAMPP/xamppfiles/htdocs/tmracing/vendor/laravel/framework/src/Illuminate/Session/Middleware/StartSession.php(64): Illuminate\\Session\\Middleware\\StartSession->handleStatefulRequest(Object(Illuminate\\Http\\Request), Object(Illuminate\\Session\\Store), Object(Closure))
#45 /Applications/XAMPP/xamppfiles/htdocs/tmracing/vendor/laravel/framework/src/Illuminate/Pipeline/Pipeline.php(183): Illuminate\\Session\\Middleware\\StartSession->handle(Object(Illuminate\\Http\\Request), Object(Closure))
#46 /Applications/XAMPP/xamppfiles/htdocs/tmracing/vendor/laravel/framework/src/Illuminate/Cookie/Middleware/AddQueuedCookiesToResponse.php(37): Illuminate\\Pipeline\\Pipeline->Illuminate\\Pipeline\\{closure}(Object(Illuminate\\Http\\Request))
#47 /Applications/XAMPP/xamppfiles/htdocs/tmracing/vendor/laravel/framework/src/Illuminate/Pipeline/Pipeline.php(183): Illuminate\\Cookie\\Middleware\\AddQueuedCookiesToResponse->handle(Object(Illuminate\\Http\\Request), Object(Closure))
#48 /Applications/XAMPP/xamppfiles/htdocs/tmracing/vendor/laravel/framework/src/Illuminate/Pipeline/Pipeline.php(119): Illuminate\\Pipeline\\Pipeline->Illuminate\\Pipeline\\{closure}(Object(Illuminate\\Http\\Request))
#49 /Applications/XAMPP/xamppfiles/htdocs/tmracing/vendor/laravel/framework/src/Illuminate/Routing/Router.php(805): Illuminate\\Pipeline\\Pipeline->then(Object(Closure))
#50 /Applications/XAMPP/xamppfiles/htdocs/tmracing/vendor/laravel/framework/src/Illuminate/Routing/Router.php(784): Illuminate\\Routing\\Router->runRouteWithinStack(Object(Illuminate\\Routing\\Route), Object(Illuminate\\Http\\Request))
#51 /Applications/XAMPP/xamppfiles/htdocs/tmracing/vendor/laravel/framework/src/Illuminate/Routing/Router.php(748): Illuminate\\Routing\\Router->runRoute(Object(Illuminate\\Http\\Request), Object(Illuminate\\Routing\\Route))
#52 /Applications/XAMPP/xamppfiles/htdocs/tmracing/vendor/laravel/framework/src/Illuminate/Routing/Router.php(737): Illuminate\\Routing\\Router->dispatchToRoute(Object(Illuminate\\Http\\Request))
#53 /Applications/XAMPP/xamppfiles/htdocs/tmracing/vendor/laravel/framework/src/Illuminate/Foundation/Http/Kernel.php(200): Illuminate\\Routing\\Router->dispatch(Object(Illuminate\\Http\\Request))
#54 /Applications/XAMPP/xamppfiles/htdocs/tmracing/vendor/laravel/framework/src/Illuminate/Pipeline/Pipeline.php(144): Illuminate\\Foundation\\Http\\Kernel->Illuminate\\Foundation\\Http\\{closure}(Object(Illuminate\\Http\\Request))
#55 /Applications/XAMPP/xamppfiles/htdocs/tmracing/vendor/barryvdh/laravel-debugbar/src/Middleware/InjectDebugbar.php(66): Illuminate\\Pipeline\\Pipeline->Illuminate\\Pipeline\\{closure}(Object(Illuminate\\Http\\Request))
#56 /Applications/XAMPP/xamppfiles/htdocs/tmracing/vendor/laravel/framework/src/Illuminate/Pipeline/Pipeline.php(183): Barryvdh\\Debugbar\\Middleware\\InjectDebugbar->handle(Object(Illuminate\\Http\\Request), Object(Closure))
#57 /Applications/XAMPP/xamppfiles/htdocs/tmracing/vendor/laravel/framework/src/Illuminate/Http/Middleware/TrustProxies.php(39): Illuminate\\Pipeline\\Pipeline->Illuminate\\Pipeline\\{closure}(Object(Illuminate\\Http\\Request))
#58 /Applications/XAMPP/xamppfiles/htdocs/tmracing/vendor/laravel/framework/src/Illuminate/Pipeline/Pipeline.php(183): Illuminate\\Http\\Middleware\\TrustProxies->handle(Object(Illuminate\\Http\\Request), Object(Closure))
#59 /Applications/XAMPP/xamppfiles/htdocs/tmracing/vendor/laravel/framework/src/Illuminate/Foundation/Http/Middleware/TransformsRequest.php(21): Illuminate\\Pipeline\\Pipeline->Illuminate\\Pipeline\\{closure}(Object(Illuminate\\Http\\Request))
#60 /Applications/XAMPP/xamppfiles/htdocs/tmracing/vendor/laravel/framework/src/Illuminate/Foundation/Http/Middleware/ConvertEmptyStringsToNull.php(31): Illuminate\\Foundation\\Http\\Middleware\\TransformsRequest->handle(Object(Illuminate\\Http\\Request), Object(Closure))
#61 /Applications/XAMPP/xamppfiles/htdocs/tmracing/vendor/laravel/framework/src/Illuminate/Pipeline/Pipeline.php(183): Illuminate\\Foundation\\Http\\Middleware\\ConvertEmptyStringsToNull->handle(Object(Illuminate\\Http\\Request), Object(Closure))
#62 /Applications/XAMPP/xamppfiles/htdocs/tmracing/vendor/laravel/framework/src/Illuminate/Foundation/Http/Middleware/TransformsRequest.php(21): Illuminate\\Pipeline\\Pipeline->Illuminate\\Pipeline\\{closure}(Object(Illuminate\\Http\\Request))
#63 /Applications/XAMPP/xamppfiles/htdocs/tmracing/vendor/laravel/framework/src/Illuminate/Foundation/Http/Middleware/TrimStrings.php(40): Illuminate\\Foundation\\Http\\Middleware\\TransformsRequest->handle(Object(Illuminate\\Http\\Request), Object(Closure))
#64 /Applications/XAMPP/xamppfiles/htdocs/tmracing/vendor/laravel/framework/src/Illuminate/Pipeline/Pipeline.php(183): Illuminate\\Foundation\\Http\\Middleware\\TrimStrings->handle(Object(Illuminate\\Http\\Request), Object(Closure))
#65 /Applications/XAMPP/xamppfiles/htdocs/tmracing/vendor/laravel/framework/src/Illuminate/Foundation/Http/Middleware/ValidatePostSize.php(27): Illuminate\\Pipeline\\Pipeline->Illuminate\\Pipeline\\{closure}(Object(Illuminate\\Http\\Request))
#66 /Applications/XAMPP/xamppfiles/htdocs/tmracing/vendor/laravel/framework/src/Illuminate/Pipeline/Pipeline.php(183): Illuminate\\Foundation\\Http\\Middleware\\ValidatePostSize->handle(Object(Illuminate\\Http\\Request), Object(Closure))
#67 /Applications/XAMPP/xamppfiles/htdocs/tmracing/vendor/laravel/framework/src/Illuminate/Pipeline/Pipeline.php(119): Illuminate\\Pipeline\\Pipeline->Illuminate\\Pipeline\\{closure}(Object(Illuminate\\Http\\Request))
#68 /Applications/XAMPP/xamppfiles/htdocs/tmracing/vendor/laravel/framework/src/Illuminate/Foundation/Http/Kernel.php(175): Illuminate\\Pipeline\\Pipeline->then(Object(Closure))
#69 /Applications/XAMPP/xamppfiles/htdocs/tmracing/vendor/laravel/framework/src/Illuminate/Foundation/Http/Kernel.php(144): Illuminate\\Foundation\\Http\\Kernel->sendRequestThroughRouter(Object(Illuminate\\Http\\Request))
#70 /Applications/XAMPP/xamppfiles/htdocs/tmracing/index.php(57): Illuminate\\Foundation\\Http\\Kernel->handle(Object(Illuminate\\Http\\Request))
#71 {main}

[previous exception] [object] (Symfony\\Component\\Routing\\Exception\\RouteNotFoundException(code: 0): Route [facebook_chat.index] not defined. at /Applications/XAMPP/xamppfiles/htdocs/tmracing/vendor/laravel/framework/src/Illuminate/Routing/UrlGenerator.php:477)
[stacktrace]
#0 /Applications/XAMPP/xamppfiles/htdocs/tmracing/vendor/laravel/framework/src/Illuminate/Foundation/helpers.php(811): Illuminate\\Routing\\UrlGenerator->route('facebook_chat.i...', Array, true)
#1 /Applications/XAMPP/xamppfiles/htdocs/tmracing/storage/framework/views/da67c365180f7100f9c4c2a3feb76c43.php(403): route('facebook_chat.i...')
#2 /Applications/XAMPP/xamppfiles/htdocs/tmracing/vendor/laravel/framework/src/Illuminate/Filesystem/Filesystem.php(123): require('/Applications/X...')
#3 /Applications/XAMPP/xamppfiles/htdocs/tmracing/vendor/laravel/framework/src/Illuminate/Filesystem/Filesystem.php(124): Illuminate\\Filesystem\\Filesystem::Illuminate\\Filesystem\\{closure}()
#4 /Applications/XAMPP/xamppfiles/htdocs/tmracing/vendor/laravel/framework/src/Illuminate/View/Engines/PhpEngine.php(58): Illuminate\\Filesystem\\Filesystem->getRequire('/Applications/X...', Array)
#5 /Applications/XAMPP/xamppfiles/htdocs/tmracing/vendor/laravel/framework/src/Illuminate/View/Engines/CompilerEngine.php(72): Illuminate\\View\\Engines\\PhpEngine->evaluatePath('/Applications/X...', Array)
#6 /Applications/XAMPP/xamppfiles/htdocs/tmracing/vendor/laravel/framework/src/Illuminate/View/View.php(207): Illuminate\\View\\Engines\\CompilerEngine->get('/Applications/X...', Array)
#7 /Applications/XAMPP/xamppfiles/htdocs/tmracing/vendor/laravel/framework/src/Illuminate/View/View.php(190): Illuminate\\View\\View->getContents()
#8 /Applications/XAMPP/xamppfiles/htdocs/tmracing/vendor/laravel/framework/src/Illuminate/View/View.php(159): Illuminate\\View\\View->renderContents()
#9 /Applications/XAMPP/xamppfiles/htdocs/tmracing/storage/framework/views/f12bd46b3566fa17f0743101a73f7750.php(109): Illuminate\\View\\View->render()
#10 /Applications/XAMPP/xamppfiles/htdocs/tmracing/vendor/laravel/framework/src/Illuminate/Filesystem/Filesystem.php(123): require('/Applications/X...')
#11 /Applications/XAMPP/xamppfiles/htdocs/tmracing/vendor/laravel/framework/src/Illuminate/Filesystem/Filesystem.php(124): Illuminate\\Filesystem\\Filesystem::Illuminate\\Filesystem\\{closure}()
#12 /Applications/XAMPP/xamppfiles/htdocs/tmracing/vendor/laravel/framework/src/Illuminate/View/Engines/PhpEngine.php(58): Illuminate\\Filesystem\\Filesystem->getRequire('/Applications/X...', Array)
#13 /Applications/XAMPP/xamppfiles/htdocs/tmracing/vendor/laravel/framework/src/Illuminate/View/Engines/CompilerEngine.php(72): Illuminate\\View\\Engines\\PhpEngine->evaluatePath('/Applications/X...', Array)
#14 /Applications/XAMPP/xamppfiles/htdocs/tmracing/vendor/laravel/framework/src/Illuminate/View/View.php(207): Illuminate\\View\\Engines\\CompilerEngine->get('/Applications/X...', Array)
#15 /Applications/XAMPP/xamppfiles/htdocs/tmracing/vendor/laravel/framework/src/Illuminate/View/View.php(190): Illuminate\\View\\View->getContents()
#16 /Applications/XAMPP/xamppfiles/htdocs/tmracing/vendor/laravel/framework/src/Illuminate/View/View.php(159): Illuminate\\View\\View->renderContents()
#17 /Applications/XAMPP/xamppfiles/htdocs/tmracing/storage/framework/views/2add04623f74d611fd5a0baea40cdc55.php(163): Illuminate\\View\\View->render()
#18 /Applications/XAMPP/xamppfiles/htdocs/tmracing/vendor/laravel/framework/src/Illuminate/Filesystem/Filesystem.php(123): require('/Applications/X...')
#19 /Applications/XAMPP/xamppfiles/htdocs/tmracing/vendor/laravel/framework/src/Illuminate/Filesystem/Filesystem.php(124): Illuminate\\Filesystem\\Filesystem::Illuminate\\Filesystem\\{closure}()
#20 /Applications/XAMPP/xamppfiles/htdocs/tmracing/vendor/laravel/framework/src/Illuminate/View/Engines/PhpEngine.php(58): Illuminate\\Filesystem\\Filesystem->getRequire('/Applications/X...', Array)
#21 /Applications/XAMPP/xamppfiles/htdocs/tmracing/vendor/laravel/framework/src/Illuminate/View/Engines/CompilerEngine.php(72): Illuminate\\View\\Engines\\PhpEngine->evaluatePath('/Applications/X...', Array)
#22 /Applications/XAMPP/xamppfiles/htdocs/tmracing/vendor/laravel/framework/src/Illuminate/View/View.php(207): Illuminate\\View\\Engines\\CompilerEngine->get('/Applications/X...', Array)
#23 /Applications/XAMPP/xamppfiles/htdocs/tmracing/vendor/laravel/framework/src/Illuminate/View/View.php(190): Illuminate\\View\\View->getContents()
#24 /Applications/XAMPP/xamppfiles/htdocs/tmracing/vendor/laravel/framework/src/Illuminate/View/View.php(159): Illuminate\\View\\View->renderContents()
#25 /Applications/XAMPP/xamppfiles/htdocs/tmracing/vendor/laravel/framework/src/Illuminate/Http/Response.php(69): Illuminate\\View\\View->render()
#26 /Applications/XAMPP/xamppfiles/htdocs/tmracing/vendor/laravel/framework/src/Illuminate/Http/Response.php(35): Illuminate\\Http\\Response->setContent(Object(Illuminate\\View\\View))
#27 /Applications/XAMPP/xamppfiles/htdocs/tmracing/vendor/laravel/framework/src/Illuminate/Routing/Router.php(918): Illuminate\\Http\\Response->__construct(Object(Illuminate\\View\\View), 200, Array)
#28 /Applications/XAMPP/xamppfiles/htdocs/tmracing/vendor/laravel/framework/src/Illuminate/Routing/Router.php(885): Illuminate\\Routing\\Router::toResponse(Object(Illuminate\\Http\\Request), Object(Illuminate\\View\\View))
#29 /Applications/XAMPP/xamppfiles/htdocs/tmracing/vendor/laravel/framework/src/Illuminate/Routing/Router.php(805): Illuminate\\Routing\\Router->prepareResponse(Object(Illuminate\\Http\\Request), Object(Illuminate\\View\\View))
#30 /Applications/XAMPP/xamppfiles/htdocs/tmracing/vendor/laravel/framework/src/Illuminate/Pipeline/Pipeline.php(144): Illuminate\\Routing\\Router->Illuminate\\Routing\\{closure}(Object(Illuminate\\Http\\Request))
#31 /Applications/XAMPP/xamppfiles/htdocs/tmracing/app/Http/Middleware/IsAdmin.php(20): Illuminate\\Pipeline\\Pipeline->Illuminate\\Pipeline\\{closure}(Object(Illuminate\\Http\\Request))
#32 /Applications/XAMPP/xamppfiles/htdocs/tmracing/vendor/laravel/framework/src/Illuminate/Pipeline/Pipeline.php(183): App\\Http\\Middleware\\IsAdmin->handle(Object(Illuminate\\Http\\Request), Object(Closure))
#33 /Applications/XAMPP/xamppfiles/htdocs/tmracing/app/Http/Middleware/CheckForMaintenanceMode.php(58): Illuminate\\Pipeline\\Pipeline->Illuminate\\Pipeline\\{closure}(Object(Illuminate\\Http\\Request))
#34 /Applications/XAMPP/xamppfiles/htdocs/tmracing/vendor/laravel/framework/src/Illuminate/Pipeline/Pipeline.php(183): App\\Http\\Middleware\\CheckForMaintenanceMode->handle(Object(Illuminate\\Http\\Request), Object(Closure))
#35 /Applications/XAMPP/xamppfiles/htdocs/tmracing/app/Http/Middleware/HttpsProtocol.php(20): Illuminate\\Pipeline\\Pipeline->Illuminate\\Pipeline\\{closure}(Object(Illuminate\\Http\\Request))
#36 /Applications/XAMPP/xamppfiles/htdocs/tmracing/vendor/laravel/framework/src/Illuminate/Pipeline/Pipeline.php(183): App\\Http\\Middleware\\HttpsProtocol->handle(Object(Illuminate\\Http\\Request), Object(Closure))
#37 /Applications/XAMPP/xamppfiles/htdocs/tmracing/app/Http/Middleware/Language.php(31): Illuminate\\Pipeline\\Pipeline->Illuminate\\Pipeline\\{closure}(Object(Illuminate\\Http\\Request))
#38 /Applications/XAMPP/xamppfiles/htdocs/tmracing/vendor/laravel/framework/src/Illuminate/Pipeline/Pipeline.php(183): App\\Http\\Middleware\\Language->handle(Object(Illuminate\\Http\\Request), Object(Closure))
#39 /Applications/XAMPP/xamppfiles/htdocs/tmracing/vendor/laravel/framework/src/Illuminate/Routing/Middleware/SubstituteBindings.php(50): Illuminate\\Pipeline\\Pipeline->Illuminate\\Pipeline\\{closure}(Object(Illuminate\\Http\\Request))
#40 /Applications/XAMPP/xamppfiles/htdocs/tmracing/vendor/laravel/framework/src/Illuminate/Pipeline/Pipeline.php(183): Illuminate\\Routing\\Middleware\\SubstituteBindings->handle(Object(Illuminate\\Http\\Request), Object(Closure))
#41 /Applications/XAMPP/xamppfiles/htdocs/tmracing/vendor/laravel/framework/src/Illuminate/Auth/Middleware/Authenticate.php(57): Illuminate\\Pipeline\\Pipeline->Illuminate\\Pipeline\\{closure}(Object(Illuminate\\Http\\Request))
#42 /Applications/XAMPP/xamppfiles/htdocs/tmracing/vendor/laravel/framework/src/Illuminate/Pipeline/Pipeline.php(183): Illuminate\\Auth\\Middleware\\Authenticate->handle(Object(Illuminate\\Http\\Request), Object(Closure))
#43 /Applications/XAMPP/xamppfiles/htdocs/tmracing/vendor/laravel/framework/src/Illuminate/Foundation/Http/Middleware/VerifyCsrfToken.php(78): Illuminate\\Pipeline\\Pipeline->Illuminate\\Pipeline\\{closure}(Object(Illuminate\\Http\\Request))
#44 /Applications/XAMPP/xamppfiles/htdocs/tmracing/vendor/laravel/framework/src/Illuminate/Pipeline/Pipeline.php(183): Illuminate\\Foundation\\Http\\Middleware\\VerifyCsrfToken->handle(Object(Illuminate\\Http\\Request), Object(Closure))
#45 /Applications/XAMPP/xamppfiles/htdocs/tmracing/vendor/laravel/framework/src/Illuminate/View/Middleware/ShareErrorsFromSession.php(49): Illuminate\\Pipeline\\Pipeline->Illuminate\\Pipeline\\{closure}(Object(Illuminate\\Http\\Request))
#46 /Applications/XAMPP/xamppfiles/htdocs/tmracing/vendor/laravel/framework/src/Illuminate/Pipeline/Pipeline.php(183): Illuminate\\View\\Middleware\\ShareErrorsFromSession->handle(Object(Illuminate\\Http\\Request), Object(Closure))
#47 /Applications/XAMPP/xamppfiles/htdocs/tmracing/vendor/laravel/framework/src/Illuminate/Session/Middleware/StartSession.php(121): Illuminate\\Pipeline\\Pipeline->Illuminate\\Pipeline\\{closure}(Object(Illuminate\\Http\\Request))
#48 /Applications/XAMPP/xamppfiles/htdocs/tmracing/vendor/laravel/framework/src/Illuminate/Session/Middleware/StartSession.php(64): Illuminate\\Session\\Middleware\\StartSession->handleStatefulRequest(Object(Illuminate\\Http\\Request), Object(Illuminate\\Session\\Store), Object(Closure))
#49 /Applications/XAMPP/xamppfiles/htdocs/tmracing/vendor/laravel/framework/src/Illuminate/Pipeline/Pipeline.php(183): Illuminate\\Session\\Middleware\\StartSession->handle(Object(Illuminate\\Http\\Request), Object(Closure))
#50 /Applications/XAMPP/xamppfiles/htdocs/tmracing/vendor/laravel/framework/src/Illuminate/Cookie/Middleware/AddQueuedCookiesToResponse.php(37): Illuminate\\Pipeline\\Pipeline->Illuminate\\Pipeline\\{closure}(Object(Illuminate\\Http\\Request))
#51 /Applications/XAMPP/xamppfiles/htdocs/tmracing/vendor/laravel/framework/src/Illuminate/Pipeline/Pipeline.php(183): Illuminate\\Cookie\\Middleware\\AddQueuedCookiesToResponse->handle(Object(Illuminate\\Http\\Request), Object(Closure))
#52 /Applications/XAMPP/xamppfiles/htdocs/tmracing/vendor/laravel/framework/src/Illuminate/Pipeline/Pipeline.php(119): Illuminate\\Pipeline\\Pipeline->Illuminate\\Pipeline\\{closure}(Object(Illuminate\\Http\\Request))
#53 /Applications/XAMPP/xamppfiles/htdocs/tmracing/vendor/laravel/framework/src/Illuminate/Routing/Router.php(805): Illuminate\\Pipeline\\Pipeline->then(Object(Closure))
#54 /Applications/XAMPP/xamppfiles/htdocs/tmracing/vendor/laravel/framework/src/Illuminate/Routing/Router.php(784): Illuminate\\Routing\\Router->runRouteWithinStack(Object(Illuminate\\Routing\\Route), Object(Illuminate\\Http\\Request))
#55 /Applications/XAMPP/xamppfiles/htdocs/tmracing/vendor/laravel/framework/src/Illuminate/Routing/Router.php(748): Illuminate\\Routing\\Router->runRoute(Object(Illuminate\\Http\\Request), Object(Illuminate\\Routing\\Route))
#56 /Applications/XAMPP/xamppfiles/htdocs/tmracing/vendor/laravel/framework/src/Illuminate/Routing/Router.php(737): Illuminate\\Routing\\Router->dispatchToRoute(Object(Illuminate\\Http\\Request))
#57 /Applications/XAMPP/xamppfiles/htdocs/tmracing/vendor/laravel/framework/src/Illuminate/Foundation/Http/Kernel.php(200): Illuminate\\Routing\\Router->dispatch(Object(Illuminate\\Http\\Request))
#58 /Applications/XAMPP/xamppfiles/htdocs/tmracing/vendor/laravel/framework/src/Illuminate/Pipeline/Pipeline.php(144): Illuminate\\Foundation\\Http\\Kernel->Illuminate\\Foundation\\Http\\{closure}(Object(Illuminate\\Http\\Request))
#59 /Applications/XAMPP/xamppfiles/htdocs/tmracing/vendor/barryvdh/laravel-debugbar/src/Middleware/InjectDebugbar.php(66): Illuminate\\Pipeline\\Pipeline->Illuminate\\Pipeline\\{closure}(Object(Illuminate\\Http\\Request))
#60 /Applications/XAMPP/xamppfiles/htdocs/tmracing/vendor/laravel/framework/src/Illuminate/Pipeline/Pipeline.php(183): Barryvdh\\Debugbar\\Middleware\\InjectDebugbar->handle(Object(Illuminate\\Http\\Request), Object(Closure))
#61 /Applications/XAMPP/xamppfiles/htdocs/tmracing/vendor/laravel/framework/src/Illuminate/Http/Middleware/TrustProxies.php(39): Illuminate\\Pipeline\\Pipeline->Illuminate\\Pipeline\\{closure}(Object(Illuminate\\Http\\Request))
#62 /Applications/XAMPP/xamppfiles/htdocs/tmracing/vendor/laravel/framework/src/Illuminate/Pipeline/Pipeline.php(183): Illuminate\\Http\\Middleware\\TrustProxies->handle(Object(Illuminate\\Http\\Request), Object(Closure))
#63 /Applications/XAMPP/xamppfiles/htdocs/tmracing/vendor/laravel/framework/src/Illuminate/Foundation/Http/Middleware/TransformsRequest.php(21): Illuminate\\Pipeline\\Pipeline->Illuminate\\Pipeline\\{closure}(Object(Illuminate\\Http\\Request))
#64 /Applications/XAMPP/xamppfiles/htdocs/tmracing/vendor/laravel/framework/src/Illuminate/Foundation/Http/Middleware/ConvertEmptyStringsToNull.php(31): Illuminate\\Foundation\\Http\\Middleware\\TransformsRequest->handle(Object(Illuminate\\Http\\Request), Object(Closure))
#65 /Applications/XAMPP/xamppfiles/htdocs/tmracing/vendor/laravel/framework/src/Illuminate/Pipeline/Pipeline.php(183): Illuminate\\Foundation\\Http\\Middleware\\ConvertEmptyStringsToNull->handle(Object(Illuminate\\Http\\Request), Object(Closure))
#66 /Applications/XAMPP/xamppfiles/htdocs/tmracing/vendor/laravel/framework/src/Illuminate/Foundation/Http/Middleware/TransformsRequest.php(21): Illuminate\\Pipeline\\Pipeline->Illuminate\\Pipeline\\{closure}(Object(Illuminate\\Http\\Request))
#67 /Applications/XAMPP/xamppfiles/htdocs/tmracing/vendor/laravel/framework/src/Illuminate/Foundation/Http/Middleware/TrimStrings.php(40): Illuminate\\Foundation\\Http\\Middleware\\TransformsRequest->handle(Object(Illuminate\\Http\\Request), Object(Closure))
#68 /Applications/XAMPP/xamppfiles/htdocs/tmracing/vendor/laravel/framework/src/Illuminate/Pipeline/Pipeline.php(183): Illuminate\\Foundation\\Http\\Middleware\\TrimStrings->handle(Object(Illuminate\\Http\\Request), Object(Closure))
#69 /Applications/XAMPP/xamppfiles/htdocs/tmracing/vendor/laravel/framework/src/Illuminate/Foundation/Http/Middleware/ValidatePostSize.php(27): Illuminate\\Pipeline\\Pipeline->Illuminate\\Pipeline\\{closure}(Object(Illuminate\\Http\\Request))
#70 /Applications/XAMPP/xamppfiles/htdocs/tmracing/vendor/laravel/framework/src/Illuminate/Pipeline/Pipeline.php(183): Illuminate\\Foundation\\Http\\Middleware\\ValidatePostSize->handle(Object(Illuminate\\Http\\Request), Object(Closure))
#71 /Applications/XAMPP/xamppfiles/htdocs/tmracing/vendor/laravel/framework/src/Illuminate/Pipeline/Pipeline.php(119): Illuminate\\Pipeline\\Pipeline->Illuminate\\Pipeline\\{closure}(Object(Illuminate\\Http\\Request))
#72 /Applications/XAMPP/xamppfiles/htdocs/tmracing/vendor/laravel/framework/src/Illuminate/Foundation/Http/Kernel.php(175): Illuminate\\Pipeline\\Pipeline->then(Object(Closure))
#73 /Applications/XAMPP/xamppfiles/htdocs/tmracing/vendor/laravel/framework/src/Illuminate/Foundation/Http/Kernel.php(144): Illuminate\\Foundation\\Http\\Kernel->sendRequestThroughRouter(Object(Illuminate\\Http\\Request))
#74 /Applications/XAMPP/xamppfiles/htdocs/tmracing/index.php(57): Illuminate\\Foundation\\Http\\Kernel->handle(Object(Illuminate\\Http\\Request))
#75 {main}
"} 
[2025-12-12 02:24:24] local.ERROR: Route [facebook_chat.index] not defined. (View: /Applications/XAMPP/xamppfiles/htdocs/tmracing/resources/views/backend/inc/admin_sidenav.blade.php) (View: /Applications/XAMPP/xamppfiles/htdocs/tmracing/resources/views/backend/inc/admin_sidenav.blade.php) (View: /Applications/XAMPP/xamppfiles/htdocs/tmracing/resources/views/backend/inc/admin_sidenav.blade.php) {"userId":9,"exception":"[object] (Illuminate\\View\\ViewException(code: 0): Route [facebook_chat.index] not defined. (View: /Applications/XAMPP/xamppfiles/htdocs/tmracing/resources/views/backend/inc/admin_sidenav.blade.php) (View: /Applications/XAMPP/xamppfiles/htdocs/tmracing/resources/views/backend/inc/admin_sidenav.blade.php) (View: /Applications/XAMPP/xamppfiles/htdocs/tmracing/resources/views/backend/inc/admin_sidenav.blade.php) at /Applications/XAMPP/xamppfiles/htdocs/tmracing/vendor/laravel/framework/src/Illuminate/Routing/UrlGenerator.php:477)
[stacktrace]
#0 /Applications/XAMPP/xamppfiles/htdocs/tmracing/vendor/laravel/framework/src/Illuminate/View/Engines/PhpEngine.php(60): Illuminate\\View\\Engines\\CompilerEngine->handleViewException(Object(Illuminate\\View\\ViewException), 1)
#1 /Applications/XAMPP/xamppfiles/htdocs/tmracing/vendor/laravel/framework/src/Illuminate/View/Engines/CompilerEngine.php(72): Illuminate\\View\\Engines\\PhpEngine->evaluatePath('/Applications/X...', Array)
#2 /Applications/XAMPP/xamppfiles/htdocs/tmracing/vendor/laravel/framework/src/Illuminate/View/View.php(207): Illuminate\\View\\Engines\\CompilerEngine->get('/Applications/X...', Array)
#3 /Applications/XAMPP/xamppfiles/htdocs/tmracing/vendor/laravel/framework/src/Illuminate/View/View.php(190): Illuminate\\View\\View->getContents()
#4 /Applications/XAMPP/xamppfiles/htdocs/tmracing/vendor/laravel/framework/src/Illuminate/View/View.php(159): Illuminate\\View\\View->renderContents()
#5 /Applications/XAMPP/xamppfiles/htdocs/tmracing/vendor/laravel/framework/src/Illuminate/Http/Response.php(69): Illuminate\\View\\View->render()
#6 /Applications/XAMPP/xamppfiles/htdocs/tmracing/vendor/laravel/framework/src/Illuminate/Http/Response.php(35): Illuminate\\Http\\Response->setContent(Object(Illuminate\\View\\View))
#7 /Applications/XAMPP/xamppfiles/htdocs/tmracing/vendor/laravel/framework/src/Illuminate/Routing/Router.php(918): Illuminate\\Http\\Response->__construct(Object(Illuminate\\View\\View), 200, Array)
#8 /Applications/XAMPP/xamppfiles/htdocs/tmracing/vendor/laravel/framework/src/Illuminate/Routing/Router.php(885): Illuminate\\Routing\\Router::toResponse(Object(Illuminate\\Http\\Request), Object(Illuminate\\View\\View))
#9 /Applications/XAMPP/xamppfiles/htdocs/tmracing/vendor/laravel/framework/src/Illuminate/Routing/Router.php(805): Illuminate\\Routing\\Router->prepareResponse(Object(Illuminate\\Http\\Request), Object(Illuminate\\View\\View))
#10 /Applications/XAMPP/xamppfiles/htdocs/tmracing/vendor/laravel/framework/src/Illuminate/Pipeline/Pipeline.php(144): Illuminate\\Routing\\Router->Illuminate\\Routing\\{closure}(Object(Illuminate\\Http\\Request))
#11 /Applications/XAMPP/xamppfiles/htdocs/tmracing/app/Http/Middleware/IsAdmin.php(20): Illuminate\\Pipeline\\Pipeline->Illuminate\\Pipeline\\{closure}(Object(Illuminate\\Http\\Request))
#12 /Applications/XAMPP/xamppfiles/htdocs/tmracing/vendor/laravel/framework/src/Illuminate/Pipeline/Pipeline.php(183): App\\Http\\Middleware\\IsAdmin->handle(Object(Illuminate\\Http\\Request), Object(Closure))
#13 /Applications/XAMPP/xamppfiles/htdocs/tmracing/app/Http/Middleware/CheckForMaintenanceMode.php(58): Illuminate\\Pipeline\\Pipeline->Illuminate\\Pipeline\\{closure}(Object(Illuminate\\Http\\Request))
#14 /Applications/XAMPP/xamppfiles/htdocs/tmracing/vendor/laravel/framework/src/Illuminate/Pipeline/Pipeline.php(183): App\\Http\\Middleware\\CheckForMaintenanceMode->handle(Object(Illuminate\\Http\\Request), Object(Closure))
#15 /Applications/XAMPP/xamppfiles/htdocs/tmracing/app/Http/Middleware/HttpsProtocol.php(20): Illuminate\\Pipeline\\Pipeline->Illuminate\\Pipeline\\{closure}(Object(Illuminate\\Http\\Request))
#16 /Applications/XAMPP/xamppfiles/htdocs/tmracing/vendor/laravel/framework/src/Illuminate/Pipeline/Pipeline.php(183): App\\Http\\Middleware\\HttpsProtocol->handle(Object(Illuminate\\Http\\Request), Object(Closure))
#17 /Applications/XAMPP/xamppfiles/htdocs/tmracing/app/Http/Middleware/Language.php(31): Illuminate\\Pipeline\\Pipeline->Illuminate\\Pipeline\\{closure}(Object(Illuminate\\Http\\Request))
#18 /Applications/XAMPP/xamppfiles/htdocs/tmracing/vendor/laravel/framework/src/Illuminate/Pipeline/Pipeline.php(183): App\\Http\\Middleware\\Language->handle(Object(Illuminate\\Http\\Request), Object(Closure))
#19 /Applications/XAMPP/xamppfiles/htdocs/tmracing/vendor/laravel/framework/src/Illuminate/Routing/Middleware/SubstituteBindings.php(50): Illuminate\\Pipeline\\Pipeline->Illuminate\\Pipeline\\{closure}(Object(Illuminate\\Http\\Request))
#20 /Applications/XAMPP/xamppfiles/htdocs/tmracing/vendor/laravel/framework/src/Illuminate/Pipeline/Pipeline.php(183): Illuminate\\Routing\\Middleware\\SubstituteBindings->handle(Object(Illuminate\\Http\\Request), Object(Closure))
#21 /Applications/XAMPP/xamppfiles/htdocs/tmracing/vendor/laravel/framework/src/Illuminate/Auth/Middleware/Authenticate.php(57): Illuminate\\Pipeline\\Pipeline->Illuminate\\Pipeline\\{closure}(Object(Illuminate\\Http\\Request))
#22 /Applications/XAMPP/xamppfiles/htdocs/tmracing/vendor/laravel/framework/src/Illuminate/Pipeline/Pipeline.php(183): Illuminate\\Auth\\Middleware\\Authenticate->handle(Object(Illuminate\\Http\\Request), Object(Closure))
#23 /Applications/XAMPP/xamppfiles/htdocs/tmracing/vendor/laravel/framework/src/Illuminate/Foundation/Http/Middleware/VerifyCsrfToken.php(78): Illuminate\\Pipeline\\Pipeline->Illuminate\\Pipeline\\{closure}(Object(Illuminate\\Http\\Request))
#24 /Applications/XAMPP/xamppfiles/htdocs/tmracing/vendor/laravel/framework/src/Illuminate/Pipeline/Pipeline.php(183): Illuminate\\Foundation\\Http\\Middleware\\VerifyCsrfToken->handle(Object(Illuminate\\Http\\Request), Object(Closure))
#25 /Applications/XAMPP/xamppfiles/htdocs/tmracing/vendor/laravel/framework/src/Illuminate/View/Middleware/ShareErrorsFromSession.php(49): Illuminate\\Pipeline\\Pipeline->Illuminate\\Pipeline\\{closure}(Object(Illuminate\\Http\\Request))
#26 /Applications/XAMPP/xamppfiles/htdocs/tmracing/vendor/laravel/framework/src/Illuminate/Pipeline/Pipeline.php(183): Illuminate\\View\\Middleware\\ShareErrorsFromSession->handle(Object(Illuminate\\Http\\Request), Object(Closure))
#27 /Applications/XAMPP/xamppfiles/htdocs/tmracing/vendor/laravel/framework/src/Illuminate/Session/Middleware/StartSession.php(121): Illuminate\\Pipeline\\Pipeline->Illuminate\\Pipeline\\{closure}(Object(Illuminate\\Http\\Request))
#28 /Applications/XAMPP/xamppfiles/htdocs/tmracing/vendor/laravel/framework/src/Illuminate/Session/Middleware/StartSession.php(64): Illuminate\\Session\\Middleware\\StartSession->handleStatefulRequest(Object(Illuminate\\Http\\Request), Object(Illuminate\\Session\\Store), Object(Closure))
#29 /Applications/XAMPP/xamppfiles/htdocs/tmracing/vendor/laravel/framework/src/Illuminate/Pipeline/Pipeline.php(183): Illuminate\\Session\\Middleware\\StartSession->handle(Object(Illuminate\\Http\\Request), Object(Closure))
#30 /Applications/XAMPP/xamppfiles/htdocs/tmracing/vendor/laravel/framework/src/Illuminate/Cookie/Middleware/AddQueuedCookiesToResponse.php(37): Illuminate\\Pipeline\\Pipeline->Illuminate\\Pipeline\\{closure}(Object(Illuminate\\Http\\Request))
#31 /Applications/XAMPP/xamppfiles/htdocs/tmracing/vendor/laravel/framework/src/Illuminate/Pipeline/Pipeline.php(183): Illuminate\\Cookie\\Middleware\\AddQueuedCookiesToResponse->handle(Object(Illuminate\\Http\\Request), Object(Closure))
#32 /Applications/XAMPP/xamppfiles/htdocs/tmracing/vendor/laravel/framework/src/Illuminate/Pipeline/Pipeline.php(119): Illuminate\\Pipeline\\Pipeline->Illuminate\\Pipeline\\{closure}(Object(Illuminate\\Http\\Request))
#33 /Applications/XAMPP/xamppfiles/htdocs/tmracing/vendor/laravel/framework/src/Illuminate/Routing/Router.php(805): Illuminate\\Pipeline\\Pipeline->then(Object(Closure))
#34 /Applications/XAMPP/xamppfiles/htdocs/tmracing/vendor/laravel/framework/src/Illuminate/Routing/Router.php(784): Illuminate\\Routing\\Router->runRouteWithinStack(Object(Illuminate\\Routing\\Route), Object(Illuminate\\Http\\Request))
#35 /Applications/XAMPP/xamppfiles/htdocs/tmracing/vendor/laravel/framework/src/Illuminate/Routing/Router.php(748): Illuminate\\Routing\\Router->runRoute(Object(Illuminate\\Http\\Request), Object(Illuminate\\Routing\\Route))
#36 /Applications/XAMPP/xamppfiles/htdocs/tmracing/vendor/laravel/framework/src/Illuminate/Routing/Router.php(737): Illuminate\\Routing\\Router->dispatchToRoute(Object(Illuminate\\Http\\Request))
#37 /Applications/XAMPP/xamppfiles/htdocs/tmracing/vendor/laravel/framework/src/Illuminate/Foundation/Http/Kernel.php(200): Illuminate\\Routing\\Router->dispatch(Object(Illuminate\\Http\\Request))
#38 /Applications/XAMPP/xamppfiles/htdocs/tmracing/vendor/laravel/framework/src/Illuminate/Pipeline/Pipeline.php(144): Illuminate\\Foundation\\Http\\Kernel->Illuminate\\Foundation\\Http\\{closure}(Object(Illuminate\\Http\\Request))
#39 /Applications/XAMPP/xamppfiles/htdocs/tmracing/vendor/barryvdh/laravel-debugbar/src/Middleware/InjectDebugbar.php(66): Illuminate\\Pipeline\\Pipeline->Illuminate\\Pipeline\\{closure}(Object(Illuminate\\Http\\Request))
#40 /Applications/XAMPP/xamppfiles/htdocs/tmracing/vendor/laravel/framework/src/Illuminate/Pipeline/Pipeline.php(183): Barryvdh\\Debugbar\\Middleware\\InjectDebugbar->handle(Object(Illuminate\\Http\\Request), Object(Closure))
#41 /Applications/XAMPP/xamppfiles/htdocs/tmracing/vendor/laravel/framework/src/Illuminate/Http/Middleware/TrustProxies.php(39): Illuminate\\Pipeline\\Pipeline->Illuminate\\Pipeline\\{closure}(Object(Illuminate\\Http\\Request))
#42 /Applications/XAMPP/xamppfiles/htdocs/tmracing/vendor/laravel/framework/src/Illuminate/Pipeline/Pipeline.php(183): Illuminate\\Http\\Middleware\\TrustProxies->handle(Object(Illuminate\\Http\\Request), Object(Closure))
#43 /Applications/XAMPP/xamppfiles/htdocs/tmracing/vendor/laravel/framework/src/Illuminate/Foundation/Http/Middleware/TransformsRequest.php(21): Illuminate\\Pipeline\\Pipeline->Illuminate\\Pipeline\\{closure}(Object(Illuminate\\Http\\Request))
#44 /Applications/XAMPP/xamppfiles/htdocs/tmracing/vendor/laravel/framework/src/Illuminate/Foundation/Http/Middleware/ConvertEmptyStringsToNull.php(31): Illuminate\\Foundation\\Http\\Middleware\\TransformsRequest->handle(Object(Illuminate\\Http\\Request), Object(Closure))
#45 /Applications/XAMPP/xamppfiles/htdocs/tmracing/vendor/laravel/framework/src/Illuminate/Pipeline/Pipeline.php(183): Illuminate\\Foundation\\Http\\Middleware\\ConvertEmptyStringsToNull->handle(Object(Illuminate\\Http\\Request), Object(Closure))
#46 /Applications/XAMPP/xamppfiles/htdocs/tmracing/vendor/laravel/framework/src/Illuminate/Foundation/Http/Middleware/TransformsRequest.php(21): Illuminate\\Pipeline\\Pipeline->Illuminate\\Pipeline\\{closure}(Object(Illuminate\\Http\\Request))
#47 /Applications/XAMPP/xamppfiles/htdocs/tmracing/vendor/laravel/framework/src/Illuminate/Foundation/Http/Middleware/TrimStrings.php(40): Illuminate\\Foundation\\Http\\Middleware\\TransformsRequest->handle(Object(Illuminate\\Http\\Request), Object(Closure))
#48 /Applications/XAMPP/xamppfiles/htdocs/tmracing/vendor/laravel/framework/src/Illuminate/Pipeline/Pipeline.php(183): Illuminate\\Foundation\\Http\\Middleware\\TrimStrings->handle(Object(Illuminate\\Http\\Request), Object(Closure))
#49 /Applications/XAMPP/xamppfiles/htdocs/tmracing/vendor/laravel/framework/src/Illuminate/Foundation/Http/Middleware/ValidatePostSize.php(27): Illuminate\\Pipeline\\Pipeline->Illuminate\\Pipeline\\{closure}(Object(Illuminate\\Http\\Request))
#50 /Applications/XAMPP/xamppfiles/htdocs/tmracing/vendor/laravel/framework/src/Illuminate/Pipeline/Pipeline.php(183): Illuminate\\Foundation\\Http\\Middleware\\ValidatePostSize->handle(Object(Illuminate\\Http\\Request), Object(Closure))
#51 /Applications/XAMPP/xamppfiles/htdocs/tmracing/vendor/laravel/framework/src/Illuminate/Pipeline/Pipeline.php(119): Illuminate\\Pipeline\\Pipeline->Illuminate\\Pipeline\\{closure}(Object(Illuminate\\Http\\Request))
#52 /Applications/XAMPP/xamppfiles/htdocs/tmracing/vendor/laravel/framework/src/Illuminate/Foundation/Http/Kernel.php(175): Illuminate\\Pipeline\\Pipeline->then(Object(Closure))
#53 /Applications/XAMPP/xamppfiles/htdocs/tmracing/vendor/laravel/framework/src/Illuminate/Foundation/Http/Kernel.php(144): Illuminate\\Foundation\\Http\\Kernel->sendRequestThroughRouter(Object(Illuminate\\Http\\Request))
#54 /Applications/XAMPP/xamppfiles/htdocs/tmracing/index.php(57): Illuminate\\Foundation\\Http\\Kernel->handle(Object(Illuminate\\Http\\Request))
#55 {main}

[previous exception] [object] (Illuminate\\View\\ViewException(code: 0): Route [facebook_chat.index] not defined. (View: /Applications/XAMPP/xamppfiles/htdocs/tmracing/resources/views/backend/inc/admin_sidenav.blade.php) (View: /Applications/XAMPP/xamppfiles/htdocs/tmracing/resources/views/backend/inc/admin_sidenav.blade.php) at /Applications/XAMPP/xamppfiles/htdocs/tmracing/vendor/laravel/framework/src/Illuminate/Routing/UrlGenerator.php:477)
[stacktrace]
#0 /Applications/XAMPP/xamppfiles/htdocs/tmracing/vendor/laravel/framework/src/Illuminate/View/Engines/PhpEngine.php(60): Illuminate\\View\\Engines\\CompilerEngine->handleViewException(Object(Illuminate\\View\\ViewException), 2)
#1 /Applications/XAMPP/xamppfiles/htdocs/tmracing/vendor/laravel/framework/src/Illuminate/View/Engines/CompilerEngine.php(72): Illuminate\\View\\Engines\\PhpEngine->evaluatePath('/Applications/X...', Array)
#2 /Applications/XAMPP/xamppfiles/htdocs/tmracing/vendor/laravel/framework/src/Illuminate/View/View.php(207): Illuminate\\View\\Engines\\CompilerEngine->get('/Applications/X...', Array)
#3 /Applications/XAMPP/xamppfiles/htdocs/tmracing/vendor/laravel/framework/src/Illuminate/View/View.php(190): Illuminate\\View\\View->getContents()
#4 /Applications/XAMPP/xamppfiles/htdocs/tmracing/vendor/laravel/framework/src/Illuminate/View/View.php(159): Illuminate\\View\\View->renderContents()
#5 /Applications/XAMPP/xamppfiles/htdocs/tmracing/storage/framework/views/2add04623f74d611fd5a0baea40cdc55.php(163): Illuminate\\View\\View->render()
#6 /Applications/XAMPP/xamppfiles/htdocs/tmracing/vendor/laravel/framework/src/Illuminate/Filesystem/Filesystem.php(123): require('/Applications/X...')
#7 /Applications/XAMPP/xamppfiles/htdocs/tmracing/vendor/laravel/framework/src/Illuminate/Filesystem/Filesystem.php(124): Illuminate\\Filesystem\\Filesystem::Illuminate\\Filesystem\\{closure}()
#8 /Applications/XAMPP/xamppfiles/htdocs/tmracing/vendor/laravel/framework/src/Illuminate/View/Engines/PhpEngine.php(58): Illuminate\\Filesystem\\Filesystem->getRequire('/Applications/X...', Array)
#9 /Applications/XAMPP/xamppfiles/htdocs/tmracing/vendor/laravel/framework/src/Illuminate/View/Engines/CompilerEngine.php(72): Illuminate\\View\\Engines\\PhpEngine->evaluatePath('/Applications/X...', Array)
#10 /Applications/XAMPP/xamppfiles/htdocs/tmracing/vendor/laravel/framework/src/Illuminate/View/View.php(207): Illuminate\\View\\Engines\\CompilerEngine->get('/Applications/X...', Array)
#11 /Applications/XAMPP/xamppfiles/htdocs/tmracing/vendor/laravel/framework/src/Illuminate/View/View.php(190): Illuminate\\View\\View->getContents()
#12 /Applications/XAMPP/xamppfiles/htdocs/tmracing/vendor/laravel/framework/src/Illuminate/View/View.php(159): Illuminate\\View\\View->renderContents()
#13 /Applications/XAMPP/xamppfiles/htdocs/tmracing/vendor/laravel/framework/src/Illuminate/Http/Response.php(69): Illuminate\\View\\View->render()
#14 /Applications/XAMPP/xamppfiles/htdocs/tmracing/vendor/laravel/framework/src/Illuminate/Http/Response.php(35): Illuminate\\Http\\Response->setContent(Object(Illuminate\\View\\View))
#15 /Applications/XAMPP/xamppfiles/htdocs/tmracing/vendor/laravel/framework/src/Illuminate/Routing/Router.php(918): Illuminate\\Http\\Response->__construct(Object(Illuminate\\View\\View), 200, Array)
#16 /Applications/XAMPP/xamppfiles/htdocs/tmracing/vendor/laravel/framework/src/Illuminate/Routing/Router.php(885): Illuminate\\Routing\\Router::toResponse(Object(Illuminate\\Http\\Request), Object(Illuminate\\View\\View))
#17 /Applications/XAMPP/xamppfiles/htdocs/tmracing/vendor/laravel/framework/src/Illuminate/Routing/Router.php(805): Illuminate\\Routing\\Router->prepareResponse(Object(Illuminate\\Http\\Request), Object(Illuminate\\View\\View))
#18 /Applications/XAMPP/xamppfiles/htdocs/tmracing/vendor/laravel/framework/src/Illuminate/Pipeline/Pipeline.php(144): Illuminate\\Routing\\Router->Illuminate\\Routing\\{closure}(Object(Illuminate\\Http\\Request))
#19 /Applications/XAMPP/xamppfiles/htdocs/tmracing/app/Http/Middleware/IsAdmin.php(20): Illuminate\\Pipeline\\Pipeline->Illuminate\\Pipeline\\{closure}(Object(Illuminate\\Http\\Request))
#20 /Applications/XAMPP/xamppfiles/htdocs/tmracing/vendor/laravel/framework/src/Illuminate/Pipeline/Pipeline.php(183): App\\Http\\Middleware\\IsAdmin->handle(Object(Illuminate\\Http\\Request), Object(Closure))
#21 /Applications/XAMPP/xamppfiles/htdocs/tmracing/app/Http/Middleware/CheckForMaintenanceMode.php(58): Illuminate\\Pipeline\\Pipeline->Illuminate\\Pipeline\\{closure}(Object(Illuminate\\Http\\Request))
#22 /Applications/XAMPP/xamppfiles/htdocs/tmracing/vendor/laravel/framework/src/Illuminate/Pipeline/Pipeline.php(183): App\\Http\\Middleware\\CheckForMaintenanceMode->handle(Object(Illuminate\\Http\\Request), Object(Closure))
#23 /Applications/XAMPP/xamppfiles/htdocs/tmracing/app/Http/Middleware/HttpsProtocol.php(20): Illuminate\\Pipeline\\Pipeline->Illuminate\\Pipeline\\{closure}(Object(Illuminate\\Http\\Request))
#24 /Applications/XAMPP/xamppfiles/htdocs/tmracing/vendor/laravel/framework/src/Illuminate/Pipeline/Pipeline.php(183): App\\Http\\Middleware\\HttpsProtocol->handle(Object(Illuminate\\Http\\Request), Object(Closure))
#25 /Applications/XAMPP/xamppfiles/htdocs/tmracing/app/Http/Middleware/Language.php(31): Illuminate\\Pipeline\\Pipeline->Illuminate\\Pipeline\\{closure}(Object(Illuminate\\Http\\Request))
#26 /Applications/XAMPP/xamppfiles/htdocs/tmracing/vendor/laravel/framework/src/Illuminate/Pipeline/Pipeline.php(183): App\\Http\\Middleware\\Language->handle(Object(Illuminate\\Http\\Request), Object(Closure))
#27 /Applications/XAMPP/xamppfiles/htdocs/tmracing/vendor/laravel/framework/src/Illuminate/Routing/Middleware/SubstituteBindings.php(50): Illuminate\\Pipeline\\Pipeline->Illuminate\\Pipeline\\{closure}(Object(Illuminate\\Http\\Request))
#28 /Applications/XAMPP/xamppfiles/htdocs/tmracing/vendor/laravel/framework/src/Illuminate/Pipeline/Pipeline.php(183): Illuminate\\Routing\\Middleware\\SubstituteBindings->handle(Object(Illuminate\\Http\\Request), Object(Closure))
#29 /Applications/XAMPP/xamppfiles/htdocs/tmracing/vendor/laravel/framework/src/Illuminate/Auth/Middleware/Authenticate.php(57): Illuminate\\Pipeline\\Pipeline->Illuminate\\Pipeline\\{closure}(Object(Illuminate\\Http\\Request))
#30 /Applications/XAMPP/xamppfiles/htdocs/tmracing/vendor/laravel/framework/src/Illuminate/Pipeline/Pipeline.php(183): Illuminate\\Auth\\Middleware\\Authenticate->handle(Object(Illuminate\\Http\\Request), Object(Closure))
#31 /Applications/XAMPP/xamppfiles/htdocs/tmracing/vendor/laravel/framework/src/Illuminate/Foundation/Http/Middleware/VerifyCsrfToken.php(78): Illuminate\\Pipeline\\Pipeline->Illuminate\\Pipeline\\{closure}(Object(Illuminate\\Http\\Request))
#32 /Applications/XAMPP/xamppfiles/htdocs/tmracing/vendor/laravel/framework/src/Illuminate/Pipeline/Pipeline.php(183): Illuminate\\Foundation\\Http\\Middleware\\VerifyCsrfToken->handle(Object(Illuminate\\Http\\Request), Object(Closure))
#33 /Applications/XAMPP/xamppfiles/htdocs/tmracing/vendor/laravel/framework/src/Illuminate/View/Middleware/ShareErrorsFromSession.php(49): Illuminate\\Pipeline\\Pipeline->Illuminate\\Pipeline\\{closure}(Object(Illuminate\\Http\\Request))
#34 /Applications/XAMPP/xamppfiles/htdocs/tmracing/vendor/laravel/framework/src/Illuminate/Pipeline/Pipeline.php(183): Illuminate\\View\\Middleware\\ShareErrorsFromSession->handle(Object(Illuminate\\Http\\Request), Object(Closure))
#35 /Applications/XAMPP/xamppfiles/htdocs/tmracing/vendor/laravel/framework/src/Illuminate/Session/Middleware/StartSession.php(121): Illuminate\\Pipeline\\Pipeline->Illuminate\\Pipeline\\{closure}(Object(Illuminate\\Http\\Request))
#36 /Applications/XAMPP/xamppfiles/htdocs/tmracing/vendor/laravel/framework/src/Illuminate/Session/Middleware/StartSession.php(64): Illuminate\\Session\\Middleware\\StartSession->handleStatefulRequest(Object(Illuminate\\Http\\Request), Object(Illuminate\\Session\\Store), Object(Closure))
#37 /Applications/XAMPP/xamppfiles/htdocs/tmracing/vendor/laravel/framework/src/Illuminate/Pipeline/Pipeline.php(183): Illuminate\\Session\\Middleware\\StartSession->handle(Object(Illuminate\\Http\\Request), Object(Closure))
#38 /Applications/XAMPP/xamppfiles/htdocs/tmracing/vendor/laravel/framework/src/Illuminate/Cookie/Middleware/AddQueuedCookiesToResponse.php(37): Illuminate\\Pipeline\\Pipeline->Illuminate\\Pipeline\\{closure}(Object(Illuminate\\Http\\Request))
#39 /Applications/XAMPP/xamppfiles/htdocs/tmracing/vendor/laravel/framework/src/Illuminate/Pipeline/Pipeline.php(183): Illuminate\\Cookie\\Middleware\\AddQueuedCookiesToResponse->handle(Object(Illuminate\\Http\\Request), Object(Closure))
#40 /Applications/XAMPP/xamppfiles/htdocs/tmracing/vendor/laravel/framework/src/Illuminate/Pipeline/Pipeline.php(119): Illuminate\\Pipeline\\Pipeline->Illuminate\\Pipeline\\{closure}(Object(Illuminate\\Http\\Request))
#41 /Applications/XAMPP/xamppfiles/htdocs/tmracing/vendor/laravel/framework/src/Illuminate/Routing/Router.php(805): Illuminate\\Pipeline\\Pipeline->then(Object(Closure))
#42 /Applications/XAMPP/xamppfiles/htdocs/tmracing/vendor/laravel/framework/src/Illuminate/Routing/Router.php(784): Illuminate\\Routing\\Router->runRouteWithinStack(Object(Illuminate\\Routing\\Route), Object(Illuminate\\Http\\Request))
#43 /Applications/XAMPP/xamppfiles/htdocs/tmracing/vendor/laravel/framework/src/Illuminate/Routing/Router.php(748): Illuminate\\Routing\\Router->runRoute(Object(Illuminate\\Http\\Request), Object(Illuminate\\Routing\\Route))
#44 /Applications/XAMPP/xamppfiles/htdocs/tmracing/vendor/laravel/framework/src/Illuminate/Routing/Router.php(737): Illuminate\\Routing\\Router->dispatchToRoute(Object(Illuminate\\Http\\Request))
#45 /Applications/XAMPP/xamppfiles/htdocs/tmracing/vendor/laravel/framework/src/Illuminate/Foundation/Http/Kernel.php(200): Illuminate\\Routing\\Router->dispatch(Object(Illuminate\\Http\\Request))
#46 /Applications/XAMPP/xamppfiles/htdocs/tmracing/vendor/laravel/framework/src/Illuminate/Pipeline/Pipeline.php(144): Illuminate\\Foundation\\Http\\Kernel->Illuminate\\Foundation\\Http\\{closure}(Object(Illuminate\\Http\\Request))
#47 /Applications/XAMPP/xamppfiles/htdocs/tmracing/vendor/barryvdh/laravel-debugbar/src/Middleware/InjectDebugbar.php(66): Illuminate\\Pipeline\\Pipeline->Illuminate\\Pipeline\\{closure}(Object(Illuminate\\Http\\Request))
#48 /Applications/XAMPP/xamppfiles/htdocs/tmracing/vendor/laravel/framework/src/Illuminate/Pipeline/Pipeline.php(183): Barryvdh\\Debugbar\\Middleware\\InjectDebugbar->handle(Object(Illuminate\\Http\\Request), Object(Closure))
#49 /Applications/XAMPP/xamppfiles/htdocs/tmracing/vendor/laravel/framework/src/Illuminate/Http/Middleware/TrustProxies.php(39): Illuminate\\Pipeline\\Pipeline->Illuminate\\Pipeline\\{closure}(Object(Illuminate\\Http\\Request))
#50 /Applications/XAMPP/xamppfiles/htdocs/tmracing/vendor/laravel/framework/src/Illuminate/Pipeline/Pipeline.php(183): Illuminate\\Http\\Middleware\\TrustProxies->handle(Object(Illuminate\\Http\\Request), Object(Closure))
#51 /Applications/XAMPP/xamppfiles/htdocs/tmracing/vendor/laravel/framework/src/Illuminate/Foundation/Http/Middleware/TransformsRequest.php(21): Illuminate\\Pipeline\\Pipeline->Illuminate\\Pipeline\\{closure}(Object(Illuminate\\Http\\Request))
#52 /Applications/XAMPP/xamppfiles/htdocs/tmracing/vendor/laravel/framework/src/Illuminate/Foundation/Http/Middleware/ConvertEmptyStringsToNull.php(31): Illuminate\\Foundation\\Http\\Middleware\\TransformsRequest->handle(Object(Illuminate\\Http\\Request), Object(Closure))
#53 /Applications/XAMPP/xamppfiles/htdocs/tmracing/vendor/laravel/framework/src/Illuminate/Pipeline/Pipeline.php(183): Illuminate\\Foundation\\Http\\Middleware\\ConvertEmptyStringsToNull->handle(Object(Illuminate\\Http\\Request), Object(Closure))
#54 /Applications/XAMPP/xamppfiles/htdocs/tmracing/vendor/laravel/framework/src/Illuminate/Foundation/Http/Middleware/TransformsRequest.php(21): Illuminate\\Pipeline\\Pipeline->Illuminate\\Pipeline\\{closure}(Object(Illuminate\\Http\\Request))
#55 /Applications/XAMPP/xamppfiles/htdocs/tmracing/vendor/laravel/framework/src/Illuminate/Foundation/Http/Middleware/TrimStrings.php(40): Illuminate\\Foundation\\Http\\Middleware\\TransformsRequest->handle(Object(Illuminate\\Http\\Request), Object(Closure))
#56 /Applications/XAMPP/xamppfiles/htdocs/tmracing/vendor/laravel/framework/src/Illuminate/Pipeline/Pipeline.php(183): Illuminate\\Foundation\\Http\\Middleware\\TrimStrings->handle(Object(Illuminate\\Http\\Request), Object(Closure))
#57 /Applications/XAMPP/xamppfiles/htdocs/tmracing/vendor/laravel/framework/src/Illuminate/Foundation/Http/Middleware/ValidatePostSize.php(27): Illuminate\\Pipeline\\Pipeline->Illuminate\\Pipeline\\{closure}(Object(Illuminate\\Http\\Request))
#58 /Applications/XAMPP/xamppfiles/htdocs/tmracing/vendor/laravel/framework/src/Illuminate/Pipeline/Pipeline.php(183): Illuminate\\Foundation\\Http\\Middleware\\ValidatePostSize->handle(Object(Illuminate\\Http\\Request), Object(Closure))
#59 /Applications/XAMPP/xamppfiles/htdocs/tmracing/vendor/laravel/framework/src/Illuminate/Pipeline/Pipeline.php(119): Illuminate\\Pipeline\\Pipeline->Illuminate\\Pipeline\\{closure}(Object(Illuminate\\Http\\Request))
#60 /Applications/XAMPP/xamppfiles/htdocs/tmracing/vendor/laravel/framework/src/Illuminate/Foundation/Http/Kernel.php(175): Illuminate\\Pipeline\\Pipeline->then(Object(Closure))
#61 /Applications/XAMPP/xamppfiles/htdocs/tmracing/vendor/laravel/framework/src/Illuminate/Foundation/Http/Kernel.php(144): Illuminate\\Foundation\\Http\\Kernel->sendRequestThroughRouter(Object(Illuminate\\Http\\Request))
#62 /Applications/XAMPP/xamppfiles/htdocs/tmracing/index.php(57): Illuminate\\Foundation\\Http\\Kernel->handle(Object(Illuminate\\Http\\Request))
#63 {main}

[previous exception] [object] (Illuminate\\View\\ViewException(code: 0): Route [facebook_chat.index] not defined. (View: /Applications/XAMPP/xamppfiles/htdocs/tmracing/resources/views/backend/inc/admin_sidenav.blade.php) at /Applications/XAMPP/xamppfiles/htdocs/tmracing/vendor/laravel/framework/src/Illuminate/Routing/UrlGenerator.php:477)
[stacktrace]
#0 /Applications/XAMPP/xamppfiles/htdocs/tmracing/vendor/laravel/framework/src/Illuminate/View/Engines/PhpEngine.php(60): Illuminate\\View\\Engines\\CompilerEngine->handleViewException(Object(Symfony\\Component\\Routing\\Exception\\RouteNotFoundException), 3)
#1 /Applications/XAMPP/xamppfiles/htdocs/tmracing/vendor/laravel/framework/src/Illuminate/View/Engines/CompilerEngine.php(72): Illuminate\\View\\Engines\\PhpEngine->evaluatePath('/Applications/X...', Array)
#2 /Applications/XAMPP/xamppfiles/htdocs/tmracing/vendor/laravel/framework/src/Illuminate/View/View.php(207): Illuminate\\View\\Engines\\CompilerEngine->get('/Applications/X...', Array)
#3 /Applications/XAMPP/xamppfiles/htdocs/tmracing/vendor/laravel/framework/src/Illuminate/View/View.php(190): Illuminate\\View\\View->getContents()
#4 /Applications/XAMPP/xamppfiles/htdocs/tmracing/vendor/laravel/framework/src/Illuminate/View/View.php(159): Illuminate\\View\\View->renderContents()
#5 /Applications/XAMPP/xamppfiles/htdocs/tmracing/storage/framework/views/f12bd46b3566fa17f0743101a73f7750.php(109): Illuminate\\View\\View->render()
#6 /Applications/XAMPP/xamppfiles/htdocs/tmracing/vendor/laravel/framework/src/Illuminate/Filesystem/Filesystem.php(123): require('/Applications/X...')
#7 /Applications/XAMPP/xamppfiles/htdocs/tmracing/vendor/laravel/framework/src/Illuminate/Filesystem/Filesystem.php(124): Illuminate\\Filesystem\\Filesystem::Illuminate\\Filesystem\\{closure}()
#8 /Applications/XAMPP/xamppfiles/htdocs/tmracing/vendor/laravel/framework/src/Illuminate/View/Engines/PhpEngine.php(58): Illuminate\\Filesystem\\Filesystem->getRequire('/Applications/X...', Array)
#9 /Applications/XAMPP/xamppfiles/htdocs/tmracing/vendor/laravel/framework/src/Illuminate/View/Engines/CompilerEngine.php(72): Illuminate\\View\\Engines\\PhpEngine->evaluatePath('/Applications/X...', Array)
#10 /Applications/XAMPP/xamppfiles/htdocs/tmracing/vendor/laravel/framework/src/Illuminate/View/View.php(207): Illuminate\\View\\Engines\\CompilerEngine->get('/Applications/X...', Array)
#11 /Applications/XAMPP/xamppfiles/htdocs/tmracing/vendor/laravel/framework/src/Illuminate/View/View.php(190): Illuminate\\View\\View->getContents()
#12 /Applications/XAMPP/xamppfiles/htdocs/tmracing/vendor/laravel/framework/src/Illuminate/View/View.php(159): Illuminate\\View\\View->renderContents()
#13 /Applications/XAMPP/xamppfiles/htdocs/tmracing/storage/framework/views/2add04623f74d611fd5a0baea40cdc55.php(163): Illuminate\\View\\View->render()
#14 /Applications/XAMPP/xamppfiles/htdocs/tmracing/vendor/laravel/framework/src/Illuminate/Filesystem/Filesystem.php(123): require('/Applications/X...')
#15 /Applications/XAMPP/xamppfiles/htdocs/tmracing/vendor/laravel/framework/src/Illuminate/Filesystem/Filesystem.php(124): Illuminate\\Filesystem\\Filesystem::Illuminate\\Filesystem\\{closure}()
#16 /Applications/XAMPP/xamppfiles/htdocs/tmracing/vendor/laravel/framework/src/Illuminate/View/Engines/PhpEngine.php(58): Illuminate\\Filesystem\\Filesystem->getRequire('/Applications/X...', Array)
#17 /Applications/XAMPP/xamppfiles/htdocs/tmracing/vendor/laravel/framework/src/Illuminate/View/Engines/CompilerEngine.php(72): Illuminate\\View\\Engines\\PhpEngine->evaluatePath('/Applications/X...', Array)
#18 /Applications/XAMPP/xamppfiles/htdocs/tmracing/vendor/laravel/framework/src/Illuminate/View/View.php(207): Illuminate\\View\\Engines\\CompilerEngine->get('/Applications/X...', Array)
#19 /Applications/XAMPP/xamppfiles/htdocs/tmracing/vendor/laravel/framework/src/Illuminate/View/View.php(190): Illuminate\\View\\View->getContents()
#20 /Applications/XAMPP/xamppfiles/htdocs/tmracing/vendor/laravel/framework/src/Illuminate/View/View.php(159): Illuminate\\View\\View->renderContents()
#21 /Applications/XAMPP/xamppfiles/htdocs/tmracing/vendor/laravel/framework/src/Illuminate/Http/Response.php(69): Illuminate\\View\\View->render()
#22 /Applications/XAMPP/xamppfiles/htdocs/tmracing/vendor/laravel/framework/src/Illuminate/Http/Response.php(35): Illuminate\\Http\\Response->setContent(Object(Illuminate\\View\\View))
#23 /Applications/XAMPP/xamppfiles/htdocs/tmracing/vendor/laravel/framework/src/Illuminate/Routing/Router.php(918): Illuminate\\Http\\Response->__construct(Object(Illuminate\\View\\View), 200, Array)
#24 /Applications/XAMPP/xamppfiles/htdocs/tmracing/vendor/laravel/framework/src/Illuminate/Routing/Router.php(885): Illuminate\\Routing\\Router::toResponse(Object(Illuminate\\Http\\Request), Object(Illuminate\\View\\View))
#25 /Applications/XAMPP/xamppfiles/htdocs/tmracing/vendor/laravel/framework/src/Illuminate/Routing/Router.php(805): Illuminate\\Routing\\Router->prepareResponse(Object(Illuminate\\Http\\Request), Object(Illuminate\\View\\View))
#26 /Applications/XAMPP/xamppfiles/htdocs/tmracing/vendor/laravel/framework/src/Illuminate/Pipeline/Pipeline.php(144): Illuminate\\Routing\\Router->Illuminate\\Routing\\{closure}(Object(Illuminate\\Http\\Request))
#27 /Applications/XAMPP/xamppfiles/htdocs/tmracing/app/Http/Middleware/IsAdmin.php(20): Illuminate\\Pipeline\\Pipeline->Illuminate\\Pipeline\\{closure}(Object(Illuminate\\Http\\Request))
#28 /Applications/XAMPP/xamppfiles/htdocs/tmracing/vendor/laravel/framework/src/Illuminate/Pipeline/Pipeline.php(183): App\\Http\\Middleware\\IsAdmin->handle(Object(Illuminate\\Http\\Request), Object(Closure))
#29 /Applications/XAMPP/xamppfiles/htdocs/tmracing/app/Http/Middleware/CheckForMaintenanceMode.php(58): Illuminate\\Pipeline\\Pipeline->Illuminate\\Pipeline\\{closure}(Object(Illuminate\\Http\\Request))
#30 /Applications/XAMPP/xamppfiles/htdocs/tmracing/vendor/laravel/framework/src/Illuminate/Pipeline/Pipeline.php(183): App\\Http\\Middleware\\CheckForMaintenanceMode->handle(Object(Illuminate\\Http\\Request), Object(Closure))
#31 /Applications/XAMPP/xamppfiles/htdocs/tmracing/app/Http/Middleware/HttpsProtocol.php(20): Illuminate\\Pipeline\\Pipeline->Illuminate\\Pipeline\\{closure}(Object(Illuminate\\Http\\Request))
#32 /Applications/XAMPP/xamppfiles/htdocs/tmracing/vendor/laravel/framework/src/Illuminate/Pipeline/Pipeline.php(183): App\\Http\\Middleware\\HttpsProtocol->handle(Object(Illuminate\\Http\\Request), Object(Closure))
#33 /Applications/XAMPP/xamppfiles/htdocs/tmracing/app/Http/Middleware/Language.php(31): Illuminate\\Pipeline\\Pipeline->Illuminate\\Pipeline\\{closure}(Object(Illuminate\\Http\\Request))
#34 /Applications/XAMPP/xamppfiles/htdocs/tmracing/vendor/laravel/framework/src/Illuminate/Pipeline/Pipeline.php(183): App\\Http\\Middleware\\Language->handle(Object(Illuminate\\Http\\Request), Object(Closure))
#35 /Applications/XAMPP/xamppfiles/htdocs/tmracing/vendor/laravel/framework/src/Illuminate/Routing/Middleware/SubstituteBindings.php(50): Illuminate\\Pipeline\\Pipeline->Illuminate\\Pipeline\\{closure}(Object(Illuminate\\Http\\Request))
#36 /Applications/XAMPP/xamppfiles/htdocs/tmracing/vendor/laravel/framework/src/Illuminate/Pipeline/Pipeline.php(183): Illuminate\\Routing\\Middleware\\SubstituteBindings->handle(Object(Illuminate\\Http\\Request), Object(Closure))
#37 /Applications/XAMPP/xamppfiles/htdocs/tmracing/vendor/laravel/framework/src/Illuminate/Auth/Middleware/Authenticate.php(57): Illuminate\\Pipeline\\Pipeline->Illuminate\\Pipeline\\{closure}(Object(Illuminate\\Http\\Request))
#38 /Applications/XAMPP/xamppfiles/htdocs/tmracing/vendor/laravel/framework/src/Illuminate/Pipeline/Pipeline.php(183): Illuminate\\Auth\\Middleware\\Authenticate->handle(Object(Illuminate\\Http\\Request), Object(Closure))
#39 /Applications/XAMPP/xamppfiles/htdocs/tmracing/vendor/laravel/framework/src/Illuminate/Foundation/Http/Middleware/VerifyCsrfToken.php(78): Illuminate\\Pipeline\\Pipeline->Illuminate\\Pipeline\\{closure}(Object(Illuminate\\Http\\Request))
#40 /Applications/XAMPP/xamppfiles/htdocs/tmracing/vendor/laravel/framework/src/Illuminate/Pipeline/Pipeline.php(183): Illuminate\\Foundation\\Http\\Middleware\\VerifyCsrfToken->handle(Object(Illuminate\\Http\\Request), Object(Closure))
#41 /Applications/XAMPP/xamppfiles/htdocs/tmracing/vendor/laravel/framework/src/Illuminate/View/Middleware/ShareErrorsFromSession.php(49): Illuminate\\Pipeline\\Pipeline->Illuminate\\Pipeline\\{closure}(Object(Illuminate\\Http\\Request))
#42 /Applications/XAMPP/xamppfiles/htdocs/tmracing/vendor/laravel/framework/src/Illuminate/Pipeline/Pipeline.php(183): Illuminate\\View\\Middleware\\ShareErrorsFromSession->handle(Object(Illuminate\\Http\\Request), Object(Closure))
#43 /Applications/XAMPP/xamppfiles/htdocs/tmracing/vendor/laravel/framework/src/Illuminate/Session/Middleware/StartSession.php(121): Illuminate\\Pipeline\\Pipeline->Illuminate\\Pipeline\\{closure}(Object(Illuminate\\Http\\Request))
#44 /Applications/XAMPP/xamppfiles/htdocs/tmracing/vendor/laravel/framework/src/Illuminate/Session/Middleware/StartSession.php(64): Illuminate\\Session\\Middleware\\StartSession->handleStatefulRequest(Object(Illuminate\\Http\\Request), Object(Illuminate\\Session\\Store), Object(Closure))
#45 /Applications/XAMPP/xamppfiles/htdocs/tmracing/vendor/laravel/framework/src/Illuminate/Pipeline/Pipeline.php(183): Illuminate\\Session\\Middleware\\StartSession->handle(Object(Illuminate\\Http\\Request), Object(Closure))
#46 /Applications/XAMPP/xamppfiles/htdocs/tmracing/vendor/laravel/framework/src/Illuminate/Cookie/Middleware/AddQueuedCookiesToResponse.php(37): Illuminate\\Pipeline\\Pipeline->Illuminate\\Pipeline\\{closure}(Object(Illuminate\\Http\\Request))
#47 /Applications/XAMPP/xamppfiles/htdocs/tmracing/vendor/laravel/framework/src/Illuminate/Pipeline/Pipeline.php(183): Illuminate\\Cookie\\Middleware\\AddQueuedCookiesToResponse->handle(Object(Illuminate\\Http\\Request), Object(Closure))
#48 /Applications/XAMPP/xamppfiles/htdocs/tmracing/vendor/laravel/framework/src/Illuminate/Pipeline/Pipeline.php(119): Illuminate\\Pipeline\\Pipeline->Illuminate\\Pipeline\\{closure}(Object(Illuminate\\Http\\Request))
#49 /Applications/XAMPP/xamppfiles/htdocs/tmracing/vendor/laravel/framework/src/Illuminate/Routing/Router.php(805): Illuminate\\Pipeline\\Pipeline->then(Object(Closure))
#50 /Applications/XAMPP/xamppfiles/htdocs/tmracing/vendor/laravel/framework/src/Illuminate/Routing/Router.php(784): Illuminate\\Routing\\Router->runRouteWithinStack(Object(Illuminate\\Routing\\Route), Object(Illuminate\\Http\\Request))
#51 /Applications/XAMPP/xamppfiles/htdocs/tmracing/vendor/laravel/framework/src/Illuminate/Routing/Router.php(748): Illuminate\\Routing\\Router->runRoute(Object(Illuminate\\Http\\Request), Object(Illuminate\\Routing\\Route))
#52 /Applications/XAMPP/xamppfiles/htdocs/tmracing/vendor/laravel/framework/src/Illuminate/Routing/Router.php(737): Illuminate\\Routing\\Router->dispatchToRoute(Object(Illuminate\\Http\\Request))
#53 /Applications/XAMPP/xamppfiles/htdocs/tmracing/vendor/laravel/framework/src/Illuminate/Foundation/Http/Kernel.php(200): Illuminate\\Routing\\Router->dispatch(Object(Illuminate\\Http\\Request))
#54 /Applications/XAMPP/xamppfiles/htdocs/tmracing/vendor/laravel/framework/src/Illuminate/Pipeline/Pipeline.php(144): Illuminate\\Foundation\\Http\\Kernel->Illuminate\\Foundation\\Http\\{closure}(Object(Illuminate\\Http\\Request))
#55 /Applications/XAMPP/xamppfiles/htdocs/tmracing/vendor/barryvdh/laravel-debugbar/src/Middleware/InjectDebugbar.php(66): Illuminate\\Pipeline\\Pipeline->Illuminate\\Pipeline\\{closure}(Object(Illuminate\\Http\\Request))
#56 /Applications/XAMPP/xamppfiles/htdocs/tmracing/vendor/laravel/framework/src/Illuminate/Pipeline/Pipeline.php(183): Barryvdh\\Debugbar\\Middleware\\InjectDebugbar->handle(Object(Illuminate\\Http\\Request), Object(Closure))
#57 /Applications/XAMPP/xamppfiles/htdocs/tmracing/vendor/laravel/framework/src/Illuminate/Http/Middleware/TrustProxies.php(39): Illuminate\\Pipeline\\Pipeline->Illuminate\\Pipeline\\{closure}(Object(Illuminate\\Http\\Request))
#58 /Applications/XAMPP/xamppfiles/htdocs/tmracing/vendor/laravel/framework/src/Illuminate/Pipeline/Pipeline.php(183): Illuminate\\Http\\Middleware\\TrustProxies->handle(Object(Illuminate\\Http\\Request), Object(Closure))
#59 /Applications/XAMPP/xamppfiles/htdocs/tmracing/vendor/laravel/framework/src/Illuminate/Foundation/Http/Middleware/TransformsRequest.php(21): Illuminate\\Pipeline\\Pipeline->Illuminate\\Pipeline\\{closure}(Object(Illuminate\\Http\\Request))
#60 /Applications/XAMPP/xamppfiles/htdocs/tmracing/vendor/laravel/framework/src/Illuminate/Foundation/Http/Middleware/ConvertEmptyStringsToNull.php(31): Illuminate\\Foundation\\Http\\Middleware\\TransformsRequest->handle(Object(Illuminate\\Http\\Request), Object(Closure))
#61 /Applications/XAMPP/xamppfiles/htdocs/tmracing/vendor/laravel/framework/src/Illuminate/Pipeline/Pipeline.php(183): Illuminate\\Foundation\\Http\\Middleware\\ConvertEmptyStringsToNull->handle(Object(Illuminate\\Http\\Request), Object(Closure))
#62 /Applications/XAMPP/xamppfiles/htdocs/tmracing/vendor/laravel/framework/src/Illuminate/Foundation/Http/Middleware/TransformsRequest.php(21): Illuminate\\Pipeline\\Pipeline->Illuminate\\Pipeline\\{closure}(Object(Illuminate\\Http\\Request))
#63 /Applications/XAMPP/xamppfiles/htdocs/tmracing/vendor/laravel/framework/src/Illuminate/Foundation/Http/Middleware/TrimStrings.php(40): Illuminate\\Foundation\\Http\\Middleware\\TransformsRequest->handle(Object(Illuminate\\Http\\Request), Object(Closure))
#64 /Applications/XAMPP/xamppfiles/htdocs/tmracing/vendor/laravel/framework/src/Illuminate/Pipeline/Pipeline.php(183): Illuminate\\Foundation\\Http\\Middleware\\TrimStrings->handle(Object(Illuminate\\Http\\Request), Object(Closure))
#65 /Applications/XAMPP/xamppfiles/htdocs/tmracing/vendor/laravel/framework/src/Illuminate/Foundation/Http/Middleware/ValidatePostSize.php(27): Illuminate\\Pipeline\\Pipeline->Illuminate\\Pipeline\\{closure}(Object(Illuminate\\Http\\Request))
#66 /Applications/XAMPP/xamppfiles/htdocs/tmracing/vendor/laravel/framework/src/Illuminate/Pipeline/Pipeline.php(183): Illuminate\\Foundation\\Http\\Middleware\\ValidatePostSize->handle(Object(Illuminate\\Http\\Request), Object(Closure))
#67 /Applications/XAMPP/xamppfiles/htdocs/tmracing/vendor/laravel/framework/src/Illuminate/Pipeline/Pipeline.php(119): Illuminate\\Pipeline\\Pipeline->Illuminate\\Pipeline\\{closure}(Object(Illuminate\\Http\\Request))
#68 /Applications/XAMPP/xamppfiles/htdocs/tmracing/vendor/laravel/framework/src/Illuminate/Foundation/Http/Kernel.php(175): Illuminate\\Pipeline\\Pipeline->then(Object(Closure))
#69 /Applications/XAMPP/xamppfiles/htdocs/tmracing/vendor/laravel/framework/src/Illuminate/Foundation/Http/Kernel.php(144): Illuminate\\Foundation\\Http\\Kernel->sendRequestThroughRouter(Object(Illuminate\\Http\\Request))
#70 /Applications/XAMPP/xamppfiles/htdocs/tmracing/index.php(57): Illuminate\\Foundation\\Http\\Kernel->handle(Object(Illuminate\\Http\\Request))
#71 {main}

[previous exception] [object] (Symfony\\Component\\Routing\\Exception\\RouteNotFoundException(code: 0): Route [facebook_chat.index] not defined. at /Applications/XAMPP/xamppfiles/htdocs/tmracing/vendor/laravel/framework/src/Illuminate/Routing/UrlGenerator.php:477)
[stacktrace]
#0 /Applications/XAMPP/xamppfiles/htdocs/tmracing/vendor/laravel/framework/src/Illuminate/Foundation/helpers.php(811): Illuminate\\Routing\\UrlGenerator->route('facebook_chat.i...', Array, true)
#1 /Applications/XAMPP/xamppfiles/htdocs/tmracing/storage/framework/views/da67c365180f7100f9c4c2a3feb76c43.php(403): route('facebook_chat.i...')
#2 /Applications/XAMPP/xamppfiles/htdocs/tmracing/vendor/laravel/framework/src/Illuminate/Filesystem/Filesystem.php(123): require('/Applications/X...')
#3 /Applications/XAMPP/xamppfiles/htdocs/tmracing/vendor/laravel/framework/src/Illuminate/Filesystem/Filesystem.php(124): Illuminate\\Filesystem\\Filesystem::Illuminate\\Filesystem\\{closure}()
#4 /Applications/XAMPP/xamppfiles/htdocs/tmracing/vendor/laravel/framework/src/Illuminate/View/Engines/PhpEngine.php(58): Illuminate\\Filesystem\\Filesystem->getRequire('/Applications/X...', Array)
#5 /Applications/XAMPP/xamppfiles/htdocs/tmracing/vendor/laravel/framework/src/Illuminate/View/Engines/CompilerEngine.php(72): Illuminate\\View\\Engines\\PhpEngine->evaluatePath('/Applications/X...', Array)
#6 /Applications/XAMPP/xamppfiles/htdocs/tmracing/vendor/laravel/framework/src/Illuminate/View/View.php(207): Illuminate\\View\\Engines\\CompilerEngine->get('/Applications/X...', Array)
#7 /Applications/XAMPP/xamppfiles/htdocs/tmracing/vendor/laravel/framework/src/Illuminate/View/View.php(190): Illuminate\\View\\View->getContents()
#8 /Applications/XAMPP/xamppfiles/htdocs/tmracing/vendor/laravel/framework/src/Illuminate/View/View.php(159): Illuminate\\View\\View->renderContents()
#9 /Applications/XAMPP/xamppfiles/htdocs/tmracing/storage/framework/views/f12bd46b3566fa17f0743101a73f7750.php(109): Illuminate\\View\\View->render()
#10 /Applications/XAMPP/xamppfiles/htdocs/tmracing/vendor/laravel/framework/src/Illuminate/Filesystem/Filesystem.php(123): require('/Applications/X...')
#11 /Applications/XAMPP/xamppfiles/htdocs/tmracing/vendor/laravel/framework/src/Illuminate/Filesystem/Filesystem.php(124): Illuminate\\Filesystem\\Filesystem::Illuminate\\Filesystem\\{closure}()
#12 /Applications/XAMPP/xamppfiles/htdocs/tmracing/vendor/laravel/framework/src/Illuminate/View/Engines/PhpEngine.php(58): Illuminate\\Filesystem\\Filesystem->getRequire('/Applications/X...', Array)
#13 /Applications/XAMPP/xamppfiles/htdocs/tmracing/vendor/laravel/framework/src/Illuminate/View/Engines/CompilerEngine.php(72): Illuminate\\View\\Engines\\PhpEngine->evaluatePath('/Applications/X...', Array)
#14 /Applications/XAMPP/xamppfiles/htdocs/tmracing/vendor/laravel/framework/src/Illuminate/View/View.php(207): Illuminate\\View\\Engines\\CompilerEngine->get('/Applications/X...', Array)
#15 /Applications/XAMPP/xamppfiles/htdocs/tmracing/vendor/laravel/framework/src/Illuminate/View/View.php(190): Illuminate\\View\\View->getContents()
#16 /Applications/XAMPP/xamppfiles/htdocs/tmracing/vendor/laravel/framework/src/Illuminate/View/View.php(159): Illuminate\\View\\View->renderContents()
#17 /Applications/XAMPP/xamppfiles/htdocs/tmracing/storage/framework/views/2add04623f74d611fd5a0baea40cdc55.php(163): Illuminate\\View\\View->render()
#18 /Applications/XAMPP/xamppfiles/htdocs/tmracing/vendor/laravel/framework/src/Illuminate/Filesystem/Filesystem.php(123): require('/Applications/X...')
#19 /Applications/XAMPP/xamppfiles/htdocs/tmracing/vendor/laravel/framework/src/Illuminate/Filesystem/Filesystem.php(124): Illuminate\\Filesystem\\Filesystem::Illuminate\\Filesystem\\{closure}()
#20 /Applications/XAMPP/xamppfiles/htdocs/tmracing/vendor/laravel/framework/src/Illuminate/View/Engines/PhpEngine.php(58): Illuminate\\Filesystem\\Filesystem->getRequire('/Applications/X...', Array)
#21 /Applications/XAMPP/xamppfiles/htdocs/tmracing/vendor/laravel/framework/src/Illuminate/View/Engines/CompilerEngine.php(72): Illuminate\\View\\Engines\\PhpEngine->evaluatePath('/Applications/X...', Array)
#22 /Applications/XAMPP/xamppfiles/htdocs/tmracing/vendor/laravel/framework/src/Illuminate/View/View.php(207): Illuminate\\View\\Engines\\CompilerEngine->get('/Applications/X...', Array)
#23 /Applications/XAMPP/xamppfiles/htdocs/tmracing/vendor/laravel/framework/src/Illuminate/View/View.php(190): Illuminate\\View\\View->getContents()
#24 /Applications/XAMPP/xamppfiles/htdocs/tmracing/vendor/laravel/framework/src/Illuminate/View/View.php(159): Illuminate\\View\\View->renderContents()
#25 /Applications/XAMPP/xamppfiles/htdocs/tmracing/vendor/laravel/framework/src/Illuminate/Http/Response.php(69): Illuminate\\View\\View->render()
#26 /Applications/XAMPP/xamppfiles/htdocs/tmracing/vendor/laravel/framework/src/Illuminate/Http/Response.php(35): Illuminate\\Http\\Response->setContent(Object(Illuminate\\View\\View))
#27 /Applications/XAMPP/xamppfiles/htdocs/tmracing/vendor/laravel/framework/src/Illuminate/Routing/Router.php(918): Illuminate\\Http\\Response->__construct(Object(Illuminate\\View\\View), 200, Array)
#28 /Applications/XAMPP/xamppfiles/htdocs/tmracing/vendor/laravel/framework/src/Illuminate/Routing/Router.php(885): Illuminate\\Routing\\Router::toResponse(Object(Illuminate\\Http\\Request), Object(Illuminate\\View\\View))
#29 /Applications/XAMPP/xamppfiles/htdocs/tmracing/vendor/laravel/framework/src/Illuminate/Routing/Router.php(805): Illuminate\\Routing\\Router->prepareResponse(Object(Illuminate\\Http\\Request), Object(Illuminate\\View\\View))
#30 /Applications/XAMPP/xamppfiles/htdocs/tmracing/vendor/laravel/framework/src/Illuminate/Pipeline/Pipeline.php(144): Illuminate\\Routing\\Router->Illuminate\\Routing\\{closure}(Object(Illuminate\\Http\\Request))
#31 /Applications/XAMPP/xamppfiles/htdocs/tmracing/app/Http/Middleware/IsAdmin.php(20): Illuminate\\Pipeline\\Pipeline->Illuminate\\Pipeline\\{closure}(Object(Illuminate\\Http\\Request))
#32 /Applications/XAMPP/xamppfiles/htdocs/tmracing/vendor/laravel/framework/src/Illuminate/Pipeline/Pipeline.php(183): App\\Http\\Middleware\\IsAdmin->handle(Object(Illuminate\\Http\\Request), Object(Closure))
#33 /Applications/XAMPP/xamppfiles/htdocs/tmracing/app/Http/Middleware/CheckForMaintenanceMode.php(58): Illuminate\\Pipeline\\Pipeline->Illuminate\\Pipeline\\{closure}(Object(Illuminate\\Http\\Request))
#34 /Applications/XAMPP/xamppfiles/htdocs/tmracing/vendor/laravel/framework/src/Illuminate/Pipeline/Pipeline.php(183): App\\Http\\Middleware\\CheckForMaintenanceMode->handle(Object(Illuminate\\Http\\Request), Object(Closure))
#35 /Applications/XAMPP/xamppfiles/htdocs/tmracing/app/Http/Middleware/HttpsProtocol.php(20): Illuminate\\Pipeline\\Pipeline->Illuminate\\Pipeline\\{closure}(Object(Illuminate\\Http\\Request))
#36 /Applications/XAMPP/xamppfiles/htdocs/tmracing/vendor/laravel/framework/src/Illuminate/Pipeline/Pipeline.php(183): App\\Http\\Middleware\\HttpsProtocol->handle(Object(Illuminate\\Http\\Request), Object(Closure))
#37 /Applications/XAMPP/xamppfiles/htdocs/tmracing/app/Http/Middleware/Language.php(31): Illuminate\\Pipeline\\Pipeline->Illuminate\\Pipeline\\{closure}(Object(Illuminate\\Http\\Request))
#38 /Applications/XAMPP/xamppfiles/htdocs/tmracing/vendor/laravel/framework/src/Illuminate/Pipeline/Pipeline.php(183): App\\Http\\Middleware\\Language->handle(Object(Illuminate\\Http\\Request), Object(Closure))
#39 /Applications/XAMPP/xamppfiles/htdocs/tmracing/vendor/laravel/framework/src/Illuminate/Routing/Middleware/SubstituteBindings.php(50): Illuminate\\Pipeline\\Pipeline->Illuminate\\Pipeline\\{closure}(Object(Illuminate\\Http\\Request))
#40 /Applications/XAMPP/xamppfiles/htdocs/tmracing/vendor/laravel/framework/src/Illuminate/Pipeline/Pipeline.php(183): Illuminate\\Routing\\Middleware\\SubstituteBindings->handle(Object(Illuminate\\Http\\Request), Object(Closure))
#41 /Applications/XAMPP/xamppfiles/htdocs/tmracing/vendor/laravel/framework/src/Illuminate/Auth/Middleware/Authenticate.php(57): Illuminate\\Pipeline\\Pipeline->Illuminate\\Pipeline\\{closure}(Object(Illuminate\\Http\\Request))
#42 /Applications/XAMPP/xamppfiles/htdocs/tmracing/vendor/laravel/framework/src/Illuminate/Pipeline/Pipeline.php(183): Illuminate\\Auth\\Middleware\\Authenticate->handle(Object(Illuminate\\Http\\Request), Object(Closure))
#43 /Applications/XAMPP/xamppfiles/htdocs/tmracing/vendor/laravel/framework/src/Illuminate/Foundation/Http/Middleware/VerifyCsrfToken.php(78): Illuminate\\Pipeline\\Pipeline->Illuminate\\Pipeline\\{closure}(Object(Illuminate\\Http\\Request))
#44 /Applications/XAMPP/xamppfiles/htdocs/tmracing/vendor/laravel/framework/src/Illuminate/Pipeline/Pipeline.php(183): Illuminate\\Foundation\\Http\\Middleware\\VerifyCsrfToken->handle(Object(Illuminate\\Http\\Request), Object(Closure))
#45 /Applications/XAMPP/xamppfiles/htdocs/tmracing/vendor/laravel/framework/src/Illuminate/View/Middleware/ShareErrorsFromSession.php(49): Illuminate\\Pipeline\\Pipeline->Illuminate\\Pipeline\\{closure}(Object(Illuminate\\Http\\Request))
#46 /Applications/XAMPP/xamppfiles/htdocs/tmracing/vendor/laravel/framework/src/Illuminate/Pipeline/Pipeline.php(183): Illuminate\\View\\Middleware\\ShareErrorsFromSession->handle(Object(Illuminate\\Http\\Request), Object(Closure))
#47 /Applications/XAMPP/xamppfiles/htdocs/tmracing/vendor/laravel/framework/src/Illuminate/Session/Middleware/StartSession.php(121): Illuminate\\Pipeline\\Pipeline->Illuminate\\Pipeline\\{closure}(Object(Illuminate\\Http\\Request))
#48 /Applications/XAMPP/xamppfiles/htdocs/tmracing/vendor/laravel/framework/src/Illuminate/Session/Middleware/StartSession.php(64): Illuminate\\Session\\Middleware\\StartSession->handleStatefulRequest(Object(Illuminate\\Http\\Request), Object(Illuminate\\Session\\Store), Object(Closure))
#49 /Applications/XAMPP/xamppfiles/htdocs/tmracing/vendor/laravel/framework/src/Illuminate/Pipeline/Pipeline.php(183): Illuminate\\Session\\Middleware\\StartSession->handle(Object(Illuminate\\Http\\Request), Object(Closure))
#50 /Applications/XAMPP/xamppfiles/htdocs/tmracing/vendor/laravel/framework/src/Illuminate/Cookie/Middleware/AddQueuedCookiesToResponse.php(37): Illuminate\\Pipeline\\Pipeline->Illuminate\\Pipeline\\{closure}(Object(Illuminate\\Http\\Request))
#51 /Applications/XAMPP/xamppfiles/htdocs/tmracing/vendor/laravel/framework/src/Illuminate/Pipeline/Pipeline.php(183): Illuminate\\Cookie\\Middleware\\AddQueuedCookiesToResponse->handle(Object(Illuminate\\Http\\Request), Object(Closure))
#52 /Applications/XAMPP/xamppfiles/htdocs/tmracing/vendor/laravel/framework/src/Illuminate/Pipeline/Pipeline.php(119): Illuminate\\Pipeline\\Pipeline->Illuminate\\Pipeline\\{closure}(Object(Illuminate\\Http\\Request))
#53 /Applications/XAMPP/xamppfiles/htdocs/tmracing/vendor/laravel/framework/src/Illuminate/Routing/Router.php(805): Illuminate\\Pipeline\\Pipeline->then(Object(Closure))
#54 /Applications/XAMPP/xamppfiles/htdocs/tmracing/vendor/laravel/framework/src/Illuminate/Routing/Router.php(784): Illuminate\\Routing\\Router->runRouteWithinStack(Object(Illuminate\\Routing\\Route), Object(Illuminate\\Http\\Request))
#55 /Applications/XAMPP/xamppfiles/htdocs/tmracing/vendor/laravel/framework/src/Illuminate/Routing/Router.php(748): Illuminate\\Routing\\Router->runRoute(Object(Illuminate\\Http\\Request), Object(Illuminate\\Routing\\Route))
#56 /Applications/XAMPP/xamppfiles/htdocs/tmracing/vendor/laravel/framework/src/Illuminate/Routing/Router.php(737): Illuminate\\Routing\\Router->dispatchToRoute(Object(Illuminate\\Http\\Request))
#57 /Applications/XAMPP/xamppfiles/htdocs/tmracing/vendor/laravel/framework/src/Illuminate/Foundation/Http/Kernel.php(200): Illuminate\\Routing\\Router->dispatch(Object(Illuminate\\Http\\Request))
#58 /Applications/XAMPP/xamppfiles/htdocs/tmracing/vendor/laravel/framework/src/Illuminate/Pipeline/Pipeline.php(144): Illuminate\\Foundation\\Http\\Kernel->Illuminate\\Foundation\\Http\\{closure}(Object(Illuminate\\Http\\Request))
#59 /Applications/XAMPP/xamppfiles/htdocs/tmracing/vendor/barryvdh/laravel-debugbar/src/Middleware/InjectDebugbar.php(66): Illuminate\\Pipeline\\Pipeline->Illuminate\\Pipeline\\{closure}(Object(Illuminate\\Http\\Request))
#60 /Applications/XAMPP/xamppfiles/htdocs/tmracing/vendor/laravel/framework/src/Illuminate/Pipeline/Pipeline.php(183): Barryvdh\\Debugbar\\Middleware\\InjectDebugbar->handle(Object(Illuminate\\Http\\Request), Object(Closure))
#61 /Applications/XAMPP/xamppfiles/htdocs/tmracing/vendor/laravel/framework/src/Illuminate/Http/Middleware/TrustProxies.php(39): Illuminate\\Pipeline\\Pipeline->Illuminate\\Pipeline\\{closure}(Object(Illuminate\\Http\\Request))
#62 /Applications/XAMPP/xamppfiles/htdocs/tmracing/vendor/laravel/framework/src/Illuminate/Pipeline/Pipeline.php(183): Illuminate\\Http\\Middleware\\TrustProxies->handle(Object(Illuminate\\Http\\Request), Object(Closure))
#63 /Applications/XAMPP/xamppfiles/htdocs/tmracing/vendor/laravel/framework/src/Illuminate/Foundation/Http/Middleware/TransformsRequest.php(21): Illuminate\\Pipeline\\Pipeline->Illuminate\\Pipeline\\{closure}(Object(Illuminate\\Http\\Request))
#64 /Applications/XAMPP/xamppfiles/htdocs/tmracing/vendor/laravel/framework/src/Illuminate/Foundation/Http/Middleware/ConvertEmptyStringsToNull.php(31): Illuminate\\Foundation\\Http\\Middleware\\TransformsRequest->handle(Object(Illuminate\\Http\\Request), Object(Closure))
#65 /Applications/XAMPP/xamppfiles/htdocs/tmracing/vendor/laravel/framework/src/Illuminate/Pipeline/Pipeline.php(183): Illuminate\\Foundation\\Http\\Middleware\\ConvertEmptyStringsToNull->handle(Object(Illuminate\\Http\\Request), Object(Closure))
#66 /Applications/XAMPP/xamppfiles/htdocs/tmracing/vendor/laravel/framework/src/Illuminate/Foundation/Http/Middleware/TransformsRequest.php(21): Illuminate\\Pipeline\\Pipeline->Illuminate\\Pipeline\\{closure}(Object(Illuminate\\Http\\Request))
#67 /Applications/XAMPP/xamppfiles/htdocs/tmracing/vendor/laravel/framework/src/Illuminate/Foundation/Http/Middleware/TrimStrings.php(40): Illuminate\\Foundation\\Http\\Middleware\\TransformsRequest->handle(Object(Illuminate\\Http\\Request), Object(Closure))
#68 /Applications/XAMPP/xamppfiles/htdocs/tmracing/vendor/laravel/framework/src/Illuminate/Pipeline/Pipeline.php(183): Illuminate\\Foundation\\Http\\Middleware\\TrimStrings->handle(Object(Illuminate\\Http\\Request), Object(Closure))
#69 /Applications/XAMPP/xamppfiles/htdocs/tmracing/vendor/laravel/framework/src/Illuminate/Foundation/Http/Middleware/ValidatePostSize.php(27): Illuminate\\Pipeline\\Pipeline->Illuminate\\Pipeline\\{closure}(Object(Illuminate\\Http\\Request))
#70 /Applications/XAMPP/xamppfiles/htdocs/tmracing/vendor/laravel/framework/src/Illuminate/Pipeline/Pipeline.php(183): Illuminate\\Foundation\\Http\\Middleware\\ValidatePostSize->handle(Object(Illuminate\\Http\\Request), Object(Closure))
#71 /Applications/XAMPP/xamppfiles/htdocs/tmracing/vendor/laravel/framework/src/Illuminate/Pipeline/Pipeline.php(119): Illuminate\\Pipeline\\Pipeline->Illuminate\\Pipeline\\{closure}(Object(Illuminate\\Http\\Request))
#72 /Applications/XAMPP/xamppfiles/htdocs/tmracing/vendor/laravel/framework/src/Illuminate/Foundation/Http/Kernel.php(175): Illuminate\\Pipeline\\Pipeline->then(Object(Closure))
#73 /Applications/XAMPP/xamppfiles/htdocs/tmracing/vendor/laravel/framework/src/Illuminate/Foundation/Http/Kernel.php(144): Illuminate\\Foundation\\Http\\Kernel->sendRequestThroughRouter(Object(Illuminate\\Http\\Request))
#74 /Applications/XAMPP/xamppfiles/htdocs/tmracing/index.php(57): Illuminate\\Foundation\\Http\\Kernel->handle(Object(Illuminate\\Http\\Request))
#75 {main}
"} 
[2025-12-12 02:42:26] local.ERROR: Class "Timezones" not found (View: /Applications/XAMPP/xamppfiles/htdocs/tmracing/resources/views/backend/setup_configurations/general_settings.blade.php) {"userId":9,"exception":"[object] (Illuminate\\View\\ViewException(code: 0): Class \"Timezones\" not found (View: /Applications/XAMPP/xamppfiles/htdocs/tmracing/resources/views/backend/setup_configurations/general_settings.blade.php) at /Applications/XAMPP/xamppfiles/htdocs/tmracing/app/Http/Helpers.php:550)
[stacktrace]
#0 /Applications/XAMPP/xamppfiles/htdocs/tmracing/vendor/laravel/framework/src/Illuminate/View/Engines/PhpEngine.php(60): Illuminate\\View\\Engines\\CompilerEngine->handleViewException(Object(Error), 1)
#1 /Applications/XAMPP/xamppfiles/htdocs/tmracing/vendor/laravel/framework/src/Illuminate/View/Engines/CompilerEngine.php(72): Illuminate\\View\\Engines\\PhpEngine->evaluatePath('/Applications/X...', Array)
#2 /Applications/XAMPP/xamppfiles/htdocs/tmracing/vendor/laravel/framework/src/Illuminate/View/View.php(207): Illuminate\\View\\Engines\\CompilerEngine->get('/Applications/X...', Array)
#3 /Applications/XAMPP/xamppfiles/htdocs/tmracing/vendor/laravel/framework/src/Illuminate/View/View.php(190): Illuminate\\View\\View->getContents()
#4 /Applications/XAMPP/xamppfiles/htdocs/tmracing/vendor/laravel/framework/src/Illuminate/View/View.php(159): Illuminate\\View\\View->renderContents()
#5 /Applications/XAMPP/xamppfiles/htdocs/tmracing/vendor/laravel/framework/src/Illuminate/Http/Response.php(69): Illuminate\\View\\View->render()
#6 /Applications/XAMPP/xamppfiles/htdocs/tmracing/vendor/laravel/framework/src/Illuminate/Http/Response.php(35): Illuminate\\Http\\Response->setContent(Object(Illuminate\\View\\View))
#7 /Applications/XAMPP/xamppfiles/htdocs/tmracing/vendor/laravel/framework/src/Illuminate/Routing/Router.php(918): Illuminate\\Http\\Response->__construct(Object(Illuminate\\View\\View), 200, Array)
#8 /Applications/XAMPP/xamppfiles/htdocs/tmracing/vendor/laravel/framework/src/Illuminate/Routing/Router.php(885): Illuminate\\Routing\\Router::toResponse(Object(Illuminate\\Http\\Request), Object(Illuminate\\View\\View))
#9 /Applications/XAMPP/xamppfiles/htdocs/tmracing/vendor/laravel/framework/src/Illuminate/Routing/Router.php(805): Illuminate\\Routing\\Router->prepareResponse(Object(Illuminate\\Http\\Request), Object(Illuminate\\View\\View))
#10 /Applications/XAMPP/xamppfiles/htdocs/tmracing/vendor/laravel/framework/src/Illuminate/Pipeline/Pipeline.php(144): Illuminate\\Routing\\Router->Illuminate\\Routing\\{closure}(Object(Illuminate\\Http\\Request))
#11 /Applications/XAMPP/xamppfiles/htdocs/tmracing/app/Http/Middleware/IsAdmin.php(20): Illuminate\\Pipeline\\Pipeline->Illuminate\\Pipeline\\{closure}(Object(Illuminate\\Http\\Request))
#12 /Applications/XAMPP/xamppfiles/htdocs/tmracing/vendor/laravel/framework/src/Illuminate/Pipeline/Pipeline.php(183): App\\Http\\Middleware\\IsAdmin->handle(Object(Illuminate\\Http\\Request), Object(Closure))
#13 /Applications/XAMPP/xamppfiles/htdocs/tmracing/app/Http/Middleware/CheckForMaintenanceMode.php(58): Illuminate\\Pipeline\\Pipeline->Illuminate\\Pipeline\\{closure}(Object(Illuminate\\Http\\Request))
#14 /Applications/XAMPP/xamppfiles/htdocs/tmracing/vendor/laravel/framework/src/Illuminate/Pipeline/Pipeline.php(183): App\\Http\\Middleware\\CheckForMaintenanceMode->handle(Object(Illuminate\\Http\\Request), Object(Closure))
#15 /Applications/XAMPP/xamppfiles/htdocs/tmracing/app/Http/Middleware/HttpsProtocol.php(20): Illuminate\\Pipeline\\Pipeline->Illuminate\\Pipeline\\{closure}(Object(Illuminate\\Http\\Request))
#16 /Applications/XAMPP/xamppfiles/htdocs/tmracing/vendor/laravel/framework/src/Illuminate/Pipeline/Pipeline.php(183): App\\Http\\Middleware\\HttpsProtocol->handle(Object(Illuminate\\Http\\Request), Object(Closure))
#17 /Applications/XAMPP/xamppfiles/htdocs/tmracing/app/Http/Middleware/Language.php(31): Illuminate\\Pipeline\\Pipeline->Illuminate\\Pipeline\\{closure}(Object(Illuminate\\Http\\Request))
#18 /Applications/XAMPP/xamppfiles/htdocs/tmracing/vendor/laravel/framework/src/Illuminate/Pipeline/Pipeline.php(183): App\\Http\\Middleware\\Language->handle(Object(Illuminate\\Http\\Request), Object(Closure))
#19 /Applications/XAMPP/xamppfiles/htdocs/tmracing/vendor/laravel/framework/src/Illuminate/Routing/Middleware/SubstituteBindings.php(50): Illuminate\\Pipeline\\Pipeline->Illuminate\\Pipeline\\{closure}(Object(Illuminate\\Http\\Request))
#20 /Applications/XAMPP/xamppfiles/htdocs/tmracing/vendor/laravel/framework/src/Illuminate/Pipeline/Pipeline.php(183): Illuminate\\Routing\\Middleware\\SubstituteBindings->handle(Object(Illuminate\\Http\\Request), Object(Closure))
#21 /Applications/XAMPP/xamppfiles/htdocs/tmracing/vendor/laravel/framework/src/Illuminate/Auth/Middleware/Authenticate.php(57): Illuminate\\Pipeline\\Pipeline->Illuminate\\Pipeline\\{closure}(Object(Illuminate\\Http\\Request))
#22 /Applications/XAMPP/xamppfiles/htdocs/tmracing/vendor/laravel/framework/src/Illuminate/Pipeline/Pipeline.php(183): Illuminate\\Auth\\Middleware\\Authenticate->handle(Object(Illuminate\\Http\\Request), Object(Closure))
#23 /Applications/XAMPP/xamppfiles/htdocs/tmracing/vendor/laravel/framework/src/Illuminate/Foundation/Http/Middleware/VerifyCsrfToken.php(78): Illuminate\\Pipeline\\Pipeline->Illuminate\\Pipeline\\{closure}(Object(Illuminate\\Http\\Request))
#24 /Applications/XAMPP/xamppfiles/htdocs/tmracing/vendor/laravel/framework/src/Illuminate/Pipeline/Pipeline.php(183): Illuminate\\Foundation\\Http\\Middleware\\VerifyCsrfToken->handle(Object(Illuminate\\Http\\Request), Object(Closure))
#25 /Applications/XAMPP/xamppfiles/htdocs/tmracing/vendor/laravel/framework/src/Illuminate/View/Middleware/ShareErrorsFromSession.php(49): Illuminate\\Pipeline\\Pipeline->Illuminate\\Pipeline\\{closure}(Object(Illuminate\\Http\\Request))
#26 /Applications/XAMPP/xamppfiles/htdocs/tmracing/vendor/laravel/framework/src/Illuminate/Pipeline/Pipeline.php(183): Illuminate\\View\\Middleware\\ShareErrorsFromSession->handle(Object(Illuminate\\Http\\Request), Object(Closure))
#27 /Applications/XAMPP/xamppfiles/htdocs/tmracing/vendor/laravel/framework/src/Illuminate/Session/Middleware/StartSession.php(121): Illuminate\\Pipeline\\Pipeline->Illuminate\\Pipeline\\{closure}(Object(Illuminate\\Http\\Request))
#28 /Applications/XAMPP/xamppfiles/htdocs/tmracing/vendor/laravel/framework/src/Illuminate/Session/Middleware/StartSession.php(64): Illuminate\\Session\\Middleware\\StartSession->handleStatefulRequest(Object(Illuminate\\Http\\Request), Object(Illuminate\\Session\\Store), Object(Closure))
#29 /Applications/XAMPP/xamppfiles/htdocs/tmracing/vendor/laravel/framework/src/Illuminate/Pipeline/Pipeline.php(183): Illuminate\\Session\\Middleware\\StartSession->handle(Object(Illuminate\\Http\\Request), Object(Closure))
#30 /Applications/XAMPP/xamppfiles/htdocs/tmracing/vendor/laravel/framework/src/Illuminate/Cookie/Middleware/AddQueuedCookiesToResponse.php(37): Illuminate\\Pipeline\\Pipeline->Illuminate\\Pipeline\\{closure}(Object(Illuminate\\Http\\Request))
#31 /Applications/XAMPP/xamppfiles/htdocs/tmracing/vendor/laravel/framework/src/Illuminate/Pipeline/Pipeline.php(183): Illuminate\\Cookie\\Middleware\\AddQueuedCookiesToResponse->handle(Object(Illuminate\\Http\\Request), Object(Closure))
#32 /Applications/XAMPP/xamppfiles/htdocs/tmracing/vendor/laravel/framework/src/Illuminate/Pipeline/Pipeline.php(119): Illuminate\\Pipeline\\Pipeline->Illuminate\\Pipeline\\{closure}(Object(Illuminate\\Http\\Request))
#33 /Applications/XAMPP/xamppfiles/htdocs/tmracing/vendor/laravel/framework/src/Illuminate/Routing/Router.php(805): Illuminate\\Pipeline\\Pipeline->then(Object(Closure))
#34 /Applications/XAMPP/xamppfiles/htdocs/tmracing/vendor/laravel/framework/src/Illuminate/Routing/Router.php(784): Illuminate\\Routing\\Router->runRouteWithinStack(Object(Illuminate\\Routing\\Route), Object(Illuminate\\Http\\Request))
#35 /Applications/XAMPP/xamppfiles/htdocs/tmracing/vendor/laravel/framework/src/Illuminate/Routing/Router.php(748): Illuminate\\Routing\\Router->runRoute(Object(Illuminate\\Http\\Request), Object(Illuminate\\Routing\\Route))
#36 /Applications/XAMPP/xamppfiles/htdocs/tmracing/vendor/laravel/framework/src/Illuminate/Routing/Router.php(737): Illuminate\\Routing\\Router->dispatchToRoute(Object(Illuminate\\Http\\Request))
#37 /Applications/XAMPP/xamppfiles/htdocs/tmracing/vendor/laravel/framework/src/Illuminate/Foundation/Http/Kernel.php(200): Illuminate\\Routing\\Router->dispatch(Object(Illuminate\\Http\\Request))
#38 /Applications/XAMPP/xamppfiles/htdocs/tmracing/vendor/laravel/framework/src/Illuminate/Pipeline/Pipeline.php(144): Illuminate\\Foundation\\Http\\Kernel->Illuminate\\Foundation\\Http\\{closure}(Object(Illuminate\\Http\\Request))
#39 /Applications/XAMPP/xamppfiles/htdocs/tmracing/vendor/barryvdh/laravel-debugbar/src/Middleware/InjectDebugbar.php(66): Illuminate\\Pipeline\\Pipeline->Illuminate\\Pipeline\\{closure}(Object(Illuminate\\Http\\Request))
#40 /Applications/XAMPP/xamppfiles/htdocs/tmracing/vendor/laravel/framework/src/Illuminate/Pipeline/Pipeline.php(183): Barryvdh\\Debugbar\\Middleware\\InjectDebugbar->handle(Object(Illuminate\\Http\\Request), Object(Closure))
#41 /Applications/XAMPP/xamppfiles/htdocs/tmracing/vendor/laravel/framework/src/Illuminate/Http/Middleware/TrustProxies.php(39): Illuminate\\Pipeline\\Pipeline->Illuminate\\Pipeline\\{closure}(Object(Illuminate\\Http\\Request))
#42 /Applications/XAMPP/xamppfiles/htdocs/tmracing/vendor/laravel/framework/src/Illuminate/Pipeline/Pipeline.php(183): Illuminate\\Http\\Middleware\\TrustProxies->handle(Object(Illuminate\\Http\\Request), Object(Closure))
#43 /Applications/XAMPP/xamppfiles/htdocs/tmracing/vendor/laravel/framework/src/Illuminate/Foundation/Http/Middleware/TransformsRequest.php(21): Illuminate\\Pipeline\\Pipeline->Illuminate\\Pipeline\\{closure}(Object(Illuminate\\Http\\Request))
#44 /Applications/XAMPP/xamppfiles/htdocs/tmracing/vendor/laravel/framework/src/Illuminate/Foundation/Http/Middleware/ConvertEmptyStringsToNull.php(31): Illuminate\\Foundation\\Http\\Middleware\\TransformsRequest->handle(Object(Illuminate\\Http\\Request), Object(Closure))
#45 /Applications/XAMPP/xamppfiles/htdocs/tmracing/vendor/laravel/framework/src/Illuminate/Pipeline/Pipeline.php(183): Illuminate\\Foundation\\Http\\Middleware\\ConvertEmptyStringsToNull->handle(Object(Illuminate\\Http\\Request), Object(Closure))
#46 /Applications/XAMPP/xamppfiles/htdocs/tmracing/vendor/laravel/framework/src/Illuminate/Foundation/Http/Middleware/TransformsRequest.php(21): Illuminate\\Pipeline\\Pipeline->Illuminate\\Pipeline\\{closure}(Object(Illuminate\\Http\\Request))
#47 /Applications/XAMPP/xamppfiles/htdocs/tmracing/vendor/laravel/framework/src/Illuminate/Foundation/Http/Middleware/TrimStrings.php(40): Illuminate\\Foundation\\Http\\Middleware\\TransformsRequest->handle(Object(Illuminate\\Http\\Request), Object(Closure))
#48 /Applications/XAMPP/xamppfiles/htdocs/tmracing/vendor/laravel/framework/src/Illuminate/Pipeline/Pipeline.php(183): Illuminate\\Foundation\\Http\\Middleware\\TrimStrings->handle(Object(Illuminate\\Http\\Request), Object(Closure))
#49 /Applications/XAMPP/xamppfiles/htdocs/tmracing/vendor/laravel/framework/src/Illuminate/Foundation/Http/Middleware/ValidatePostSize.php(27): Illuminate\\Pipeline\\Pipeline->Illuminate\\Pipeline\\{closure}(Object(Illuminate\\Http\\Request))
#50 /Applications/XAMPP/xamppfiles/htdocs/tmracing/vendor/laravel/framework/src/Illuminate/Pipeline/Pipeline.php(183): Illuminate\\Foundation\\Http\\Middleware\\ValidatePostSize->handle(Object(Illuminate\\Http\\Request), Object(Closure))
#51 /Applications/XAMPP/xamppfiles/htdocs/tmracing/vendor/laravel/framework/src/Illuminate/Pipeline/Pipeline.php(119): Illuminate\\Pipeline\\Pipeline->Illuminate\\Pipeline\\{closure}(Object(Illuminate\\Http\\Request))
#52 /Applications/XAMPP/xamppfiles/htdocs/tmracing/vendor/laravel/framework/src/Illuminate/Foundation/Http/Kernel.php(175): Illuminate\\Pipeline\\Pipeline->then(Object(Closure))
#53 /Applications/XAMPP/xamppfiles/htdocs/tmracing/vendor/laravel/framework/src/Illuminate/Foundation/Http/Kernel.php(144): Illuminate\\Foundation\\Http\\Kernel->sendRequestThroughRouter(Object(Illuminate\\Http\\Request))
#54 /Applications/XAMPP/xamppfiles/htdocs/tmracing/index.php(57): Illuminate\\Foundation\\Http\\Kernel->handle(Object(Illuminate\\Http\\Request))
#55 {main}

[previous exception] [object] (Error(code: 0): Class \"Timezones\" not found at /Applications/XAMPP/xamppfiles/htdocs/tmracing/app/Http/Helpers.php:550)
[stacktrace]
#0 /Applications/XAMPP/xamppfiles/htdocs/tmracing/storage/framework/views/3d43cb75cb04a9b7aa811e33b812b3fa.php(57): timezones()
#1 /Applications/XAMPP/xamppfiles/htdocs/tmracing/vendor/laravel/framework/src/Illuminate/Filesystem/Filesystem.php(123): require('/Applications/X...')
#2 /Applications/XAMPP/xamppfiles/htdocs/tmracing/vendor/laravel/framework/src/Illuminate/Filesystem/Filesystem.php(124): Illuminate\\Filesystem\\Filesystem::Illuminate\\Filesystem\\{closure}()
#3 /Applications/XAMPP/xamppfiles/htdocs/tmracing/vendor/laravel/framework/src/Illuminate/View/Engines/PhpEngine.php(58): Illuminate\\Filesystem\\Filesystem->getRequire('/Applications/X...', Array)
#4 /Applications/XAMPP/xamppfiles/htdocs/tmracing/vendor/laravel/framework/src/Illuminate/View/Engines/CompilerEngine.php(72): Illuminate\\View\\Engines\\PhpEngine->evaluatePath('/Applications/X...', Array)
#5 /Applications/XAMPP/xamppfiles/htdocs/tmracing/vendor/laravel/framework/src/Illuminate/View/View.php(207): Illuminate\\View\\Engines\\CompilerEngine->get('/Applications/X...', Array)
#6 /Applications/XAMPP/xamppfiles/htdocs/tmracing/vendor/laravel/framework/src/Illuminate/View/View.php(190): Illuminate\\View\\View->getContents()
#7 /Applications/XAMPP/xamppfiles/htdocs/tmracing/vendor/laravel/framework/src/Illuminate/View/View.php(159): Illuminate\\View\\View->renderContents()
#8 /Applications/XAMPP/xamppfiles/htdocs/tmracing/vendor/laravel/framework/src/Illuminate/Http/Response.php(69): Illuminate\\View\\View->render()
#9 /Applications/XAMPP/xamppfiles/htdocs/tmracing/vendor/laravel/framework/src/Illuminate/Http/Response.php(35): Illuminate\\Http\\Response->setContent(Object(Illuminate\\View\\View))
#10 /Applications/XAMPP/xamppfiles/htdocs/tmracing/vendor/laravel/framework/src/Illuminate/Routing/Router.php(918): Illuminate\\Http\\Response->__construct(Object(Illuminate\\View\\View), 200, Array)
#11 /Applications/XAMPP/xamppfiles/htdocs/tmracing/vendor/laravel/framework/src/Illuminate/Routing/Router.php(885): Illuminate\\Routing\\Router::toResponse(Object(Illuminate\\Http\\Request), Object(Illuminate\\View\\View))
#12 /Applications/XAMPP/xamppfiles/htdocs/tmracing/vendor/laravel/framework/src/Illuminate/Routing/Router.php(805): Illuminate\\Routing\\Router->prepareResponse(Object(Illuminate\\Http\\Request), Object(Illuminate\\View\\View))
#13 /Applications/XAMPP/xamppfiles/htdocs/tmracing/vendor/laravel/framework/src/Illuminate/Pipeline/Pipeline.php(144): Illuminate\\Routing\\Router->Illuminate\\Routing\\{closure}(Object(Illuminate\\Http\\Request))
#14 /Applications/XAMPP/xamppfiles/htdocs/tmracing/app/Http/Middleware/IsAdmin.php(20): Illuminate\\Pipeline\\Pipeline->Illuminate\\Pipeline\\{closure}(Object(Illuminate\\Http\\Request))
#15 /Applications/XAMPP/xamppfiles/htdocs/tmracing/vendor/laravel/framework/src/Illuminate/Pipeline/Pipeline.php(183): App\\Http\\Middleware\\IsAdmin->handle(Object(Illuminate\\Http\\Request), Object(Closure))
#16 /Applications/XAMPP/xamppfiles/htdocs/tmracing/app/Http/Middleware/CheckForMaintenanceMode.php(58): Illuminate\\Pipeline\\Pipeline->Illuminate\\Pipeline\\{closure}(Object(Illuminate\\Http\\Request))
#17 /Applications/XAMPP/xamppfiles/htdocs/tmracing/vendor/laravel/framework/src/Illuminate/Pipeline/Pipeline.php(183): App\\Http\\Middleware\\CheckForMaintenanceMode->handle(Object(Illuminate\\Http\\Request), Object(Closure))
#18 /Applications/XAMPP/xamppfiles/htdocs/tmracing/app/Http/Middleware/HttpsProtocol.php(20): Illuminate\\Pipeline\\Pipeline->Illuminate\\Pipeline\\{closure}(Object(Illuminate\\Http\\Request))
#19 /Applications/XAMPP/xamppfiles/htdocs/tmracing/vendor/laravel/framework/src/Illuminate/Pipeline/Pipeline.php(183): App\\Http\\Middleware\\HttpsProtocol->handle(Object(Illuminate\\Http\\Request), Object(Closure))
#20 /Applications/XAMPP/xamppfiles/htdocs/tmracing/app/Http/Middleware/Language.php(31): Illuminate\\Pipeline\\Pipeline->Illuminate\\Pipeline\\{closure}(Object(Illuminate\\Http\\Request))
#21 /Applications/XAMPP/xamppfiles/htdocs/tmracing/vendor/laravel/framework/src/Illuminate/Pipeline/Pipeline.php(183): App\\Http\\Middleware\\Language->handle(Object(Illuminate\\Http\\Request), Object(Closure))
#22 /Applications/XAMPP/xamppfiles/htdocs/tmracing/vendor/laravel/framework/src/Illuminate/Routing/Middleware/SubstituteBindings.php(50): Illuminate\\Pipeline\\Pipeline->Illuminate\\Pipeline\\{closure}(Object(Illuminate\\Http\\Request))
#23 /Applications/XAMPP/xamppfiles/htdocs/tmracing/vendor/laravel/framework/src/Illuminate/Pipeline/Pipeline.php(183): Illuminate\\Routing\\Middleware\\SubstituteBindings->handle(Object(Illuminate\\Http\\Request), Object(Closure))
#24 /Applications/XAMPP/xamppfiles/htdocs/tmracing/vendor/laravel/framework/src/Illuminate/Auth/Middleware/Authenticate.php(57): Illuminate\\Pipeline\\Pipeline->Illuminate\\Pipeline\\{closure}(Object(Illuminate\\Http\\Request))
#25 /Applications/XAMPP/xamppfiles/htdocs/tmracing/vendor/laravel/framework/src/Illuminate/Pipeline/Pipeline.php(183): Illuminate\\Auth\\Middleware\\Authenticate->handle(Object(Illuminate\\Http\\Request), Object(Closure))
#26 /Applications/XAMPP/xamppfiles/htdocs/tmracing/vendor/laravel/framework/src/Illuminate/Foundation/Http/Middleware/VerifyCsrfToken.php(78): Illuminate\\Pipeline\\Pipeline->Illuminate\\Pipeline\\{closure}(Object(Illuminate\\Http\\Request))
#27 /Applications/XAMPP/xamppfiles/htdocs/tmracing/vendor/laravel/framework/src/Illuminate/Pipeline/Pipeline.php(183): Illuminate\\Foundation\\Http\\Middleware\\VerifyCsrfToken->handle(Object(Illuminate\\Http\\Request), Object(Closure))
#28 /Applications/XAMPP/xamppfiles/htdocs/tmracing/vendor/laravel/framework/src/Illuminate/View/Middleware/ShareErrorsFromSession.php(49): Illuminate\\Pipeline\\Pipeline->Illuminate\\Pipeline\\{closure}(Object(Illuminate\\Http\\Request))
#29 /Applications/XAMPP/xamppfiles/htdocs/tmracing/vendor/laravel/framework/src/Illuminate/Pipeline/Pipeline.php(183): Illuminate\\View\\Middleware\\ShareErrorsFromSession->handle(Object(Illuminate\\Http\\Request), Object(Closure))
#30 /Applications/XAMPP/xamppfiles/htdocs/tmracing/vendor/laravel/framework/src/Illuminate/Session/Middleware/StartSession.php(121): Illuminate\\Pipeline\\Pipeline->Illuminate\\Pipeline\\{closure}(Object(Illuminate\\Http\\Request))
#31 /Applications/XAMPP/xamppfiles/htdocs/tmracing/vendor/laravel/framework/src/Illuminate/Session/Middleware/StartSession.php(64): Illuminate\\Session\\Middleware\\StartSession->handleStatefulRequest(Object(Illuminate\\Http\\Request), Object(Illuminate\\Session\\Store), Object(Closure))
#32 /Applications/XAMPP/xamppfiles/htdocs/tmracing/vendor/laravel/framework/src/Illuminate/Pipeline/Pipeline.php(183): Illuminate\\Session\\Middleware\\StartSession->handle(Object(Illuminate\\Http\\Request), Object(Closure))
#33 /Applications/XAMPP/xamppfiles/htdocs/tmracing/vendor/laravel/framework/src/Illuminate/Cookie/Middleware/AddQueuedCookiesToResponse.php(37): Illuminate\\Pipeline\\Pipeline->Illuminate\\Pipeline\\{closure}(Object(Illuminate\\Http\\Request))
#34 /Applications/XAMPP/xamppfiles/htdocs/tmracing/vendor/laravel/framework/src/Illuminate/Pipeline/Pipeline.php(183): Illuminate\\Cookie\\Middleware\\AddQueuedCookiesToResponse->handle(Object(Illuminate\\Http\\Request), Object(Closure))
#35 /Applications/XAMPP/xamppfiles/htdocs/tmracing/vendor/laravel/framework/src/Illuminate/Pipeline/Pipeline.php(119): Illuminate\\Pipeline\\Pipeline->Illuminate\\Pipeline\\{closure}(Object(Illuminate\\Http\\Request))
#36 /Applications/XAMPP/xamppfiles/htdocs/tmracing/vendor/laravel/framework/src/Illuminate/Routing/Router.php(805): Illuminate\\Pipeline\\Pipeline->then(Object(Closure))
#37 /Applications/XAMPP/xamppfiles/htdocs/tmracing/vendor/laravel/framework/src/Illuminate/Routing/Router.php(784): Illuminate\\Routing\\Router->runRouteWithinStack(Object(Illuminate\\Routing\\Route), Object(Illuminate\\Http\\Request))
#38 /Applications/XAMPP/xamppfiles/htdocs/tmracing/vendor/laravel/framework/src/Illuminate/Routing/Router.php(748): Illuminate\\Routing\\Router->runRoute(Object(Illuminate\\Http\\Request), Object(Illuminate\\Routing\\Route))
#39 /Applications/XAMPP/xamppfiles/htdocs/tmracing/vendor/laravel/framework/src/Illuminate/Routing/Router.php(737): Illuminate\\Routing\\Router->dispatchToRoute(Object(Illuminate\\Http\\Request))
#40 /Applications/XAMPP/xamppfiles/htdocs/tmracing/vendor/laravel/framework/src/Illuminate/Foundation/Http/Kernel.php(200): Illuminate\\Routing\\Router->dispatch(Object(Illuminate\\Http\\Request))
#41 /Applications/XAMPP/xamppfiles/htdocs/tmracing/vendor/laravel/framework/src/Illuminate/Pipeline/Pipeline.php(144): Illuminate\\Foundation\\Http\\Kernel->Illuminate\\Foundation\\Http\\{closure}(Object(Illuminate\\Http\\Request))
#42 /Applications/XAMPP/xamppfiles/htdocs/tmracing/vendor/barryvdh/laravel-debugbar/src/Middleware/InjectDebugbar.php(66): Illuminate\\Pipeline\\Pipeline->Illuminate\\Pipeline\\{closure}(Object(Illuminate\\Http\\Request))
#43 /Applications/XAMPP/xamppfiles/htdocs/tmracing/vendor/laravel/framework/src/Illuminate/Pipeline/Pipeline.php(183): Barryvdh\\Debugbar\\Middleware\\InjectDebugbar->handle(Object(Illuminate\\Http\\Request), Object(Closure))
#44 /Applications/XAMPP/xamppfiles/htdocs/tmracing/vendor/laravel/framework/src/Illuminate/Http/Middleware/TrustProxies.php(39): Illuminate\\Pipeline\\Pipeline->Illuminate\\Pipeline\\{closure}(Object(Illuminate\\Http\\Request))
#45 /Applications/XAMPP/xamppfiles/htdocs/tmracing/vendor/laravel/framework/src/Illuminate/Pipeline/Pipeline.php(183): Illuminate\\Http\\Middleware\\TrustProxies->handle(Object(Illuminate\\Http\\Request), Object(Closure))
#46 /Applications/XAMPP/xamppfiles/htdocs/tmracing/vendor/laravel/framework/src/Illuminate/Foundation/Http/Middleware/TransformsRequest.php(21): Illuminate\\Pipeline\\Pipeline->Illuminate\\Pipeline\\{closure}(Object(Illuminate\\Http\\Request))
#47 /Applications/XAMPP/xamppfiles/htdocs/tmracing/vendor/laravel/framework/src/Illuminate/Foundation/Http/Middleware/ConvertEmptyStringsToNull.php(31): Illuminate\\Foundation\\Http\\Middleware\\TransformsRequest->handle(Object(Illuminate\\Http\\Request), Object(Closure))
#48 /Applications/XAMPP/xamppfiles/htdocs/tmracing/vendor/laravel/framework/src/Illuminate/Pipeline/Pipeline.php(183): Illuminate\\Foundation\\Http\\Middleware\\ConvertEmptyStringsToNull->handle(Object(Illuminate\\Http\\Request), Object(Closure))
#49 /Applications/XAMPP/xamppfiles/htdocs/tmracing/vendor/laravel/framework/src/Illuminate/Foundation/Http/Middleware/TransformsRequest.php(21): Illuminate\\Pipeline\\Pipeline->Illuminate\\Pipeline\\{closure}(Object(Illuminate\\Http\\Request))
#50 /Applications/XAMPP/xamppfiles/htdocs/tmracing/vendor/laravel/framework/src/Illuminate/Foundation/Http/Middleware/TrimStrings.php(40): Illuminate\\Foundation\\Http\\Middleware\\TransformsRequest->handle(Object(Illuminate\\Http\\Request), Object(Closure))
#51 /Applications/XAMPP/xamppfiles/htdocs/tmracing/vendor/laravel/framework/src/Illuminate/Pipeline/Pipeline.php(183): Illuminate\\Foundation\\Http\\Middleware\\TrimStrings->handle(Object(Illuminate\\Http\\Request), Object(Closure))
#52 /Applications/XAMPP/xamppfiles/htdocs/tmracing/vendor/laravel/framework/src/Illuminate/Foundation/Http/Middleware/ValidatePostSize.php(27): Illuminate\\Pipeline\\Pipeline->Illuminate\\Pipeline\\{closure}(Object(Illuminate\\Http\\Request))
#53 /Applications/XAMPP/xamppfiles/htdocs/tmracing/vendor/laravel/framework/src/Illuminate/Pipeline/Pipeline.php(183): Illuminate\\Foundation\\Http\\Middleware\\ValidatePostSize->handle(Object(Illuminate\\Http\\Request), Object(Closure))
#54 /Applications/XAMPP/xamppfiles/htdocs/tmracing/vendor/laravel/framework/src/Illuminate/Pipeline/Pipeline.php(119): Illuminate\\Pipeline\\Pipeline->Illuminate\\Pipeline\\{closure}(Object(Illuminate\\Http\\Request))
#55 /Applications/XAMPP/xamppfiles/htdocs/tmracing/vendor/laravel/framework/src/Illuminate/Foundation/Http/Kernel.php(175): Illuminate\\Pipeline\\Pipeline->then(Object(Closure))
#56 /Applications/XAMPP/xamppfiles/htdocs/tmracing/vendor/laravel/framework/src/Illuminate/Foundation/Http/Kernel.php(144): Illuminate\\Foundation\\Http\\Kernel->sendRequestThroughRouter(Object(Illuminate\\Http\\Request))
#57 /Applications/XAMPP/xamppfiles/htdocs/tmracing/index.php(57): Illuminate\\Foundation\\Http\\Kernel->handle(Object(Illuminate\\Http\\Request))
#58 {main}
"} 
