[2025-11-11 03:51:55] local.ERROR: The /Applications/XAMPP/xamppfiles/htdocs/tmracing/bootstrap/cache directory must be present and writable. {"exception":"[object] (Exception(code: 0): The /Applications/XAMPP/xamppfiles/htdocs/tmracing/bootstrap/cache directory must be present and writable. at /Applications/XAMPP/xamppfiles/htdocs/tmracing/vendor/laravel/framework/src/Illuminate/Foundation/PackageManifest.php:178)
[stacktrace]
#0 /Applications/XAMPP/xamppfiles/htdocs/tmracing/vendor/laravel/framework/src/Illuminate/Foundation/PackageManifest.php(131): Illuminate\\Foundation\\PackageManifest->write(Array)
#1 /Applications/XAMPP/xamppfiles/htdocs/tmracing/vendor/laravel/framework/src/Illuminate/Foundation/PackageManifest.php(107): Illuminate\\Foundation\\PackageManifest->build()
#2 /Applications/XAMPP/xamppfiles/htdocs/tmracing/vendor/laravel/framework/src/Illuminate/Foundation/PackageManifest.php(90): Illuminate\\Foundation\\PackageManifest->getManifest()
#3 /Applications/XAMPP/xamppfiles/htdocs/tmracing/vendor/laravel/framework/src/Illuminate/Foundation/PackageManifest.php(79): Illuminate\\Foundation\\PackageManifest->config('aliases')
#4 /Applications/XAMPP/xamppfiles/htdocs/tmracing/vendor/laravel/framework/src/Illuminate/Foundation/Bootstrap/RegisterFacades.php(26): Illuminate\\Foundation\\PackageManifest->aliases()
#5 /Applications/XAMPP/xamppfiles/htdocs/tmracing/vendor/laravel/framework/src/Illuminate/Foundation/Application.php(263): Illuminate\\Foundation\\Bootstrap\\RegisterFacades->bootstrap(Object(Illuminate\\Foundation\\Application))
#6 /Applications/XAMPP/xamppfiles/htdocs/tmracing/vendor/laravel/framework/src/Illuminate/Foundation/Http/Kernel.php(186): Illuminate\\Foundation\\Application->bootstrapWith(Array)
#7 /Applications/XAMPP/xamppfiles/htdocs/tmracing/vendor/laravel/framework/src/Illuminate/Foundation/Http/Kernel.php(170): Illuminate\\Foundation\\Http\\Kernel->bootstrap()
#8 /Applications/XAMPP/xamppfiles/htdocs/tmracing/vendor/laravel/framework/src/Illuminate/Foundation/Http/Kernel.php(144): Illuminate\\Foundation\\Http\\Kernel->sendRequestThroughRouter(Object(Illuminate\\Http\\Request))
#9 /Applications/XAMPP/xamppfiles/htdocs/tmracing/index.php(56): Illuminate\\Foundation\\Http\\Kernel->handle(Object(Illuminate\\Http\\Request))
#10 {main}
"} 
[2025-11-11 03:52:33] local.ERROR: SQLSTATE[HY000] [2002] Connection refused (Connection: mysql, SQL: select * from `business_settings`) (View: /Applications/XAMPP/xamppfiles/htdocs/tmracing/resources/views/frontend/pages/home/srs.blade.php) {"exception":"[object] (Illuminate\\View\\ViewException(code: 0): SQLSTATE[HY000] [2002] Connection refused (Connection: mysql, SQL: select * from `business_settings`) (View: /Applications/XAMPP/xamppfiles/htdocs/tmracing/resources/views/frontend/pages/home/srs.blade.php) at /Applications/XAMPP/xamppfiles/htdocs/tmracing/vendor/laravel/framework/src/Illuminate/Database/Connection.php:829)
[stacktrace]
#0 /Applications/XAMPP/xamppfiles/htdocs/tmracing/vendor/laravel/framework/src/Illuminate/View/Engines/PhpEngine.php(60): Illuminate\\View\\Engines\\CompilerEngine->handleViewException(Object(Illuminate\\Database\\QueryException), 1)
#1 /Applications/XAMPP/xamppfiles/htdocs/tmracing/vendor/laravel/framework/src/Illuminate/View/Engines/CompilerEngine.php(72): Illuminate\\View\\Engines\\PhpEngine->evaluatePath('/Applications/X...', Array)
#2 /Applications/XAMPP/xamppfiles/htdocs/tmracing/vendor/laravel/framework/src/Illuminate/View/View.php(207): Illuminate\\View\\Engines\\CompilerEngine->get('/Applications/X...', Array)
#3 /Applications/XAMPP/xamppfiles/htdocs/tmracing/vendor/laravel/framework/src/Illuminate/View/View.php(190): Illuminate\\View\\View->getContents()
#4 /Applications/XAMPP/xamppfiles/htdocs/tmracing/vendor/laravel/framework/src/Illuminate/View/View.php(159): Illuminate\\View\\View->renderContents()
#5 /Applications/XAMPP/xamppfiles/htdocs/tmracing/vendor/laravel/framework/src/Illuminate/Http/Response.php(69): Illuminate\\View\\View->render()
#6 /Applications/XAMPP/xamppfiles/htdocs/tmracing/vendor/laravel/framework/src/Illuminate/Http/Response.php(35): Illuminate\\Http\\Response->setContent(Object(Illuminate\\View\\View))
#7 /Applications/XAMPP/xamppfiles/htdocs/tmracing/vendor/laravel/framework/src/Illuminate/Routing/Router.php(918): Illuminate\\Http\\Response->__construct(Object(Illuminate\\View\\View), 200, Array)
#8 /Applications/XAMPP/xamppfiles/htdocs/tmracing/vendor/laravel/framework/src/Illuminate/Routing/Router.php(885): Illuminate\\Routing\\Router::toResponse(Object(Illuminate\\Http\\Request), Object(Illuminate\\View\\View))
#9 /Applications/XAMPP/xamppfiles/htdocs/tmracing/vendor/laravel/framework/src/Illuminate/Routing/Router.php(805): Illuminate\\Routing\\Router->prepareResponse(Object(Illuminate\\Http\\Request), Object(Illuminate\\View\\View))
#10 /Applications/XAMPP/xamppfiles/htdocs/tmracing/vendor/laravel/framework/src/Illuminate/Pipeline/Pipeline.php(144): Illuminate\\Routing\\Router->Illuminate\\Routing\\{closure}(Object(Illuminate\\Http\\Request))
#11 /Applications/XAMPP/xamppfiles/htdocs/tmracing/app/Http/Middleware/CheckForMaintenanceMode.php(58): Illuminate\\Pipeline\\Pipeline->Illuminate\\Pipeline\\{closure}(Object(Illuminate\\Http\\Request))
#12 /Applications/XAMPP/xamppfiles/htdocs/tmracing/vendor/laravel/framework/src/Illuminate/Pipeline/Pipeline.php(183): App\\Http\\Middleware\\CheckForMaintenanceMode->handle(Object(Illuminate\\Http\\Request), Object(Closure))
#13 /Applications/XAMPP/xamppfiles/htdocs/tmracing/app/Http/Middleware/HttpsProtocol.php(20): Illuminate\\Pipeline\\Pipeline->Illuminate\\Pipeline\\{closure}(Object(Illuminate\\Http\\Request))
#14 /Applications/XAMPP/xamppfiles/htdocs/tmracing/vendor/laravel/framework/src/Illuminate/Pipeline/Pipeline.php(183): App\\Http\\Middleware\\HttpsProtocol->handle(Object(Illuminate\\Http\\Request), Object(Closure))
#15 /Applications/XAMPP/xamppfiles/htdocs/tmracing/app/Http/Middleware/Language.php(31): Illuminate\\Pipeline\\Pipeline->Illuminate\\Pipeline\\{closure}(Object(Illuminate\\Http\\Request))
#16 /Applications/XAMPP/xamppfiles/htdocs/tmracing/vendor/laravel/framework/src/Illuminate/Pipeline/Pipeline.php(183): App\\Http\\Middleware\\Language->handle(Object(Illuminate\\Http\\Request), Object(Closure))
#17 /Applications/XAMPP/xamppfiles/htdocs/tmracing/vendor/laravel/framework/src/Illuminate/Routing/Middleware/SubstituteBindings.php(50): Illuminate\\Pipeline\\Pipeline->Illuminate\\Pipeline\\{closure}(Object(Illuminate\\Http\\Request))
#18 /Applications/XAMPP/xamppfiles/htdocs/tmracing/vendor/laravel/framework/src/Illuminate/Pipeline/Pipeline.php(183): Illuminate\\Routing\\Middleware\\SubstituteBindings->handle(Object(Illuminate\\Http\\Request), Object(Closure))
#19 /Applications/XAMPP/xamppfiles/htdocs/tmracing/vendor/laravel/framework/src/Illuminate/Foundation/Http/Middleware/VerifyCsrfToken.php(78): Illuminate\\Pipeline\\Pipeline->Illuminate\\Pipeline\\{closure}(Object(Illuminate\\Http\\Request))
#20 /Applications/XAMPP/xamppfiles/htdocs/tmracing/vendor/laravel/framework/src/Illuminate/Pipeline/Pipeline.php(183): Illuminate\\Foundation\\Http\\Middleware\\VerifyCsrfToken->handle(Object(Illuminate\\Http\\Request), Object(Closure))
#21 /Applications/XAMPP/xamppfiles/htdocs/tmracing/vendor/laravel/framework/src/Illuminate/View/Middleware/ShareErrorsFromSession.php(49): Illuminate\\Pipeline\\Pipeline->Illuminate\\Pipeline\\{closure}(Object(Illuminate\\Http\\Request))
#22 /Applications/XAMPP/xamppfiles/htdocs/tmracing/vendor/laravel/framework/src/Illuminate/Pipeline/Pipeline.php(183): Illuminate\\View\\Middleware\\ShareErrorsFromSession->handle(Object(Illuminate\\Http\\Request), Object(Closure))
#23 /Applications/XAMPP/xamppfiles/htdocs/tmracing/vendor/laravel/framework/src/Illuminate/Session/Middleware/StartSession.php(121): Illuminate\\Pipeline\\Pipeline->Illuminate\\Pipeline\\{closure}(Object(Illuminate\\Http\\Request))
#24 /Applications/XAMPP/xamppfiles/htdocs/tmracing/vendor/laravel/framework/src/Illuminate/Session/Middleware/StartSession.php(64): Illuminate\\Session\\Middleware\\StartSession->handleStatefulRequest(Object(Illuminate\\Http\\Request), Object(Illuminate\\Session\\Store), Object(Closure))
#25 /Applications/XAMPP/xamppfiles/htdocs/tmracing/vendor/laravel/framework/src/Illuminate/Pipeline/Pipeline.php(183): Illuminate\\Session\\Middleware\\StartSession->handle(Object(Illuminate\\Http\\Request), Object(Closure))
#26 /Applications/XAMPP/xamppfiles/htdocs/tmracing/vendor/laravel/framework/src/Illuminate/Cookie/Middleware/AddQueuedCookiesToResponse.php(37): Illuminate\\Pipeline\\Pipeline->Illuminate\\Pipeline\\{closure}(Object(Illuminate\\Http\\Request))
#27 /Applications/XAMPP/xamppfiles/htdocs/tmracing/vendor/laravel/framework/src/Illuminate/Pipeline/Pipeline.php(183): Illuminate\\Cookie\\Middleware\\AddQueuedCookiesToResponse->handle(Object(Illuminate\\Http\\Request), Object(Closure))
#28 /Applications/XAMPP/xamppfiles/htdocs/tmracing/vendor/laravel/framework/src/Illuminate/Pipeline/Pipeline.php(119): Illuminate\\Pipeline\\Pipeline->Illuminate\\Pipeline\\{closure}(Object(Illuminate\\Http\\Request))
#29 /Applications/XAMPP/xamppfiles/htdocs/tmracing/vendor/laravel/framework/src/Illuminate/Routing/Router.php(805): Illuminate\\Pipeline\\Pipeline->then(Object(Closure))
#30 /Applications/XAMPP/xamppfiles/htdocs/tmracing/vendor/laravel/framework/src/Illuminate/Routing/Router.php(784): Illuminate\\Routing\\Router->runRouteWithinStack(Object(Illuminate\\Routing\\Route), Object(Illuminate\\Http\\Request))
#31 /Applications/XAMPP/xamppfiles/htdocs/tmracing/vendor/laravel/framework/src/Illuminate/Routing/Router.php(748): Illuminate\\Routing\\Router->runRoute(Object(Illuminate\\Http\\Request), Object(Illuminate\\Routing\\Route))
#32 /Applications/XAMPP/xamppfiles/htdocs/tmracing/vendor/laravel/framework/src/Illuminate/Routing/Router.php(737): Illuminate\\Routing\\Router->dispatchToRoute(Object(Illuminate\\Http\\Request))
#33 /Applications/XAMPP/xamppfiles/htdocs/tmracing/vendor/laravel/framework/src/Illuminate/Foundation/Http/Kernel.php(200): Illuminate\\Routing\\Router->dispatch(Object(Illuminate\\Http\\Request))
#34 /Applications/XAMPP/xamppfiles/htdocs/tmracing/vendor/laravel/framework/src/Illuminate/Pipeline/Pipeline.php(144): Illuminate\\Foundation\\Http\\Kernel->Illuminate\\Foundation\\Http\\{closure}(Object(Illuminate\\Http\\Request))
#35 /Applications/XAMPP/xamppfiles/htdocs/tmracing/vendor/barryvdh/laravel-debugbar/src/Middleware/InjectDebugbar.php(66): Illuminate\\Pipeline\\Pipeline->Illuminate\\Pipeline\\{closure}(Object(Illuminate\\Http\\Request))
#36 /Applications/XAMPP/xamppfiles/htdocs/tmracing/vendor/laravel/framework/src/Illuminate/Pipeline/Pipeline.php(183): Barryvdh\\Debugbar\\Middleware\\InjectDebugbar->handle(Object(Illuminate\\Http\\Request), Object(Closure))
#37 /Applications/XAMPP/xamppfiles/htdocs/tmracing/vendor/laravel/framework/src/Illuminate/Http/Middleware/TrustProxies.php(39): Illuminate\\Pipeline\\Pipeline->Illuminate\\Pipeline\\{closure}(Object(Illuminate\\Http\\Request))
#38 /Applications/XAMPP/xamppfiles/htdocs/tmracing/vendor/laravel/framework/src/Illuminate/Pipeline/Pipeline.php(183): Illuminate\\Http\\Middleware\\TrustProxies->handle(Object(Illuminate\\Http\\Request), Object(Closure))
#39 /Applications/XAMPP/xamppfiles/htdocs/tmracing/vendor/laravel/framework/src/Illuminate/Foundation/Http/Middleware/TransformsRequest.php(21): Illuminate\\Pipeline\\Pipeline->Illuminate\\Pipeline\\{closure}(Object(Illuminate\\Http\\Request))
#40 /Applications/XAMPP/xamppfiles/htdocs/tmracing/vendor/laravel/framework/src/Illuminate/Foundation/Http/Middleware/ConvertEmptyStringsToNull.php(31): Illuminate\\Foundation\\Http\\Middleware\\TransformsRequest->handle(Object(Illuminate\\Http\\Request), Object(Closure))
#41 /Applications/XAMPP/xamppfiles/htdocs/tmracing/vendor/laravel/framework/src/Illuminate/Pipeline/Pipeline.php(183): Illuminate\\Foundation\\Http\\Middleware\\ConvertEmptyStringsToNull->handle(Object(Illuminate\\Http\\Request), Object(Closure))
#42 /Applications/XAMPP/xamppfiles/htdocs/tmracing/vendor/laravel/framework/src/Illuminate/Foundation/Http/Middleware/TransformsRequest.php(21): Illuminate\\Pipeline\\Pipeline->Illuminate\\Pipeline\\{closure}(Object(Illuminate\\Http\\Request))
#43 /Applications/XAMPP/xamppfiles/htdocs/tmracing/vendor/laravel/framework/src/Illuminate/Foundation/Http/Middleware/TrimStrings.php(40): Illuminate\\Foundation\\Http\\Middleware\\TransformsRequest->handle(Object(Illuminate\\Http\\Request), Object(Closure))
#44 /Applications/XAMPP/xamppfiles/htdocs/tmracing/vendor/laravel/framework/src/Illuminate/Pipeline/Pipeline.php(183): Illuminate\\Foundation\\Http\\Middleware\\TrimStrings->handle(Object(Illuminate\\Http\\Request), Object(Closure))
#45 /Applications/XAMPP/xamppfiles/htdocs/tmracing/vendor/laravel/framework/src/Illuminate/Foundation/Http/Middleware/ValidatePostSize.php(27): Illuminate\\Pipeline\\Pipeline->Illuminate\\Pipeline\\{closure}(Object(Illuminate\\Http\\Request))
#46 /Applications/XAMPP/xamppfiles/htdocs/tmracing/vendor/laravel/framework/src/Illuminate/Pipeline/Pipeline.php(183): Illuminate\\Foundation\\Http\\Middleware\\ValidatePostSize->handle(Object(Illuminate\\Http\\Request), Object(Closure))
#47 /Applications/XAMPP/xamppfiles/htdocs/tmracing/vendor/laravel/framework/src/Illuminate/Pipeline/Pipeline.php(119): Illuminate\\Pipeline\\Pipeline->Illuminate\\Pipeline\\{closure}(Object(Illuminate\\Http\\Request))
#48 /Applications/XAMPP/xamppfiles/htdocs/tmracing/vendor/laravel/framework/src/Illuminate/Foundation/Http/Kernel.php(175): Illuminate\\Pipeline\\Pipeline->then(Object(Closure))
#49 /Applications/XAMPP/xamppfiles/htdocs/tmracing/vendor/laravel/framework/src/Illuminate/Foundation/Http/Kernel.php(144): Illuminate\\Foundation\\Http\\Kernel->sendRequestThroughRouter(Object(Illuminate\\Http\\Request))
#50 /Applications/XAMPP/xamppfiles/htdocs/tmracing/index.php(56): Illuminate\\Foundation\\Http\\Kernel->handle(Object(Illuminate\\Http\\Request))
#51 {main}

[previous exception] [object] (Illuminate\\Database\\QueryException(code: 2002): SQLSTATE[HY000] [2002] Connection refused (Connection: mysql, SQL: select * from `business_settings`) at /Applications/XAMPP/xamppfiles/htdocs/tmracing/vendor/laravel/framework/src/Illuminate/Database/Connection.php:829)
[stacktrace]
#0 /Applications/XAMPP/xamppfiles/htdocs/tmracing/vendor/laravel/framework/src/Illuminate/Database/Connection.php(983): Illuminate\\Database\\Connection->runQueryCallback('select * from `...', Array, Object(Closure))
#1 /Applications/XAMPP/xamppfiles/htdocs/tmracing/vendor/laravel/framework/src/Illuminate/Database/Connection.php(962): Illuminate\\Database\\Connection->tryAgainIfCausedByLostConnection(Object(Illuminate\\Database\\QueryException), 'select * from `...', Array, Object(Closure))
#2 /Applications/XAMPP/xamppfiles/htdocs/tmracing/vendor/laravel/framework/src/Illuminate/Database/Connection.php(785): Illuminate\\Database\\Connection->handleQueryException(Object(Illuminate\\Database\\QueryException), 'select * from `...', Array, Object(Closure))
#3 /Applications/XAMPP/xamppfiles/htdocs/tmracing/vendor/laravel/framework/src/Illuminate/Database/Connection.php(414): Illuminate\\Database\\Connection->run('select * from `...', Array, Object(Closure))
#4 /Applications/XAMPP/xamppfiles/htdocs/tmracing/vendor/laravel/framework/src/Illuminate/Database/Query/Builder.php(2871): Illuminate\\Database\\Connection->select('select * from `...', Array, true)
#5 /Applications/XAMPP/xamppfiles/htdocs/tmracing/vendor/laravel/framework/src/Illuminate/Database/Query/Builder.php(2860): Illuminate\\Database\\Query\\Builder->runSelect()
#6 /Applications/XAMPP/xamppfiles/htdocs/tmracing/vendor/laravel/framework/src/Illuminate/Database/Query/Builder.php(3414): Illuminate\\Database\\Query\\Builder->Illuminate\\Database\\Query\\{closure}()
#7 /Applications/XAMPP/xamppfiles/htdocs/tmracing/vendor/laravel/framework/src/Illuminate/Database/Query/Builder.php(2859): Illuminate\\Database\\Query\\Builder->onceWithColumns(Array, Object(Closure))
#8 /Applications/XAMPP/xamppfiles/htdocs/tmracing/vendor/laravel/framework/src/Illuminate/Database/Eloquent/Builder.php(739): Illuminate\\Database\\Query\\Builder->get(Array)
#9 /Applications/XAMPP/xamppfiles/htdocs/tmracing/vendor/laravel/framework/src/Illuminate/Database/Eloquent/Builder.php(723): Illuminate\\Database\\Eloquent\\Builder->getModels(Array)
#10 /Applications/XAMPP/xamppfiles/htdocs/tmracing/vendor/laravel/framework/src/Illuminate/Database/Eloquent/Model.php(674): Illuminate\\Database\\Eloquent\\Builder->get(Array)
#11 /Applications/XAMPP/xamppfiles/htdocs/tmracing/app/Http/Helpers.php(668): Illuminate\\Database\\Eloquent\\Model::all()
#12 /Applications/XAMPP/xamppfiles/htdocs/tmracing/vendor/laravel/framework/src/Illuminate/Cache/Repository.php(396): {closure}()
#13 /Applications/XAMPP/xamppfiles/htdocs/tmracing/vendor/laravel/framework/src/Illuminate/Cache/CacheManager.php(429): Illuminate\\Cache\\Repository->remember('business_settin...', 86400, Object(Closure))
#14 /Applications/XAMPP/xamppfiles/htdocs/tmracing/vendor/laravel/framework/src/Illuminate/Support/Facades/Facade.php(355): Illuminate\\Cache\\CacheManager->__call('remember', Array)
#15 /Applications/XAMPP/xamppfiles/htdocs/tmracing/app/Http/Helpers.php(667): Illuminate\\Support\\Facades\\Facade::__callStatic('remember', Array)
#16 /Applications/XAMPP/xamppfiles/htdocs/tmracing/storage/framework/views/92d3ae3d8cedb8ca191661c6a58862f6.php(14): get_setting('hero_slider_ima...')
#17 /Applications/XAMPP/xamppfiles/htdocs/tmracing/vendor/laravel/framework/src/Illuminate/Filesystem/Filesystem.php(123): require('/Applications/X...')
#18 /Applications/XAMPP/xamppfiles/htdocs/tmracing/vendor/laravel/framework/src/Illuminate/Filesystem/Filesystem.php(124): Illuminate\\Filesystem\\Filesystem::Illuminate\\Filesystem\\{closure}()
#19 /Applications/XAMPP/xamppfiles/htdocs/tmracing/vendor/laravel/framework/src/Illuminate/View/Engines/PhpEngine.php(58): Illuminate\\Filesystem\\Filesystem->getRequire('/Applications/X...', Array)
#20 /Applications/XAMPP/xamppfiles/htdocs/tmracing/vendor/laravel/framework/src/Illuminate/View/Engines/CompilerEngine.php(72): Illuminate\\View\\Engines\\PhpEngine->evaluatePath('/Applications/X...', Array)
#21 /Applications/XAMPP/xamppfiles/htdocs/tmracing/vendor/laravel/framework/src/Illuminate/View/View.php(207): Illuminate\\View\\Engines\\CompilerEngine->get('/Applications/X...', Array)
#22 /Applications/XAMPP/xamppfiles/htdocs/tmracing/vendor/laravel/framework/src/Illuminate/View/View.php(190): Illuminate\\View\\View->getContents()
#23 /Applications/XAMPP/xamppfiles/htdocs/tmracing/vendor/laravel/framework/src/Illuminate/View/View.php(159): Illuminate\\View\\View->renderContents()
#24 /Applications/XAMPP/xamppfiles/htdocs/tmracing/vendor/laravel/framework/src/Illuminate/Http/Response.php(69): Illuminate\\View\\View->render()
#25 /Applications/XAMPP/xamppfiles/htdocs/tmracing/vendor/laravel/framework/src/Illuminate/Http/Response.php(35): Illuminate\\Http\\Response->setContent(Object(Illuminate\\View\\View))
#26 /Applications/XAMPP/xamppfiles/htdocs/tmracing/vendor/laravel/framework/src/Illuminate/Routing/Router.php(918): Illuminate\\Http\\Response->__construct(Object(Illuminate\\View\\View), 200, Array)
#27 /Applications/XAMPP/xamppfiles/htdocs/tmracing/vendor/laravel/framework/src/Illuminate/Routing/Router.php(885): Illuminate\\Routing\\Router::toResponse(Object(Illuminate\\Http\\Request), Object(Illuminate\\View\\View))
#28 /Applications/XAMPP/xamppfiles/htdocs/tmracing/vendor/laravel/framework/src/Illuminate/Routing/Router.php(805): Illuminate\\Routing\\Router->prepareResponse(Object(Illuminate\\Http\\Request), Object(Illuminate\\View\\View))
#29 /Applications/XAMPP/xamppfiles/htdocs/tmracing/vendor/laravel/framework/src/Illuminate/Pipeline/Pipeline.php(144): Illuminate\\Routing\\Router->Illuminate\\Routing\\{closure}(Object(Illuminate\\Http\\Request))
#30 /Applications/XAMPP/xamppfiles/htdocs/tmracing/app/Http/Middleware/CheckForMaintenanceMode.php(58): Illuminate\\Pipeline\\Pipeline->Illuminate\\Pipeline\\{closure}(Object(Illuminate\\Http\\Request))
#31 /Applications/XAMPP/xamppfiles/htdocs/tmracing/vendor/laravel/framework/src/Illuminate/Pipeline/Pipeline.php(183): App\\Http\\Middleware\\CheckForMaintenanceMode->handle(Object(Illuminate\\Http\\Request), Object(Closure))
#32 /Applications/XAMPP/xamppfiles/htdocs/tmracing/app/Http/Middleware/HttpsProtocol.php(20): Illuminate\\Pipeline\\Pipeline->Illuminate\\Pipeline\\{closure}(Object(Illuminate\\Http\\Request))
#33 /Applications/XAMPP/xamppfiles/htdocs/tmracing/vendor/laravel/framework/src/Illuminate/Pipeline/Pipeline.php(183): App\\Http\\Middleware\\HttpsProtocol->handle(Object(Illuminate\\Http\\Request), Object(Closure))
#34 /Applications/XAMPP/xamppfiles/htdocs/tmracing/app/Http/Middleware/Language.php(31): Illuminate\\Pipeline\\Pipeline->Illuminate\\Pipeline\\{closure}(Object(Illuminate\\Http\\Request))
#35 /Applications/XAMPP/xamppfiles/htdocs/tmracing/vendor/laravel/framework/src/Illuminate/Pipeline/Pipeline.php(183): App\\Http\\Middleware\\Language->handle(Object(Illuminate\\Http\\Request), Object(Closure))
#36 /Applications/XAMPP/xamppfiles/htdocs/tmracing/vendor/laravel/framework/src/Illuminate/Routing/Middleware/SubstituteBindings.php(50): Illuminate\\Pipeline\\Pipeline->Illuminate\\Pipeline\\{closure}(Object(Illuminate\\Http\\Request))
#37 /Applications/XAMPP/xamppfiles/htdocs/tmracing/vendor/laravel/framework/src/Illuminate/Pipeline/Pipeline.php(183): Illuminate\\Routing\\Middleware\\SubstituteBindings->handle(Object(Illuminate\\Http\\Request), Object(Closure))
#38 /Applications/XAMPP/xamppfiles/htdocs/tmracing/vendor/laravel/framework/src/Illuminate/Foundation/Http/Middleware/VerifyCsrfToken.php(78): Illuminate\\Pipeline\\Pipeline->Illuminate\\Pipeline\\{closure}(Object(Illuminate\\Http\\Request))
#39 /Applications/XAMPP/xamppfiles/htdocs/tmracing/vendor/laravel/framework/src/Illuminate/Pipeline/Pipeline.php(183): Illuminate\\Foundation\\Http\\Middleware\\VerifyCsrfToken->handle(Object(Illuminate\\Http\\Request), Object(Closure))
#40 /Applications/XAMPP/xamppfiles/htdocs/tmracing/vendor/laravel/framework/src/Illuminate/View/Middleware/ShareErrorsFromSession.php(49): Illuminate\\Pipeline\\Pipeline->Illuminate\\Pipeline\\{closure}(Object(Illuminate\\Http\\Request))
#41 /Applications/XAMPP/xamppfiles/htdocs/tmracing/vendor/laravel/framework/src/Illuminate/Pipeline/Pipeline.php(183): Illuminate\\View\\Middleware\\ShareErrorsFromSession->handle(Object(Illuminate\\Http\\Request), Object(Closure))
#42 /Applications/XAMPP/xamppfiles/htdocs/tmracing/vendor/laravel/framework/src/Illuminate/Session/Middleware/StartSession.php(121): Illuminate\\Pipeline\\Pipeline->Illuminate\\Pipeline\\{closure}(Object(Illuminate\\Http\\Request))
#43 /Applications/XAMPP/xamppfiles/htdocs/tmracing/vendor/laravel/framework/src/Illuminate/Session/Middleware/StartSession.php(64): Illuminate\\Session\\Middleware\\StartSession->handleStatefulRequest(Object(Illuminate\\Http\\Request), Object(Illuminate\\Session\\Store), Object(Closure))
#44 /Applications/XAMPP/xamppfiles/htdocs/tmracing/vendor/laravel/framework/src/Illuminate/Pipeline/Pipeline.php(183): Illuminate\\Session\\Middleware\\StartSession->handle(Object(Illuminate\\Http\\Request), Object(Closure))
#45 /Applications/XAMPP/xamppfiles/htdocs/tmracing/vendor/laravel/framework/src/Illuminate/Cookie/Middleware/AddQueuedCookiesToResponse.php(37): Illuminate\\Pipeline\\Pipeline->Illuminate\\Pipeline\\{closure}(Object(Illuminate\\Http\\Request))
#46 /Applications/XAMPP/xamppfiles/htdocs/tmracing/vendor/laravel/framework/src/Illuminate/Pipeline/Pipeline.php(183): Illuminate\\Cookie\\Middleware\\AddQueuedCookiesToResponse->handle(Object(Illuminate\\Http\\Request), Object(Closure))
#47 /Applications/XAMPP/xamppfiles/htdocs/tmracing/vendor/laravel/framework/src/Illuminate/Pipeline/Pipeline.php(119): Illuminate\\Pipeline\\Pipeline->Illuminate\\Pipeline\\{closure}(Object(Illuminate\\Http\\Request))
#48 /Applications/XAMPP/xamppfiles/htdocs/tmracing/vendor/laravel/framework/src/Illuminate/Routing/Router.php(805): Illuminate\\Pipeline\\Pipeline->then(Object(Closure))
#49 /Applications/XAMPP/xamppfiles/htdocs/tmracing/vendor/laravel/framework/src/Illuminate/Routing/Router.php(784): Illuminate\\Routing\\Router->runRouteWithinStack(Object(Illuminate\\Routing\\Route), Object(Illuminate\\Http\\Request))
#50 /Applications/XAMPP/xamppfiles/htdocs/tmracing/vendor/laravel/framework/src/Illuminate/Routing/Router.php(748): Illuminate\\Routing\\Router->runRoute(Object(Illuminate\\Http\\Request), Object(Illuminate\\Routing\\Route))
#51 /Applications/XAMPP/xamppfiles/htdocs/tmracing/vendor/laravel/framework/src/Illuminate/Routing/Router.php(737): Illuminate\\Routing\\Router->dispatchToRoute(Object(Illuminate\\Http\\Request))
#52 /Applications/XAMPP/xamppfiles/htdocs/tmracing/vendor/laravel/framework/src/Illuminate/Foundation/Http/Kernel.php(200): Illuminate\\Routing\\Router->dispatch(Object(Illuminate\\Http\\Request))
#53 /Applications/XAMPP/xamppfiles/htdocs/tmracing/vendor/laravel/framework/src/Illuminate/Pipeline/Pipeline.php(144): Illuminate\\Foundation\\Http\\Kernel->Illuminate\\Foundation\\Http\\{closure}(Object(Illuminate\\Http\\Request))
#54 /Applications/XAMPP/xamppfiles/htdocs/tmracing/vendor/barryvdh/laravel-debugbar/src/Middleware/InjectDebugbar.php(66): Illuminate\\Pipeline\\Pipeline->Illuminate\\Pipeline\\{closure}(Object(Illuminate\\Http\\Request))
#55 /Applications/XAMPP/xamppfiles/htdocs/tmracing/vendor/laravel/framework/src/Illuminate/Pipeline/Pipeline.php(183): Barryvdh\\Debugbar\\Middleware\\InjectDebugbar->handle(Object(Illuminate\\Http\\Request), Object(Closure))
#56 /Applications/XAMPP/xamppfiles/htdocs/tmracing/vendor/laravel/framework/src/Illuminate/Http/Middleware/TrustProxies.php(39): Illuminate\\Pipeline\\Pipeline->Illuminate\\Pipeline\\{closure}(Object(Illuminate\\Http\\Request))
#57 /Applications/XAMPP/xamppfiles/htdocs/tmracing/vendor/laravel/framework/src/Illuminate/Pipeline/Pipeline.php(183): Illuminate\\Http\\Middleware\\TrustProxies->handle(Object(Illuminate\\Http\\Request), Object(Closure))
#58 /Applications/XAMPP/xamppfiles/htdocs/tmracing/vendor/laravel/framework/src/Illuminate/Foundation/Http/Middleware/TransformsRequest.php(21): Illuminate\\Pipeline\\Pipeline->Illuminate\\Pipeline\\{closure}(Object(Illuminate\\Http\\Request))
#59 /Applications/XAMPP/xamppfiles/htdocs/tmracing/vendor/laravel/framework/src/Illuminate/Foundation/Http/Middleware/ConvertEmptyStringsToNull.php(31): Illuminate\\Foundation\\Http\\Middleware\\TransformsRequest->handle(Object(Illuminate\\Http\\Request), Object(Closure))
#60 /Applications/XAMPP/xamppfiles/htdocs/tmracing/vendor/laravel/framework/src/Illuminate/Pipeline/Pipeline.php(183): Illuminate\\Foundation\\Http\\Middleware\\ConvertEmptyStringsToNull->handle(Object(Illuminate\\Http\\Request), Object(Closure))
#61 /Applications/XAMPP/xamppfiles/htdocs/tmracing/vendor/laravel/framework/src/Illuminate/Foundation/Http/Middleware/TransformsRequest.php(21): Illuminate\\Pipeline\\Pipeline->Illuminate\\Pipeline\\{closure}(Object(Illuminate\\Http\\Request))
#62 /Applications/XAMPP/xamppfiles/htdocs/tmracing/vendor/laravel/framework/src/Illuminate/Foundation/Http/Middleware/TrimStrings.php(40): Illuminate\\Foundation\\Http\\Middleware\\TransformsRequest->handle(Object(Illuminate\\Http\\Request), Object(Closure))
#63 /Applications/XAMPP/xamppfiles/htdocs/tmracing/vendor/laravel/framework/src/Illuminate/Pipeline/Pipeline.php(183): Illuminate\\Foundation\\Http\\Middleware\\TrimStrings->handle(Object(Illuminate\\Http\\Request), Object(Closure))
#64 /Applications/XAMPP/xamppfiles/htdocs/tmracing/vendor/laravel/framework/src/Illuminate/Foundation/Http/Middleware/ValidatePostSize.php(27): Illuminate\\Pipeline\\Pipeline->Illuminate\\Pipeline\\{closure}(Object(Illuminate\\Http\\Request))
#65 /Applications/XAMPP/xamppfiles/htdocs/tmracing/vendor/laravel/framework/src/Illuminate/Pipeline/Pipeline.php(183): Illuminate\\Foundation\\Http\\Middleware\\ValidatePostSize->handle(Object(Illuminate\\Http\\Request), Object(Closure))
#66 /Applications/XAMPP/xamppfiles/htdocs/tmracing/vendor/laravel/framework/src/Illuminate/Pipeline/Pipeline.php(119): Illuminate\\Pipeline\\Pipeline->Illuminate\\Pipeline\\{closure}(Object(Illuminate\\Http\\Request))
#67 /Applications/XAMPP/xamppfiles/htdocs/tmracing/vendor/laravel/framework/src/Illuminate/Foundation/Http/Kernel.php(175): Illuminate\\Pipeline\\Pipeline->then(Object(Closure))
#68 /Applications/XAMPP/xamppfiles/htdocs/tmracing/vendor/laravel/framework/src/Illuminate/Foundation/Http/Kernel.php(144): Illuminate\\Foundation\\Http\\Kernel->sendRequestThroughRouter(Object(Illuminate\\Http\\Request))
#69 /Applications/XAMPP/xamppfiles/htdocs/tmracing/index.php(56): Illuminate\\Foundation\\Http\\Kernel->handle(Object(Illuminate\\Http\\Request))
#70 {main}

[previous exception] [object] (PDOException(code: 2002): SQLSTATE[HY000] [2002] Connection refused at /Applications/XAMPP/xamppfiles/htdocs/tmracing/vendor/laravel/framework/src/Illuminate/Database/Connectors/Connector.php:65)
[stacktrace]
#0 /Applications/XAMPP/xamppfiles/htdocs/tmracing/vendor/laravel/framework/src/Illuminate/Database/Connectors/Connector.php(65): PDO->__construct('mysql:host=127....', 'root', Object(SensitiveParameterValue), Array)
#1 /Applications/XAMPP/xamppfiles/htdocs/tmracing/vendor/laravel/framework/src/Illuminate/Database/Connectors/Connector.php(83): Illuminate\\Database\\Connectors\\Connector->createPdoConnection('mysql:host=127....', 'root', 'root', Array)
#2 /Applications/XAMPP/xamppfiles/htdocs/tmracing/vendor/laravel/framework/src/Illuminate/Database/Connectors/Connector.php(48): Illuminate\\Database\\Connectors\\Connector->tryAgainIfCausedByLostConnection(Object(PDOException), 'mysql:host=127....', 'root', 'root', Array)
#3 /Applications/XAMPP/xamppfiles/htdocs/tmracing/vendor/laravel/framework/src/Illuminate/Database/Connectors/MySqlConnector.php(24): Illuminate\\Database\\Connectors\\Connector->createConnection('mysql:host=127....', Array, Array)
#4 /Applications/XAMPP/xamppfiles/htdocs/tmracing/vendor/laravel/framework/src/Illuminate/Database/Connectors/ConnectionFactory.php(184): Illuminate\\Database\\Connectors\\MySqlConnector->connect(Array)
#5 [internal function]: Illuminate\\Database\\Connectors\\ConnectionFactory->Illuminate\\Database\\Connectors\\{closure}()
#6 /Applications/XAMPP/xamppfiles/htdocs/tmracing/vendor/laravel/framework/src/Illuminate/Database/Connection.php(1339): call_user_func(Object(Closure))
#7 /Applications/XAMPP/xamppfiles/htdocs/tmracing/vendor/laravel/framework/src/Illuminate/Database/Connection.php(1375): Illuminate\\Database\\Connection->getPdo()
#8 /Applications/XAMPP/xamppfiles/htdocs/tmracing/vendor/laravel/framework/src/Illuminate/Database/Connection.php(528): Illuminate\\Database\\Connection->getReadPdo()
#9 /Applications/XAMPP/xamppfiles/htdocs/tmracing/vendor/laravel/framework/src/Illuminate/Database/Connection.php(423): Illuminate\\Database\\Connection->getPdoForSelect(true)
#10 /Applications/XAMPP/xamppfiles/htdocs/tmracing/vendor/laravel/framework/src/Illuminate/Database/Connection.php(816): Illuminate\\Database\\Connection->Illuminate\\Database\\{closure}('select * from `...', Array)
#11 /Applications/XAMPP/xamppfiles/htdocs/tmracing/vendor/laravel/framework/src/Illuminate/Database/Connection.php(983): Illuminate\\Database\\Connection->runQueryCallback('select * from `...', Array, Object(Closure))
#12 /Applications/XAMPP/xamppfiles/htdocs/tmracing/vendor/laravel/framework/src/Illuminate/Database/Connection.php(962): Illuminate\\Database\\Connection->tryAgainIfCausedByLostConnection(Object(Illuminate\\Database\\QueryException), 'select * from `...', Array, Object(Closure))
#13 /Applications/XAMPP/xamppfiles/htdocs/tmracing/vendor/laravel/framework/src/Illuminate/Database/Connection.php(785): Illuminate\\Database\\Connection->handleQueryException(Object(Illuminate\\Database\\QueryException), 'select * from `...', Array, Object(Closure))
#14 /Applications/XAMPP/xamppfiles/htdocs/tmracing/vendor/laravel/framework/src/Illuminate/Database/Connection.php(414): Illuminate\\Database\\Connection->run('select * from `...', Array, Object(Closure))
#15 /Applications/XAMPP/xamppfiles/htdocs/tmracing/vendor/laravel/framework/src/Illuminate/Database/Query/Builder.php(2871): Illuminate\\Database\\Connection->select('select * from `...', Array, true)
#16 /Applications/XAMPP/xamppfiles/htdocs/tmracing/vendor/laravel/framework/src/Illuminate/Database/Query/Builder.php(2860): Illuminate\\Database\\Query\\Builder->runSelect()
#17 /Applications/XAMPP/xamppfiles/htdocs/tmracing/vendor/laravel/framework/src/Illuminate/Database/Query/Builder.php(3414): Illuminate\\Database\\Query\\Builder->Illuminate\\Database\\Query\\{closure}()
#18 /Applications/XAMPP/xamppfiles/htdocs/tmracing/vendor/laravel/framework/src/Illuminate/Database/Query/Builder.php(2859): Illuminate\\Database\\Query\\Builder->onceWithColumns(Array, Object(Closure))
#19 /Applications/XAMPP/xamppfiles/htdocs/tmracing/vendor/laravel/framework/src/Illuminate/Database/Eloquent/Builder.php(739): Illuminate\\Database\\Query\\Builder->get(Array)
#20 /Applications/XAMPP/xamppfiles/htdocs/tmracing/vendor/laravel/framework/src/Illuminate/Database/Eloquent/Builder.php(723): Illuminate\\Database\\Eloquent\\Builder->getModels(Array)
#21 /Applications/XAMPP/xamppfiles/htdocs/tmracing/vendor/laravel/framework/src/Illuminate/Database/Eloquent/Model.php(674): Illuminate\\Database\\Eloquent\\Builder->get(Array)
#22 /Applications/XAMPP/xamppfiles/htdocs/tmracing/app/Http/Helpers.php(668): Illuminate\\Database\\Eloquent\\Model::all()
#23 /Applications/XAMPP/xamppfiles/htdocs/tmracing/vendor/laravel/framework/src/Illuminate/Cache/Repository.php(396): {closure}()
#24 /Applications/XAMPP/xamppfiles/htdocs/tmracing/vendor/laravel/framework/src/Illuminate/Cache/CacheManager.php(429): Illuminate\\Cache\\Repository->remember('business_settin...', 86400, Object(Closure))
#25 /Applications/XAMPP/xamppfiles/htdocs/tmracing/vendor/laravel/framework/src/Illuminate/Support/Facades/Facade.php(355): Illuminate\\Cache\\CacheManager->__call('remember', Array)
#26 /Applications/XAMPP/xamppfiles/htdocs/tmracing/app/Http/Helpers.php(667): Illuminate\\Support\\Facades\\Facade::__callStatic('remember', Array)
#27 /Applications/XAMPP/xamppfiles/htdocs/tmracing/storage/framework/views/92d3ae3d8cedb8ca191661c6a58862f6.php(14): get_setting('hero_slider_ima...')
#28 /Applications/XAMPP/xamppfiles/htdocs/tmracing/vendor/laravel/framework/src/Illuminate/Filesystem/Filesystem.php(123): require('/Applications/X...')
#29 /Applications/XAMPP/xamppfiles/htdocs/tmracing/vendor/laravel/framework/src/Illuminate/Filesystem/Filesystem.php(124): Illuminate\\Filesystem\\Filesystem::Illuminate\\Filesystem\\{closure}()
#30 /Applications/XAMPP/xamppfiles/htdocs/tmracing/vendor/laravel/framework/src/Illuminate/View/Engines/PhpEngine.php(58): Illuminate\\Filesystem\\Filesystem->getRequire('/Applications/X...', Array)
#31 /Applications/XAMPP/xamppfiles/htdocs/tmracing/vendor/laravel/framework/src/Illuminate/View/Engines/CompilerEngine.php(72): Illuminate\\View\\Engines\\PhpEngine->evaluatePath('/Applications/X...', Array)
#32 /Applications/XAMPP/xamppfiles/htdocs/tmracing/vendor/laravel/framework/src/Illuminate/View/View.php(207): Illuminate\\View\\Engines\\CompilerEngine->get('/Applications/X...', Array)
#33 /Applications/XAMPP/xamppfiles/htdocs/tmracing/vendor/laravel/framework/src/Illuminate/View/View.php(190): Illuminate\\View\\View->getContents()
#34 /Applications/XAMPP/xamppfiles/htdocs/tmracing/vendor/laravel/framework/src/Illuminate/View/View.php(159): Illuminate\\View\\View->renderContents()
#35 /Applications/XAMPP/xamppfiles/htdocs/tmracing/vendor/laravel/framework/src/Illuminate/Http/Response.php(69): Illuminate\\View\\View->render()
#36 /Applications/XAMPP/xamppfiles/htdocs/tmracing/vendor/laravel/framework/src/Illuminate/Http/Response.php(35): Illuminate\\Http\\Response->setContent(Object(Illuminate\\View\\View))
#37 /Applications/XAMPP/xamppfiles/htdocs/tmracing/vendor/laravel/framework/src/Illuminate/Routing/Router.php(918): Illuminate\\Http\\Response->__construct(Object(Illuminate\\View\\View), 200, Array)
#38 /Applications/XAMPP/xamppfiles/htdocs/tmracing/vendor/laravel/framework/src/Illuminate/Routing/Router.php(885): Illuminate\\Routing\\Router::toResponse(Object(Illuminate\\Http\\Request), Object(Illuminate\\View\\View))
#39 /Applications/XAMPP/xamppfiles/htdocs/tmracing/vendor/laravel/framework/src/Illuminate/Routing/Router.php(805): Illuminate\\Routing\\Router->prepareResponse(Object(Illuminate\\Http\\Request), Object(Illuminate\\View\\View))
#40 /Applications/XAMPP/xamppfiles/htdocs/tmracing/vendor/laravel/framework/src/Illuminate/Pipeline/Pipeline.php(144): Illuminate\\Routing\\Router->Illuminate\\Routing\\{closure}(Object(Illuminate\\Http\\Request))
#41 /Applications/XAMPP/xamppfiles/htdocs/tmracing/app/Http/Middleware/CheckForMaintenanceMode.php(58): Illuminate\\Pipeline\\Pipeline->Illuminate\\Pipeline\\{closure}(Object(Illuminate\\Http\\Request))
#42 /Applications/XAMPP/xamppfiles/htdocs/tmracing/vendor/laravel/framework/src/Illuminate/Pipeline/Pipeline.php(183): App\\Http\\Middleware\\CheckForMaintenanceMode->handle(Object(Illuminate\\Http\\Request), Object(Closure))
#43 /Applications/XAMPP/xamppfiles/htdocs/tmracing/app/Http/Middleware/HttpsProtocol.php(20): Illuminate\\Pipeline\\Pipeline->Illuminate\\Pipeline\\{closure}(Object(Illuminate\\Http\\Request))
#44 /Applications/XAMPP/xamppfiles/htdocs/tmracing/vendor/laravel/framework/src/Illuminate/Pipeline/Pipeline.php(183): App\\Http\\Middleware\\HttpsProtocol->handle(Object(Illuminate\\Http\\Request), Object(Closure))
#45 /Applications/XAMPP/xamppfiles/htdocs/tmracing/app/Http/Middleware/Language.php(31): Illuminate\\Pipeline\\Pipeline->Illuminate\\Pipeline\\{closure}(Object(Illuminate\\Http\\Request))
#46 /Applications/XAMPP/xamppfiles/htdocs/tmracing/vendor/laravel/framework/src/Illuminate/Pipeline/Pipeline.php(183): App\\Http\\Middleware\\Language->handle(Object(Illuminate\\Http\\Request), Object(Closure))
#47 /Applications/XAMPP/xamppfiles/htdocs/tmracing/vendor/laravel/framework/src/Illuminate/Routing/Middleware/SubstituteBindings.php(50): Illuminate\\Pipeline\\Pipeline->Illuminate\\Pipeline\\{closure}(Object(Illuminate\\Http\\Request))
#48 /Applications/XAMPP/xamppfiles/htdocs/tmracing/vendor/laravel/framework/src/Illuminate/Pipeline/Pipeline.php(183): Illuminate\\Routing\\Middleware\\SubstituteBindings->handle(Object(Illuminate\\Http\\Request), Object(Closure))
#49 /Applications/XAMPP/xamppfiles/htdocs/tmracing/vendor/laravel/framework/src/Illuminate/Foundation/Http/Middleware/VerifyCsrfToken.php(78): Illuminate\\Pipeline\\Pipeline->Illuminate\\Pipeline\\{closure}(Object(Illuminate\\Http\\Request))
#50 /Applications/XAMPP/xamppfiles/htdocs/tmracing/vendor/laravel/framework/src/Illuminate/Pipeline/Pipeline.php(183): Illuminate\\Foundation\\Http\\Middleware\\VerifyCsrfToken->handle(Object(Illuminate\\Http\\Request), Object(Closure))
#51 /Applications/XAMPP/xamppfiles/htdocs/tmracing/vendor/laravel/framework/src/Illuminate/View/Middleware/ShareErrorsFromSession.php(49): Illuminate\\Pipeline\\Pipeline->Illuminate\\Pipeline\\{closure}(Object(Illuminate\\Http\\Request))
#52 /Applications/XAMPP/xamppfiles/htdocs/tmracing/vendor/laravel/framework/src/Illuminate/Pipeline/Pipeline.php(183): Illuminate\\View\\Middleware\\ShareErrorsFromSession->handle(Object(Illuminate\\Http\\Request), Object(Closure))
#53 /Applications/XAMPP/xamppfiles/htdocs/tmracing/vendor/laravel/framework/src/Illuminate/Session/Middleware/StartSession.php(121): Illuminate\\Pipeline\\Pipeline->Illuminate\\Pipeline\\{closure}(Object(Illuminate\\Http\\Request))
#54 /Applications/XAMPP/xamppfiles/htdocs/tmracing/vendor/laravel/framework/src/Illuminate/Session/Middleware/StartSession.php(64): Illuminate\\Session\\Middleware\\StartSession->handleStatefulRequest(Object(Illuminate\\Http\\Request), Object(Illuminate\\Session\\Store), Object(Closure))
#55 /Applications/XAMPP/xamppfiles/htdocs/tmracing/vendor/laravel/framework/src/Illuminate/Pipeline/Pipeline.php(183): Illuminate\\Session\\Middleware\\StartSession->handle(Object(Illuminate\\Http\\Request), Object(Closure))
#56 /Applications/XAMPP/xamppfiles/htdocs/tmracing/vendor/laravel/framework/src/Illuminate/Cookie/Middleware/AddQueuedCookiesToResponse.php(37): Illuminate\\Pipeline\\Pipeline->Illuminate\\Pipeline\\{closure}(Object(Illuminate\\Http\\Request))
#57 /Applications/XAMPP/xamppfiles/htdocs/tmracing/vendor/laravel/framework/src/Illuminate/Pipeline/Pipeline.php(183): Illuminate\\Cookie\\Middleware\\AddQueuedCookiesToResponse->handle(Object(Illuminate\\Http\\Request), Object(Closure))
#58 /Applications/XAMPP/xamppfiles/htdocs/tmracing/vendor/laravel/framework/src/Illuminate/Pipeline/Pipeline.php(119): Illuminate\\Pipeline\\Pipeline->Illuminate\\Pipeline\\{closure}(Object(Illuminate\\Http\\Request))
#59 /Applications/XAMPP/xamppfiles/htdocs/tmracing/vendor/laravel/framework/src/Illuminate/Routing/Router.php(805): Illuminate\\Pipeline\\Pipeline->then(Object(Closure))
#60 /Applications/XAMPP/xamppfiles/htdocs/tmracing/vendor/laravel/framework/src/Illuminate/Routing/Router.php(784): Illuminate\\Routing\\Router->runRouteWithinStack(Object(Illuminate\\Routing\\Route), Object(Illuminate\\Http\\Request))
#61 /Applications/XAMPP/xamppfiles/htdocs/tmracing/vendor/laravel/framework/src/Illuminate/Routing/Router.php(748): Illuminate\\Routing\\Router->runRoute(Object(Illuminate\\Http\\Request), Object(Illuminate\\Routing\\Route))
#62 /Applications/XAMPP/xamppfiles/htdocs/tmracing/vendor/laravel/framework/src/Illuminate/Routing/Router.php(737): Illuminate\\Routing\\Router->dispatchToRoute(Object(Illuminate\\Http\\Request))
#63 /Applications/XAMPP/xamppfiles/htdocs/tmracing/vendor/laravel/framework/src/Illuminate/Foundation/Http/Kernel.php(200): Illuminate\\Routing\\Router->dispatch(Object(Illuminate\\Http\\Request))
#64 /Applications/XAMPP/xamppfiles/htdocs/tmracing/vendor/laravel/framework/src/Illuminate/Pipeline/Pipeline.php(144): Illuminate\\Foundation\\Http\\Kernel->Illuminate\\Foundation\\Http\\{closure}(Object(Illuminate\\Http\\Request))
#65 /Applications/XAMPP/xamppfiles/htdocs/tmracing/vendor/barryvdh/laravel-debugbar/src/Middleware/InjectDebugbar.php(66): Illuminate\\Pipeline\\Pipeline->Illuminate\\Pipeline\\{closure}(Object(Illuminate\\Http\\Request))
#66 /Applications/XAMPP/xamppfiles/htdocs/tmracing/vendor/laravel/framework/src/Illuminate/Pipeline/Pipeline.php(183): Barryvdh\\Debugbar\\Middleware\\InjectDebugbar->handle(Object(Illuminate\\Http\\Request), Object(Closure))
#67 /Applications/XAMPP/xamppfiles/htdocs/tmracing/vendor/laravel/framework/src/Illuminate/Http/Middleware/TrustProxies.php(39): Illuminate\\Pipeline\\Pipeline->Illuminate\\Pipeline\\{closure}(Object(Illuminate\\Http\\Request))
#68 /Applications/XAMPP/xamppfiles/htdocs/tmracing/vendor/laravel/framework/src/Illuminate/Pipeline/Pipeline.php(183): Illuminate\\Http\\Middleware\\TrustProxies->handle(Object(Illuminate\\Http\\Request), Object(Closure))
#69 /Applications/XAMPP/xamppfiles/htdocs/tmracing/vendor/laravel/framework/src/Illuminate/Foundation/Http/Middleware/TransformsRequest.php(21): Illuminate\\Pipeline\\Pipeline->Illuminate\\Pipeline\\{closure}(Object(Illuminate\\Http\\Request))
#70 /Applications/XAMPP/xamppfiles/htdocs/tmracing/vendor/laravel/framework/src/Illuminate/Foundation/Http/Middleware/ConvertEmptyStringsToNull.php(31): Illuminate\\Foundation\\Http\\Middleware\\TransformsRequest->handle(Object(Illuminate\\Http\\Request), Object(Closure))
#71 /Applications/XAMPP/xamppfiles/htdocs/tmracing/vendor/laravel/framework/src/Illuminate/Pipeline/Pipeline.php(183): Illuminate\\Foundation\\Http\\Middleware\\ConvertEmptyStringsToNull->handle(Object(Illuminate\\Http\\Request), Object(Closure))
#72 /Applications/XAMPP/xamppfiles/htdocs/tmracing/vendor/laravel/framework/src/Illuminate/Foundation/Http/Middleware/TransformsRequest.php(21): Illuminate\\Pipeline\\Pipeline->Illuminate\\Pipeline\\{closure}(Object(Illuminate\\Http\\Request))
#73 /Applications/XAMPP/xamppfiles/htdocs/tmracing/vendor/laravel/framework/src/Illuminate/Foundation/Http/Middleware/TrimStrings.php(40): Illuminate\\Foundation\\Http\\Middleware\\TransformsRequest->handle(Object(Illuminate\\Http\\Request), Object(Closure))
#74 /Applications/XAMPP/xamppfiles/htdocs/tmracing/vendor/laravel/framework/src/Illuminate/Pipeline/Pipeline.php(183): Illuminate\\Foundation\\Http\\Middleware\\TrimStrings->handle(Object(Illuminate\\Http\\Request), Object(Closure))
#75 /Applications/XAMPP/xamppfiles/htdocs/tmracing/vendor/laravel/framework/src/Illuminate/Foundation/Http/Middleware/ValidatePostSize.php(27): Illuminate\\Pipeline\\Pipeline->Illuminate\\Pipeline\\{closure}(Object(Illuminate\\Http\\Request))
#76 /Applications/XAMPP/xamppfiles/htdocs/tmracing/vendor/laravel/framework/src/Illuminate/Pipeline/Pipeline.php(183): Illuminate\\Foundation\\Http\\Middleware\\ValidatePostSize->handle(Object(Illuminate\\Http\\Request), Object(Closure))
#77 /Applications/XAMPP/xamppfiles/htdocs/tmracing/vendor/laravel/framework/src/Illuminate/Pipeline/Pipeline.php(119): Illuminate\\Pipeline\\Pipeline->Illuminate\\Pipeline\\{closure}(Object(Illuminate\\Http\\Request))
#78 /Applications/XAMPP/xamppfiles/htdocs/tmracing/vendor/laravel/framework/src/Illuminate/Foundation/Http/Kernel.php(175): Illuminate\\Pipeline\\Pipeline->then(Object(Closure))
#79 /Applications/XAMPP/xamppfiles/htdocs/tmracing/vendor/laravel/framework/src/Illuminate/Foundation/Http/Kernel.php(144): Illuminate\\Foundation\\Http\\Kernel->sendRequestThroughRouter(Object(Illuminate\\Http\\Request))
#80 /Applications/XAMPP/xamppfiles/htdocs/tmracing/index.php(56): Illuminate\\Foundation\\Http\\Kernel->handle(Object(Illuminate\\Http\\Request))
#81 {main}
"} 
[2025-11-11 03:52:51] local.ERROR: SQLSTATE[HY000] [2002] Connection refused (Connection: mysql, SQL: select * from `business_settings`) (View: /Applications/XAMPP/xamppfiles/htdocs/tmracing/resources/views/frontend/pages/home/srs.blade.php) {"exception":"[object] (Illuminate\\View\\ViewException(code: 0): SQLSTATE[HY000] [2002] Connection refused (Connection: mysql, SQL: select * from `business_settings`) (View: /Applications/XAMPP/xamppfiles/htdocs/tmracing/resources/views/frontend/pages/home/srs.blade.php) at /Applications/XAMPP/xamppfiles/htdocs/tmracing/vendor/laravel/framework/src/Illuminate/Database/Connection.php:829)
[stacktrace]
#0 /Applications/XAMPP/xamppfiles/htdocs/tmracing/vendor/laravel/framework/src/Illuminate/View/Engines/PhpEngine.php(60): Illuminate\\View\\Engines\\CompilerEngine->handleViewException(Object(Illuminate\\Database\\QueryException), 1)
#1 /Applications/XAMPP/xamppfiles/htdocs/tmracing/vendor/laravel/framework/src/Illuminate/View/Engines/CompilerEngine.php(72): Illuminate\\View\\Engines\\PhpEngine->evaluatePath('/Applications/X...', Array)
#2 /Applications/XAMPP/xamppfiles/htdocs/tmracing/vendor/laravel/framework/src/Illuminate/View/View.php(207): Illuminate\\View\\Engines\\CompilerEngine->get('/Applications/X...', Array)
#3 /Applications/XAMPP/xamppfiles/htdocs/tmracing/vendor/laravel/framework/src/Illuminate/View/View.php(190): Illuminate\\View\\View->getContents()
#4 /Applications/XAMPP/xamppfiles/htdocs/tmracing/vendor/laravel/framework/src/Illuminate/View/View.php(159): Illuminate\\View\\View->renderContents()
#5 /Applications/XAMPP/xamppfiles/htdocs/tmracing/vendor/laravel/framework/src/Illuminate/Http/Response.php(69): Illuminate\\View\\View->render()
#6 /Applications/XAMPP/xamppfiles/htdocs/tmracing/vendor/laravel/framework/src/Illuminate/Http/Response.php(35): Illuminate\\Http\\Response->setContent(Object(Illuminate\\View\\View))
#7 /Applications/XAMPP/xamppfiles/htdocs/tmracing/vendor/laravel/framework/src/Illuminate/Routing/Router.php(918): Illuminate\\Http\\Response->__construct(Object(Illuminate\\View\\View), 200, Array)
#8 /Applications/XAMPP/xamppfiles/htdocs/tmracing/vendor/laravel/framework/src/Illuminate/Routing/Router.php(885): Illuminate\\Routing\\Router::toResponse(Object(Illuminate\\Http\\Request), Object(Illuminate\\View\\View))
#9 /Applications/XAMPP/xamppfiles/htdocs/tmracing/vendor/laravel/framework/src/Illuminate/Routing/Router.php(805): Illuminate\\Routing\\Router->prepareResponse(Object(Illuminate\\Http\\Request), Object(Illuminate\\View\\View))
#10 /Applications/XAMPP/xamppfiles/htdocs/tmracing/vendor/laravel/framework/src/Illuminate/Pipeline/Pipeline.php(144): Illuminate\\Routing\\Router->Illuminate\\Routing\\{closure}(Object(Illuminate\\Http\\Request))
#11 /Applications/XAMPP/xamppfiles/htdocs/tmracing/app/Http/Middleware/CheckForMaintenanceMode.php(58): Illuminate\\Pipeline\\Pipeline->Illuminate\\Pipeline\\{closure}(Object(Illuminate\\Http\\Request))
#12 /Applications/XAMPP/xamppfiles/htdocs/tmracing/vendor/laravel/framework/src/Illuminate/Pipeline/Pipeline.php(183): App\\Http\\Middleware\\CheckForMaintenanceMode->handle(Object(Illuminate\\Http\\Request), Object(Closure))
#13 /Applications/XAMPP/xamppfiles/htdocs/tmracing/app/Http/Middleware/HttpsProtocol.php(20): Illuminate\\Pipeline\\Pipeline->Illuminate\\Pipeline\\{closure}(Object(Illuminate\\Http\\Request))
#14 /Applications/XAMPP/xamppfiles/htdocs/tmracing/vendor/laravel/framework/src/Illuminate/Pipeline/Pipeline.php(183): App\\Http\\Middleware\\HttpsProtocol->handle(Object(Illuminate\\Http\\Request), Object(Closure))
#15 /Applications/XAMPP/xamppfiles/htdocs/tmracing/app/Http/Middleware/Language.php(31): Illuminate\\Pipeline\\Pipeline->Illuminate\\Pipeline\\{closure}(Object(Illuminate\\Http\\Request))
#16 /Applications/XAMPP/xamppfiles/htdocs/tmracing/vendor/laravel/framework/src/Illuminate/Pipeline/Pipeline.php(183): App\\Http\\Middleware\\Language->handle(Object(Illuminate\\Http\\Request), Object(Closure))
#17 /Applications/XAMPP/xamppfiles/htdocs/tmracing/vendor/laravel/framework/src/Illuminate/Routing/Middleware/SubstituteBindings.php(50): Illuminate\\Pipeline\\Pipeline->Illuminate\\Pipeline\\{closure}(Object(Illuminate\\Http\\Request))
#18 /Applications/XAMPP/xamppfiles/htdocs/tmracing/vendor/laravel/framework/src/Illuminate/Pipeline/Pipeline.php(183): Illuminate\\Routing\\Middleware\\SubstituteBindings->handle(Object(Illuminate\\Http\\Request), Object(Closure))
#19 /Applications/XAMPP/xamppfiles/htdocs/tmracing/vendor/laravel/framework/src/Illuminate/Foundation/Http/Middleware/VerifyCsrfToken.php(78): Illuminate\\Pipeline\\Pipeline->Illuminate\\Pipeline\\{closure}(Object(Illuminate\\Http\\Request))
#20 /Applications/XAMPP/xamppfiles/htdocs/tmracing/vendor/laravel/framework/src/Illuminate/Pipeline/Pipeline.php(183): Illuminate\\Foundation\\Http\\Middleware\\VerifyCsrfToken->handle(Object(Illuminate\\Http\\Request), Object(Closure))
#21 /Applications/XAMPP/xamppfiles/htdocs/tmracing/vendor/laravel/framework/src/Illuminate/View/Middleware/ShareErrorsFromSession.php(49): Illuminate\\Pipeline\\Pipeline->Illuminate\\Pipeline\\{closure}(Object(Illuminate\\Http\\Request))
#22 /Applications/XAMPP/xamppfiles/htdocs/tmracing/vendor/laravel/framework/src/Illuminate/Pipeline/Pipeline.php(183): Illuminate\\View\\Middleware\\ShareErrorsFromSession->handle(Object(Illuminate\\Http\\Request), Object(Closure))
#23 /Applications/XAMPP/xamppfiles/htdocs/tmracing/vendor/laravel/framework/src/Illuminate/Session/Middleware/StartSession.php(121): Illuminate\\Pipeline\\Pipeline->Illuminate\\Pipeline\\{closure}(Object(Illuminate\\Http\\Request))
#24 /Applications/XAMPP/xamppfiles/htdocs/tmracing/vendor/laravel/framework/src/Illuminate/Session/Middleware/StartSession.php(64): Illuminate\\Session\\Middleware\\StartSession->handleStatefulRequest(Object(Illuminate\\Http\\Request), Object(Illuminate\\Session\\Store), Object(Closure))
#25 /Applications/XAMPP/xamppfiles/htdocs/tmracing/vendor/laravel/framework/src/Illuminate/Pipeline/Pipeline.php(183): Illuminate\\Session\\Middleware\\StartSession->handle(Object(Illuminate\\Http\\Request), Object(Closure))
#26 /Applications/XAMPP/xamppfiles/htdocs/tmracing/vendor/laravel/framework/src/Illuminate/Cookie/Middleware/AddQueuedCookiesToResponse.php(37): Illuminate\\Pipeline\\Pipeline->Illuminate\\Pipeline\\{closure}(Object(Illuminate\\Http\\Request))
#27 /Applications/XAMPP/xamppfiles/htdocs/tmracing/vendor/laravel/framework/src/Illuminate/Pipeline/Pipeline.php(183): Illuminate\\Cookie\\Middleware\\AddQueuedCookiesToResponse->handle(Object(Illuminate\\Http\\Request), Object(Closure))
#28 /Applications/XAMPP/xamppfiles/htdocs/tmracing/vendor/laravel/framework/src/Illuminate/Pipeline/Pipeline.php(119): Illuminate\\Pipeline\\Pipeline->Illuminate\\Pipeline\\{closure}(Object(Illuminate\\Http\\Request))
#29 /Applications/XAMPP/xamppfiles/htdocs/tmracing/vendor/laravel/framework/src/Illuminate/Routing/Router.php(805): Illuminate\\Pipeline\\Pipeline->then(Object(Closure))
#30 /Applications/XAMPP/xamppfiles/htdocs/tmracing/vendor/laravel/framework/src/Illuminate/Routing/Router.php(784): Illuminate\\Routing\\Router->runRouteWithinStack(Object(Illuminate\\Routing\\Route), Object(Illuminate\\Http\\Request))
#31 /Applications/XAMPP/xamppfiles/htdocs/tmracing/vendor/laravel/framework/src/Illuminate/Routing/Router.php(748): Illuminate\\Routing\\Router->runRoute(Object(Illuminate\\Http\\Request), Object(Illuminate\\Routing\\Route))
#32 /Applications/XAMPP/xamppfiles/htdocs/tmracing/vendor/laravel/framework/src/Illuminate/Routing/Router.php(737): Illuminate\\Routing\\Router->dispatchToRoute(Object(Illuminate\\Http\\Request))
#33 /Applications/XAMPP/xamppfiles/htdocs/tmracing/vendor/laravel/framework/src/Illuminate/Foundation/Http/Kernel.php(200): Illuminate\\Routing\\Router->dispatch(Object(Illuminate\\Http\\Request))
#34 /Applications/XAMPP/xamppfiles/htdocs/tmracing/vendor/laravel/framework/src/Illuminate/Pipeline/Pipeline.php(144): Illuminate\\Foundation\\Http\\Kernel->Illuminate\\Foundation\\Http\\{closure}(Object(Illuminate\\Http\\Request))
#35 /Applications/XAMPP/xamppfiles/htdocs/tmracing/vendor/barryvdh/laravel-debugbar/src/Middleware/InjectDebugbar.php(66): Illuminate\\Pipeline\\Pipeline->Illuminate\\Pipeline\\{closure}(Object(Illuminate\\Http\\Request))
#36 /Applications/XAMPP/xamppfiles/htdocs/tmracing/vendor/laravel/framework/src/Illuminate/Pipeline/Pipeline.php(183): Barryvdh\\Debugbar\\Middleware\\InjectDebugbar->handle(Object(Illuminate\\Http\\Request), Object(Closure))
#37 /Applications/XAMPP/xamppfiles/htdocs/tmracing/vendor/laravel/framework/src/Illuminate/Http/Middleware/TrustProxies.php(39): Illuminate\\Pipeline\\Pipeline->Illuminate\\Pipeline\\{closure}(Object(Illuminate\\Http\\Request))
#38 /Applications/XAMPP/xamppfiles/htdocs/tmracing/vendor/laravel/framework/src/Illuminate/Pipeline/Pipeline.php(183): Illuminate\\Http\\Middleware\\TrustProxies->handle(Object(Illuminate\\Http\\Request), Object(Closure))
#39 /Applications/XAMPP/xamppfiles/htdocs/tmracing/vendor/laravel/framework/src/Illuminate/Foundation/Http/Middleware/TransformsRequest.php(21): Illuminate\\Pipeline\\Pipeline->Illuminate\\Pipeline\\{closure}(Object(Illuminate\\Http\\Request))
#40 /Applications/XAMPP/xamppfiles/htdocs/tmracing/vendor/laravel/framework/src/Illuminate/Foundation/Http/Middleware/ConvertEmptyStringsToNull.php(31): Illuminate\\Foundation\\Http\\Middleware\\TransformsRequest->handle(Object(Illuminate\\Http\\Request), Object(Closure))
#41 /Applications/XAMPP/xamppfiles/htdocs/tmracing/vendor/laravel/framework/src/Illuminate/Pipeline/Pipeline.php(183): Illuminate\\Foundation\\Http\\Middleware\\ConvertEmptyStringsToNull->handle(Object(Illuminate\\Http\\Request), Object(Closure))
#42 /Applications/XAMPP/xamppfiles/htdocs/tmracing/vendor/laravel/framework/src/Illuminate/Foundation/Http/Middleware/TransformsRequest.php(21): Illuminate\\Pipeline\\Pipeline->Illuminate\\Pipeline\\{closure}(Object(Illuminate\\Http\\Request))
#43 /Applications/XAMPP/xamppfiles/htdocs/tmracing/vendor/laravel/framework/src/Illuminate/Foundation/Http/Middleware/TrimStrings.php(40): Illuminate\\Foundation\\Http\\Middleware\\TransformsRequest->handle(Object(Illuminate\\Http\\Request), Object(Closure))
#44 /Applications/XAMPP/xamppfiles/htdocs/tmracing/vendor/laravel/framework/src/Illuminate/Pipeline/Pipeline.php(183): Illuminate\\Foundation\\Http\\Middleware\\TrimStrings->handle(Object(Illuminate\\Http\\Request), Object(Closure))
#45 /Applications/XAMPP/xamppfiles/htdocs/tmracing/vendor/laravel/framework/src/Illuminate/Foundation/Http/Middleware/ValidatePostSize.php(27): Illuminate\\Pipeline\\Pipeline->Illuminate\\Pipeline\\{closure}(Object(Illuminate\\Http\\Request))
#46 /Applications/XAMPP/xamppfiles/htdocs/tmracing/vendor/laravel/framework/src/Illuminate/Pipeline/Pipeline.php(183): Illuminate\\Foundation\\Http\\Middleware\\ValidatePostSize->handle(Object(Illuminate\\Http\\Request), Object(Closure))
#47 /Applications/XAMPP/xamppfiles/htdocs/tmracing/vendor/laravel/framework/src/Illuminate/Pipeline/Pipeline.php(119): Illuminate\\Pipeline\\Pipeline->Illuminate\\Pipeline\\{closure}(Object(Illuminate\\Http\\Request))
#48 /Applications/XAMPP/xamppfiles/htdocs/tmracing/vendor/laravel/framework/src/Illuminate/Foundation/Http/Kernel.php(175): Illuminate\\Pipeline\\Pipeline->then(Object(Closure))
#49 /Applications/XAMPP/xamppfiles/htdocs/tmracing/vendor/laravel/framework/src/Illuminate/Foundation/Http/Kernel.php(144): Illuminate\\Foundation\\Http\\Kernel->sendRequestThroughRouter(Object(Illuminate\\Http\\Request))
#50 /Applications/XAMPP/xamppfiles/htdocs/tmracing/index.php(56): Illuminate\\Foundation\\Http\\Kernel->handle(Object(Illuminate\\Http\\Request))
#51 {main}

[previous exception] [object] (Illuminate\\Database\\QueryException(code: 2002): SQLSTATE[HY000] [2002] Connection refused (Connection: mysql, SQL: select * from `business_settings`) at /Applications/XAMPP/xamppfiles/htdocs/tmracing/vendor/laravel/framework/src/Illuminate/Database/Connection.php:829)
[stacktrace]
#0 /Applications/XAMPP/xamppfiles/htdocs/tmracing/vendor/laravel/framework/src/Illuminate/Database/Connection.php(983): Illuminate\\Database\\Connection->runQueryCallback('select * from `...', Array, Object(Closure))
#1 /Applications/XAMPP/xamppfiles/htdocs/tmracing/vendor/laravel/framework/src/Illuminate/Database/Connection.php(962): Illuminate\\Database\\Connection->tryAgainIfCausedByLostConnection(Object(Illuminate\\Database\\QueryException), 'select * from `...', Array, Object(Closure))
#2 /Applications/XAMPP/xamppfiles/htdocs/tmracing/vendor/laravel/framework/src/Illuminate/Database/Connection.php(785): Illuminate\\Database\\Connection->handleQueryException(Object(Illuminate\\Database\\QueryException), 'select * from `...', Array, Object(Closure))
#3 /Applications/XAMPP/xamppfiles/htdocs/tmracing/vendor/laravel/framework/src/Illuminate/Database/Connection.php(414): Illuminate\\Database\\Connection->run('select * from `...', Array, Object(Closure))
#4 /Applications/XAMPP/xamppfiles/htdocs/tmracing/vendor/laravel/framework/src/Illuminate/Database/Query/Builder.php(2871): Illuminate\\Database\\Connection->select('select * from `...', Array, true)
#5 /Applications/XAMPP/xamppfiles/htdocs/tmracing/vendor/laravel/framework/src/Illuminate/Database/Query/Builder.php(2860): Illuminate\\Database\\Query\\Builder->runSelect()
#6 /Applications/XAMPP/xamppfiles/htdocs/tmracing/vendor/laravel/framework/src/Illuminate/Database/Query/Builder.php(3414): Illuminate\\Database\\Query\\Builder->Illuminate\\Database\\Query\\{closure}()
#7 /Applications/XAMPP/xamppfiles/htdocs/tmracing/vendor/laravel/framework/src/Illuminate/Database/Query/Builder.php(2859): Illuminate\\Database\\Query\\Builder->onceWithColumns(Array, Object(Closure))
#8 /Applications/XAMPP/xamppfiles/htdocs/tmracing/vendor/laravel/framework/src/Illuminate/Database/Eloquent/Builder.php(739): Illuminate\\Database\\Query\\Builder->get(Array)
#9 /Applications/XAMPP/xamppfiles/htdocs/tmracing/vendor/laravel/framework/src/Illuminate/Database/Eloquent/Builder.php(723): Illuminate\\Database\\Eloquent\\Builder->getModels(Array)
#10 /Applications/XAMPP/xamppfiles/htdocs/tmracing/vendor/laravel/framework/src/Illuminate/Database/Eloquent/Model.php(674): Illuminate\\Database\\Eloquent\\Builder->get(Array)
#11 /Applications/XAMPP/xamppfiles/htdocs/tmracing/app/Http/Helpers.php(668): Illuminate\\Database\\Eloquent\\Model::all()
#12 /Applications/XAMPP/xamppfiles/htdocs/tmracing/vendor/laravel/framework/src/Illuminate/Cache/Repository.php(396): {closure}()
#13 /Applications/XAMPP/xamppfiles/htdocs/tmracing/vendor/laravel/framework/src/Illuminate/Cache/CacheManager.php(429): Illuminate\\Cache\\Repository->remember('business_settin...', 86400, Object(Closure))
#14 /Applications/XAMPP/xamppfiles/htdocs/tmracing/vendor/laravel/framework/src/Illuminate/Support/Facades/Facade.php(355): Illuminate\\Cache\\CacheManager->__call('remember', Array)
#15 /Applications/XAMPP/xamppfiles/htdocs/tmracing/app/Http/Helpers.php(667): Illuminate\\Support\\Facades\\Facade::__callStatic('remember', Array)
#16 /Applications/XAMPP/xamppfiles/htdocs/tmracing/storage/framework/views/92d3ae3d8cedb8ca191661c6a58862f6.php(14): get_setting('hero_slider_ima...')
#17 /Applications/XAMPP/xamppfiles/htdocs/tmracing/vendor/laravel/framework/src/Illuminate/Filesystem/Filesystem.php(123): require('/Applications/X...')
#18 /Applications/XAMPP/xamppfiles/htdocs/tmracing/vendor/laravel/framework/src/Illuminate/Filesystem/Filesystem.php(124): Illuminate\\Filesystem\\Filesystem::Illuminate\\Filesystem\\{closure}()
#19 /Applications/XAMPP/xamppfiles/htdocs/tmracing/vendor/laravel/framework/src/Illuminate/View/Engines/PhpEngine.php(58): Illuminate\\Filesystem\\Filesystem->getRequire('/Applications/X...', Array)
#20 /Applications/XAMPP/xamppfiles/htdocs/tmracing/vendor/laravel/framework/src/Illuminate/View/Engines/CompilerEngine.php(72): Illuminate\\View\\Engines\\PhpEngine->evaluatePath('/Applications/X...', Array)
#21 /Applications/XAMPP/xamppfiles/htdocs/tmracing/vendor/laravel/framework/src/Illuminate/View/View.php(207): Illuminate\\View\\Engines\\CompilerEngine->get('/Applications/X...', Array)
#22 /Applications/XAMPP/xamppfiles/htdocs/tmracing/vendor/laravel/framework/src/Illuminate/View/View.php(190): Illuminate\\View\\View->getContents()
#23 /Applications/XAMPP/xamppfiles/htdocs/tmracing/vendor/laravel/framework/src/Illuminate/View/View.php(159): Illuminate\\View\\View->renderContents()
#24 /Applications/XAMPP/xamppfiles/htdocs/tmracing/vendor/laravel/framework/src/Illuminate/Http/Response.php(69): Illuminate\\View\\View->render()
#25 /Applications/XAMPP/xamppfiles/htdocs/tmracing/vendor/laravel/framework/src/Illuminate/Http/Response.php(35): Illuminate\\Http\\Response->setContent(Object(Illuminate\\View\\View))
#26 /Applications/XAMPP/xamppfiles/htdocs/tmracing/vendor/laravel/framework/src/Illuminate/Routing/Router.php(918): Illuminate\\Http\\Response->__construct(Object(Illuminate\\View\\View), 200, Array)
#27 /Applications/XAMPP/xamppfiles/htdocs/tmracing/vendor/laravel/framework/src/Illuminate/Routing/Router.php(885): Illuminate\\Routing\\Router::toResponse(Object(Illuminate\\Http\\Request), Object(Illuminate\\View\\View))
#28 /Applications/XAMPP/xamppfiles/htdocs/tmracing/vendor/laravel/framework/src/Illuminate/Routing/Router.php(805): Illuminate\\Routing\\Router->prepareResponse(Object(Illuminate\\Http\\Request), Object(Illuminate\\View\\View))
#29 /Applications/XAMPP/xamppfiles/htdocs/tmracing/vendor/laravel/framework/src/Illuminate/Pipeline/Pipeline.php(144): Illuminate\\Routing\\Router->Illuminate\\Routing\\{closure}(Object(Illuminate\\Http\\Request))
#30 /Applications/XAMPP/xamppfiles/htdocs/tmracing/app/Http/Middleware/CheckForMaintenanceMode.php(58): Illuminate\\Pipeline\\Pipeline->Illuminate\\Pipeline\\{closure}(Object(Illuminate\\Http\\Request))
#31 /Applications/XAMPP/xamppfiles/htdocs/tmracing/vendor/laravel/framework/src/Illuminate/Pipeline/Pipeline.php(183): App\\Http\\Middleware\\CheckForMaintenanceMode->handle(Object(Illuminate\\Http\\Request), Object(Closure))
#32 /Applications/XAMPP/xamppfiles/htdocs/tmracing/app/Http/Middleware/HttpsProtocol.php(20): Illuminate\\Pipeline\\Pipeline->Illuminate\\Pipeline\\{closure}(Object(Illuminate\\Http\\Request))
#33 /Applications/XAMPP/xamppfiles/htdocs/tmracing/vendor/laravel/framework/src/Illuminate/Pipeline/Pipeline.php(183): App\\Http\\Middleware\\HttpsProtocol->handle(Object(Illuminate\\Http\\Request), Object(Closure))
#34 /Applications/XAMPP/xamppfiles/htdocs/tmracing/app/Http/Middleware/Language.php(31): Illuminate\\Pipeline\\Pipeline->Illuminate\\Pipeline\\{closure}(Object(Illuminate\\Http\\Request))
#35 /Applications/XAMPP/xamppfiles/htdocs/tmracing/vendor/laravel/framework/src/Illuminate/Pipeline/Pipeline.php(183): App\\Http\\Middleware\\Language->handle(Object(Illuminate\\Http\\Request), Object(Closure))
#36 /Applications/XAMPP/xamppfiles/htdocs/tmracing/vendor/laravel/framework/src/Illuminate/Routing/Middleware/SubstituteBindings.php(50): Illuminate\\Pipeline\\Pipeline->Illuminate\\Pipeline\\{closure}(Object(Illuminate\\Http\\Request))
#37 /Applications/XAMPP/xamppfiles/htdocs/tmracing/vendor/laravel/framework/src/Illuminate/Pipeline/Pipeline.php(183): Illuminate\\Routing\\Middleware\\SubstituteBindings->handle(Object(Illuminate\\Http\\Request), Object(Closure))
#38 /Applications/XAMPP/xamppfiles/htdocs/tmracing/vendor/laravel/framework/src/Illuminate/Foundation/Http/Middleware/VerifyCsrfToken.php(78): Illuminate\\Pipeline\\Pipeline->Illuminate\\Pipeline\\{closure}(Object(Illuminate\\Http\\Request))
#39 /Applications/XAMPP/xamppfiles/htdocs/tmracing/vendor/laravel/framework/src/Illuminate/Pipeline/Pipeline.php(183): Illuminate\\Foundation\\Http\\Middleware\\VerifyCsrfToken->handle(Object(Illuminate\\Http\\Request), Object(Closure))
#40 /Applications/XAMPP/xamppfiles/htdocs/tmracing/vendor/laravel/framework/src/Illuminate/View/Middleware/ShareErrorsFromSession.php(49): Illuminate\\Pipeline\\Pipeline->Illuminate\\Pipeline\\{closure}(Object(Illuminate\\Http\\Request))
#41 /Applications/XAMPP/xamppfiles/htdocs/tmracing/vendor/laravel/framework/src/Illuminate/Pipeline/Pipeline.php(183): Illuminate\\View\\Middleware\\ShareErrorsFromSession->handle(Object(Illuminate\\Http\\Request), Object(Closure))
#42 /Applications/XAMPP/xamppfiles/htdocs/tmracing/vendor/laravel/framework/src/Illuminate/Session/Middleware/StartSession.php(121): Illuminate\\Pipeline\\Pipeline->Illuminate\\Pipeline\\{closure}(Object(Illuminate\\Http\\Request))
#43 /Applications/XAMPP/xamppfiles/htdocs/tmracing/vendor/laravel/framework/src/Illuminate/Session/Middleware/StartSession.php(64): Illuminate\\Session\\Middleware\\StartSession->handleStatefulRequest(Object(Illuminate\\Http\\Request), Object(Illuminate\\Session\\Store), Object(Closure))
#44 /Applications/XAMPP/xamppfiles/htdocs/tmracing/vendor/laravel/framework/src/Illuminate/Pipeline/Pipeline.php(183): Illuminate\\Session\\Middleware\\StartSession->handle(Object(Illuminate\\Http\\Request), Object(Closure))
#45 /Applications/XAMPP/xamppfiles/htdocs/tmracing/vendor/laravel/framework/src/Illuminate/Cookie/Middleware/AddQueuedCookiesToResponse.php(37): Illuminate\\Pipeline\\Pipeline->Illuminate\\Pipeline\\{closure}(Object(Illuminate\\Http\\Request))
#46 /Applications/XAMPP/xamppfiles/htdocs/tmracing/vendor/laravel/framework/src/Illuminate/Pipeline/Pipeline.php(183): Illuminate\\Cookie\\Middleware\\AddQueuedCookiesToResponse->handle(Object(Illuminate\\Http\\Request), Object(Closure))
#47 /Applications/XAMPP/xamppfiles/htdocs/tmracing/vendor/laravel/framework/src/Illuminate/Pipeline/Pipeline.php(119): Illuminate\\Pipeline\\Pipeline->Illuminate\\Pipeline\\{closure}(Object(Illuminate\\Http\\Request))
#48 /Applications/XAMPP/xamppfiles/htdocs/tmracing/vendor/laravel/framework/src/Illuminate/Routing/Router.php(805): Illuminate\\Pipeline\\Pipeline->then(Object(Closure))
#49 /Applications/XAMPP/xamppfiles/htdocs/tmracing/vendor/laravel/framework/src/Illuminate/Routing/Router.php(784): Illuminate\\Routing\\Router->runRouteWithinStack(Object(Illuminate\\Routing\\Route), Object(Illuminate\\Http\\Request))
#50 /Applications/XAMPP/xamppfiles/htdocs/tmracing/vendor/laravel/framework/src/Illuminate/Routing/Router.php(748): Illuminate\\Routing\\Router->runRoute(Object(Illuminate\\Http\\Request), Object(Illuminate\\Routing\\Route))
#51 /Applications/XAMPP/xamppfiles/htdocs/tmracing/vendor/laravel/framework/src/Illuminate/Routing/Router.php(737): Illuminate\\Routing\\Router->dispatchToRoute(Object(Illuminate\\Http\\Request))
#52 /Applications/XAMPP/xamppfiles/htdocs/tmracing/vendor/laravel/framework/src/Illuminate/Foundation/Http/Kernel.php(200): Illuminate\\Routing\\Router->dispatch(Object(Illuminate\\Http\\Request))
#53 /Applications/XAMPP/xamppfiles/htdocs/tmracing/vendor/laravel/framework/src/Illuminate/Pipeline/Pipeline.php(144): Illuminate\\Foundation\\Http\\Kernel->Illuminate\\Foundation\\Http\\{closure}(Object(Illuminate\\Http\\Request))
#54 /Applications/XAMPP/xamppfiles/htdocs/tmracing/vendor/barryvdh/laravel-debugbar/src/Middleware/InjectDebugbar.php(66): Illuminate\\Pipeline\\Pipeline->Illuminate\\Pipeline\\{closure}(Object(Illuminate\\Http\\Request))
#55 /Applications/XAMPP/xamppfiles/htdocs/tmracing/vendor/laravel/framework/src/Illuminate/Pipeline/Pipeline.php(183): Barryvdh\\Debugbar\\Middleware\\InjectDebugbar->handle(Object(Illuminate\\Http\\Request), Object(Closure))
#56 /Applications/XAMPP/xamppfiles/htdocs/tmracing/vendor/laravel/framework/src/Illuminate/Http/Middleware/TrustProxies.php(39): Illuminate\\Pipeline\\Pipeline->Illuminate\\Pipeline\\{closure}(Object(Illuminate\\Http\\Request))
#57 /Applications/XAMPP/xamppfiles/htdocs/tmracing/vendor/laravel/framework/src/Illuminate/Pipeline/Pipeline.php(183): Illuminate\\Http\\Middleware\\TrustProxies->handle(Object(Illuminate\\Http\\Request), Object(Closure))
#58 /Applications/XAMPP/xamppfiles/htdocs/tmracing/vendor/laravel/framework/src/Illuminate/Foundation/Http/Middleware/TransformsRequest.php(21): Illuminate\\Pipeline\\Pipeline->Illuminate\\Pipeline\\{closure}(Object(Illuminate\\Http\\Request))
#59 /Applications/XAMPP/xamppfiles/htdocs/tmracing/vendor/laravel/framework/src/Illuminate/Foundation/Http/Middleware/ConvertEmptyStringsToNull.php(31): Illuminate\\Foundation\\Http\\Middleware\\TransformsRequest->handle(Object(Illuminate\\Http\\Request), Object(Closure))
#60 /Applications/XAMPP/xamppfiles/htdocs/tmracing/vendor/laravel/framework/src/Illuminate/Pipeline/Pipeline.php(183): Illuminate\\Foundation\\Http\\Middleware\\ConvertEmptyStringsToNull->handle(Object(Illuminate\\Http\\Request), Object(Closure))
#61 /Applications/XAMPP/xamppfiles/htdocs/tmracing/vendor/laravel/framework/src/Illuminate/Foundation/Http/Middleware/TransformsRequest.php(21): Illuminate\\Pipeline\\Pipeline->Illuminate\\Pipeline\\{closure}(Object(Illuminate\\Http\\Request))
#62 /Applications/XAMPP/xamppfiles/htdocs/tmracing/vendor/laravel/framework/src/Illuminate/Foundation/Http/Middleware/TrimStrings.php(40): Illuminate\\Foundation\\Http\\Middleware\\TransformsRequest->handle(Object(Illuminate\\Http\\Request), Object(Closure))
#63 /Applications/XAMPP/xamppfiles/htdocs/tmracing/vendor/laravel/framework/src/Illuminate/Pipeline/Pipeline.php(183): Illuminate\\Foundation\\Http\\Middleware\\TrimStrings->handle(Object(Illuminate\\Http\\Request), Object(Closure))
#64 /Applications/XAMPP/xamppfiles/htdocs/tmracing/vendor/laravel/framework/src/Illuminate/Foundation/Http/Middleware/ValidatePostSize.php(27): Illuminate\\Pipeline\\Pipeline->Illuminate\\Pipeline\\{closure}(Object(Illuminate\\Http\\Request))
#65 /Applications/XAMPP/xamppfiles/htdocs/tmracing/vendor/laravel/framework/src/Illuminate/Pipeline/Pipeline.php(183): Illuminate\\Foundation\\Http\\Middleware\\ValidatePostSize->handle(Object(Illuminate\\Http\\Request), Object(Closure))
#66 /Applications/XAMPP/xamppfiles/htdocs/tmracing/vendor/laravel/framework/src/Illuminate/Pipeline/Pipeline.php(119): Illuminate\\Pipeline\\Pipeline->Illuminate\\Pipeline\\{closure}(Object(Illuminate\\Http\\Request))
#67 /Applications/XAMPP/xamppfiles/htdocs/tmracing/vendor/laravel/framework/src/Illuminate/Foundation/Http/Kernel.php(175): Illuminate\\Pipeline\\Pipeline->then(Object(Closure))
#68 /Applications/XAMPP/xamppfiles/htdocs/tmracing/vendor/laravel/framework/src/Illuminate/Foundation/Http/Kernel.php(144): Illuminate\\Foundation\\Http\\Kernel->sendRequestThroughRouter(Object(Illuminate\\Http\\Request))
#69 /Applications/XAMPP/xamppfiles/htdocs/tmracing/index.php(56): Illuminate\\Foundation\\Http\\Kernel->handle(Object(Illuminate\\Http\\Request))
#70 {main}

[previous exception] [object] (PDOException(code: 2002): SQLSTATE[HY000] [2002] Connection refused at /Applications/XAMPP/xamppfiles/htdocs/tmracing/vendor/laravel/framework/src/Illuminate/Database/Connectors/Connector.php:65)
[stacktrace]
#0 /Applications/XAMPP/xamppfiles/htdocs/tmracing/vendor/laravel/framework/src/Illuminate/Database/Connectors/Connector.php(65): PDO->__construct('mysql:host=127....', 'root', Object(SensitiveParameterValue), Array)
#1 /Applications/XAMPP/xamppfiles/htdocs/tmracing/vendor/laravel/framework/src/Illuminate/Database/Connectors/Connector.php(83): Illuminate\\Database\\Connectors\\Connector->createPdoConnection('mysql:host=127....', 'root', '', Array)
#2 /Applications/XAMPP/xamppfiles/htdocs/tmracing/vendor/laravel/framework/src/Illuminate/Database/Connectors/Connector.php(48): Illuminate\\Database\\Connectors\\Connector->tryAgainIfCausedByLostConnection(Object(PDOException), 'mysql:host=127....', 'root', '', Array)
#3 /Applications/XAMPP/xamppfiles/htdocs/tmracing/vendor/laravel/framework/src/Illuminate/Database/Connectors/MySqlConnector.php(24): Illuminate\\Database\\Connectors\\Connector->createConnection('mysql:host=127....', Array, Array)
#4 /Applications/XAMPP/xamppfiles/htdocs/tmracing/vendor/laravel/framework/src/Illuminate/Database/Connectors/ConnectionFactory.php(184): Illuminate\\Database\\Connectors\\MySqlConnector->connect(Array)
#5 [internal function]: Illuminate\\Database\\Connectors\\ConnectionFactory->Illuminate\\Database\\Connectors\\{closure}()
#6 /Applications/XAMPP/xamppfiles/htdocs/tmracing/vendor/laravel/framework/src/Illuminate/Database/Connection.php(1339): call_user_func(Object(Closure))
#7 /Applications/XAMPP/xamppfiles/htdocs/tmracing/vendor/laravel/framework/src/Illuminate/Database/Connection.php(1375): Illuminate\\Database\\Connection->getPdo()
#8 /Applications/XAMPP/xamppfiles/htdocs/tmracing/vendor/laravel/framework/src/Illuminate/Database/Connection.php(528): Illuminate\\Database\\Connection->getReadPdo()
#9 /Applications/XAMPP/xamppfiles/htdocs/tmracing/vendor/laravel/framework/src/Illuminate/Database/Connection.php(423): Illuminate\\Database\\Connection->getPdoForSelect(true)
#10 /Applications/XAMPP/xamppfiles/htdocs/tmracing/vendor/laravel/framework/src/Illuminate/Database/Connection.php(816): Illuminate\\Database\\Connection->Illuminate\\Database\\{closure}('select * from `...', Array)
#11 /Applications/XAMPP/xamppfiles/htdocs/tmracing/vendor/laravel/framework/src/Illuminate/Database/Connection.php(983): Illuminate\\Database\\Connection->runQueryCallback('select * from `...', Array, Object(Closure))
#12 /Applications/XAMPP/xamppfiles/htdocs/tmracing/vendor/laravel/framework/src/Illuminate/Database/Connection.php(962): Illuminate\\Database\\Connection->tryAgainIfCausedByLostConnection(Object(Illuminate\\Database\\QueryException), 'select * from `...', Array, Object(Closure))
#13 /Applications/XAMPP/xamppfiles/htdocs/tmracing/vendor/laravel/framework/src/Illuminate/Database/Connection.php(785): Illuminate\\Database\\Connection->handleQueryException(Object(Illuminate\\Database\\QueryException), 'select * from `...', Array, Object(Closure))
#14 /Applications/XAMPP/xamppfiles/htdocs/tmracing/vendor/laravel/framework/src/Illuminate/Database/Connection.php(414): Illuminate\\Database\\Connection->run('select * from `...', Array, Object(Closure))
#15 /Applications/XAMPP/xamppfiles/htdocs/tmracing/vendor/laravel/framework/src/Illuminate/Database/Query/Builder.php(2871): Illuminate\\Database\\Connection->select('select * from `...', Array, true)
#16 /Applications/XAMPP/xamppfiles/htdocs/tmracing/vendor/laravel/framework/src/Illuminate/Database/Query/Builder.php(2860): Illuminate\\Database\\Query\\Builder->runSelect()
#17 /Applications/XAMPP/xamppfiles/htdocs/tmracing/vendor/laravel/framework/src/Illuminate/Database/Query/Builder.php(3414): Illuminate\\Database\\Query\\Builder->Illuminate\\Database\\Query\\{closure}()
#18 /Applications/XAMPP/xamppfiles/htdocs/tmracing/vendor/laravel/framework/src/Illuminate/Database/Query/Builder.php(2859): Illuminate\\Database\\Query\\Builder->onceWithColumns(Array, Object(Closure))
#19 /Applications/XAMPP/xamppfiles/htdocs/tmracing/vendor/laravel/framework/src/Illuminate/Database/Eloquent/Builder.php(739): Illuminate\\Database\\Query\\Builder->get(Array)
#20 /Applications/XAMPP/xamppfiles/htdocs/tmracing/vendor/laravel/framework/src/Illuminate/Database/Eloquent/Builder.php(723): Illuminate\\Database\\Eloquent\\Builder->getModels(Array)
#21 /Applications/XAMPP/xamppfiles/htdocs/tmracing/vendor/laravel/framework/src/Illuminate/Database/Eloquent/Model.php(674): Illuminate\\Database\\Eloquent\\Builder->get(Array)
#22 /Applications/XAMPP/xamppfiles/htdocs/tmracing/app/Http/Helpers.php(668): Illuminate\\Database\\Eloquent\\Model::all()
#23 /Applications/XAMPP/xamppfiles/htdocs/tmracing/vendor/laravel/framework/src/Illuminate/Cache/Repository.php(396): {closure}()
#24 /Applications/XAMPP/xamppfiles/htdocs/tmracing/vendor/laravel/framework/src/Illuminate/Cache/CacheManager.php(429): Illuminate\\Cache\\Repository->remember('business_settin...', 86400, Object(Closure))
#25 /Applications/XAMPP/xamppfiles/htdocs/tmracing/vendor/laravel/framework/src/Illuminate/Support/Facades/Facade.php(355): Illuminate\\Cache\\CacheManager->__call('remember', Array)
#26 /Applications/XAMPP/xamppfiles/htdocs/tmracing/app/Http/Helpers.php(667): Illuminate\\Support\\Facades\\Facade::__callStatic('remember', Array)
#27 /Applications/XAMPP/xamppfiles/htdocs/tmracing/storage/framework/views/92d3ae3d8cedb8ca191661c6a58862f6.php(14): get_setting('hero_slider_ima...')
#28 /Applications/XAMPP/xamppfiles/htdocs/tmracing/vendor/laravel/framework/src/Illuminate/Filesystem/Filesystem.php(123): require('/Applications/X...')
#29 /Applications/XAMPP/xamppfiles/htdocs/tmracing/vendor/laravel/framework/src/Illuminate/Filesystem/Filesystem.php(124): Illuminate\\Filesystem\\Filesystem::Illuminate\\Filesystem\\{closure}()
#30 /Applications/XAMPP/xamppfiles/htdocs/tmracing/vendor/laravel/framework/src/Illuminate/View/Engines/PhpEngine.php(58): Illuminate\\Filesystem\\Filesystem->getRequire('/Applications/X...', Array)
#31 /Applications/XAMPP/xamppfiles/htdocs/tmracing/vendor/laravel/framework/src/Illuminate/View/Engines/CompilerEngine.php(72): Illuminate\\View\\Engines\\PhpEngine->evaluatePath('/Applications/X...', Array)
#32 /Applications/XAMPP/xamppfiles/htdocs/tmracing/vendor/laravel/framework/src/Illuminate/View/View.php(207): Illuminate\\View\\Engines\\CompilerEngine->get('/Applications/X...', Array)
#33 /Applications/XAMPP/xamppfiles/htdocs/tmracing/vendor/laravel/framework/src/Illuminate/View/View.php(190): Illuminate\\View\\View->getContents()
#34 /Applications/XAMPP/xamppfiles/htdocs/tmracing/vendor/laravel/framework/src/Illuminate/View/View.php(159): Illuminate\\View\\View->renderContents()
#35 /Applications/XAMPP/xamppfiles/htdocs/tmracing/vendor/laravel/framework/src/Illuminate/Http/Response.php(69): Illuminate\\View\\View->render()
#36 /Applications/XAMPP/xamppfiles/htdocs/tmracing/vendor/laravel/framework/src/Illuminate/Http/Response.php(35): Illuminate\\Http\\Response->setContent(Object(Illuminate\\View\\View))
#37 /Applications/XAMPP/xamppfiles/htdocs/tmracing/vendor/laravel/framework/src/Illuminate/Routing/Router.php(918): Illuminate\\Http\\Response->__construct(Object(Illuminate\\View\\View), 200, Array)
#38 /Applications/XAMPP/xamppfiles/htdocs/tmracing/vendor/laravel/framework/src/Illuminate/Routing/Router.php(885): Illuminate\\Routing\\Router::toResponse(Object(Illuminate\\Http\\Request), Object(Illuminate\\View\\View))
#39 /Applications/XAMPP/xamppfiles/htdocs/tmracing/vendor/laravel/framework/src/Illuminate/Routing/Router.php(805): Illuminate\\Routing\\Router->prepareResponse(Object(Illuminate\\Http\\Request), Object(Illuminate\\View\\View))
#40 /Applications/XAMPP/xamppfiles/htdocs/tmracing/vendor/laravel/framework/src/Illuminate/Pipeline/Pipeline.php(144): Illuminate\\Routing\\Router->Illuminate\\Routing\\{closure}(Object(Illuminate\\Http\\Request))
#41 /Applications/XAMPP/xamppfiles/htdocs/tmracing/app/Http/Middleware/CheckForMaintenanceMode.php(58): Illuminate\\Pipeline\\Pipeline->Illuminate\\Pipeline\\{closure}(Object(Illuminate\\Http\\Request))
#42 /Applications/XAMPP/xamppfiles/htdocs/tmracing/vendor/laravel/framework/src/Illuminate/Pipeline/Pipeline.php(183): App\\Http\\Middleware\\CheckForMaintenanceMode->handle(Object(Illuminate\\Http\\Request), Object(Closure))
#43 /Applications/XAMPP/xamppfiles/htdocs/tmracing/app/Http/Middleware/HttpsProtocol.php(20): Illuminate\\Pipeline\\Pipeline->Illuminate\\Pipeline\\{closure}(Object(Illuminate\\Http\\Request))
#44 /Applications/XAMPP/xamppfiles/htdocs/tmracing/vendor/laravel/framework/src/Illuminate/Pipeline/Pipeline.php(183): App\\Http\\Middleware\\HttpsProtocol->handle(Object(Illuminate\\Http\\Request), Object(Closure))
#45 /Applications/XAMPP/xamppfiles/htdocs/tmracing/app/Http/Middleware/Language.php(31): Illuminate\\Pipeline\\Pipeline->Illuminate\\Pipeline\\{closure}(Object(Illuminate\\Http\\Request))
#46 /Applications/XAMPP/xamppfiles/htdocs/tmracing/vendor/laravel/framework/src/Illuminate/Pipeline/Pipeline.php(183): App\\Http\\Middleware\\Language->handle(Object(Illuminate\\Http\\Request), Object(Closure))
#47 /Applications/XAMPP/xamppfiles/htdocs/tmracing/vendor/laravel/framework/src/Illuminate/Routing/Middleware/SubstituteBindings.php(50): Illuminate\\Pipeline\\Pipeline->Illuminate\\Pipeline\\{closure}(Object(Illuminate\\Http\\Request))
#48 /Applications/XAMPP/xamppfiles/htdocs/tmracing/vendor/laravel/framework/src/Illuminate/Pipeline/Pipeline.php(183): Illuminate\\Routing\\Middleware\\SubstituteBindings->handle(Object(Illuminate\\Http\\Request), Object(Closure))
#49 /Applications/XAMPP/xamppfiles/htdocs/tmracing/vendor/laravel/framework/src/Illuminate/Foundation/Http/Middleware/VerifyCsrfToken.php(78): Illuminate\\Pipeline\\Pipeline->Illuminate\\Pipeline\\{closure}(Object(Illuminate\\Http\\Request))
#50 /Applications/XAMPP/xamppfiles/htdocs/tmracing/vendor/laravel/framework/src/Illuminate/Pipeline/Pipeline.php(183): Illuminate\\Foundation\\Http\\Middleware\\VerifyCsrfToken->handle(Object(Illuminate\\Http\\Request), Object(Closure))
#51 /Applications/XAMPP/xamppfiles/htdocs/tmracing/vendor/laravel/framework/src/Illuminate/View/Middleware/ShareErrorsFromSession.php(49): Illuminate\\Pipeline\\Pipeline->Illuminate\\Pipeline\\{closure}(Object(Illuminate\\Http\\Request))
#52 /Applications/XAMPP/xamppfiles/htdocs/tmracing/vendor/laravel/framework/src/Illuminate/Pipeline/Pipeline.php(183): Illuminate\\View\\Middleware\\ShareErrorsFromSession->handle(Object(Illuminate\\Http\\Request), Object(Closure))
#53 /Applications/XAMPP/xamppfiles/htdocs/tmracing/vendor/laravel/framework/src/Illuminate/Session/Middleware/StartSession.php(121): Illuminate\\Pipeline\\Pipeline->Illuminate\\Pipeline\\{closure}(Object(Illuminate\\Http\\Request))
#54 /Applications/XAMPP/xamppfiles/htdocs/tmracing/vendor/laravel/framework/src/Illuminate/Session/Middleware/StartSession.php(64): Illuminate\\Session\\Middleware\\StartSession->handleStatefulRequest(Object(Illuminate\\Http\\Request), Object(Illuminate\\Session\\Store), Object(Closure))
#55 /Applications/XAMPP/xamppfiles/htdocs/tmracing/vendor/laravel/framework/src/Illuminate/Pipeline/Pipeline.php(183): Illuminate\\Session\\Middleware\\StartSession->handle(Object(Illuminate\\Http\\Request), Object(Closure))
#56 /Applications/XAMPP/xamppfiles/htdocs/tmracing/vendor/laravel/framework/src/Illuminate/Cookie/Middleware/AddQueuedCookiesToResponse.php(37): Illuminate\\Pipeline\\Pipeline->Illuminate\\Pipeline\\{closure}(Object(Illuminate\\Http\\Request))
#57 /Applications/XAMPP/xamppfiles/htdocs/tmracing/vendor/laravel/framework/src/Illuminate/Pipeline/Pipeline.php(183): Illuminate\\Cookie\\Middleware\\AddQueuedCookiesToResponse->handle(Object(Illuminate\\Http\\Request), Object(Closure))
#58 /Applications/XAMPP/xamppfiles/htdocs/tmracing/vendor/laravel/framework/src/Illuminate/Pipeline/Pipeline.php(119): Illuminate\\Pipeline\\Pipeline->Illuminate\\Pipeline\\{closure}(Object(Illuminate\\Http\\Request))
#59 /Applications/XAMPP/xamppfiles/htdocs/tmracing/vendor/laravel/framework/src/Illuminate/Routing/Router.php(805): Illuminate\\Pipeline\\Pipeline->then(Object(Closure))
#60 /Applications/XAMPP/xamppfiles/htdocs/tmracing/vendor/laravel/framework/src/Illuminate/Routing/Router.php(784): Illuminate\\Routing\\Router->runRouteWithinStack(Object(Illuminate\\Routing\\Route), Object(Illuminate\\Http\\Request))
#61 /Applications/XAMPP/xamppfiles/htdocs/tmracing/vendor/laravel/framework/src/Illuminate/Routing/Router.php(748): Illuminate\\Routing\\Router->runRoute(Object(Illuminate\\Http\\Request), Object(Illuminate\\Routing\\Route))
#62 /Applications/XAMPP/xamppfiles/htdocs/tmracing/vendor/laravel/framework/src/Illuminate/Routing/Router.php(737): Illuminate\\Routing\\Router->dispatchToRoute(Object(Illuminate\\Http\\Request))
#63 /Applications/XAMPP/xamppfiles/htdocs/tmracing/vendor/laravel/framework/src/Illuminate/Foundation/Http/Kernel.php(200): Illuminate\\Routing\\Router->dispatch(Object(Illuminate\\Http\\Request))
#64 /Applications/XAMPP/xamppfiles/htdocs/tmracing/vendor/laravel/framework/src/Illuminate/Pipeline/Pipeline.php(144): Illuminate\\Foundation\\Http\\Kernel->Illuminate\\Foundation\\Http\\{closure}(Object(Illuminate\\Http\\Request))
#65 /Applications/XAMPP/xamppfiles/htdocs/tmracing/vendor/barryvdh/laravel-debugbar/src/Middleware/InjectDebugbar.php(66): Illuminate\\Pipeline\\Pipeline->Illuminate\\Pipeline\\{closure}(Object(Illuminate\\Http\\Request))
#66 /Applications/XAMPP/xamppfiles/htdocs/tmracing/vendor/laravel/framework/src/Illuminate/Pipeline/Pipeline.php(183): Barryvdh\\Debugbar\\Middleware\\InjectDebugbar->handle(Object(Illuminate\\Http\\Request), Object(Closure))
#67 /Applications/XAMPP/xamppfiles/htdocs/tmracing/vendor/laravel/framework/src/Illuminate/Http/Middleware/TrustProxies.php(39): Illuminate\\Pipeline\\Pipeline->Illuminate\\Pipeline\\{closure}(Object(Illuminate\\Http\\Request))
#68 /Applications/XAMPP/xamppfiles/htdocs/tmracing/vendor/laravel/framework/src/Illuminate/Pipeline/Pipeline.php(183): Illuminate\\Http\\Middleware\\TrustProxies->handle(Object(Illuminate\\Http\\Request), Object(Closure))
#69 /Applications/XAMPP/xamppfiles/htdocs/tmracing/vendor/laravel/framework/src/Illuminate/Foundation/Http/Middleware/TransformsRequest.php(21): Illuminate\\Pipeline\\Pipeline->Illuminate\\Pipeline\\{closure}(Object(Illuminate\\Http\\Request))
#70 /Applications/XAMPP/xamppfiles/htdocs/tmracing/vendor/laravel/framework/src/Illuminate/Foundation/Http/Middleware/ConvertEmptyStringsToNull.php(31): Illuminate\\Foundation\\Http\\Middleware\\TransformsRequest->handle(Object(Illuminate\\Http\\Request), Object(Closure))
#71 /Applications/XAMPP/xamppfiles/htdocs/tmracing/vendor/laravel/framework/src/Illuminate/Pipeline/Pipeline.php(183): Illuminate\\Foundation\\Http\\Middleware\\ConvertEmptyStringsToNull->handle(Object(Illuminate\\Http\\Request), Object(Closure))
#72 /Applications/XAMPP/xamppfiles/htdocs/tmracing/vendor/laravel/framework/src/Illuminate/Foundation/Http/Middleware/TransformsRequest.php(21): Illuminate\\Pipeline\\Pipeline->Illuminate\\Pipeline\\{closure}(Object(Illuminate\\Http\\Request))
#73 /Applications/XAMPP/xamppfiles/htdocs/tmracing/vendor/laravel/framework/src/Illuminate/Foundation/Http/Middleware/TrimStrings.php(40): Illuminate\\Foundation\\Http\\Middleware\\TransformsRequest->handle(Object(Illuminate\\Http\\Request), Object(Closure))
#74 /Applications/XAMPP/xamppfiles/htdocs/tmracing/vendor/laravel/framework/src/Illuminate/Pipeline/Pipeline.php(183): Illuminate\\Foundation\\Http\\Middleware\\TrimStrings->handle(Object(Illuminate\\Http\\Request), Object(Closure))
#75 /Applications/XAMPP/xamppfiles/htdocs/tmracing/vendor/laravel/framework/src/Illuminate/Foundation/Http/Middleware/ValidatePostSize.php(27): Illuminate\\Pipeline\\Pipeline->Illuminate\\Pipeline\\{closure}(Object(Illuminate\\Http\\Request))
#76 /Applications/XAMPP/xamppfiles/htdocs/tmracing/vendor/laravel/framework/src/Illuminate/Pipeline/Pipeline.php(183): Illuminate\\Foundation\\Http\\Middleware\\ValidatePostSize->handle(Object(Illuminate\\Http\\Request), Object(Closure))
#77 /Applications/XAMPP/xamppfiles/htdocs/tmracing/vendor/laravel/framework/src/Illuminate/Pipeline/Pipeline.php(119): Illuminate\\Pipeline\\Pipeline->Illuminate\\Pipeline\\{closure}(Object(Illuminate\\Http\\Request))
#78 /Applications/XAMPP/xamppfiles/htdocs/tmracing/vendor/laravel/framework/src/Illuminate/Foundation/Http/Kernel.php(175): Illuminate\\Pipeline\\Pipeline->then(Object(Closure))
#79 /Applications/XAMPP/xamppfiles/htdocs/tmracing/vendor/laravel/framework/src/Illuminate/Foundation/Http/Kernel.php(144): Illuminate\\Foundation\\Http\\Kernel->sendRequestThroughRouter(Object(Illuminate\\Http\\Request))
#80 /Applications/XAMPP/xamppfiles/htdocs/tmracing/index.php(56): Illuminate\\Foundation\\Http\\Kernel->handle(Object(Illuminate\\Http\\Request))
#81 {main}
"} 
[2025-11-11 03:54:06] local.ERROR: SQLSTATE[HY000] [1045] Access denied for user 'root'@'localhost' (using password: YES) (Connection: mysql, SQL: select * from `business_settings`) (View: /Applications/XAMPP/xamppfiles/htdocs/tmracing/resources/views/frontend/pages/home/srs.blade.php) {"exception":"[object] (Illuminate\\View\\ViewException(code: 0): SQLSTATE[HY000] [1045] Access denied for user 'root'@'localhost' (using password: YES) (Connection: mysql, SQL: select * from `business_settings`) (View: /Applications/XAMPP/xamppfiles/htdocs/tmracing/resources/views/frontend/pages/home/srs.blade.php) at /Applications/XAMPP/xamppfiles/htdocs/tmracing/vendor/laravel/framework/src/Illuminate/Database/Connection.php:829)
[stacktrace]
#0 /Applications/XAMPP/xamppfiles/htdocs/tmracing/vendor/laravel/framework/src/Illuminate/View/Engines/PhpEngine.php(60): Illuminate\\View\\Engines\\CompilerEngine->handleViewException(Object(Illuminate\\Database\\QueryException), 1)
#1 /Applications/XAMPP/xamppfiles/htdocs/tmracing/vendor/laravel/framework/src/Illuminate/View/Engines/CompilerEngine.php(72): Illuminate\\View\\Engines\\PhpEngine->evaluatePath('/Applications/X...', Array)
#2 /Applications/XAMPP/xamppfiles/htdocs/tmracing/vendor/laravel/framework/src/Illuminate/View/View.php(207): Illuminate\\View\\Engines\\CompilerEngine->get('/Applications/X...', Array)
#3 /Applications/XAMPP/xamppfiles/htdocs/tmracing/vendor/laravel/framework/src/Illuminate/View/View.php(190): Illuminate\\View\\View->getContents()
#4 /Applications/XAMPP/xamppfiles/htdocs/tmracing/vendor/laravel/framework/src/Illuminate/View/View.php(159): Illuminate\\View\\View->renderContents()
#5 /Applications/XAMPP/xamppfiles/htdocs/tmracing/vendor/laravel/framework/src/Illuminate/Http/Response.php(69): Illuminate\\View\\View->render()
#6 /Applications/XAMPP/xamppfiles/htdocs/tmracing/vendor/laravel/framework/src/Illuminate/Http/Response.php(35): Illuminate\\Http\\Response->setContent(Object(Illuminate\\View\\View))
#7 /Applications/XAMPP/xamppfiles/htdocs/tmracing/vendor/laravel/framework/src/Illuminate/Routing/Router.php(918): Illuminate\\Http\\Response->__construct(Object(Illuminate\\View\\View), 200, Array)
#8 /Applications/XAMPP/xamppfiles/htdocs/tmracing/vendor/laravel/framework/src/Illuminate/Routing/Router.php(885): Illuminate\\Routing\\Router::toResponse(Object(Illuminate\\Http\\Request), Object(Illuminate\\View\\View))
#9 /Applications/XAMPP/xamppfiles/htdocs/tmracing/vendor/laravel/framework/src/Illuminate/Routing/Router.php(805): Illuminate\\Routing\\Router->prepareResponse(Object(Illuminate\\Http\\Request), Object(Illuminate\\View\\View))
#10 /Applications/XAMPP/xamppfiles/htdocs/tmracing/vendor/laravel/framework/src/Illuminate/Pipeline/Pipeline.php(144): Illuminate\\Routing\\Router->Illuminate\\Routing\\{closure}(Object(Illuminate\\Http\\Request))
#11 /Applications/XAMPP/xamppfiles/htdocs/tmracing/app/Http/Middleware/CheckForMaintenanceMode.php(58): Illuminate\\Pipeline\\Pipeline->Illuminate\\Pipeline\\{closure}(Object(Illuminate\\Http\\Request))
#12 /Applications/XAMPP/xamppfiles/htdocs/tmracing/vendor/laravel/framework/src/Illuminate/Pipeline/Pipeline.php(183): App\\Http\\Middleware\\CheckForMaintenanceMode->handle(Object(Illuminate\\Http\\Request), Object(Closure))
#13 /Applications/XAMPP/xamppfiles/htdocs/tmracing/app/Http/Middleware/HttpsProtocol.php(20): Illuminate\\Pipeline\\Pipeline->Illuminate\\Pipeline\\{closure}(Object(Illuminate\\Http\\Request))
#14 /Applications/XAMPP/xamppfiles/htdocs/tmracing/vendor/laravel/framework/src/Illuminate/Pipeline/Pipeline.php(183): App\\Http\\Middleware\\HttpsProtocol->handle(Object(Illuminate\\Http\\Request), Object(Closure))
#15 /Applications/XAMPP/xamppfiles/htdocs/tmracing/app/Http/Middleware/Language.php(31): Illuminate\\Pipeline\\Pipeline->Illuminate\\Pipeline\\{closure}(Object(Illuminate\\Http\\Request))
#16 /Applications/XAMPP/xamppfiles/htdocs/tmracing/vendor/laravel/framework/src/Illuminate/Pipeline/Pipeline.php(183): App\\Http\\Middleware\\Language->handle(Object(Illuminate\\Http\\Request), Object(Closure))
#17 /Applications/XAMPP/xamppfiles/htdocs/tmracing/vendor/laravel/framework/src/Illuminate/Routing/Middleware/SubstituteBindings.php(50): Illuminate\\Pipeline\\Pipeline->Illuminate\\Pipeline\\{closure}(Object(Illuminate\\Http\\Request))
#18 /Applications/XAMPP/xamppfiles/htdocs/tmracing/vendor/laravel/framework/src/Illuminate/Pipeline/Pipeline.php(183): Illuminate\\Routing\\Middleware\\SubstituteBindings->handle(Object(Illuminate\\Http\\Request), Object(Closure))
#19 /Applications/XAMPP/xamppfiles/htdocs/tmracing/vendor/laravel/framework/src/Illuminate/Foundation/Http/Middleware/VerifyCsrfToken.php(78): Illuminate\\Pipeline\\Pipeline->Illuminate\\Pipeline\\{closure}(Object(Illuminate\\Http\\Request))
#20 /Applications/XAMPP/xamppfiles/htdocs/tmracing/vendor/laravel/framework/src/Illuminate/Pipeline/Pipeline.php(183): Illuminate\\Foundation\\Http\\Middleware\\VerifyCsrfToken->handle(Object(Illuminate\\Http\\Request), Object(Closure))
#21 /Applications/XAMPP/xamppfiles/htdocs/tmracing/vendor/laravel/framework/src/Illuminate/View/Middleware/ShareErrorsFromSession.php(49): Illuminate\\Pipeline\\Pipeline->Illuminate\\Pipeline\\{closure}(Object(Illuminate\\Http\\Request))
#22 /Applications/XAMPP/xamppfiles/htdocs/tmracing/vendor/laravel/framework/src/Illuminate/Pipeline/Pipeline.php(183): Illuminate\\View\\Middleware\\ShareErrorsFromSession->handle(Object(Illuminate\\Http\\Request), Object(Closure))
#23 /Applications/XAMPP/xamppfiles/htdocs/tmracing/vendor/laravel/framework/src/Illuminate/Session/Middleware/StartSession.php(121): Illuminate\\Pipeline\\Pipeline->Illuminate\\Pipeline\\{closure}(Object(Illuminate\\Http\\Request))
#24 /Applications/XAMPP/xamppfiles/htdocs/tmracing/vendor/laravel/framework/src/Illuminate/Session/Middleware/StartSession.php(64): Illuminate\\Session\\Middleware\\StartSession->handleStatefulRequest(Object(Illuminate\\Http\\Request), Object(Illuminate\\Session\\Store), Object(Closure))
#25 /Applications/XAMPP/xamppfiles/htdocs/tmracing/vendor/laravel/framework/src/Illuminate/Pipeline/Pipeline.php(183): Illuminate\\Session\\Middleware\\StartSession->handle(Object(Illuminate\\Http\\Request), Object(Closure))
#26 /Applications/XAMPP/xamppfiles/htdocs/tmracing/vendor/laravel/framework/src/Illuminate/Cookie/Middleware/AddQueuedCookiesToResponse.php(37): Illuminate\\Pipeline\\Pipeline->Illuminate\\Pipeline\\{closure}(Object(Illuminate\\Http\\Request))
#27 /Applications/XAMPP/xamppfiles/htdocs/tmracing/vendor/laravel/framework/src/Illuminate/Pipeline/Pipeline.php(183): Illuminate\\Cookie\\Middleware\\AddQueuedCookiesToResponse->handle(Object(Illuminate\\Http\\Request), Object(Closure))
#28 /Applications/XAMPP/xamppfiles/htdocs/tmracing/vendor/laravel/framework/src/Illuminate/Pipeline/Pipeline.php(119): Illuminate\\Pipeline\\Pipeline->Illuminate\\Pipeline\\{closure}(Object(Illuminate\\Http\\Request))
#29 /Applications/XAMPP/xamppfiles/htdocs/tmracing/vendor/laravel/framework/src/Illuminate/Routing/Router.php(805): Illuminate\\Pipeline\\Pipeline->then(Object(Closure))
#30 /Applications/XAMPP/xamppfiles/htdocs/tmracing/vendor/laravel/framework/src/Illuminate/Routing/Router.php(784): Illuminate\\Routing\\Router->runRouteWithinStack(Object(Illuminate\\Routing\\Route), Object(Illuminate\\Http\\Request))
#31 /Applications/XAMPP/xamppfiles/htdocs/tmracing/vendor/laravel/framework/src/Illuminate/Routing/Router.php(748): Illuminate\\Routing\\Router->runRoute(Object(Illuminate\\Http\\Request), Object(Illuminate\\Routing\\Route))
#32 /Applications/XAMPP/xamppfiles/htdocs/tmracing/vendor/laravel/framework/src/Illuminate/Routing/Router.php(737): Illuminate\\Routing\\Router->dispatchToRoute(Object(Illuminate\\Http\\Request))
#33 /Applications/XAMPP/xamppfiles/htdocs/tmracing/vendor/laravel/framework/src/Illuminate/Foundation/Http/Kernel.php(200): Illuminate\\Routing\\Router->dispatch(Object(Illuminate\\Http\\Request))
#34 /Applications/XAMPP/xamppfiles/htdocs/tmracing/vendor/laravel/framework/src/Illuminate/Pipeline/Pipeline.php(144): Illuminate\\Foundation\\Http\\Kernel->Illuminate\\Foundation\\Http\\{closure}(Object(Illuminate\\Http\\Request))
#35 /Applications/XAMPP/xamppfiles/htdocs/tmracing/vendor/barryvdh/laravel-debugbar/src/Middleware/InjectDebugbar.php(66): Illuminate\\Pipeline\\Pipeline->Illuminate\\Pipeline\\{closure}(Object(Illuminate\\Http\\Request))
#36 /Applications/XAMPP/xamppfiles/htdocs/tmracing/vendor/laravel/framework/src/Illuminate/Pipeline/Pipeline.php(183): Barryvdh\\Debugbar\\Middleware\\InjectDebugbar->handle(Object(Illuminate\\Http\\Request), Object(Closure))
#37 /Applications/XAMPP/xamppfiles/htdocs/tmracing/vendor/laravel/framework/src/Illuminate/Http/Middleware/TrustProxies.php(39): Illuminate\\Pipeline\\Pipeline->Illuminate\\Pipeline\\{closure}(Object(Illuminate\\Http\\Request))
#38 /Applications/XAMPP/xamppfiles/htdocs/tmracing/vendor/laravel/framework/src/Illuminate/Pipeline/Pipeline.php(183): Illuminate\\Http\\Middleware\\TrustProxies->handle(Object(Illuminate\\Http\\Request), Object(Closure))
#39 /Applications/XAMPP/xamppfiles/htdocs/tmracing/vendor/laravel/framework/src/Illuminate/Foundation/Http/Middleware/TransformsRequest.php(21): Illuminate\\Pipeline\\Pipeline->Illuminate\\Pipeline\\{closure}(Object(Illuminate\\Http\\Request))
#40 /Applications/XAMPP/xamppfiles/htdocs/tmracing/vendor/laravel/framework/src/Illuminate/Foundation/Http/Middleware/ConvertEmptyStringsToNull.php(31): Illuminate\\Foundation\\Http\\Middleware\\TransformsRequest->handle(Object(Illuminate\\Http\\Request), Object(Closure))
#41 /Applications/XAMPP/xamppfiles/htdocs/tmracing/vendor/laravel/framework/src/Illuminate/Pipeline/Pipeline.php(183): Illuminate\\Foundation\\Http\\Middleware\\ConvertEmptyStringsToNull->handle(Object(Illuminate\\Http\\Request), Object(Closure))
#42 /Applications/XAMPP/xamppfiles/htdocs/tmracing/vendor/laravel/framework/src/Illuminate/Foundation/Http/Middleware/TransformsRequest.php(21): Illuminate\\Pipeline\\Pipeline->Illuminate\\Pipeline\\{closure}(Object(Illuminate\\Http\\Request))
#43 /Applications/XAMPP/xamppfiles/htdocs/tmracing/vendor/laravel/framework/src/Illuminate/Foundation/Http/Middleware/TrimStrings.php(40): Illuminate\\Foundation\\Http\\Middleware\\TransformsRequest->handle(Object(Illuminate\\Http\\Request), Object(Closure))
#44 /Applications/XAMPP/xamppfiles/htdocs/tmracing/vendor/laravel/framework/src/Illuminate/Pipeline/Pipeline.php(183): Illuminate\\Foundation\\Http\\Middleware\\TrimStrings->handle(Object(Illuminate\\Http\\Request), Object(Closure))
#45 /Applications/XAMPP/xamppfiles/htdocs/tmracing/vendor/laravel/framework/src/Illuminate/Foundation/Http/Middleware/ValidatePostSize.php(27): Illuminate\\Pipeline\\Pipeline->Illuminate\\Pipeline\\{closure}(Object(Illuminate\\Http\\Request))
#46 /Applications/XAMPP/xamppfiles/htdocs/tmracing/vendor/laravel/framework/src/Illuminate/Pipeline/Pipeline.php(183): Illuminate\\Foundation\\Http\\Middleware\\ValidatePostSize->handle(Object(Illuminate\\Http\\Request), Object(Closure))
#47 /Applications/XAMPP/xamppfiles/htdocs/tmracing/vendor/laravel/framework/src/Illuminate/Pipeline/Pipeline.php(119): Illuminate\\Pipeline\\Pipeline->Illuminate\\Pipeline\\{closure}(Object(Illuminate\\Http\\Request))
#48 /Applications/XAMPP/xamppfiles/htdocs/tmracing/vendor/laravel/framework/src/Illuminate/Foundation/Http/Kernel.php(175): Illuminate\\Pipeline\\Pipeline->then(Object(Closure))
#49 /Applications/XAMPP/xamppfiles/htdocs/tmracing/vendor/laravel/framework/src/Illuminate/Foundation/Http/Kernel.php(144): Illuminate\\Foundation\\Http\\Kernel->sendRequestThroughRouter(Object(Illuminate\\Http\\Request))
#50 /Applications/XAMPP/xamppfiles/htdocs/tmracing/index.php(56): Illuminate\\Foundation\\Http\\Kernel->handle(Object(Illuminate\\Http\\Request))
#51 {main}

[previous exception] [object] (Illuminate\\Database\\QueryException(code: 1045): SQLSTATE[HY000] [1045] Access denied for user 'root'@'localhost' (using password: YES) (Connection: mysql, SQL: select * from `business_settings`) at /Applications/XAMPP/xamppfiles/htdocs/tmracing/vendor/laravel/framework/src/Illuminate/Database/Connection.php:829)
[stacktrace]
#0 /Applications/XAMPP/xamppfiles/htdocs/tmracing/vendor/laravel/framework/src/Illuminate/Database/Connection.php(783): Illuminate\\Database\\Connection->runQueryCallback('select * from `...', Array, Object(Closure))
#1 /Applications/XAMPP/xamppfiles/htdocs/tmracing/vendor/laravel/framework/src/Illuminate/Database/Connection.php(414): Illuminate\\Database\\Connection->run('select * from `...', Array, Object(Closure))
#2 /Applications/XAMPP/xamppfiles/htdocs/tmracing/vendor/laravel/framework/src/Illuminate/Database/Query/Builder.php(2871): Illuminate\\Database\\Connection->select('select * from `...', Array, true)
#3 /Applications/XAMPP/xamppfiles/htdocs/tmracing/vendor/laravel/framework/src/Illuminate/Database/Query/Builder.php(2860): Illuminate\\Database\\Query\\Builder->runSelect()
#4 /Applications/XAMPP/xamppfiles/htdocs/tmracing/vendor/laravel/framework/src/Illuminate/Database/Query/Builder.php(3414): Illuminate\\Database\\Query\\Builder->Illuminate\\Database\\Query\\{closure}()
#5 /Applications/XAMPP/xamppfiles/htdocs/tmracing/vendor/laravel/framework/src/Illuminate/Database/Query/Builder.php(2859): Illuminate\\Database\\Query\\Builder->onceWithColumns(Array, Object(Closure))
#6 /Applications/XAMPP/xamppfiles/htdocs/tmracing/vendor/laravel/framework/src/Illuminate/Database/Eloquent/Builder.php(739): Illuminate\\Database\\Query\\Builder->get(Array)
#7 /Applications/XAMPP/xamppfiles/htdocs/tmracing/vendor/laravel/framework/src/Illuminate/Database/Eloquent/Builder.php(723): Illuminate\\Database\\Eloquent\\Builder->getModels(Array)
#8 /Applications/XAMPP/xamppfiles/htdocs/tmracing/vendor/laravel/framework/src/Illuminate/Database/Eloquent/Model.php(674): Illuminate\\Database\\Eloquent\\Builder->get(Array)
#9 /Applications/XAMPP/xamppfiles/htdocs/tmracing/app/Http/Helpers.php(668): Illuminate\\Database\\Eloquent\\Model::all()
#10 /Applications/XAMPP/xamppfiles/htdocs/tmracing/vendor/laravel/framework/src/Illuminate/Cache/Repository.php(396): {closure}()
#11 /Applications/XAMPP/xamppfiles/htdocs/tmracing/vendor/laravel/framework/src/Illuminate/Cache/CacheManager.php(429): Illuminate\\Cache\\Repository->remember('business_settin...', 86400, Object(Closure))
#12 /Applications/XAMPP/xamppfiles/htdocs/tmracing/vendor/laravel/framework/src/Illuminate/Support/Facades/Facade.php(355): Illuminate\\Cache\\CacheManager->__call('remember', Array)
#13 /Applications/XAMPP/xamppfiles/htdocs/tmracing/app/Http/Helpers.php(667): Illuminate\\Support\\Facades\\Facade::__callStatic('remember', Array)
#14 /Applications/XAMPP/xamppfiles/htdocs/tmracing/storage/framework/views/92d3ae3d8cedb8ca191661c6a58862f6.php(14): get_setting('hero_slider_ima...')
#15 /Applications/XAMPP/xamppfiles/htdocs/tmracing/vendor/laravel/framework/src/Illuminate/Filesystem/Filesystem.php(123): require('/Applications/X...')
#16 /Applications/XAMPP/xamppfiles/htdocs/tmracing/vendor/laravel/framework/src/Illuminate/Filesystem/Filesystem.php(124): Illuminate\\Filesystem\\Filesystem::Illuminate\\Filesystem\\{closure}()
#17 /Applications/XAMPP/xamppfiles/htdocs/tmracing/vendor/laravel/framework/src/Illuminate/View/Engines/PhpEngine.php(58): Illuminate\\Filesystem\\Filesystem->getRequire('/Applications/X...', Array)
#18 /Applications/XAMPP/xamppfiles/htdocs/tmracing/vendor/laravel/framework/src/Illuminate/View/Engines/CompilerEngine.php(72): Illuminate\\View\\Engines\\PhpEngine->evaluatePath('/Applications/X...', Array)
#19 /Applications/XAMPP/xamppfiles/htdocs/tmracing/vendor/laravel/framework/src/Illuminate/View/View.php(207): Illuminate\\View\\Engines\\CompilerEngine->get('/Applications/X...', Array)
#20 /Applications/XAMPP/xamppfiles/htdocs/tmracing/vendor/laravel/framework/src/Illuminate/View/View.php(190): Illuminate\\View\\View->getContents()
#21 /Applications/XAMPP/xamppfiles/htdocs/tmracing/vendor/laravel/framework/src/Illuminate/View/View.php(159): Illuminate\\View\\View->renderContents()
#22 /Applications/XAMPP/xamppfiles/htdocs/tmracing/vendor/laravel/framework/src/Illuminate/Http/Response.php(69): Illuminate\\View\\View->render()
#23 /Applications/XAMPP/xamppfiles/htdocs/tmracing/vendor/laravel/framework/src/Illuminate/Http/Response.php(35): Illuminate\\Http\\Response->setContent(Object(Illuminate\\View\\View))
#24 /Applications/XAMPP/xamppfiles/htdocs/tmracing/vendor/laravel/framework/src/Illuminate/Routing/Router.php(918): Illuminate\\Http\\Response->__construct(Object(Illuminate\\View\\View), 200, Array)
#25 /Applications/XAMPP/xamppfiles/htdocs/tmracing/vendor/laravel/framework/src/Illuminate/Routing/Router.php(885): Illuminate\\Routing\\Router::toResponse(Object(Illuminate\\Http\\Request), Object(Illuminate\\View\\View))
#26 /Applications/XAMPP/xamppfiles/htdocs/tmracing/vendor/laravel/framework/src/Illuminate/Routing/Router.php(805): Illuminate\\Routing\\Router->prepareResponse(Object(Illuminate\\Http\\Request), Object(Illuminate\\View\\View))
#27 /Applications/XAMPP/xamppfiles/htdocs/tmracing/vendor/laravel/framework/src/Illuminate/Pipeline/Pipeline.php(144): Illuminate\\Routing\\Router->Illuminate\\Routing\\{closure}(Object(Illuminate\\Http\\Request))
#28 /Applications/XAMPP/xamppfiles/htdocs/tmracing/app/Http/Middleware/CheckForMaintenanceMode.php(58): Illuminate\\Pipeline\\Pipeline->Illuminate\\Pipeline\\{closure}(Object(Illuminate\\Http\\Request))
#29 /Applications/XAMPP/xamppfiles/htdocs/tmracing/vendor/laravel/framework/src/Illuminate/Pipeline/Pipeline.php(183): App\\Http\\Middleware\\CheckForMaintenanceMode->handle(Object(Illuminate\\Http\\Request), Object(Closure))
#30 /Applications/XAMPP/xamppfiles/htdocs/tmracing/app/Http/Middleware/HttpsProtocol.php(20): Illuminate\\Pipeline\\Pipeline->Illuminate\\Pipeline\\{closure}(Object(Illuminate\\Http\\Request))
#31 /Applications/XAMPP/xamppfiles/htdocs/tmracing/vendor/laravel/framework/src/Illuminate/Pipeline/Pipeline.php(183): App\\Http\\Middleware\\HttpsProtocol->handle(Object(Illuminate\\Http\\Request), Object(Closure))
#32 /Applications/XAMPP/xamppfiles/htdocs/tmracing/app/Http/Middleware/Language.php(31): Illuminate\\Pipeline\\Pipeline->Illuminate\\Pipeline\\{closure}(Object(Illuminate\\Http\\Request))
#33 /Applications/XAMPP/xamppfiles/htdocs/tmracing/vendor/laravel/framework/src/Illuminate/Pipeline/Pipeline.php(183): App\\Http\\Middleware\\Language->handle(Object(Illuminate\\Http\\Request), Object(Closure))
#34 /Applications/XAMPP/xamppfiles/htdocs/tmracing/vendor/laravel/framework/src/Illuminate/Routing/Middleware/SubstituteBindings.php(50): Illuminate\\Pipeline\\Pipeline->Illuminate\\Pipeline\\{closure}(Object(Illuminate\\Http\\Request))
#35 /Applications/XAMPP/xamppfiles/htdocs/tmracing/vendor/laravel/framework/src/Illuminate/Pipeline/Pipeline.php(183): Illuminate\\Routing\\Middleware\\SubstituteBindings->handle(Object(Illuminate\\Http\\Request), Object(Closure))
#36 /Applications/XAMPP/xamppfiles/htdocs/tmracing/vendor/laravel/framework/src/Illuminate/Foundation/Http/Middleware/VerifyCsrfToken.php(78): Illuminate\\Pipeline\\Pipeline->Illuminate\\Pipeline\\{closure}(Object(Illuminate\\Http\\Request))
#37 /Applications/XAMPP/xamppfiles/htdocs/tmracing/vendor/laravel/framework/src/Illuminate/Pipeline/Pipeline.php(183): Illuminate\\Foundation\\Http\\Middleware\\VerifyCsrfToken->handle(Object(Illuminate\\Http\\Request), Object(Closure))
#38 /Applications/XAMPP/xamppfiles/htdocs/tmracing/vendor/laravel/framework/src/Illuminate/View/Middleware/ShareErrorsFromSession.php(49): Illuminate\\Pipeline\\Pipeline->Illuminate\\Pipeline\\{closure}(Object(Illuminate\\Http\\Request))
#39 /Applications/XAMPP/xamppfiles/htdocs/tmracing/vendor/laravel/framework/src/Illuminate/Pipeline/Pipeline.php(183): Illuminate\\View\\Middleware\\ShareErrorsFromSession->handle(Object(Illuminate\\Http\\Request), Object(Closure))
#40 /Applications/XAMPP/xamppfiles/htdocs/tmracing/vendor/laravel/framework/src/Illuminate/Session/Middleware/StartSession.php(121): Illuminate\\Pipeline\\Pipeline->Illuminate\\Pipeline\\{closure}(Object(Illuminate\\Http\\Request))
#41 /Applications/XAMPP/xamppfiles/htdocs/tmracing/vendor/laravel/framework/src/Illuminate/Session/Middleware/StartSession.php(64): Illuminate\\Session\\Middleware\\StartSession->handleStatefulRequest(Object(Illuminate\\Http\\Request), Object(Illuminate\\Session\\Store), Object(Closure))
#42 /Applications/XAMPP/xamppfiles/htdocs/tmracing/vendor/laravel/framework/src/Illuminate/Pipeline/Pipeline.php(183): Illuminate\\Session\\Middleware\\StartSession->handle(Object(Illuminate\\Http\\Request), Object(Closure))
#43 /Applications/XAMPP/xamppfiles/htdocs/tmracing/vendor/laravel/framework/src/Illuminate/Cookie/Middleware/AddQueuedCookiesToResponse.php(37): Illuminate\\Pipeline\\Pipeline->Illuminate\\Pipeline\\{closure}(Object(Illuminate\\Http\\Request))
#44 /Applications/XAMPP/xamppfiles/htdocs/tmracing/vendor/laravel/framework/src/Illuminate/Pipeline/Pipeline.php(183): Illuminate\\Cookie\\Middleware\\AddQueuedCookiesToResponse->handle(Object(Illuminate\\Http\\Request), Object(Closure))
#45 /Applications/XAMPP/xamppfiles/htdocs/tmracing/vendor/laravel/framework/src/Illuminate/Pipeline/Pipeline.php(119): Illuminate\\Pipeline\\Pipeline->Illuminate\\Pipeline\\{closure}(Object(Illuminate\\Http\\Request))
#46 /Applications/XAMPP/xamppfiles/htdocs/tmracing/vendor/laravel/framework/src/Illuminate/Routing/Router.php(805): Illuminate\\Pipeline\\Pipeline->then(Object(Closure))
#47 /Applications/XAMPP/xamppfiles/htdocs/tmracing/vendor/laravel/framework/src/Illuminate/Routing/Router.php(784): Illuminate\\Routing\\Router->runRouteWithinStack(Object(Illuminate\\Routing\\Route), Object(Illuminate\\Http\\Request))
#48 /Applications/XAMPP/xamppfiles/htdocs/tmracing/vendor/laravel/framework/src/Illuminate/Routing/Router.php(748): Illuminate\\Routing\\Router->runRoute(Object(Illuminate\\Http\\Request), Object(Illuminate\\Routing\\Route))
#49 /Applications/XAMPP/xamppfiles/htdocs/tmracing/vendor/laravel/framework/src/Illuminate/Routing/Router.php(737): Illuminate\\Routing\\Router->dispatchToRoute(Object(Illuminate\\Http\\Request))
#50 /Applications/XAMPP/xamppfiles/htdocs/tmracing/vendor/laravel/framework/src/Illuminate/Foundation/Http/Kernel.php(200): Illuminate\\Routing\\Router->dispatch(Object(Illuminate\\Http\\Request))
#51 /Applications/XAMPP/xamppfiles/htdocs/tmracing/vendor/laravel/framework/src/Illuminate/Pipeline/Pipeline.php(144): Illuminate\\Foundation\\Http\\Kernel->Illuminate\\Foundation\\Http\\{closure}(Object(Illuminate\\Http\\Request))
#52 /Applications/XAMPP/xamppfiles/htdocs/tmracing/vendor/barryvdh/laravel-debugbar/src/Middleware/InjectDebugbar.php(66): Illuminate\\Pipeline\\Pipeline->Illuminate\\Pipeline\\{closure}(Object(Illuminate\\Http\\Request))
#53 /Applications/XAMPP/xamppfiles/htdocs/tmracing/vendor/laravel/framework/src/Illuminate/Pipeline/Pipeline.php(183): Barryvdh\\Debugbar\\Middleware\\InjectDebugbar->handle(Object(Illuminate\\Http\\Request), Object(Closure))
#54 /Applications/XAMPP/xamppfiles/htdocs/tmracing/vendor/laravel/framework/src/Illuminate/Http/Middleware/TrustProxies.php(39): Illuminate\\Pipeline\\Pipeline->Illuminate\\Pipeline\\{closure}(Object(Illuminate\\Http\\Request))
#55 /Applications/XAMPP/xamppfiles/htdocs/tmracing/vendor/laravel/framework/src/Illuminate/Pipeline/Pipeline.php(183): Illuminate\\Http\\Middleware\\TrustProxies->handle(Object(Illuminate\\Http\\Request), Object(Closure))
#56 /Applications/XAMPP/xamppfiles/htdocs/tmracing/vendor/laravel/framework/src/Illuminate/Foundation/Http/Middleware/TransformsRequest.php(21): Illuminate\\Pipeline\\Pipeline->Illuminate\\Pipeline\\{closure}(Object(Illuminate\\Http\\Request))
#57 /Applications/XAMPP/xamppfiles/htdocs/tmracing/vendor/laravel/framework/src/Illuminate/Foundation/Http/Middleware/ConvertEmptyStringsToNull.php(31): Illuminate\\Foundation\\Http\\Middleware\\TransformsRequest->handle(Object(Illuminate\\Http\\Request), Object(Closure))
#58 /Applications/XAMPP/xamppfiles/htdocs/tmracing/vendor/laravel/framework/src/Illuminate/Pipeline/Pipeline.php(183): Illuminate\\Foundation\\Http\\Middleware\\ConvertEmptyStringsToNull->handle(Object(Illuminate\\Http\\Request), Object(Closure))
#59 /Applications/XAMPP/xamppfiles/htdocs/tmracing/vendor/laravel/framework/src/Illuminate/Foundation/Http/Middleware/TransformsRequest.php(21): Illuminate\\Pipeline\\Pipeline->Illuminate\\Pipeline\\{closure}(Object(Illuminate\\Http\\Request))
#60 /Applications/XAMPP/xamppfiles/htdocs/tmracing/vendor/laravel/framework/src/Illuminate/Foundation/Http/Middleware/TrimStrings.php(40): Illuminate\\Foundation\\Http\\Middleware\\TransformsRequest->handle(Object(Illuminate\\Http\\Request), Object(Closure))
#61 /Applications/XAMPP/xamppfiles/htdocs/tmracing/vendor/laravel/framework/src/Illuminate/Pipeline/Pipeline.php(183): Illuminate\\Foundation\\Http\\Middleware\\TrimStrings->handle(Object(Illuminate\\Http\\Request), Object(Closure))
#62 /Applications/XAMPP/xamppfiles/htdocs/tmracing/vendor/laravel/framework/src/Illuminate/Foundation/Http/Middleware/ValidatePostSize.php(27): Illuminate\\Pipeline\\Pipeline->Illuminate\\Pipeline\\{closure}(Object(Illuminate\\Http\\Request))
#63 /Applications/XAMPP/xamppfiles/htdocs/tmracing/vendor/laravel/framework/src/Illuminate/Pipeline/Pipeline.php(183): Illuminate\\Foundation\\Http\\Middleware\\ValidatePostSize->handle(Object(Illuminate\\Http\\Request), Object(Closure))
#64 /Applications/XAMPP/xamppfiles/htdocs/tmracing/vendor/laravel/framework/src/Illuminate/Pipeline/Pipeline.php(119): Illuminate\\Pipeline\\Pipeline->Illuminate\\Pipeline\\{closure}(Object(Illuminate\\Http\\Request))
#65 /Applications/XAMPP/xamppfiles/htdocs/tmracing/vendor/laravel/framework/src/Illuminate/Foundation/Http/Kernel.php(175): Illuminate\\Pipeline\\Pipeline->then(Object(Closure))
#66 /Applications/XAMPP/xamppfiles/htdocs/tmracing/vendor/laravel/framework/src/Illuminate/Foundation/Http/Kernel.php(144): Illuminate\\Foundation\\Http\\Kernel->sendRequestThroughRouter(Object(Illuminate\\Http\\Request))
#67 /Applications/XAMPP/xamppfiles/htdocs/tmracing/index.php(56): Illuminate\\Foundation\\Http\\Kernel->handle(Object(Illuminate\\Http\\Request))
#68 {main}

[previous exception] [object] (PDOException(code: 1045): SQLSTATE[HY000] [1045] Access denied for user 'root'@'localhost' (using password: YES) at /Applications/XAMPP/xamppfiles/htdocs/tmracing/vendor/laravel/framework/src/Illuminate/Database/Connectors/Connector.php:65)
[stacktrace]
#0 /Applications/XAMPP/xamppfiles/htdocs/tmracing/vendor/laravel/framework/src/Illuminate/Database/Connectors/Connector.php(65): PDO->__construct('mysql:host=127....', 'root', Object(SensitiveParameterValue), Array)
#1 /Applications/XAMPP/xamppfiles/htdocs/tmracing/vendor/laravel/framework/src/Illuminate/Database/Connectors/Connector.php(44): Illuminate\\Database\\Connectors\\Connector->createPdoConnection('mysql:host=127....', 'root', ' ', Array)
#2 /Applications/XAMPP/xamppfiles/htdocs/tmracing/vendor/laravel/framework/src/Illuminate/Database/Connectors/MySqlConnector.php(24): Illuminate\\Database\\Connectors\\Connector->createConnection('mysql:host=127....', Array, Array)
#3 /Applications/XAMPP/xamppfiles/htdocs/tmracing/vendor/laravel/framework/src/Illuminate/Database/Connectors/ConnectionFactory.php(184): Illuminate\\Database\\Connectors\\MySqlConnector->connect(Array)
#4 [internal function]: Illuminate\\Database\\Connectors\\ConnectionFactory->Illuminate\\Database\\Connectors\\{closure}()
#5 /Applications/XAMPP/xamppfiles/htdocs/tmracing/vendor/laravel/framework/src/Illuminate/Database/Connection.php(1339): call_user_func(Object(Closure))
#6 /Applications/XAMPP/xamppfiles/htdocs/tmracing/vendor/laravel/framework/src/Illuminate/Database/Connection.php(1375): Illuminate\\Database\\Connection->getPdo()
#7 /Applications/XAMPP/xamppfiles/htdocs/tmracing/vendor/laravel/framework/src/Illuminate/Database/Connection.php(528): Illuminate\\Database\\Connection->getReadPdo()
#8 /Applications/XAMPP/xamppfiles/htdocs/tmracing/vendor/laravel/framework/src/Illuminate/Database/Connection.php(423): Illuminate\\Database\\Connection->getPdoForSelect(true)
#9 /Applications/XAMPP/xamppfiles/htdocs/tmracing/vendor/laravel/framework/src/Illuminate/Database/Connection.php(816): Illuminate\\Database\\Connection->Illuminate\\Database\\{closure}('select * from `...', Array)
#10 /Applications/XAMPP/xamppfiles/htdocs/tmracing/vendor/laravel/framework/src/Illuminate/Database/Connection.php(783): Illuminate\\Database\\Connection->runQueryCallback('select * from `...', Array, Object(Closure))
#11 /Applications/XAMPP/xamppfiles/htdocs/tmracing/vendor/laravel/framework/src/Illuminate/Database/Connection.php(414): Illuminate\\Database\\Connection->run('select * from `...', Array, Object(Closure))
#12 /Applications/XAMPP/xamppfiles/htdocs/tmracing/vendor/laravel/framework/src/Illuminate/Database/Query/Builder.php(2871): Illuminate\\Database\\Connection->select('select * from `...', Array, true)
#13 /Applications/XAMPP/xamppfiles/htdocs/tmracing/vendor/laravel/framework/src/Illuminate/Database/Query/Builder.php(2860): Illuminate\\Database\\Query\\Builder->runSelect()
#14 /Applications/XAMPP/xamppfiles/htdocs/tmracing/vendor/laravel/framework/src/Illuminate/Database/Query/Builder.php(3414): Illuminate\\Database\\Query\\Builder->Illuminate\\Database\\Query\\{closure}()
#15 /Applications/XAMPP/xamppfiles/htdocs/tmracing/vendor/laravel/framework/src/Illuminate/Database/Query/Builder.php(2859): Illuminate\\Database\\Query\\Builder->onceWithColumns(Array, Object(Closure))
#16 /Applications/XAMPP/xamppfiles/htdocs/tmracing/vendor/laravel/framework/src/Illuminate/Database/Eloquent/Builder.php(739): Illuminate\\Database\\Query\\Builder->get(Array)
#17 /Applications/XAMPP/xamppfiles/htdocs/tmracing/vendor/laravel/framework/src/Illuminate/Database/Eloquent/Builder.php(723): Illuminate\\Database\\Eloquent\\Builder->getModels(Array)
#18 /Applications/XAMPP/xamppfiles/htdocs/tmracing/vendor/laravel/framework/src/Illuminate/Database/Eloquent/Model.php(674): Illuminate\\Database\\Eloquent\\Builder->get(Array)
#19 /Applications/XAMPP/xamppfiles/htdocs/tmracing/app/Http/Helpers.php(668): Illuminate\\Database\\Eloquent\\Model::all()
#20 /Applications/XAMPP/xamppfiles/htdocs/tmracing/vendor/laravel/framework/src/Illuminate/Cache/Repository.php(396): {closure}()
#21 /Applications/XAMPP/xamppfiles/htdocs/tmracing/vendor/laravel/framework/src/Illuminate/Cache/CacheManager.php(429): Illuminate\\Cache\\Repository->remember('business_settin...', 86400, Object(Closure))
#22 /Applications/XAMPP/xamppfiles/htdocs/tmracing/vendor/laravel/framework/src/Illuminate/Support/Facades/Facade.php(355): Illuminate\\Cache\\CacheManager->__call('remember', Array)
#23 /Applications/XAMPP/xamppfiles/htdocs/tmracing/app/Http/Helpers.php(667): Illuminate\\Support\\Facades\\Facade::__callStatic('remember', Array)
#24 /Applications/XAMPP/xamppfiles/htdocs/tmracing/storage/framework/views/92d3ae3d8cedb8ca191661c6a58862f6.php(14): get_setting('hero_slider_ima...')
#25 /Applications/XAMPP/xamppfiles/htdocs/tmracing/vendor/laravel/framework/src/Illuminate/Filesystem/Filesystem.php(123): require('/Applications/X...')
#26 /Applications/XAMPP/xamppfiles/htdocs/tmracing/vendor/laravel/framework/src/Illuminate/Filesystem/Filesystem.php(124): Illuminate\\Filesystem\\Filesystem::Illuminate\\Filesystem\\{closure}()
#27 /Applications/XAMPP/xamppfiles/htdocs/tmracing/vendor/laravel/framework/src/Illuminate/View/Engines/PhpEngine.php(58): Illuminate\\Filesystem\\Filesystem->getRequire('/Applications/X...', Array)
#28 /Applications/XAMPP/xamppfiles/htdocs/tmracing/vendor/laravel/framework/src/Illuminate/View/Engines/CompilerEngine.php(72): Illuminate\\View\\Engines\\PhpEngine->evaluatePath('/Applications/X...', Array)
#29 /Applications/XAMPP/xamppfiles/htdocs/tmracing/vendor/laravel/framework/src/Illuminate/View/View.php(207): Illuminate\\View\\Engines\\CompilerEngine->get('/Applications/X...', Array)
#30 /Applications/XAMPP/xamppfiles/htdocs/tmracing/vendor/laravel/framework/src/Illuminate/View/View.php(190): Illuminate\\View\\View->getContents()
#31 /Applications/XAMPP/xamppfiles/htdocs/tmracing/vendor/laravel/framework/src/Illuminate/View/View.php(159): Illuminate\\View\\View->renderContents()
#32 /Applications/XAMPP/xamppfiles/htdocs/tmracing/vendor/laravel/framework/src/Illuminate/Http/Response.php(69): Illuminate\\View\\View->render()
#33 /Applications/XAMPP/xamppfiles/htdocs/tmracing/vendor/laravel/framework/src/Illuminate/Http/Response.php(35): Illuminate\\Http\\Response->setContent(Object(Illuminate\\View\\View))
#34 /Applications/XAMPP/xamppfiles/htdocs/tmracing/vendor/laravel/framework/src/Illuminate/Routing/Router.php(918): Illuminate\\Http\\Response->__construct(Object(Illuminate\\View\\View), 200, Array)
#35 /Applications/XAMPP/xamppfiles/htdocs/tmracing/vendor/laravel/framework/src/Illuminate/Routing/Router.php(885): Illuminate\\Routing\\Router::toResponse(Object(Illuminate\\Http\\Request), Object(Illuminate\\View\\View))
#36 /Applications/XAMPP/xamppfiles/htdocs/tmracing/vendor/laravel/framework/src/Illuminate/Routing/Router.php(805): Illuminate\\Routing\\Router->prepareResponse(Object(Illuminate\\Http\\Request), Object(Illuminate\\View\\View))
#37 /Applications/XAMPP/xamppfiles/htdocs/tmracing/vendor/laravel/framework/src/Illuminate/Pipeline/Pipeline.php(144): Illuminate\\Routing\\Router->Illuminate\\Routing\\{closure}(Object(Illuminate\\Http\\Request))
#38 /Applications/XAMPP/xamppfiles/htdocs/tmracing/app/Http/Middleware/CheckForMaintenanceMode.php(58): Illuminate\\Pipeline\\Pipeline->Illuminate\\Pipeline\\{closure}(Object(Illuminate\\Http\\Request))
#39 /Applications/XAMPP/xamppfiles/htdocs/tmracing/vendor/laravel/framework/src/Illuminate/Pipeline/Pipeline.php(183): App\\Http\\Middleware\\CheckForMaintenanceMode->handle(Object(Illuminate\\Http\\Request), Object(Closure))
#40 /Applications/XAMPP/xamppfiles/htdocs/tmracing/app/Http/Middleware/HttpsProtocol.php(20): Illuminate\\Pipeline\\Pipeline->Illuminate\\Pipeline\\{closure}(Object(Illuminate\\Http\\Request))
#41 /Applications/XAMPP/xamppfiles/htdocs/tmracing/vendor/laravel/framework/src/Illuminate/Pipeline/Pipeline.php(183): App\\Http\\Middleware\\HttpsProtocol->handle(Object(Illuminate\\Http\\Request), Object(Closure))
#42 /Applications/XAMPP/xamppfiles/htdocs/tmracing/app/Http/Middleware/Language.php(31): Illuminate\\Pipeline\\Pipeline->Illuminate\\Pipeline\\{closure}(Object(Illuminate\\Http\\Request))
#43 /Applications/XAMPP/xamppfiles/htdocs/tmracing/vendor/laravel/framework/src/Illuminate/Pipeline/Pipeline.php(183): App\\Http\\Middleware\\Language->handle(Object(Illuminate\\Http\\Request), Object(Closure))
#44 /Applications/XAMPP/xamppfiles/htdocs/tmracing/vendor/laravel/framework/src/Illuminate/Routing/Middleware/SubstituteBindings.php(50): Illuminate\\Pipeline\\Pipeline->Illuminate\\Pipeline\\{closure}(Object(Illuminate\\Http\\Request))
#45 /Applications/XAMPP/xamppfiles/htdocs/tmracing/vendor/laravel/framework/src/Illuminate/Pipeline/Pipeline.php(183): Illuminate\\Routing\\Middleware\\SubstituteBindings->handle(Object(Illuminate\\Http\\Request), Object(Closure))
#46 /Applications/XAMPP/xamppfiles/htdocs/tmracing/vendor/laravel/framework/src/Illuminate/Foundation/Http/Middleware/VerifyCsrfToken.php(78): Illuminate\\Pipeline\\Pipeline->Illuminate\\Pipeline\\{closure}(Object(Illuminate\\Http\\Request))
#47 /Applications/XAMPP/xamppfiles/htdocs/tmracing/vendor/laravel/framework/src/Illuminate/Pipeline/Pipeline.php(183): Illuminate\\Foundation\\Http\\Middleware\\VerifyCsrfToken->handle(Object(Illuminate\\Http\\Request), Object(Closure))
#48 /Applications/XAMPP/xamppfiles/htdocs/tmracing/vendor/laravel/framework/src/Illuminate/View/Middleware/ShareErrorsFromSession.php(49): Illuminate\\Pipeline\\Pipeline->Illuminate\\Pipeline\\{closure}(Object(Illuminate\\Http\\Request))
#49 /Applications/XAMPP/xamppfiles/htdocs/tmracing/vendor/laravel/framework/src/Illuminate/Pipeline/Pipeline.php(183): Illuminate\\View\\Middleware\\ShareErrorsFromSession->handle(Object(Illuminate\\Http\\Request), Object(Closure))
#50 /Applications/XAMPP/xamppfiles/htdocs/tmracing/vendor/laravel/framework/src/Illuminate/Session/Middleware/StartSession.php(121): Illuminate\\Pipeline\\Pipeline->Illuminate\\Pipeline\\{closure}(Object(Illuminate\\Http\\Request))
#51 /Applications/XAMPP/xamppfiles/htdocs/tmracing/vendor/laravel/framework/src/Illuminate/Session/Middleware/StartSession.php(64): Illuminate\\Session\\Middleware\\StartSession->handleStatefulRequest(Object(Illuminate\\Http\\Request), Object(Illuminate\\Session\\Store), Object(Closure))
#52 /Applications/XAMPP/xamppfiles/htdocs/tmracing/vendor/laravel/framework/src/Illuminate/Pipeline/Pipeline.php(183): Illuminate\\Session\\Middleware\\StartSession->handle(Object(Illuminate\\Http\\Request), Object(Closure))
#53 /Applications/XAMPP/xamppfiles/htdocs/tmracing/vendor/laravel/framework/src/Illuminate/Cookie/Middleware/AddQueuedCookiesToResponse.php(37): Illuminate\\Pipeline\\Pipeline->Illuminate\\Pipeline\\{closure}(Object(Illuminate\\Http\\Request))
#54 /Applications/XAMPP/xamppfiles/htdocs/tmracing/vendor/laravel/framework/src/Illuminate/Pipeline/Pipeline.php(183): Illuminate\\Cookie\\Middleware\\AddQueuedCookiesToResponse->handle(Object(Illuminate\\Http\\Request), Object(Closure))
#55 /Applications/XAMPP/xamppfiles/htdocs/tmracing/vendor/laravel/framework/src/Illuminate/Pipeline/Pipeline.php(119): Illuminate\\Pipeline\\Pipeline->Illuminate\\Pipeline\\{closure}(Object(Illuminate\\Http\\Request))
#56 /Applications/XAMPP/xamppfiles/htdocs/tmracing/vendor/laravel/framework/src/Illuminate/Routing/Router.php(805): Illuminate\\Pipeline\\Pipeline->then(Object(Closure))
#57 /Applications/XAMPP/xamppfiles/htdocs/tmracing/vendor/laravel/framework/src/Illuminate/Routing/Router.php(784): Illuminate\\Routing\\Router->runRouteWithinStack(Object(Illuminate\\Routing\\Route), Object(Illuminate\\Http\\Request))
#58 /Applications/XAMPP/xamppfiles/htdocs/tmracing/vendor/laravel/framework/src/Illuminate/Routing/Router.php(748): Illuminate\\Routing\\Router->runRoute(Object(Illuminate\\Http\\Request), Object(Illuminate\\Routing\\Route))
#59 /Applications/XAMPP/xamppfiles/htdocs/tmracing/vendor/laravel/framework/src/Illuminate/Routing/Router.php(737): Illuminate\\Routing\\Router->dispatchToRoute(Object(Illuminate\\Http\\Request))
#60 /Applications/XAMPP/xamppfiles/htdocs/tmracing/vendor/laravel/framework/src/Illuminate/Foundation/Http/Kernel.php(200): Illuminate\\Routing\\Router->dispatch(Object(Illuminate\\Http\\Request))
#61 /Applications/XAMPP/xamppfiles/htdocs/tmracing/vendor/laravel/framework/src/Illuminate/Pipeline/Pipeline.php(144): Illuminate\\Foundation\\Http\\Kernel->Illuminate\\Foundation\\Http\\{closure}(Object(Illuminate\\Http\\Request))
#62 /Applications/XAMPP/xamppfiles/htdocs/tmracing/vendor/barryvdh/laravel-debugbar/src/Middleware/InjectDebugbar.php(66): Illuminate\\Pipeline\\Pipeline->Illuminate\\Pipeline\\{closure}(Object(Illuminate\\Http\\Request))
#63 /Applications/XAMPP/xamppfiles/htdocs/tmracing/vendor/laravel/framework/src/Illuminate/Pipeline/Pipeline.php(183): Barryvdh\\Debugbar\\Middleware\\InjectDebugbar->handle(Object(Illuminate\\Http\\Request), Object(Closure))
#64 /Applications/XAMPP/xamppfiles/htdocs/tmracing/vendor/laravel/framework/src/Illuminate/Http/Middleware/TrustProxies.php(39): Illuminate\\Pipeline\\Pipeline->Illuminate\\Pipeline\\{closure}(Object(Illuminate\\Http\\Request))
#65 /Applications/XAMPP/xamppfiles/htdocs/tmracing/vendor/laravel/framework/src/Illuminate/Pipeline/Pipeline.php(183): Illuminate\\Http\\Middleware\\TrustProxies->handle(Object(Illuminate\\Http\\Request), Object(Closure))
#66 /Applications/XAMPP/xamppfiles/htdocs/tmracing/vendor/laravel/framework/src/Illuminate/Foundation/Http/Middleware/TransformsRequest.php(21): Illuminate\\Pipeline\\Pipeline->Illuminate\\Pipeline\\{closure}(Object(Illuminate\\Http\\Request))
#67 /Applications/XAMPP/xamppfiles/htdocs/tmracing/vendor/laravel/framework/src/Illuminate/Foundation/Http/Middleware/ConvertEmptyStringsToNull.php(31): Illuminate\\Foundation\\Http\\Middleware\\TransformsRequest->handle(Object(Illuminate\\Http\\Request), Object(Closure))
#68 /Applications/XAMPP/xamppfiles/htdocs/tmracing/vendor/laravel/framework/src/Illuminate/Pipeline/Pipeline.php(183): Illuminate\\Foundation\\Http\\Middleware\\ConvertEmptyStringsToNull->handle(Object(Illuminate\\Http\\Request), Object(Closure))
#69 /Applications/XAMPP/xamppfiles/htdocs/tmracing/vendor/laravel/framework/src/Illuminate/Foundation/Http/Middleware/TransformsRequest.php(21): Illuminate\\Pipeline\\Pipeline->Illuminate\\Pipeline\\{closure}(Object(Illuminate\\Http\\Request))
#70 /Applications/XAMPP/xamppfiles/htdocs/tmracing/vendor/laravel/framework/src/Illuminate/Foundation/Http/Middleware/TrimStrings.php(40): Illuminate\\Foundation\\Http\\Middleware\\TransformsRequest->handle(Object(Illuminate\\Http\\Request), Object(Closure))
#71 /Applications/XAMPP/xamppfiles/htdocs/tmracing/vendor/laravel/framework/src/Illuminate/Pipeline/Pipeline.php(183): Illuminate\\Foundation\\Http\\Middleware\\TrimStrings->handle(Object(Illuminate\\Http\\Request), Object(Closure))
#72 /Applications/XAMPP/xamppfiles/htdocs/tmracing/vendor/laravel/framework/src/Illuminate/Foundation/Http/Middleware/ValidatePostSize.php(27): Illuminate\\Pipeline\\Pipeline->Illuminate\\Pipeline\\{closure}(Object(Illuminate\\Http\\Request))
#73 /Applications/XAMPP/xamppfiles/htdocs/tmracing/vendor/laravel/framework/src/Illuminate/Pipeline/Pipeline.php(183): Illuminate\\Foundation\\Http\\Middleware\\ValidatePostSize->handle(Object(Illuminate\\Http\\Request), Object(Closure))
#74 /Applications/XAMPP/xamppfiles/htdocs/tmracing/vendor/laravel/framework/src/Illuminate/Pipeline/Pipeline.php(119): Illuminate\\Pipeline\\Pipeline->Illuminate\\Pipeline\\{closure}(Object(Illuminate\\Http\\Request))
#75 /Applications/XAMPP/xamppfiles/htdocs/tmracing/vendor/laravel/framework/src/Illuminate/Foundation/Http/Kernel.php(175): Illuminate\\Pipeline\\Pipeline->then(Object(Closure))
#76 /Applications/XAMPP/xamppfiles/htdocs/tmracing/vendor/laravel/framework/src/Illuminate/Foundation/Http/Kernel.php(144): Illuminate\\Foundation\\Http\\Kernel->sendRequestThroughRouter(Object(Illuminate\\Http\\Request))
#77 /Applications/XAMPP/xamppfiles/htdocs/tmracing/index.php(56): Illuminate\\Foundation\\Http\\Kernel->handle(Object(Illuminate\\Http\\Request))
#78 {main}
"} 
[2025-11-11 03:56:31] local.ERROR: SQLSTATE[HY000] [1045] Access denied for user 'root'@'localhost' (using password: YES) (Connection: mysql, SQL: select * from `business_settings`) (View: /Applications/XAMPP/xamppfiles/htdocs/tmracing/resources/views/frontend/pages/home/srs.blade.php) {"exception":"[object] (Illuminate\\View\\ViewException(code: 0): SQLSTATE[HY000] [1045] Access denied for user 'root'@'localhost' (using password: YES) (Connection: mysql, SQL: select * from `business_settings`) (View: /Applications/XAMPP/xamppfiles/htdocs/tmracing/resources/views/frontend/pages/home/srs.blade.php) at /Applications/XAMPP/xamppfiles/htdocs/tmracing/vendor/laravel/framework/src/Illuminate/Database/Connection.php:829)
[stacktrace]
#0 /Applications/XAMPP/xamppfiles/htdocs/tmracing/vendor/laravel/framework/src/Illuminate/View/Engines/PhpEngine.php(60): Illuminate\\View\\Engines\\CompilerEngine->handleViewException(Object(Illuminate\\Database\\QueryException), 1)
#1 /Applications/XAMPP/xamppfiles/htdocs/tmracing/vendor/laravel/framework/src/Illuminate/View/Engines/CompilerEngine.php(72): Illuminate\\View\\Engines\\PhpEngine->evaluatePath('/Applications/X...', Array)
#2 /Applications/XAMPP/xamppfiles/htdocs/tmracing/vendor/laravel/framework/src/Illuminate/View/View.php(207): Illuminate\\View\\Engines\\CompilerEngine->get('/Applications/X...', Array)
#3 /Applications/XAMPP/xamppfiles/htdocs/tmracing/vendor/laravel/framework/src/Illuminate/View/View.php(190): Illuminate\\View\\View->getContents()
#4 /Applications/XAMPP/xamppfiles/htdocs/tmracing/vendor/laravel/framework/src/Illuminate/View/View.php(159): Illuminate\\View\\View->renderContents()
#5 /Applications/XAMPP/xamppfiles/htdocs/tmracing/vendor/laravel/framework/src/Illuminate/Http/Response.php(69): Illuminate\\View\\View->render()
#6 /Applications/XAMPP/xamppfiles/htdocs/tmracing/vendor/laravel/framework/src/Illuminate/Http/Response.php(35): Illuminate\\Http\\Response->setContent(Object(Illuminate\\View\\View))
#7 /Applications/XAMPP/xamppfiles/htdocs/tmracing/vendor/laravel/framework/src/Illuminate/Routing/Router.php(918): Illuminate\\Http\\Response->__construct(Object(Illuminate\\View\\View), 200, Array)
#8 /Applications/XAMPP/xamppfiles/htdocs/tmracing/vendor/laravel/framework/src/Illuminate/Routing/Router.php(885): Illuminate\\Routing\\Router::toResponse(Object(Illuminate\\Http\\Request), Object(Illuminate\\View\\View))
#9 /Applications/XAMPP/xamppfiles/htdocs/tmracing/vendor/laravel/framework/src/Illuminate/Routing/Router.php(805): Illuminate\\Routing\\Router->prepareResponse(Object(Illuminate\\Http\\Request), Object(Illuminate\\View\\View))
#10 /Applications/XAMPP/xamppfiles/htdocs/tmracing/vendor/laravel/framework/src/Illuminate/Pipeline/Pipeline.php(144): Illuminate\\Routing\\Router->Illuminate\\Routing\\{closure}(Object(Illuminate\\Http\\Request))
#11 /Applications/XAMPP/xamppfiles/htdocs/tmracing/app/Http/Middleware/CheckForMaintenanceMode.php(58): Illuminate\\Pipeline\\Pipeline->Illuminate\\Pipeline\\{closure}(Object(Illuminate\\Http\\Request))
#12 /Applications/XAMPP/xamppfiles/htdocs/tmracing/vendor/laravel/framework/src/Illuminate/Pipeline/Pipeline.php(183): App\\Http\\Middleware\\CheckForMaintenanceMode->handle(Object(Illuminate\\Http\\Request), Object(Closure))
#13 /Applications/XAMPP/xamppfiles/htdocs/tmracing/app/Http/Middleware/HttpsProtocol.php(20): Illuminate\\Pipeline\\Pipeline->Illuminate\\Pipeline\\{closure}(Object(Illuminate\\Http\\Request))
#14 /Applications/XAMPP/xamppfiles/htdocs/tmracing/vendor/laravel/framework/src/Illuminate/Pipeline/Pipeline.php(183): App\\Http\\Middleware\\HttpsProtocol->handle(Object(Illuminate\\Http\\Request), Object(Closure))
#15 /Applications/XAMPP/xamppfiles/htdocs/tmracing/app/Http/Middleware/Language.php(31): Illuminate\\Pipeline\\Pipeline->Illuminate\\Pipeline\\{closure}(Object(Illuminate\\Http\\Request))
#16 /Applications/XAMPP/xamppfiles/htdocs/tmracing/vendor/laravel/framework/src/Illuminate/Pipeline/Pipeline.php(183): App\\Http\\Middleware\\Language->handle(Object(Illuminate\\Http\\Request), Object(Closure))
#17 /Applications/XAMPP/xamppfiles/htdocs/tmracing/vendor/laravel/framework/src/Illuminate/Routing/Middleware/SubstituteBindings.php(50): Illuminate\\Pipeline\\Pipeline->Illuminate\\Pipeline\\{closure}(Object(Illuminate\\Http\\Request))
#18 /Applications/XAMPP/xamppfiles/htdocs/tmracing/vendor/laravel/framework/src/Illuminate/Pipeline/Pipeline.php(183): Illuminate\\Routing\\Middleware\\SubstituteBindings->handle(Object(Illuminate\\Http\\Request), Object(Closure))
#19 /Applications/XAMPP/xamppfiles/htdocs/tmracing/vendor/laravel/framework/src/Illuminate/Foundation/Http/Middleware/VerifyCsrfToken.php(78): Illuminate\\Pipeline\\Pipeline->Illuminate\\Pipeline\\{closure}(Object(Illuminate\\Http\\Request))
#20 /Applications/XAMPP/xamppfiles/htdocs/tmracing/vendor/laravel/framework/src/Illuminate/Pipeline/Pipeline.php(183): Illuminate\\Foundation\\Http\\Middleware\\VerifyCsrfToken->handle(Object(Illuminate\\Http\\Request), Object(Closure))
#21 /Applications/XAMPP/xamppfiles/htdocs/tmracing/vendor/laravel/framework/src/Illuminate/View/Middleware/ShareErrorsFromSession.php(49): Illuminate\\Pipeline\\Pipeline->Illuminate\\Pipeline\\{closure}(Object(Illuminate\\Http\\Request))
#22 /Applications/XAMPP/xamppfiles/htdocs/tmracing/vendor/laravel/framework/src/Illuminate/Pipeline/Pipeline.php(183): Illuminate\\View\\Middleware\\ShareErrorsFromSession->handle(Object(Illuminate\\Http\\Request), Object(Closure))
#23 /Applications/XAMPP/xamppfiles/htdocs/tmracing/vendor/laravel/framework/src/Illuminate/Session/Middleware/StartSession.php(121): Illuminate\\Pipeline\\Pipeline->Illuminate\\Pipeline\\{closure}(Object(Illuminate\\Http\\Request))
#24 /Applications/XAMPP/xamppfiles/htdocs/tmracing/vendor/laravel/framework/src/Illuminate/Session/Middleware/StartSession.php(64): Illuminate\\Session\\Middleware\\StartSession->handleStatefulRequest(Object(Illuminate\\Http\\Request), Object(Illuminate\\Session\\Store), Object(Closure))
#25 /Applications/XAMPP/xamppfiles/htdocs/tmracing/vendor/laravel/framework/src/Illuminate/Pipeline/Pipeline.php(183): Illuminate\\Session\\Middleware\\StartSession->handle(Object(Illuminate\\Http\\Request), Object(Closure))
#26 /Applications/XAMPP/xamppfiles/htdocs/tmracing/vendor/laravel/framework/src/Illuminate/Cookie/Middleware/AddQueuedCookiesToResponse.php(37): Illuminate\\Pipeline\\Pipeline->Illuminate\\Pipeline\\{closure}(Object(Illuminate\\Http\\Request))
#27 /Applications/XAMPP/xamppfiles/htdocs/tmracing/vendor/laravel/framework/src/Illuminate/Pipeline/Pipeline.php(183): Illuminate\\Cookie\\Middleware\\AddQueuedCookiesToResponse->handle(Object(Illuminate\\Http\\Request), Object(Closure))
#28 /Applications/XAMPP/xamppfiles/htdocs/tmracing/vendor/laravel/framework/src/Illuminate/Pipeline/Pipeline.php(119): Illuminate\\Pipeline\\Pipeline->Illuminate\\Pipeline\\{closure}(Object(Illuminate\\Http\\Request))
#29 /Applications/XAMPP/xamppfiles/htdocs/tmracing/vendor/laravel/framework/src/Illuminate/Routing/Router.php(805): Illuminate\\Pipeline\\Pipeline->then(Object(Closure))
#30 /Applications/XAMPP/xamppfiles/htdocs/tmracing/vendor/laravel/framework/src/Illuminate/Routing/Router.php(784): Illuminate\\Routing\\Router->runRouteWithinStack(Object(Illuminate\\Routing\\Route), Object(Illuminate\\Http\\Request))
#31 /Applications/XAMPP/xamppfiles/htdocs/tmracing/vendor/laravel/framework/src/Illuminate/Routing/Router.php(748): Illuminate\\Routing\\Router->runRoute(Object(Illuminate\\Http\\Request), Object(Illuminate\\Routing\\Route))
#32 /Applications/XAMPP/xamppfiles/htdocs/tmracing/vendor/laravel/framework/src/Illuminate/Routing/Router.php(737): Illuminate\\Routing\\Router->dispatchToRoute(Object(Illuminate\\Http\\Request))
#33 /Applications/XAMPP/xamppfiles/htdocs/tmracing/vendor/laravel/framework/src/Illuminate/Foundation/Http/Kernel.php(200): Illuminate\\Routing\\Router->dispatch(Object(Illuminate\\Http\\Request))
#34 /Applications/XAMPP/xamppfiles/htdocs/tmracing/vendor/laravel/framework/src/Illuminate/Pipeline/Pipeline.php(144): Illuminate\\Foundation\\Http\\Kernel->Illuminate\\Foundation\\Http\\{closure}(Object(Illuminate\\Http\\Request))
#35 /Applications/XAMPP/xamppfiles/htdocs/tmracing/vendor/barryvdh/laravel-debugbar/src/Middleware/InjectDebugbar.php(66): Illuminate\\Pipeline\\Pipeline->Illuminate\\Pipeline\\{closure}(Object(Illuminate\\Http\\Request))
#36 /Applications/XAMPP/xamppfiles/htdocs/tmracing/vendor/laravel/framework/src/Illuminate/Pipeline/Pipeline.php(183): Barryvdh\\Debugbar\\Middleware\\InjectDebugbar->handle(Object(Illuminate\\Http\\Request), Object(Closure))
#37 /Applications/XAMPP/xamppfiles/htdocs/tmracing/vendor/laravel/framework/src/Illuminate/Http/Middleware/TrustProxies.php(39): Illuminate\\Pipeline\\Pipeline->Illuminate\\Pipeline\\{closure}(Object(Illuminate\\Http\\Request))
#38 /Applications/XAMPP/xamppfiles/htdocs/tmracing/vendor/laravel/framework/src/Illuminate/Pipeline/Pipeline.php(183): Illuminate\\Http\\Middleware\\TrustProxies->handle(Object(Illuminate\\Http\\Request), Object(Closure))
#39 /Applications/XAMPP/xamppfiles/htdocs/tmracing/vendor/laravel/framework/src/Illuminate/Foundation/Http/Middleware/TransformsRequest.php(21): Illuminate\\Pipeline\\Pipeline->Illuminate\\Pipeline\\{closure}(Object(Illuminate\\Http\\Request))
#40 /Applications/XAMPP/xamppfiles/htdocs/tmracing/vendor/laravel/framework/src/Illuminate/Foundation/Http/Middleware/ConvertEmptyStringsToNull.php(31): Illuminate\\Foundation\\Http\\Middleware\\TransformsRequest->handle(Object(Illuminate\\Http\\Request), Object(Closure))
#41 /Applications/XAMPP/xamppfiles/htdocs/tmracing/vendor/laravel/framework/src/Illuminate/Pipeline/Pipeline.php(183): Illuminate\\Foundation\\Http\\Middleware\\ConvertEmptyStringsToNull->handle(Object(Illuminate\\Http\\Request), Object(Closure))
#42 /Applications/XAMPP/xamppfiles/htdocs/tmracing/vendor/laravel/framework/src/Illuminate/Foundation/Http/Middleware/TransformsRequest.php(21): Illuminate\\Pipeline\\Pipeline->Illuminate\\Pipeline\\{closure}(Object(Illuminate\\Http\\Request))
#43 /Applications/XAMPP/xamppfiles/htdocs/tmracing/vendor/laravel/framework/src/Illuminate/Foundation/Http/Middleware/TrimStrings.php(40): Illuminate\\Foundation\\Http\\Middleware\\TransformsRequest->handle(Object(Illuminate\\Http\\Request), Object(Closure))
#44 /Applications/XAMPP/xamppfiles/htdocs/tmracing/vendor/laravel/framework/src/Illuminate/Pipeline/Pipeline.php(183): Illuminate\\Foundation\\Http\\Middleware\\TrimStrings->handle(Object(Illuminate\\Http\\Request), Object(Closure))
#45 /Applications/XAMPP/xamppfiles/htdocs/tmracing/vendor/laravel/framework/src/Illuminate/Foundation/Http/Middleware/ValidatePostSize.php(27): Illuminate\\Pipeline\\Pipeline->Illuminate\\Pipeline\\{closure}(Object(Illuminate\\Http\\Request))
#46 /Applications/XAMPP/xamppfiles/htdocs/tmracing/vendor/laravel/framework/src/Illuminate/Pipeline/Pipeline.php(183): Illuminate\\Foundation\\Http\\Middleware\\ValidatePostSize->handle(Object(Illuminate\\Http\\Request), Object(Closure))
#47 /Applications/XAMPP/xamppfiles/htdocs/tmracing/vendor/laravel/framework/src/Illuminate/Pipeline/Pipeline.php(119): Illuminate\\Pipeline\\Pipeline->Illuminate\\Pipeline\\{closure}(Object(Illuminate\\Http\\Request))
#48 /Applications/XAMPP/xamppfiles/htdocs/tmracing/vendor/laravel/framework/src/Illuminate/Foundation/Http/Kernel.php(175): Illuminate\\Pipeline\\Pipeline->then(Object(Closure))
#49 /Applications/XAMPP/xamppfiles/htdocs/tmracing/vendor/laravel/framework/src/Illuminate/Foundation/Http/Kernel.php(144): Illuminate\\Foundation\\Http\\Kernel->sendRequestThroughRouter(Object(Illuminate\\Http\\Request))
#50 /Applications/XAMPP/xamppfiles/htdocs/tmracing/index.php(56): Illuminate\\Foundation\\Http\\Kernel->handle(Object(Illuminate\\Http\\Request))
#51 {main}

[previous exception] [object] (Illuminate\\Database\\QueryException(code: 1045): SQLSTATE[HY000] [1045] Access denied for user 'root'@'localhost' (using password: YES) (Connection: mysql, SQL: select * from `business_settings`) at /Applications/XAMPP/xamppfiles/htdocs/tmracing/vendor/laravel/framework/src/Illuminate/Database/Connection.php:829)
[stacktrace]
#0 /Applications/XAMPP/xamppfiles/htdocs/tmracing/vendor/laravel/framework/src/Illuminate/Database/Connection.php(783): Illuminate\\Database\\Connection->runQueryCallback('select * from `...', Array, Object(Closure))
#1 /Applications/XAMPP/xamppfiles/htdocs/tmracing/vendor/laravel/framework/src/Illuminate/Database/Connection.php(414): Illuminate\\Database\\Connection->run('select * from `...', Array, Object(Closure))
#2 /Applications/XAMPP/xamppfiles/htdocs/tmracing/vendor/laravel/framework/src/Illuminate/Database/Query/Builder.php(2871): Illuminate\\Database\\Connection->select('select * from `...', Array, true)
#3 /Applications/XAMPP/xamppfiles/htdocs/tmracing/vendor/laravel/framework/src/Illuminate/Database/Query/Builder.php(2860): Illuminate\\Database\\Query\\Builder->runSelect()
#4 /Applications/XAMPP/xamppfiles/htdocs/tmracing/vendor/laravel/framework/src/Illuminate/Database/Query/Builder.php(3414): Illuminate\\Database\\Query\\Builder->Illuminate\\Database\\Query\\{closure}()
#5 /Applications/XAMPP/xamppfiles/htdocs/tmracing/vendor/laravel/framework/src/Illuminate/Database/Query/Builder.php(2859): Illuminate\\Database\\Query\\Builder->onceWithColumns(Array, Object(Closure))
#6 /Applications/XAMPP/xamppfiles/htdocs/tmracing/vendor/laravel/framework/src/Illuminate/Database/Eloquent/Builder.php(739): Illuminate\\Database\\Query\\Builder->get(Array)
#7 /Applications/XAMPP/xamppfiles/htdocs/tmracing/vendor/laravel/framework/src/Illuminate/Database/Eloquent/Builder.php(723): Illuminate\\Database\\Eloquent\\Builder->getModels(Array)
#8 /Applications/XAMPP/xamppfiles/htdocs/tmracing/vendor/laravel/framework/src/Illuminate/Database/Eloquent/Model.php(674): Illuminate\\Database\\Eloquent\\Builder->get(Array)
#9 /Applications/XAMPP/xamppfiles/htdocs/tmracing/app/Http/Helpers.php(668): Illuminate\\Database\\Eloquent\\Model::all()
#10 /Applications/XAMPP/xamppfiles/htdocs/tmracing/vendor/laravel/framework/src/Illuminate/Cache/Repository.php(396): {closure}()
#11 /Applications/XAMPP/xamppfiles/htdocs/tmracing/vendor/laravel/framework/src/Illuminate/Cache/CacheManager.php(429): Illuminate\\Cache\\Repository->remember('business_settin...', 86400, Object(Closure))
#12 /Applications/XAMPP/xamppfiles/htdocs/tmracing/vendor/laravel/framework/src/Illuminate/Support/Facades/Facade.php(355): Illuminate\\Cache\\CacheManager->__call('remember', Array)
#13 /Applications/XAMPP/xamppfiles/htdocs/tmracing/app/Http/Helpers.php(667): Illuminate\\Support\\Facades\\Facade::__callStatic('remember', Array)
#14 /Applications/XAMPP/xamppfiles/htdocs/tmracing/storage/framework/views/92d3ae3d8cedb8ca191661c6a58862f6.php(14): get_setting('hero_slider_ima...')
#15 /Applications/XAMPP/xamppfiles/htdocs/tmracing/vendor/laravel/framework/src/Illuminate/Filesystem/Filesystem.php(123): require('/Applications/X...')
#16 /Applications/XAMPP/xamppfiles/htdocs/tmracing/vendor/laravel/framework/src/Illuminate/Filesystem/Filesystem.php(124): Illuminate\\Filesystem\\Filesystem::Illuminate\\Filesystem\\{closure}()
#17 /Applications/XAMPP/xamppfiles/htdocs/tmracing/vendor/laravel/framework/src/Illuminate/View/Engines/PhpEngine.php(58): Illuminate\\Filesystem\\Filesystem->getRequire('/Applications/X...', Array)
#18 /Applications/XAMPP/xamppfiles/htdocs/tmracing/vendor/laravel/framework/src/Illuminate/View/Engines/CompilerEngine.php(72): Illuminate\\View\\Engines\\PhpEngine->evaluatePath('/Applications/X...', Array)
#19 /Applications/XAMPP/xamppfiles/htdocs/tmracing/vendor/laravel/framework/src/Illuminate/View/View.php(207): Illuminate\\View\\Engines\\CompilerEngine->get('/Applications/X...', Array)
#20 /Applications/XAMPP/xamppfiles/htdocs/tmracing/vendor/laravel/framework/src/Illuminate/View/View.php(190): Illuminate\\View\\View->getContents()
#21 /Applications/XAMPP/xamppfiles/htdocs/tmracing/vendor/laravel/framework/src/Illuminate/View/View.php(159): Illuminate\\View\\View->renderContents()
#22 /Applications/XAMPP/xamppfiles/htdocs/tmracing/vendor/laravel/framework/src/Illuminate/Http/Response.php(69): Illuminate\\View\\View->render()
#23 /Applications/XAMPP/xamppfiles/htdocs/tmracing/vendor/laravel/framework/src/Illuminate/Http/Response.php(35): Illuminate\\Http\\Response->setContent(Object(Illuminate\\View\\View))
#24 /Applications/XAMPP/xamppfiles/htdocs/tmracing/vendor/laravel/framework/src/Illuminate/Routing/Router.php(918): Illuminate\\Http\\Response->__construct(Object(Illuminate\\View\\View), 200, Array)
#25 /Applications/XAMPP/xamppfiles/htdocs/tmracing/vendor/laravel/framework/src/Illuminate/Routing/Router.php(885): Illuminate\\Routing\\Router::toResponse(Object(Illuminate\\Http\\Request), Object(Illuminate\\View\\View))
#26 /Applications/XAMPP/xamppfiles/htdocs/tmracing/vendor/laravel/framework/src/Illuminate/Routing/Router.php(805): Illuminate\\Routing\\Router->prepareResponse(Object(Illuminate\\Http\\Request), Object(Illuminate\\View\\View))
#27 /Applications/XAMPP/xamppfiles/htdocs/tmracing/vendor/laravel/framework/src/Illuminate/Pipeline/Pipeline.php(144): Illuminate\\Routing\\Router->Illuminate\\Routing\\{closure}(Object(Illuminate\\Http\\Request))
#28 /Applications/XAMPP/xamppfiles/htdocs/tmracing/app/Http/Middleware/CheckForMaintenanceMode.php(58): Illuminate\\Pipeline\\Pipeline->Illuminate\\Pipeline\\{closure}(Object(Illuminate\\Http\\Request))
#29 /Applications/XAMPP/xamppfiles/htdocs/tmracing/vendor/laravel/framework/src/Illuminate/Pipeline/Pipeline.php(183): App\\Http\\Middleware\\CheckForMaintenanceMode->handle(Object(Illuminate\\Http\\Request), Object(Closure))
#30 /Applications/XAMPP/xamppfiles/htdocs/tmracing/app/Http/Middleware/HttpsProtocol.php(20): Illuminate\\Pipeline\\Pipeline->Illuminate\\Pipeline\\{closure}(Object(Illuminate\\Http\\Request))
#31 /Applications/XAMPP/xamppfiles/htdocs/tmracing/vendor/laravel/framework/src/Illuminate/Pipeline/Pipeline.php(183): App\\Http\\Middleware\\HttpsProtocol->handle(Object(Illuminate\\Http\\Request), Object(Closure))
#32 /Applications/XAMPP/xamppfiles/htdocs/tmracing/app/Http/Middleware/Language.php(31): Illuminate\\Pipeline\\Pipeline->Illuminate\\Pipeline\\{closure}(Object(Illuminate\\Http\\Request))
#33 /Applications/XAMPP/xamppfiles/htdocs/tmracing/vendor/laravel/framework/src/Illuminate/Pipeline/Pipeline.php(183): App\\Http\\Middleware\\Language->handle(Object(Illuminate\\Http\\Request), Object(Closure))
#34 /Applications/XAMPP/xamppfiles/htdocs/tmracing/vendor/laravel/framework/src/Illuminate/Routing/Middleware/SubstituteBindings.php(50): Illuminate\\Pipeline\\Pipeline->Illuminate\\Pipeline\\{closure}(Object(Illuminate\\Http\\Request))
#35 /Applications/XAMPP/xamppfiles/htdocs/tmracing/vendor/laravel/framework/src/Illuminate/Pipeline/Pipeline.php(183): Illuminate\\Routing\\Middleware\\SubstituteBindings->handle(Object(Illuminate\\Http\\Request), Object(Closure))
#36 /Applications/XAMPP/xamppfiles/htdocs/tmracing/vendor/laravel/framework/src/Illuminate/Foundation/Http/Middleware/VerifyCsrfToken.php(78): Illuminate\\Pipeline\\Pipeline->Illuminate\\Pipeline\\{closure}(Object(Illuminate\\Http\\Request))
#37 /Applications/XAMPP/xamppfiles/htdocs/tmracing/vendor/laravel/framework/src/Illuminate/Pipeline/Pipeline.php(183): Illuminate\\Foundation\\Http\\Middleware\\VerifyCsrfToken->handle(Object(Illuminate\\Http\\Request), Object(Closure))
#38 /Applications/XAMPP/xamppfiles/htdocs/tmracing/vendor/laravel/framework/src/Illuminate/View/Middleware/ShareErrorsFromSession.php(49): Illuminate\\Pipeline\\Pipeline->Illuminate\\Pipeline\\{closure}(Object(Illuminate\\Http\\Request))
#39 /Applications/XAMPP/xamppfiles/htdocs/tmracing/vendor/laravel/framework/src/Illuminate/Pipeline/Pipeline.php(183): Illuminate\\View\\Middleware\\ShareErrorsFromSession->handle(Object(Illuminate\\Http\\Request), Object(Closure))
#40 /Applications/XAMPP/xamppfiles/htdocs/tmracing/vendor/laravel/framework/src/Illuminate/Session/Middleware/StartSession.php(121): Illuminate\\Pipeline\\Pipeline->Illuminate\\Pipeline\\{closure}(Object(Illuminate\\Http\\Request))
#41 /Applications/XAMPP/xamppfiles/htdocs/tmracing/vendor/laravel/framework/src/Illuminate/Session/Middleware/StartSession.php(64): Illuminate\\Session\\Middleware\\StartSession->handleStatefulRequest(Object(Illuminate\\Http\\Request), Object(Illuminate\\Session\\Store), Object(Closure))
#42 /Applications/XAMPP/xamppfiles/htdocs/tmracing/vendor/laravel/framework/src/Illuminate/Pipeline/Pipeline.php(183): Illuminate\\Session\\Middleware\\StartSession->handle(Object(Illuminate\\Http\\Request), Object(Closure))
#43 /Applications/XAMPP/xamppfiles/htdocs/tmracing/vendor/laravel/framework/src/Illuminate/Cookie/Middleware/AddQueuedCookiesToResponse.php(37): Illuminate\\Pipeline\\Pipeline->Illuminate\\Pipeline\\{closure}(Object(Illuminate\\Http\\Request))
#44 /Applications/XAMPP/xamppfiles/htdocs/tmracing/vendor/laravel/framework/src/Illuminate/Pipeline/Pipeline.php(183): Illuminate\\Cookie\\Middleware\\AddQueuedCookiesToResponse->handle(Object(Illuminate\\Http\\Request), Object(Closure))
#45 /Applications/XAMPP/xamppfiles/htdocs/tmracing/vendor/laravel/framework/src/Illuminate/Pipeline/Pipeline.php(119): Illuminate\\Pipeline\\Pipeline->Illuminate\\Pipeline\\{closure}(Object(Illuminate\\Http\\Request))
#46 /Applications/XAMPP/xamppfiles/htdocs/tmracing/vendor/laravel/framework/src/Illuminate/Routing/Router.php(805): Illuminate\\Pipeline\\Pipeline->then(Object(Closure))
#47 /Applications/XAMPP/xamppfiles/htdocs/tmracing/vendor/laravel/framework/src/Illuminate/Routing/Router.php(784): Illuminate\\Routing\\Router->runRouteWithinStack(Object(Illuminate\\Routing\\Route), Object(Illuminate\\Http\\Request))
#48 /Applications/XAMPP/xamppfiles/htdocs/tmracing/vendor/laravel/framework/src/Illuminate/Routing/Router.php(748): Illuminate\\Routing\\Router->runRoute(Object(Illuminate\\Http\\Request), Object(Illuminate\\Routing\\Route))
#49 /Applications/XAMPP/xamppfiles/htdocs/tmracing/vendor/laravel/framework/src/Illuminate/Routing/Router.php(737): Illuminate\\Routing\\Router->dispatchToRoute(Object(Illuminate\\Http\\Request))
#50 /Applications/XAMPP/xamppfiles/htdocs/tmracing/vendor/laravel/framework/src/Illuminate/Foundation/Http/Kernel.php(200): Illuminate\\Routing\\Router->dispatch(Object(Illuminate\\Http\\Request))
#51 /Applications/XAMPP/xamppfiles/htdocs/tmracing/vendor/laravel/framework/src/Illuminate/Pipeline/Pipeline.php(144): Illuminate\\Foundation\\Http\\Kernel->Illuminate\\Foundation\\Http\\{closure}(Object(Illuminate\\Http\\Request))
#52 /Applications/XAMPP/xamppfiles/htdocs/tmracing/vendor/barryvdh/laravel-debugbar/src/Middleware/InjectDebugbar.php(66): Illuminate\\Pipeline\\Pipeline->Illuminate\\Pipeline\\{closure}(Object(Illuminate\\Http\\Request))
#53 /Applications/XAMPP/xamppfiles/htdocs/tmracing/vendor/laravel/framework/src/Illuminate/Pipeline/Pipeline.php(183): Barryvdh\\Debugbar\\Middleware\\InjectDebugbar->handle(Object(Illuminate\\Http\\Request), Object(Closure))
#54 /Applications/XAMPP/xamppfiles/htdocs/tmracing/vendor/laravel/framework/src/Illuminate/Http/Middleware/TrustProxies.php(39): Illuminate\\Pipeline\\Pipeline->Illuminate\\Pipeline\\{closure}(Object(Illuminate\\Http\\Request))
#55 /Applications/XAMPP/xamppfiles/htdocs/tmracing/vendor/laravel/framework/src/Illuminate/Pipeline/Pipeline.php(183): Illuminate\\Http\\Middleware\\TrustProxies->handle(Object(Illuminate\\Http\\Request), Object(Closure))
#56 /Applications/XAMPP/xamppfiles/htdocs/tmracing/vendor/laravel/framework/src/Illuminate/Foundation/Http/Middleware/TransformsRequest.php(21): Illuminate\\Pipeline\\Pipeline->Illuminate\\Pipeline\\{closure}(Object(Illuminate\\Http\\Request))
#57 /Applications/XAMPP/xamppfiles/htdocs/tmracing/vendor/laravel/framework/src/Illuminate/Foundation/Http/Middleware/ConvertEmptyStringsToNull.php(31): Illuminate\\Foundation\\Http\\Middleware\\TransformsRequest->handle(Object(Illuminate\\Http\\Request), Object(Closure))
#58 /Applications/XAMPP/xamppfiles/htdocs/tmracing/vendor/laravel/framework/src/Illuminate/Pipeline/Pipeline.php(183): Illuminate\\Foundation\\Http\\Middleware\\ConvertEmptyStringsToNull->handle(Object(Illuminate\\Http\\Request), Object(Closure))
#59 /Applications/XAMPP/xamppfiles/htdocs/tmracing/vendor/laravel/framework/src/Illuminate/Foundation/Http/Middleware/TransformsRequest.php(21): Illuminate\\Pipeline\\Pipeline->Illuminate\\Pipeline\\{closure}(Object(Illuminate\\Http\\Request))
#60 /Applications/XAMPP/xamppfiles/htdocs/tmracing/vendor/laravel/framework/src/Illuminate/Foundation/Http/Middleware/TrimStrings.php(40): Illuminate\\Foundation\\Http\\Middleware\\TransformsRequest->handle(Object(Illuminate\\Http\\Request), Object(Closure))
#61 /Applications/XAMPP/xamppfiles/htdocs/tmracing/vendor/laravel/framework/src/Illuminate/Pipeline/Pipeline.php(183): Illuminate\\Foundation\\Http\\Middleware\\TrimStrings->handle(Object(Illuminate\\Http\\Request), Object(Closure))
#62 /Applications/XAMPP/xamppfiles/htdocs/tmracing/vendor/laravel/framework/src/Illuminate/Foundation/Http/Middleware/ValidatePostSize.php(27): Illuminate\\Pipeline\\Pipeline->Illuminate\\Pipeline\\{closure}(Object(Illuminate\\Http\\Request))
#63 /Applications/XAMPP/xamppfiles/htdocs/tmracing/vendor/laravel/framework/src/Illuminate/Pipeline/Pipeline.php(183): Illuminate\\Foundation\\Http\\Middleware\\ValidatePostSize->handle(Object(Illuminate\\Http\\Request), Object(Closure))
#64 /Applications/XAMPP/xamppfiles/htdocs/tmracing/vendor/laravel/framework/src/Illuminate/Pipeline/Pipeline.php(119): Illuminate\\Pipeline\\Pipeline->Illuminate\\Pipeline\\{closure}(Object(Illuminate\\Http\\Request))
#65 /Applications/XAMPP/xamppfiles/htdocs/tmracing/vendor/laravel/framework/src/Illuminate/Foundation/Http/Kernel.php(175): Illuminate\\Pipeline\\Pipeline->then(Object(Closure))
#66 /Applications/XAMPP/xamppfiles/htdocs/tmracing/vendor/laravel/framework/src/Illuminate/Foundation/Http/Kernel.php(144): Illuminate\\Foundation\\Http\\Kernel->sendRequestThroughRouter(Object(Illuminate\\Http\\Request))
#67 /Applications/XAMPP/xamppfiles/htdocs/tmracing/index.php(56): Illuminate\\Foundation\\Http\\Kernel->handle(Object(Illuminate\\Http\\Request))
#68 {main}

[previous exception] [object] (PDOException(code: 1045): SQLSTATE[HY000] [1045] Access denied for user 'root'@'localhost' (using password: YES) at /Applications/XAMPP/xamppfiles/htdocs/tmracing/vendor/laravel/framework/src/Illuminate/Database/Connectors/Connector.php:65)
[stacktrace]
#0 /Applications/XAMPP/xamppfiles/htdocs/tmracing/vendor/laravel/framework/src/Illuminate/Database/Connectors/Connector.php(65): PDO->__construct('mysql:host=127....', 'root', Object(SensitiveParameterValue), Array)
#1 /Applications/XAMPP/xamppfiles/htdocs/tmracing/vendor/laravel/framework/src/Illuminate/Database/Connectors/Connector.php(44): Illuminate\\Database\\Connectors\\Connector->createPdoConnection('mysql:host=127....', 'root', ' ', Array)
#2 /Applications/XAMPP/xamppfiles/htdocs/tmracing/vendor/laravel/framework/src/Illuminate/Database/Connectors/MySqlConnector.php(24): Illuminate\\Database\\Connectors\\Connector->createConnection('mysql:host=127....', Array, Array)
#3 /Applications/XAMPP/xamppfiles/htdocs/tmracing/vendor/laravel/framework/src/Illuminate/Database/Connectors/ConnectionFactory.php(184): Illuminate\\Database\\Connectors\\MySqlConnector->connect(Array)
#4 [internal function]: Illuminate\\Database\\Connectors\\ConnectionFactory->Illuminate\\Database\\Connectors\\{closure}()
#5 /Applications/XAMPP/xamppfiles/htdocs/tmracing/vendor/laravel/framework/src/Illuminate/Database/Connection.php(1339): call_user_func(Object(Closure))
#6 /Applications/XAMPP/xamppfiles/htdocs/tmracing/vendor/laravel/framework/src/Illuminate/Database/Connection.php(1375): Illuminate\\Database\\Connection->getPdo()
#7 /Applications/XAMPP/xamppfiles/htdocs/tmracing/vendor/laravel/framework/src/Illuminate/Database/Connection.php(528): Illuminate\\Database\\Connection->getReadPdo()
#8 /Applications/XAMPP/xamppfiles/htdocs/tmracing/vendor/laravel/framework/src/Illuminate/Database/Connection.php(423): Illuminate\\Database\\Connection->getPdoForSelect(true)
#9 /Applications/XAMPP/xamppfiles/htdocs/tmracing/vendor/laravel/framework/src/Illuminate/Database/Connection.php(816): Illuminate\\Database\\Connection->Illuminate\\Database\\{closure}('select * from `...', Array)
#10 /Applications/XAMPP/xamppfiles/htdocs/tmracing/vendor/laravel/framework/src/Illuminate/Database/Connection.php(783): Illuminate\\Database\\Connection->runQueryCallback('select * from `...', Array, Object(Closure))
#11 /Applications/XAMPP/xamppfiles/htdocs/tmracing/vendor/laravel/framework/src/Illuminate/Database/Connection.php(414): Illuminate\\Database\\Connection->run('select * from `...', Array, Object(Closure))
#12 /Applications/XAMPP/xamppfiles/htdocs/tmracing/vendor/laravel/framework/src/Illuminate/Database/Query/Builder.php(2871): Illuminate\\Database\\Connection->select('select * from `...', Array, true)
#13 /Applications/XAMPP/xamppfiles/htdocs/tmracing/vendor/laravel/framework/src/Illuminate/Database/Query/Builder.php(2860): Illuminate\\Database\\Query\\Builder->runSelect()
#14 /Applications/XAMPP/xamppfiles/htdocs/tmracing/vendor/laravel/framework/src/Illuminate/Database/Query/Builder.php(3414): Illuminate\\Database\\Query\\Builder->Illuminate\\Database\\Query\\{closure}()
#15 /Applications/XAMPP/xamppfiles/htdocs/tmracing/vendor/laravel/framework/src/Illuminate/Database/Query/Builder.php(2859): Illuminate\\Database\\Query\\Builder->onceWithColumns(Array, Object(Closure))
#16 /Applications/XAMPP/xamppfiles/htdocs/tmracing/vendor/laravel/framework/src/Illuminate/Database/Eloquent/Builder.php(739): Illuminate\\Database\\Query\\Builder->get(Array)
#17 /Applications/XAMPP/xamppfiles/htdocs/tmracing/vendor/laravel/framework/src/Illuminate/Database/Eloquent/Builder.php(723): Illuminate\\Database\\Eloquent\\Builder->getModels(Array)
#18 /Applications/XAMPP/xamppfiles/htdocs/tmracing/vendor/laravel/framework/src/Illuminate/Database/Eloquent/Model.php(674): Illuminate\\Database\\Eloquent\\Builder->get(Array)
#19 /Applications/XAMPP/xamppfiles/htdocs/tmracing/app/Http/Helpers.php(668): Illuminate\\Database\\Eloquent\\Model::all()
#20 /Applications/XAMPP/xamppfiles/htdocs/tmracing/vendor/laravel/framework/src/Illuminate/Cache/Repository.php(396): {closure}()
#21 /Applications/XAMPP/xamppfiles/htdocs/tmracing/vendor/laravel/framework/src/Illuminate/Cache/CacheManager.php(429): Illuminate\\Cache\\Repository->remember('business_settin...', 86400, Object(Closure))
#22 /Applications/XAMPP/xamppfiles/htdocs/tmracing/vendor/laravel/framework/src/Illuminate/Support/Facades/Facade.php(355): Illuminate\\Cache\\CacheManager->__call('remember', Array)
#23 /Applications/XAMPP/xamppfiles/htdocs/tmracing/app/Http/Helpers.php(667): Illuminate\\Support\\Facades\\Facade::__callStatic('remember', Array)
#24 /Applications/XAMPP/xamppfiles/htdocs/tmracing/storage/framework/views/92d3ae3d8cedb8ca191661c6a58862f6.php(14): get_setting('hero_slider_ima...')
#25 /Applications/XAMPP/xamppfiles/htdocs/tmracing/vendor/laravel/framework/src/Illuminate/Filesystem/Filesystem.php(123): require('/Applications/X...')
#26 /Applications/XAMPP/xamppfiles/htdocs/tmracing/vendor/laravel/framework/src/Illuminate/Filesystem/Filesystem.php(124): Illuminate\\Filesystem\\Filesystem::Illuminate\\Filesystem\\{closure}()
#27 /Applications/XAMPP/xamppfiles/htdocs/tmracing/vendor/laravel/framework/src/Illuminate/View/Engines/PhpEngine.php(58): Illuminate\\Filesystem\\Filesystem->getRequire('/Applications/X...', Array)
#28 /Applications/XAMPP/xamppfiles/htdocs/tmracing/vendor/laravel/framework/src/Illuminate/View/Engines/CompilerEngine.php(72): Illuminate\\View\\Engines\\PhpEngine->evaluatePath('/Applications/X...', Array)
#29 /Applications/XAMPP/xamppfiles/htdocs/tmracing/vendor/laravel/framework/src/Illuminate/View/View.php(207): Illuminate\\View\\Engines\\CompilerEngine->get('/Applications/X...', Array)
#30 /Applications/XAMPP/xamppfiles/htdocs/tmracing/vendor/laravel/framework/src/Illuminate/View/View.php(190): Illuminate\\View\\View->getContents()
#31 /Applications/XAMPP/xamppfiles/htdocs/tmracing/vendor/laravel/framework/src/Illuminate/View/View.php(159): Illuminate\\View\\View->renderContents()
#32 /Applications/XAMPP/xamppfiles/htdocs/tmracing/vendor/laravel/framework/src/Illuminate/Http/Response.php(69): Illuminate\\View\\View->render()
#33 /Applications/XAMPP/xamppfiles/htdocs/tmracing/vendor/laravel/framework/src/Illuminate/Http/Response.php(35): Illuminate\\Http\\Response->setContent(Object(Illuminate\\View\\View))
#34 /Applications/XAMPP/xamppfiles/htdocs/tmracing/vendor/laravel/framework/src/Illuminate/Routing/Router.php(918): Illuminate\\Http\\Response->__construct(Object(Illuminate\\View\\View), 200, Array)
#35 /Applications/XAMPP/xamppfiles/htdocs/tmracing/vendor/laravel/framework/src/Illuminate/Routing/Router.php(885): Illuminate\\Routing\\Router::toResponse(Object(Illuminate\\Http\\Request), Object(Illuminate\\View\\View))
#36 /Applications/XAMPP/xamppfiles/htdocs/tmracing/vendor/laravel/framework/src/Illuminate/Routing/Router.php(805): Illuminate\\Routing\\Router->prepareResponse(Object(Illuminate\\Http\\Request), Object(Illuminate\\View\\View))
#37 /Applications/XAMPP/xamppfiles/htdocs/tmracing/vendor/laravel/framework/src/Illuminate/Pipeline/Pipeline.php(144): Illuminate\\Routing\\Router->Illuminate\\Routing\\{closure}(Object(Illuminate\\Http\\Request))
#38 /Applications/XAMPP/xamppfiles/htdocs/tmracing/app/Http/Middleware/CheckForMaintenanceMode.php(58): Illuminate\\Pipeline\\Pipeline->Illuminate\\Pipeline\\{closure}(Object(Illuminate\\Http\\Request))
#39 /Applications/XAMPP/xamppfiles/htdocs/tmracing/vendor/laravel/framework/src/Illuminate/Pipeline/Pipeline.php(183): App\\Http\\Middleware\\CheckForMaintenanceMode->handle(Object(Illuminate\\Http\\Request), Object(Closure))
#40 /Applications/XAMPP/xamppfiles/htdocs/tmracing/app/Http/Middleware/HttpsProtocol.php(20): Illuminate\\Pipeline\\Pipeline->Illuminate\\Pipeline\\{closure}(Object(Illuminate\\Http\\Request))
#41 /Applications/XAMPP/xamppfiles/htdocs/tmracing/vendor/laravel/framework/src/Illuminate/Pipeline/Pipeline.php(183): App\\Http\\Middleware\\HttpsProtocol->handle(Object(Illuminate\\Http\\Request), Object(Closure))
#42 /Applications/XAMPP/xamppfiles/htdocs/tmracing/app/Http/Middleware/Language.php(31): Illuminate\\Pipeline\\Pipeline->Illuminate\\Pipeline\\{closure}(Object(Illuminate\\Http\\Request))
#43 /Applications/XAMPP/xamppfiles/htdocs/tmracing/vendor/laravel/framework/src/Illuminate/Pipeline/Pipeline.php(183): App\\Http\\Middleware\\Language->handle(Object(Illuminate\\Http\\Request), Object(Closure))
#44 /Applications/XAMPP/xamppfiles/htdocs/tmracing/vendor/laravel/framework/src/Illuminate/Routing/Middleware/SubstituteBindings.php(50): Illuminate\\Pipeline\\Pipeline->Illuminate\\Pipeline\\{closure}(Object(Illuminate\\Http\\Request))
#45 /Applications/XAMPP/xamppfiles/htdocs/tmracing/vendor/laravel/framework/src/Illuminate/Pipeline/Pipeline.php(183): Illuminate\\Routing\\Middleware\\SubstituteBindings->handle(Object(Illuminate\\Http\\Request), Object(Closure))
#46 /Applications/XAMPP/xamppfiles/htdocs/tmracing/vendor/laravel/framework/src/Illuminate/Foundation/Http/Middleware/VerifyCsrfToken.php(78): Illuminate\\Pipeline\\Pipeline->Illuminate\\Pipeline\\{closure}(Object(Illuminate\\Http\\Request))
#47 /Applications/XAMPP/xamppfiles/htdocs/tmracing/vendor/laravel/framework/src/Illuminate/Pipeline/Pipeline.php(183): Illuminate\\Foundation\\Http\\Middleware\\VerifyCsrfToken->handle(Object(Illuminate\\Http\\Request), Object(Closure))
#48 /Applications/XAMPP/xamppfiles/htdocs/tmracing/vendor/laravel/framework/src/Illuminate/View/Middleware/ShareErrorsFromSession.php(49): Illuminate\\Pipeline\\Pipeline->Illuminate\\Pipeline\\{closure}(Object(Illuminate\\Http\\Request))
#49 /Applications/XAMPP/xamppfiles/htdocs/tmracing/vendor/laravel/framework/src/Illuminate/Pipeline/Pipeline.php(183): Illuminate\\View\\Middleware\\ShareErrorsFromSession->handle(Object(Illuminate\\Http\\Request), Object(Closure))
#50 /Applications/XAMPP/xamppfiles/htdocs/tmracing/vendor/laravel/framework/src/Illuminate/Session/Middleware/StartSession.php(121): Illuminate\\Pipeline\\Pipeline->Illuminate\\Pipeline\\{closure}(Object(Illuminate\\Http\\Request))
#51 /Applications/XAMPP/xamppfiles/htdocs/tmracing/vendor/laravel/framework/src/Illuminate/Session/Middleware/StartSession.php(64): Illuminate\\Session\\Middleware\\StartSession->handleStatefulRequest(Object(Illuminate\\Http\\Request), Object(Illuminate\\Session\\Store), Object(Closure))
#52 /Applications/XAMPP/xamppfiles/htdocs/tmracing/vendor/laravel/framework/src/Illuminate/Pipeline/Pipeline.php(183): Illuminate\\Session\\Middleware\\StartSession->handle(Object(Illuminate\\Http\\Request), Object(Closure))
#53 /Applications/XAMPP/xamppfiles/htdocs/tmracing/vendor/laravel/framework/src/Illuminate/Cookie/Middleware/AddQueuedCookiesToResponse.php(37): Illuminate\\Pipeline\\Pipeline->Illuminate\\Pipeline\\{closure}(Object(Illuminate\\Http\\Request))
#54 /Applications/XAMPP/xamppfiles/htdocs/tmracing/vendor/laravel/framework/src/Illuminate/Pipeline/Pipeline.php(183): Illuminate\\Cookie\\Middleware\\AddQueuedCookiesToResponse->handle(Object(Illuminate\\Http\\Request), Object(Closure))
#55 /Applications/XAMPP/xamppfiles/htdocs/tmracing/vendor/laravel/framework/src/Illuminate/Pipeline/Pipeline.php(119): Illuminate\\Pipeline\\Pipeline->Illuminate\\Pipeline\\{closure}(Object(Illuminate\\Http\\Request))
#56 /Applications/XAMPP/xamppfiles/htdocs/tmracing/vendor/laravel/framework/src/Illuminate/Routing/Router.php(805): Illuminate\\Pipeline\\Pipeline->then(Object(Closure))
#57 /Applications/XAMPP/xamppfiles/htdocs/tmracing/vendor/laravel/framework/src/Illuminate/Routing/Router.php(784): Illuminate\\Routing\\Router->runRouteWithinStack(Object(Illuminate\\Routing\\Route), Object(Illuminate\\Http\\Request))
#58 /Applications/XAMPP/xamppfiles/htdocs/tmracing/vendor/laravel/framework/src/Illuminate/Routing/Router.php(748): Illuminate\\Routing\\Router->runRoute(Object(Illuminate\\Http\\Request), Object(Illuminate\\Routing\\Route))
#59 /Applications/XAMPP/xamppfiles/htdocs/tmracing/vendor/laravel/framework/src/Illuminate/Routing/Router.php(737): Illuminate\\Routing\\Router->dispatchToRoute(Object(Illuminate\\Http\\Request))
#60 /Applications/XAMPP/xamppfiles/htdocs/tmracing/vendor/laravel/framework/src/Illuminate/Foundation/Http/Kernel.php(200): Illuminate\\Routing\\Router->dispatch(Object(Illuminate\\Http\\Request))
#61 /Applications/XAMPP/xamppfiles/htdocs/tmracing/vendor/laravel/framework/src/Illuminate/Pipeline/Pipeline.php(144): Illuminate\\Foundation\\Http\\Kernel->Illuminate\\Foundation\\Http\\{closure}(Object(Illuminate\\Http\\Request))
#62 /Applications/XAMPP/xamppfiles/htdocs/tmracing/vendor/barryvdh/laravel-debugbar/src/Middleware/InjectDebugbar.php(66): Illuminate\\Pipeline\\Pipeline->Illuminate\\Pipeline\\{closure}(Object(Illuminate\\Http\\Request))
#63 /Applications/XAMPP/xamppfiles/htdocs/tmracing/vendor/laravel/framework/src/Illuminate/Pipeline/Pipeline.php(183): Barryvdh\\Debugbar\\Middleware\\InjectDebugbar->handle(Object(Illuminate\\Http\\Request), Object(Closure))
#64 /Applications/XAMPP/xamppfiles/htdocs/tmracing/vendor/laravel/framework/src/Illuminate/Http/Middleware/TrustProxies.php(39): Illuminate\\Pipeline\\Pipeline->Illuminate\\Pipeline\\{closure}(Object(Illuminate\\Http\\Request))
#65 /Applications/XAMPP/xamppfiles/htdocs/tmracing/vendor/laravel/framework/src/Illuminate/Pipeline/Pipeline.php(183): Illuminate\\Http\\Middleware\\TrustProxies->handle(Object(Illuminate\\Http\\Request), Object(Closure))
#66 /Applications/XAMPP/xamppfiles/htdocs/tmracing/vendor/laravel/framework/src/Illuminate/Foundation/Http/Middleware/TransformsRequest.php(21): Illuminate\\Pipeline\\Pipeline->Illuminate\\Pipeline\\{closure}(Object(Illuminate\\Http\\Request))
#67 /Applications/XAMPP/xamppfiles/htdocs/tmracing/vendor/laravel/framework/src/Illuminate/Foundation/Http/Middleware/ConvertEmptyStringsToNull.php(31): Illuminate\\Foundation\\Http\\Middleware\\TransformsRequest->handle(Object(Illuminate\\Http\\Request), Object(Closure))
#68 /Applications/XAMPP/xamppfiles/htdocs/tmracing/vendor/laravel/framework/src/Illuminate/Pipeline/Pipeline.php(183): Illuminate\\Foundation\\Http\\Middleware\\ConvertEmptyStringsToNull->handle(Object(Illuminate\\Http\\Request), Object(Closure))
#69 /Applications/XAMPP/xamppfiles/htdocs/tmracing/vendor/laravel/framework/src/Illuminate/Foundation/Http/Middleware/TransformsRequest.php(21): Illuminate\\Pipeline\\Pipeline->Illuminate\\Pipeline\\{closure}(Object(Illuminate\\Http\\Request))
#70 /Applications/XAMPP/xamppfiles/htdocs/tmracing/vendor/laravel/framework/src/Illuminate/Foundation/Http/Middleware/TrimStrings.php(40): Illuminate\\Foundation\\Http\\Middleware\\TransformsRequest->handle(Object(Illuminate\\Http\\Request), Object(Closure))
#71 /Applications/XAMPP/xamppfiles/htdocs/tmracing/vendor/laravel/framework/src/Illuminate/Pipeline/Pipeline.php(183): Illuminate\\Foundation\\Http\\Middleware\\TrimStrings->handle(Object(Illuminate\\Http\\Request), Object(Closure))
#72 /Applications/XAMPP/xamppfiles/htdocs/tmracing/vendor/laravel/framework/src/Illuminate/Foundation/Http/Middleware/ValidatePostSize.php(27): Illuminate\\Pipeline\\Pipeline->Illuminate\\Pipeline\\{closure}(Object(Illuminate\\Http\\Request))
#73 /Applications/XAMPP/xamppfiles/htdocs/tmracing/vendor/laravel/framework/src/Illuminate/Pipeline/Pipeline.php(183): Illuminate\\Foundation\\Http\\Middleware\\ValidatePostSize->handle(Object(Illuminate\\Http\\Request), Object(Closure))
#74 /Applications/XAMPP/xamppfiles/htdocs/tmracing/vendor/laravel/framework/src/Illuminate/Pipeline/Pipeline.php(119): Illuminate\\Pipeline\\Pipeline->Illuminate\\Pipeline\\{closure}(Object(Illuminate\\Http\\Request))
#75 /Applications/XAMPP/xamppfiles/htdocs/tmracing/vendor/laravel/framework/src/Illuminate/Foundation/Http/Kernel.php(175): Illuminate\\Pipeline\\Pipeline->then(Object(Closure))
#76 /Applications/XAMPP/xamppfiles/htdocs/tmracing/vendor/laravel/framework/src/Illuminate/Foundation/Http/Kernel.php(144): Illuminate\\Foundation\\Http\\Kernel->sendRequestThroughRouter(Object(Illuminate\\Http\\Request))
#77 /Applications/XAMPP/xamppfiles/htdocs/tmracing/index.php(56): Illuminate\\Foundation\\Http\\Kernel->handle(Object(Illuminate\\Http\\Request))
#78 {main}
"} 
